0.00071175,0.010393,0.019151,0.013457,0.0038534,-0.066762,0.010542,0.032048,0.026578,-0.018913,0.1,0.0085142,5.4,-0.024866,0.00065908,0.092062,0.0093332,-0.0013513,-0.0015717,-0.0018452,NaN,-0.041762,0.013426,0.011073,-0.10949,-0.18423,0.0036838,0.0025049,-0.035121,0.0132,0.019658,0.01946,NaN,80.499,9.9652e-05,-0.0010217,-0.0075023,0.0048203,-0.0082773,-0.017681,0.0070352,-0.0052988,0.00626,0.00733,-0.0046386,0.0026754,0.0055396,0.0066225,-0.035032,0.0045597,0.0063226,0.0076486,0.012203,0,0.0049494,0.010172,0.0015889,0.0333,0.1667,0.34655,-0.16403,0.7667,0.2667,-0.1333,0.06565,0.16862,0.030047,-0.20913,NaN,NaN,NaN,NaN,0.037483,-0.0093323,NaN,-0.0029185,40.367,NaN,-0.0667,1655,-0.01625,-0.11876,NaN,-0.0055249,-0.06007,0.016731,-0.041818,-0.015621,0.0081617,-0.093233,NaN,-0.0057389,NaN,NaN,0.0018928,0.0013538,0.0014528,-0.0013298,0.002895,0.0019286,-0.0039946,0.0019334,0.0039803,0.0019618,-0.0081267,-0.003402,0.0051345,-0.0011158,0.0079309,0.0014378,-0.0085868,0.0043874,-0.001469,0.00040339,-0.00085039,-0.00040888,-0.0034298,0.0068774,0.013504,0.0034284,-0.0011348,-0.004012,-0.0052548,-0.0010015,0.0018336,-0.0032841,-0.0064985,NaN,-0.011574,-0.0066697,NaN,0.010628,-0.0082665,NaN,0.00069738,0.0077269,NaN,0.0013427,0.0074806,0.0053988,NaN,0.0045244,0.0032633,0.4934,0.54,0.7567,0.6866,0.2466,NaN,0.12,0.1634,0.6133,NaN,0.59,1.06,0.96,0.65,-0.0019854,NaN,0.0019268,0.0083824,0.008503,0.038277,0.042024,0.031338,0.01712,NaN,0.031338,NaN,0.0023284,0.024953,0.026304,7.4375e-05,525,-0.00062499,0.011981,-0.00077694,NaN,NaN,NaN,NaN,NaN,NaN,-0.00060217,0.00024008,-0.0022053,-0.0077229,NaN,NaN,0.4,0.1,NaN,NaN,-0.040647,0.032805,-0.021158,-0.9333,-0.2666,0.0074962,0.011133,0.36,-0.0367,1.1067,0.8967,-0.02031,-0.013231,0.0029397,-0.003437,-8.7348e-05,0.0030015,-0.0026235,0.0013496,-0.0011844,0.0054024,0.0056021,-0.010878,0.027733,0.028334,-0.0007477,-0.0171,0.092345,0.015924,0.0516,0.0041,0.59,0.62,NaN,NaN,NaN,NaN,0.099539,NaN,NaN,0,0.0088,0.0067114,0.0097691,-21.25,0.025554,2.756e+05,-0.00015093,-0.0044797,-38.28,0.018988,0.021049,0.023641,-0.0292,-0.017546
0.0028463,0.0011256,-0.048954,0.012045,0.0061401,0.032028,-0.011666,-0.0020266,-0.0027943,-0.028719,0.8,-0.0082107,-3.9,0.0031095,-0.0050668,-0.050748,-0.025753,0.0070972,-0.0029756,0.00040394,NaN,0.0047726,-0.011044,-0.010278,0.023518,0.040397,-0.0098169,-0.053003,-0.15587,0.0053833,-0.021532,0.02114,NaN,80.076,0.0037174,0.002013,-0.0010422,0.0074524,-0.002989,-0.0018931,0.00015694,-0.013536,0.012404,0.0076794,-0.00096911,0.0075264,0.0060976,0.01193,0,0.0031492,0.013088,0.0049195,0.0051792,0.015181,0.01027,0.012928,0.00080635,0.0333,0.3333,0.32465,-0.018279,0.2333,0.3333,0.2,0.070769,0.052181,0.10903,-0.022744,NaN,NaN,NaN,NaN,0.061003,-0.00088325,NaN,0.00017191,40.1,NaN,-0.1666,1572,-0.032628,-0.047782,NaN,-0.054067,0.017345,-0.020632,-0.063353,-0.014029,-0.018631,0.0062811,NaN,0.012758,NaN,NaN,-0.00052514,-0.00094752,-0.00038154,-0.0013171,-0.0001148,-0.00049992,-0.00026248,-0.00068824,-0.00051963,0.00019138,0.00039586,-0.0012501,0.00016654,-0.00054117,-0.0031756,-0.0022987,0.022827,-0.0066467,0.0012365,0.0089143,-0.0026927,-0.0037935,-0.0041554,0.0059003,-0.0040806,0.0008831,0.0021746,-0.0020242,-0.0010686,-0.0050166,-0.0019991,0.0021845,0.0032438,NaN,-0.015642,-0.0057328,NaN,0.0086865,-0.0041408,NaN,0.0035568,0.0071851,NaN,-0.003146,0.0013066,0.011899,NaN,0.012732,-0.0088733,0.4133,0.69,0.51,0.3134,0.08,NaN,0.0967,0.1566,0.69,NaN,0.41,0.69,0.35,0.53,-0.0089821,NaN,-0.015032,-0.0025666,-0.00092597,0.015,0.036181,0.031854,0.015622,NaN,0.031854,NaN,0.012616,0.027724,0.020627,0.01108,527.1,0.013546,0.0095857,0.015466,NaN,NaN,NaN,NaN,NaN,NaN,0.0041615,0.00083982,-0.0020674,-0.0049362,93.8,NaN,-0.2,-0.1,NaN,NaN,0.0035856,0.02381,0.015816,-0.8667,-0.2334,0.0013374,0.014378,0.1434,0.24,0.8367,0.58,0.0083584,0.034274,-0.0044493,-0.0011503,-0.0016144,0.00098554,-0.0017377,-9.9408e-05,-3.5841e-05,-0.003259,-0.0033801,0.0030758,-0.050167,-0.02326,0.01258,-0.0487,0.12581,0.0038325,0.0035,0.0032,0.57,0.77,NaN,NaN,NaN,NaN,0.082004,NaN,NaN,0.036701,0.0086,0.0066667,0.00022897,-134.77,-0.015296,2.5541e+05,-0.0022927,-8.6541e-05,-95.22,0.060779,-0.016597,-0.01663,0.0852,-0.061597
0.022224,0.0095213,0.031666,0.0090426,0.0025062,0.095788,0.032856,0.0342,0.034166,0.030306,2.1,-0.017202,-14.2,0.087539,0.016489,0.12122,0.037188,0.011476,0.029308,0.024618,NaN,0.058546,0.036608,0.038196,0.093306,0.1463,0.028134,0.12255,0.29846,0.0076423,0.045845,0.005315,NaN,84.472,0.012793,0.013371,0.02421,0.010207,0.017442,0.037699,0.0049051,-0.015952,0.012481,0.0085528,0.014821,0.013172,0.011794,0.012375,0.011531,0.0080099,0.0096256,0.010785,0.0039013,0.012315,0.0035477,0.010238,0.0043953,-0.4333,-0.4667,-0.40558,-0.027543,-0.9667,-0.4333,-0.3333,-0.084403,-0.12336,-0.0093696,-0.041841,NaN,NaN,NaN,NaN,-0.099956,-0.002619,NaN,0.0062642,40.3,NaN,0.1666,1942,-0.071086,-0.0093023,NaN,-0.080124,-0.0928,-0.07717,-0.038652,0.038184,0.016611,-0.0087975,NaN,-0.060584,NaN,NaN,-0.0041775,-0.0025798,-0.0020084,-0.00073805,-0.0003655,-0.0040769,-0.0010336,-0.0043317,-0.0051362,-0.0029566,-0.0071968,0.0031366,0.0041198,0.0030417,-0.0013465,0.00015086,-0.03381,-0.0023752,-0.0030046,-0.010388,0.0013654,-0.0058649,0.0029817,0.0025517,-0.0073006,-0.0051258,-0.0022197,0.0090639,0.0084431,0.012036,0.024142,-0.0010957,-0.0021632,NaN,-0.0031453,-0.0031435,NaN,0.017435,0.022141,NaN,0.020191,0.02522,NaN,0.023044,0.027211,-0.0010999,NaN,-0.0019378,0.0066152,-0.0567,-0.3567,-0.4233,-0.3467,-0.0966,NaN,-0.0167,0.0367,0.8233,NaN,0.34,0.7,0.61,0.81,-0.00050163,NaN,-0.0035658,0.0043397,0.005543,0.022578,0.024193,0.021218,0.014974,NaN,0.021218,NaN,0.0010783,0.0013545,-0.010121,0.0010503,521.63,-0.0052622,0.021483,-0.0065326,NaN,NaN,NaN,NaN,NaN,NaN,-0.00013844,0.00084133,0.0001784,0.0023136,100,NaN,0.4,0,NaN,NaN,0.063515,0.0075355,0.0011467,0.1667,0.0334,-0.024767,-0.022215,-0.1867,-0.06,0.7067,0.62,0.011951,-0.0094971,0.00072834,-0.009992,0.0029732,-0.0049816,-0.0017306,-0.0028919,-2.8661e-05,-0.0010806,-0.0022312,0.018079,-0.025251,-0.018193,-0.014147,0.1397,-0.088714,0.025572,-0.0069,0.0012,-0.07,0.75,NaN,NaN,NaN,NaN,0.050798,NaN,NaN,0,0.009,0.0033168,0.0026615,119.6,0.037652,2.7916e+05,0.009183,0.0043077,86.68,-0.051251,-0.026073,-0.029896,0.2278,-0.057371
-0.0054085,0.012535,0.022501,0.011003,0.010896,-0.097837,-0.018342,0.016711,0.014503,-0.085422,0.6,0.011166,0.9,-0.017976,0.024597,0.028284,0.0074699,0.0064471,-0.014,-0.011436,NaN,-0.021938,0,0.0053399,-0.050544,-0.08343,-0.0092239,-0.016446,-0.022331,0.013236,-0.0093662,0.020594,NaN,81.318,0.0024168,0.0011219,-0.0098878,0.0076445,-0.0070197,-0.01656,-0.00026031,0.0076757,0.0089184,0.0074241,-0.0026784,0.0053103,0.010986,0.0087464,-0.0059626,0.0072021,0.0094945,0.0093959,0.0037115,0.0084482,0.0121,0.0091771,0.01292,0.6667,0.1,0.13049,-0.065127,-0.2,0.0333,0.0666,0.091945,0.018275,-0.036877,-0.092615,NaN,NaN,NaN,NaN,0.11711,0.0098037,NaN,0.001631,40,NaN,-0.4,1816,-0.067293,-0.0040134,-0.035388,-0.040954,-0.072212,-0.064679,-0.09285,-0.022402,0.015941,-0.0087157,NaN,-0.05436,NaN,NaN,0.0039585,0.00064886,0.001685,0.00020255,-0.00091478,0.006406,0.0002786,0.00099875,0.008514,0.00067612,0.0015145,-0.00027112,-0.00075165,-0.0011846,0.014913,0.0029788,0.011708,-0.0027156,-0.00053035,0.017729,-0.0044178,-0.0017581,-0.0065331,-0.0033112,0.0030687,0.0050808,-0.0021973,0.00097229,-0.0021206,0.0019511,0.0035626,-0.0032709,-0.0010827,NaN,-0.003795,-0.0037946,NaN,0.0012949,-0.0022342,NaN,0.00054825,-0.010131,NaN,-0.015637,-0.021222,0.017109,NaN,0.022171,-0.035277,-0.2366,-0.88,-0.9267,-0.7,-0.2267,NaN,-0.1,-0.0633,0.9867,NaN,0.3,0.88,1.27,1.08,-0.0057835,NaN,-0.0080875,0.0019991,0.0010572,0.023699,0.017365,0.024209,0.00033195,NaN,0.024209,NaN,0.0072937,0.028707,0.022259,0.0050704,520.91,0.0080518,0.0048814,0.0083594,NaN,NaN,NaN,NaN,NaN,NaN,-0.0017783,0.0003619,0.0011053,0.023359,93.3,NaN,0.2,0,NaN,NaN,-0.026454,0.019409,0.020432,-1.0667,-0.1334,0.011497,0.020287,-0.34,-0.7033,0.6033,0.7567,0.0054507,-0.021598,0.0021858,-2.3139e-05,-0.0016113,0.0049697,-0.0060921,-4.906e-05,-0.0056477,0.0031988,0.0033232,-0.019677,0.041375,0.014618,0.0079909,-0.0499,0.092813,0.013964,0.0413,0.0022,-0.62,0.38,-0.089273,-0.001434,-0.04041,-0.019418,0.070539,NaN,NaN,0.0089687,0.009,0.0066007,0.00023901,-32.9,0.018321,2.8014e+05,0.0030566,0.00037503,-22.94,0.014782,-0.0036797,-0.0067778,0.0876,-0.024349
0.0048808,-0.0040049,-0.00803,-0.0011737,-0.0058798,-0.0025439,-0.021666,-0.044133,-0.017656,-0.03029,0.8,0.024161,12.9,-0.010183,0.014693,0.021561,-0.029872,0.001904,0.0003452,0.0039777,NaN,-0.016579,-0.013085,-0.011862,-0.021351,-0.028768,-0.013077,-0.039456,-0.03549,-0.0015038,-0.031616,0.012709,NaN,78.899,-0.0050913,-0.0061023,-0.012759,-0.00097608,-0.012618,-0.01695,-0.0067917,-0.010023,0.0066936,0.0075005,-0.0088513,0.0011663,-0.0042259,0.0069425,-0.019845,-0.0052545,0.00039365,-0.0048806,0.0022427,-0.028679,0.015837,0.010407,-0.00057034,0,0.3,0.29748,0.02682,0.3334,0.4333,0.2,-0.011431,0.12289,0.1549,0.048163,NaN,NaN,NaN,NaN,0.049662,-0.001475,NaN,-0.0056821,39.667,NaN,-0.0666,1681,-0.045407,-0.014855,-0.016326,-0.031287,-0.031699,-0.057954,-0.051009,-0.0073412,-0.014086,0.015429,NaN,-0.019331,NaN,NaN,-0.0015407,0.00010176,0.00076756,-0.0017132,-0.00085827,-0.0035453,-0.0018652,0.00098242,-0.0041311,0.00039605,-0.002217,-0.0015269,-0.0023619,-0.0006413,-0.013497,-0.0015691,0.021032,6.0159e-05,0.0016098,-0.0069838,0.0038315,0.0032566,0.00090153,0.00092943,0.00013085,-0.005425,-0.0032641,-0.0050095,-0.0052572,-0.005986,-0.016154,-1.4898e-06,2.0733e-06,NaN,-0.0038969,-0.003896,NaN,0.012447,0.00076173,NaN,0.0054472,-0.0014471,NaN,0.0060248,0.0054367,-0.0063379,NaN,0,0.011319,-0.76,-0.6333,-0.58,-0.7967,-0.4267,NaN,-0.14,-0.1434,1.27,NaN,0.35,0.71,1.47,1.01,0.0047802,NaN,0.0087176,0.017107,0.015188,0.0071048,0.020986,0.013244,-0.0026364,NaN,0.013244,NaN,-0.0039055,0.017241,0.015337,-0.006152,516.73,-0.0077774,0.00833,-0.0090258,NaN,NaN,NaN,NaN,NaN,NaN,-0.0036589,-0.0046787,0.0015312,-0.00082127,97.2,NaN,0.1,-0.1,NaN,NaN,-0.018555,0.015022,0.0070915,0.4334,-0.2666,0.024952,0.022888,-0.6267,-0.5767,0.7367,1.3767,-0.02521,0.0048776,-0.0014825,0.001104,-0.0030633,-0.0049667,0.002584,-5.2524e-05,0.0033727,-0.0042814,-0.0022249,0.005902,-0.014738,0.0076209,0.053934,-0.0654,0.11153,0.0067357,0.0275,0.0015,-0.7,0.44,0.070464,-0.033555,-0.084827,0.0023043,0.080433,NaN,NaN,0.0088889,0.0087,0.0032841,0.00759,-64.52,0.018804,2.7516e+05,0.0079518,0.0060167,-47.83,0.036742,-0.0062618,-0.012285,0.0276,0.001369
-0.012917,0.0012944,-0.02545,0.0096246,0.00069033,-0.11741,-0.0019989,-0.03577,-0.0023521,-0.001084,-1.1,0.0069104,1.6,-0.021052,0.011552,0.0053119,-0.048317,-0.00041424,-0.022572,-0.019355,NaN,-0.0244,-0.0113,-0.0065649,-0.042883,-0.06688,-0.020467,-0.027056,-0.030847,0.00075091,-0.02765,0.0066863,NaN,75.852,-0.0059141,-0.0085299,-0.017792,0.00069188,-0.018182,-0.024041,-0.0090046,-0.020353,0.006312,0.0048388,-0.012447,-0.00053812,-0.00086659,0.0060354,-0.017583,-0.0050717,0.008114,-0.0026733,-0.0039905,0.0067893,0.0096391,0.0082771,-0.0027908,0.0666,0.7334,0.51691,0.18429,1.1666,0.6,0.7667,0.084768,0.11113,0.19256,0.26909,NaN,NaN,NaN,NaN,0.071947,-0.011417,NaN,-0.0093437,39.133,NaN,-0.2,1524,-0.023079,0.1371,-0.025516,-0.10146,0.16581,-0.1074,0.020271,-0.012685,-0.0027197,-0.059345,NaN,-0.027141,NaN,NaN,0.00071037,-0.00061089,4.1074e-05,-0.00097973,0.00064923,0.0023182,0.0013138,-0.001298,0.0026321,-0.0019027,0.0039548,-6.2168e-05,-0.0026527,-0.00087635,0.010778,-0.0018401,-0.018504,0.00078217,-0.0009743,-0.0092255,0.0026286,-0.0030438,-0.0013708,-0.00073534,-0.0021505,0.005836,0.0065206,0.0059603,0.0052626,0.0059045,0.018565,0.0010867,-0.0010873,NaN,-0.0032835,-0.0032826,NaN,0.0054083,-0.0001825,NaN,-0.0020133,0.00309,NaN,-0.013248,-0.0079385,0.017441,NaN,0.01758,-0.024744,-0.64,-0.0533,-0.08,-0.08,0.0534,NaN,0.0067,-0.0066,1.21,NaN,0.32,0.69,1.58,0.96,0.00025072,NaN,-0.006954,0.0080777,0.0083246,0.0062634,0.016232,0.01057,0.0031884,NaN,0.01057,NaN,0.022386,0.021417,0.021832,0.02249,528.7,0.029443,-6.3877e-05,0.032775,NaN,NaN,NaN,NaN,NaN,NaN,-0.00074268,0.0013184,0.00017789,0.0057348,90.1,NaN,0,-0.2,NaN,NaN,-0.028093,0.011614,-0.0052192,0.7,-0.5667,0.0086762,0.0060228,0.0734,0.01,1.45,2.0233,0.025285,-0.020643,-0.0014621,-1.1311e-05,0.0014499,0.0079179,-1.657e-05,-0.0014149,-0.0022521,0.005305,0.003294,-0.0059816,-0.03561,-0.027823,0.022888,-0.0853,0.075103,-0.0039382,0.0035,0.0014,-0.1,0.97,-0.10325,0.0278,0.01853,-0.055603,0.11253,NaN,NaN,0.017544,0.0089,0,-0.0071299,-15.72,-0.0050964,2.7374e+05,0.0038435,0.0054399,8.2,0.00010115,-0.0069643,-0.0065695,0.0257,0.00079622
0.0067276,-0.00037185,-0.056541,0.0097982,0.0059513,0.025621,-0.0085227,-0.033095,-0.014372,0.0039405,-0.5,0.01474,1.3,-0.00072553,0.03177,-0.0068996,-0.0048744,0.0094017,0.0071525,0.0057079,NaN,-0.015256,-0.014604,-0.015225,-0.020689,-0.0453,0.0083015,-0.075796,-0.21188,0.0037536,-0.015866,0.011305,NaN,73.828,-0.0058622,-0.0080556,-0.018361,-0.00010423,-0.016747,-0.028213,-0.004772,-0.0053835,0.006719,0.0044259,-0.011811,-8.9732e-05,-0.001446,0.006284,-0.028792,-0.0059749,0.0057224,-0.0034356,-0.0046842,-0.001693,0.011867,0.00742,-0.0015453,0,0.5333,0.36974,0.15222,1.4667,0.4334,0.5,0.034832,0.057347,0.15869,0.17982,NaN,NaN,NaN,NaN,0.082948,-0.0054716,NaN,-0.0056523,39.4,NaN,-0.0667,1461,0.045637,0.08523,0.0096023,0.11499,-0.19855,0.14257,0.030738,-0.017595,-0.0078143,-0.032605,NaN,-0.016131,NaN,NaN,-0.0025446,-0.0015921,-0.0031759,-0.0001654,-0.00030437,-0.0025122,0.0019025,-0.002532,-0.004138,-0.003191,0.005551,-0.0014777,-0.00084041,0.00094371,-0.0072994,-0.0014257,-0.0032297,0.00017907,-0.0015482,-0.012823,-0.00021908,0.0045574,0.0036955,-0.010743,-0.0051631,-0.0043878,-0.0032706,-0.0079494,0.0010433,-0.0098522,-0.029687,0.0032862,0.0010838,NaN,-0.0016968,-0.0017007,NaN,0.0093669,-0.00015398,NaN,0.0067391,0.0073693,NaN,0.012825,0.011193,-0.001799,NaN,-0.0040397,0.010493,-0.2934,0.0433,-0.0933,-0.12,-0.1,NaN,-0.05,-0.0334,1.2767,NaN,0.19,0.52,1.44,0.66,0.0017555,NaN,0.0029561,0.015114,0.0151,0.0040793,0.026628,0.0088855,0.006578,NaN,0.0088855,NaN,0.020204,0.0017073,-0.0076949,0.02217,535.5,0.02777,-0.0046191,0.031217,NaN,NaN,NaN,NaN,NaN,NaN,0.0020874,-0.0014388,-0.0034211,0.010968,91.6,NaN,0,0,NaN,NaN,-0.017406,0.0099072,0.017786,0.5333,0.3667,-0.023731,-0.032004,-0.1034,0.3467,1.64,2.2667,-2.7076e-05,-0.018746,-0.00072839,0.0078605,-5.4893e-05,-0.0069263,0.00439,-3.4319e-05,0.0033559,-0.0031999,-0.003311,0.0029827,-0.02976,-0.019502,-0.020526,-0.0416,0.056651,-0.014244,-0.0035,0.0001,-0.26,1.01,-0.037538,0.03265,-0.0024507,0.033496,0.16166,NaN,NaN,-0.0087337,0.009,0.0032733,0.0035447,62.71,0.038024,2.9155e+05,0.0092,0.0039945,45.35,-0.025001,0.11381,0.11134,-0.3889,0.12899
0.016832,0.014772,0.020534,0.014447,0.013299,0.067722,0.016265,0.046758,0.022056,0.003991,0.3,0.0024998,3.6,0.018855,-0.0068031,-0.047661,0.012119,0.015077,0.023669,0.02026,NaN,0.038877,0.025904,0.036688,0.058064,0.080107,0.040296,0.10039,0.18093,0.01708,0.010093,0.010412,NaN,76.354,0.003047,0.0020107,0.0060984,0.0026685,0.0037679,0.0095446,0.0013809,-0.0058746,0.0064523,0.0053113,-0.00039608,0.0049224,-0.0014481,0.0068105,-0.005492,-0.0029705,0.008465,-0.0046214,-0.0017717,0.0071755,0.012352,0.0077927,-0.0020202,-0.1666,0.2,-0.078269,0.27851,-0.9333,0.2,0.4333,-0.083998,-0.018986,0.060625,0.25862,NaN,NaN,NaN,NaN,-0.059831,-0.01154,NaN,-0.0023048,39.733,NaN,0.1333,1526,0.014673,0.032157,0.056077,-0.11373,0.18204,0.050909,-0.040822,0.015193,0.00040793,0.07984,NaN,0.0074162,NaN,NaN,-0.0019884,0.0015931,0.00077292,0.0020845,-0.00085203,-0.005348,0.0045543,0.0017435,-0.008475,0.0018369,0.01129,0.0014358,0.00027436,-0.0035425,-0.0099459,-0.0025792,-0.026331,-0.00078188,0.0027637,-0.0010986,0.0012789,-0.0046939,0.00059242,0.0024416,0.0040539,-0.0023479,0.0010757,-0.0079672,-0.013686,-0.0099167,-0.016148,-0.0054734,-0.0021785,NaN,0.0041491,-0.0032814,NaN,0.01368,0.010503,NaN,0.014192,0.022172,NaN,0.025991,0.031787,-0.0099529,NaN,-0.01213,0.028745,-0.27,-0.0467,-0.05,0.0634,0.0033,NaN,0.0133,-0.0466,1.2267,NaN,0.18,0.63,1.49,0.56,0.0017517,NaN,0.0076312,0.0186,0.016329,0.0027305,0.0037189,-0.0079686,0.0054921,NaN,-0.0079686,NaN,0.0088527,0.023863,0.0087863,0.00726,531.33,0.0065159,0.016606,0.0069494,NaN,NaN,NaN,NaN,NaN,NaN,0.0020137,0.007207,-0.0026093,0.0039313,92.5,NaN,-0.3,-0.1,NaN,NaN,0.04159,0.022999,-0.026421,1.9667,0.1666,-0.0078419,-0.0088098,-0.0266,0.57,1.8833,2.55,-0.023197,0.058855,-0.0021752,0.0022049,-5.8468e-05,0,0.0035141,-0.0013881,-0.0033622,-0.0031696,-0.0021965,0.004279,0.01284,-7.876e-06,-0.021105,0.0043,-0.10974,-0.0043663,-0.0344,-0.0026,-0.15,1.13,0.16115,-0.089045,0.084657,0.070404,0.095912,NaN,NaN,0.0087337,0.0086,0.0032626,0.010485,-104.1,0.018464,2.8015e+05,0.0097385,0.0081245,-77.69,0.058328,0.062214,0.06265,-0.1968,0.085454
0.019014,0.0048511,0.024119,0.0030484,0.00078947,0.074868,0.023736,0.013524,0.0097319,0.053138,1.2,0.021134,12.6,0.017238,0.0082876,0.044207,0.064126,0.013214,0.022731,0.020852,NaN,0.031407,0.018808,0.019158,0.047383,0.073792,0.028099,0.032405,0.017744,0.013533,0.019501,0.017492,NaN,78.414,0.0087539,0.0082079,0.010318,0.0084412,0.0093492,0.01548,0.0031795,0.0054151,0.012453,0.0070808,0.0082857,0.01101,0.006164,0.012367,0.0050355,0.0046036,0.011595,0.0054544,0.0055558,0.011569,0.011173,0.011752,0.00093952,-0.2667,-0.2333,-0.29583,0.071475,1.2,-0.2667,-0.4333,0.0058123,-0.057241,-0.031171,0.055225,NaN,NaN,NaN,NaN,-0.058497,0.0070979,NaN,0.0058388,39.867,NaN,0.3,1653,0.076451,0.09933,0.074891,0.021105,0.10147,0.087315,0.087293,0.026763,0.017003,0.032167,NaN,0.013196,NaN,NaN,0.0037264,0.0010617,0.00011498,-0.00065416,0.0013954,0.0066612,-0.00016182,0.00039572,0.0088141,0.00042,0.00099383,-0.0016948,-0.0012468,0.0021918,0.0039992,0.006732,0.049563,-0.0010811,-0.002489,0.0049996,-0.0031962,0.00277,4.7397e-05,0.011566,-0.0009346,0.0042397,0.0010652,0.0089598,0.011594,0.012876,0.031087,-1.0821e-05,-1.068e-05,NaN,-0.0043464,-0.004349,NaN,-0.00074769,0.0047518,NaN,0.0035536,0.0032398,NaN,0.016863,0.013772,-0.0066471,NaN,-0.0094284,0.019585,-0.05,0,0.11,0.0766,0.19,NaN,0.1534,0.09,1.1267,NaN,0.29,0.71,1.68,0.59,0.0042423,NaN,0.0019511,0.01282,0.01008,0.0051505,0.0011714,0.0028693,0.011466,NaN,0.0028693,NaN,0.012495,0.013931,0.00071692,0.012341,530.86,0.012179,0.013536,0.013269,NaN,NaN,NaN,NaN,NaN,NaN,-0.0018978,0.001445,0.0024308,0.037711,99.2,NaN,0.1,0.2,NaN,NaN,0.034267,0.012637,0.029719,1.0333,0.2,0.021718,0.022008,0.2833,0.62,2.2167,2.7533,0.027693,-0.00044915,0.004342,0.0076594,-4.889e-05,0.0029542,0.0034798,-0.0013712,0.003334,0.0031596,0.0032841,-0.0029475,0.014158,0.015634,0.033456,0.0378,-0.074831,0.0064539,-0.0275,-0.0013,0.04,1.21,0.16932,0.049154,0.06016,0.036602,0.010985,NaN,NaN,0.017242,0.0087,0.0064935,0.0078335,7.1,0.022222,2.8516e+05,0.012294,0.010442,9,0.0044951,0.01275,0.01078,-0.0168,0.028374
0.019421,0.019915,0.047336,0.017606,0.013481,0.01641,0.031114,0.058429,0.029985,0.033448,1,0.021688,7.7,0.034283,0.026523,0.016173,0.023502,0.019311,0.02108,0.01929,NaN,0.034468,0.034013,0.03005,0.039104,0.040048,0.045714,0.051649,0.094882,0.022981,0.029118,0.021625,NaN,80.641,0.0081176,0.0084462,0.011198,0.006622,0.010957,0.013895,0.0074322,0.014147,0.012732,0.0061389,0.0062671,0.010191,0.0066032,0.012491,-0.0068729,0.0034087,0.0064092,0.0047812,0.0027477,0.0067675,0.0026713,0.0075028,0.004553,-0.2,-0.5667,-0.38544,-0.19223,-1.4,-0.6,-0.3667,-0.031526,-0.0793,-0.17758,-0.16235,NaN,NaN,NaN,NaN,-0.083021,0.0097358,NaN,0.0127,40.467,NaN,0.2334,1816,0.0216,0.092963,0.028337,0.061925,-0.033124,0.007331,0.052273,0.024633,0.027468,0.047509,NaN,0.01026,NaN,NaN,-0.0025267,-0.001944,0.00023282,0.00028612,0.00073999,-0.0042301,-0.005792,-0.0005999,-0.0036985,-0.00028035,-0.014028,-0.00029919,-0.00035882,0.00010089,0.00077611,-0.0050365,-0.02847,0.00096106,-0.0018901,0.0024872,-0.0021034,-0.00064959,0.00084094,-0.0005671,0.0015887,-0.0024597,-0.0010895,0.0010015,-1.1176e-06,-0.00099452,-0.0047524,0.0043933,0.0032733,NaN,-0.002406,-0.0024053,NaN,0.011867,0.0080928,NaN,0.0057546,0.00996,NaN,0.0083834,0.009544,0.0018726,NaN,-0.0012015,0.0034131,0.7167,0.1567,0.15,0.0867,-0.0067,NaN,-0.0267,0.0066,1.14,NaN,0.29,0.64,1.51,0.6,0.012127,NaN,0.0075587,0.016022,0.016724,0.012345,0.0071256,0.015339,0.0097535,NaN,0.015339,NaN,0.023149,0.02737,0.0080592,0.022695,532.66,0.025918,0.013965,0.028712,NaN,NaN,NaN,NaN,NaN,NaN,0.00092623,-4.8336e-05,0.0044531,0.0040607,93,NaN,0,0,NaN,NaN,0.035688,0.022576,0.019573,-0.5667,0.4334,0.01792,0.014868,-0.0567,0.06,1.4433,2.01,-0.0033866,-0.039922,-0.0036178,-0.014356,-0.0014953,-0.003937,-0.0061241,0.0040399,-0.0022299,-0.0031596,-0.0032841,0.0056317,-0.0035462,0.0024978,-0.0030929,0.0708,-0.092155,0.010828,-0.0345,-0.0003,0.16,0.66,-0.0026214,-0.0029109,0.018928,0.083128,-0.21082,NaN,NaN,0.033617,0.0089,0.0064516,-0.00032445,-20.15,-0.0025783,2.8183e+05,0.0093481,0.011574,3.64,0.0091761,0.05024,0.047139,-0.0763,0.06773
0.017679,0.010537,0.021453,0.0093048,0.008238,0.052512,0.01895,0.025414,0.019799,0.01723,1.6,0.019113,15.7,0.0092232,-0.0071982,-0.0058965,0.029987,0.0098103,0.020003,0.019668,NaN,0.014827,0.015318,0.0064742,0.017215,0.024772,0.0069588,0.012413,0.0066102,0.0053089,0.021476,0.017551,NaN,81.186,0.0073933,0.0075324,0.010294,0.0072071,0.0077459,0.013889,0.0052378,-0.0021548,0.012145,0.0061015,0.0054518,0.010001,0.0070336,0.012065,-0.0059949,0.005346,0.0066688,0.0061341,0.008977,0.0068587,0.0057295,0.006892,0.0062412,-0.1,-0.5667,-0.40008,-0.15662,-0.3,-0.6,-0.5,-0.050857,-0.11457,-0.14622,-0.153,NaN,NaN,NaN,NaN,-0.07726,0.010223,NaN,0.0036669,40.333,NaN,0.0333,1889,-0.020129,0.029162,0.0040663,-0.086801,-0.038288,0.008595,0.0048853,0.015202,0.01681,0.018434,NaN,0.024027,NaN,NaN,0.0032262,0.0012656,0.0026526,0.00044933,0.0012279,0.0046388,0.0013807,0.0017076,0.0057923,0.0017976,0.0017986,0.00095706,0.00076434,0.002469,0.011996,-0.0033269,0.0023874,0.0025183,0.0037621,0.0038435,0.0016002,-0.001161,-0.0031253,0.0024257,0.00082029,0.0024389,-0.0010791,0.0039791,0.004216,0.00694,0.0178,0.0010981,0.0021845,NaN,-0.0036696,-0.0036691,NaN,0.0022187,0.0067222,NaN,0.011935,0.0057629,NaN,0.016333,0.0094236,0.00021752,NaN,-0.00048992,0.013293,0.0567,0.2633,0.1666,0.1067,0.0434,NaN,0,-0.05,1.0467,NaN,0.19,0.48,1.29,0.52,0.0044183,NaN,0.0025528,0.016566,0.013137,0.011944,0.018474,0.011849,0.019081,NaN,0.011849,NaN,0.0020537,0.0017946,-0.0080153,0.0020819,528.56,-0.00058271,0.0108,-0.001047,NaN,NaN,NaN,NaN,NaN,NaN,0.0017806,-0.00032571,0.00010663,0.011035,99.9,NaN,-0.1,0,NaN,NaN,0.014867,0.019158,0.01213,-0.8,-0.2,-0.04048,-0.037671,-0.0066,0.2667,1.38,1.9533,-0.0011367,0.015926,-0.00072208,0.0021917,0.0014013,0.0039312,-7.5595e-07,-0.0027237,0.0022004,0.0062893,0.004361,-0.0058175,0.0077823,0.0020182,-0.032628,0.0591,-0.038535,0.01513,-0.0034,0.0001,0.18,0.79,0.032282,-0.016165,0.03279,-0.031623,0.099435,NaN,NaN,-0.0082988,0.0077,0.0064103,0.006982,-250.85,0.027646,2.5353e+05,0.010664,0.0074855,-180.12,0.13348,-0.0058987,-0.0023452,0.0636,-0.0025954
0.0089961,0.012219,0.026513,0.014934,0.0039639,-0.0079165,0.027965,0.024997,0.026712,0.030579,0.9,0.0050383,1.6,0.012409,0.0067019,0.055875,0.021588,0.010733,0.0077842,0.0085602,NaN,0.0096433,0.021836,0.01707,-0.0053486,-0.012845,0.012709,0.034178,0.051001,0.010539,0.022795,0.016536,NaN,81.336,0.0091504,0.0091132,0.008001,0.0089891,0.0094558,0.010264,0.0047947,0.021897,0.012632,0.0068199,0.0046494,0.010245,0.010271,0.01219,-0.010695,0.0076686,0.0093441,0.0086261,0.0077449,0.0066763,0.015187,0.0087035,0.0029634,-0.1,-0.1,-0.048625,-0.083333,-1.4667,0.0667,-0.2333,-0.032181,0.0027007,-0.084307,-0.090662,NaN,NaN,NaN,NaN,0.028914,0.0053,NaN,0.011839,40.567,NaN,0,1901,0.077514,0.16913,0.023207,0.09714,0.11793,0.020203,0.11409,0.0015756,0.016772,-0.034626,NaN,-0.024242,NaN,NaN,-0.00073168,0.00017956,-0.0021987,-4.1244e-05,-0.0031263,-0.00067917,0.0011531,-0.0010134,-0.001277,-0.00098015,0.007064,-0.0015159,0.00010705,-0.01451,-0.0071819,0.0076322,0.0096547,-0.0026392,-0.0028271,0.0016143,0.0021561,-0.00055422,0.0023427,-0.0088533,0.0013066,-0.00012753,0.0021274,-0.0079671,-0.010545,-0.012887,-0.036544,-0.0032925,-0.0010957,NaN,-0.0038488,-0.0038487,NaN,0.0078229,-0.00089593,NaN,0.002921,0.0081809,NaN,-0.0040442,0.0032819,0.0086622,NaN,0.010723,-0.0090271,0.15,-0.0066,-0.11,-0.19,-0.1434,NaN,-0.1133,-0.05,1.14,NaN,0.09,0.3,1.16,0.49,0.0068341,NaN,0.0028213,0.017195,0.012814,0.018382,0.019656,0.025254,0.025184,NaN,0.025254,NaN,-0.039373,0.024785,0.014052,-0.04653,499.15,-0.053247,0.0050747,-0.060079,NaN,NaN,NaN,NaN,NaN,NaN,0.00043888,0.00018096,-0.00074665,0.024136,95.4,NaN,0.1,0,NaN,NaN,0.01038,0.018798,0.011284,-0.2666,0.3333,0.011184,0.010376,-0.2034,0.11,1.0267,1.69,-0.021982,-0.0030533,0.0036094,0.01193,-5.1188e-05,0.00096835,0.0052012,0.0013225,-1.6147e-05,-0.0031594,-0.0011019,-7.3212e-06,0.043117,0.01879,-0.0064404,0.0135,0.021685,0.014803,0.0103,0.0018,-0.04,0.6,-0.057532,0.05757,0.0050275,0.077259,-0.064543,NaN,NaN,0.016529,0.0078,0.0063694,0.0055769,-11.83,0.02569,2.5703e+05,0.0095507,0.006466,-7.34,0.011959,-0.11576,-0.12056,0.4128,-0.13675
0.01221,0.0080272,0.0072689,0.0084057,0.0077313,0.01685,0.0080471,0.0035738,0.0123,-0.00077123,1,0.022822,12.5,0.020309,0.0123,-0.0017564,0.012601,0.0053631,0.014447,0.012808,NaN,0.010607,0.013368,0.0087779,0.0060626,0.0039419,0.0084323,0.0072005,0.044308,0.0083507,0.021235,0.019417,NaN,81.56,0.0041144,0.002782,0.0011163,0.0053075,0.0018528,0.0020111,-0.00015599,0.0090668,0.010389,0.0058983,-0.0015474,0.006999,0.0031823,0.010446,-0.012703,-0.00029729,0.011025,0.0022651,0.0034529,0.0059572,0.012581,0.013051,0.0045608,0.0333,0.0334,0.12299,-0.066999,-0.1333,-0.0334,0.3,0.061389,0.068054,0.015748,-0.075755,NaN,NaN,NaN,NaN,0.0031066,-0.0052824,NaN,-0.0021012,40.5,NaN,-0.0333,1845,-0.027582,-0.0086022,0.022681,-0.040822,-0.099266,-0.014295,0.013817,0.0025743,0.014486,0.019029,NaN,-0.01374,NaN,NaN,-0.0009611,-0.00056333,-0.00041836,-0.00077574,9.7286e-05,-0.00067456,0.0019844,-0.00091756,-0.0016508,-0.0010513,-0.0010099,-1.2943e-06,0.00028764,0.02459,-0.00084109,0.00013771,-0.0092198,-0.00095826,0.0025863,-0.0020633,-0.0049887,-0.00074063,0.00065089,-0.0087253,-0.0040824,-0.00089137,-0.001079,0.0069687,0.010545,0.0099167,0.031876,0.001096,-0.0010888,NaN,-0.0032871,-0.0032861,NaN,0.0070947,0.0025853,NaN,0.0041505,0.0052559,NaN,0.016553,0.018082,-0.009968,NaN,-0.0095211,0.020454,0.24,0.1233,0.1967,0.1666,0.1167,NaN,0.04,0.0334,1.0567,NaN,0.16,0.34,1.15,0.49,0.0038849,NaN,-0.0037864,0.012562,0.010413,0.019441,0.023154,0.019192,0.02985,NaN,0.019192,NaN,0.015366,0.02114,0.015777,0.014697,503.83,0.018674,0.0049995,0.019928,18.821,NaN,NaN,NaN,NaN,NaN,-0.0021037,-0.0028173,-0.0027425,0.0042759,91.6,NaN,0,0,NaN,NaN,0.011333,0.028254,-0.010219,-0.7667,-0.0333,0.0046877,0.0035765,0.1034,-0.0067,0.89,1.49,0.036292,-0.0020853,0.00071177,-0.017363,-0.0014647,-0.0029407,-0.0034807,-3.2533e-05,-0.0022119,-0.0020898,-0.0010912,-4.9237e-05,0.0079016,0.0091973,0.012943,-0.0214,0.0243,0.015389,0.0138,0.0017,0.13,0.49,-0.094503,0.037067,0.061273,0.052501,0.00094775,NaN,NaN,0.016261,0.0078,0.0094787,0.0082049,-10.49,0.021963,2.5912e+05,0.01204,0.010122,-5.03,0.013894,-0.073222,-0.077902,0.2621,-0.10782
0.0032832,0.01405,0.043073,0.012494,0.0055843,-0.029694,-0.0030315,0.0029673,-0.0037264,-0.0016021,0.5,0.0068837,1.9,0.0089259,0.010382,-0.032875,0.01215,0.0088387,0.0012033,0.001972,NaN,0.0084085,0.0069642,0.0038383,0.010249,0.014209,0.0036703,0.011409,0.0024638,0.001385,0.0048135,0.0087016,NaN,81.635,0.0033543,0.0025327,0.00025744,0.0053339,-0.00041528,0.00208,-0.0023427,-0.0012115,0.0070738,0.0068583,0.0036711,0.0053442,0.0053125,0.0071685,-0.011908,0.0027021,0.0075876,0.004118,-0.00074591,-0.0039223,0.0136,0.011273,0.0013199,-0.3,-0.0334,0.078188,-0.11089,0.8333,-0.1,-0.1667,0.026077,-0.052001,0.092584,-0.14904,NaN,NaN,NaN,NaN,-0.0083474,-0.0070101,NaN,-0.0063303,40.367,NaN,0,1782,0.095077,0.1728,0.011287,0.10393,0.075051,0.15209,0.022053,0.014664,0.023038,0.044805,NaN,0.025871,NaN,NaN,0.00046626,-0.0014213,5.3036e-05,-0.00077612,-0.0017773,0.0011482,-0.007201,-0.00058257,0.0042086,-0.00052709,-0.014531,0.0013181,0.00014022,-0.014548,0.002857,-0.0028943,0.025155,0.0025744,-0.0031686,0.00069177,-0.0032006,0.0019828,-0.0017747,0.0014036,0.0043662,-0.00044917,-0.0010687,-0.0039821,-0.0063236,-0.0029816,-0.013148,-0.0021989,-0.0032733,NaN,-0.0018658,-0.0018647,NaN,0.0072765,0.0039748,NaN,0.0066479,0.0095463,NaN,0.0075529,0.0089929,0.0029574,NaN,0.0015117,-0.0046646,0.0766,-0.0267,-0.12,-0.1866,-0.0867,NaN,-0.08,-0.09,1.0533,NaN,0.07,0.18,1.09,0.45,0.0077234,NaN,0.0030991,0.017427,0.016402,0.022913,0.017409,0.02205,0.03005,NaN,0.02205,NaN,0.042645,0.026821,0.017982,0.04447,522.1,0.051976,0.012626,0.057496,17.309,NaN,NaN,NaN,NaN,NaN,-0.00071767,-0.0070763,-0.00057082,-0.0014852,95,NaN,-0.2,0.1,NaN,NaN,0.0094596,0.0062486,0.019989,-0.7333,-0.2,-0.011974,-0.013496,-0.1367,-0.11,0.6767,1.3333,-0.014354,0.0061151,-0.00073042,0.006483,-3.1904e-05,0.0019493,-0.0051791,-0.0026711,-1.5104e-06,0.0041504,0.0010736,-0.0028286,-0.024673,-0.011432,0.012214,-0.0138,0.0027515,0.012189,-0.0035,0.0015,-0.07,0.34,0.05469,-0.035669,-0.0028342,0.027828,-0.032947,NaN,NaN,0.031749,0.0074,0.0093897,0.0060207,-131.55,0.011059,2.4178e+05,0.010063,0.0098665,-90.37,0.080288,0.030428,0.030269,-0.0346,-0.0044579
0.010857,0.0069806,0.019718,0.0044316,0.0054926,0.051276,0.012985,0.018302,0.0023564,0.034747,1.1,-0.013658,-12.9,0.023246,0.018324,0.015064,-0.023417,0.0086546,0.0089528,0.011648,NaN,0.018316,0.023657,0.026119,0.018126,0.015054,0.015358,0.023483,0.01049,0.027305,-0.00068774,0.043413,NaN,82.316,0.0032067,0.0017393,0.00068618,0.0054408,-0.0010736,0.0020393,-0.0012517,-0.008522,0.0066123,0.0074285,-0.003284,0.0039684,0.004822,0.0068548,-0.0081791,0.0022215,0.010715,0.004723,0.0059759,0.0093074,0.0099348,0.011678,0.0026792,0.0667,0.2334,0.14433,0.12897,1.8667,0.2334,0.0334,0.015817,0.1144,-0.048019,0.17819,NaN,NaN,NaN,NaN,-0.022137,0.0075027,NaN,0.006011,40.5,NaN,0,1825,-0.10845,-0.10597,0.017637,-0.29198,-0.26028,-0.084409,0.066529,0.0052004,0.0034128,0.027009,NaN,0.065801,NaN,NaN,-0.00018628,0.0014608,0.0025025,0.00093941,0.0037958,-0.0015997,0.0042381,0.0014423,-0.0037788,0.0011776,0.0082743,-0.0005195,0.0017181,0.0061957,-1.8339e-05,-3.9443e-05,-0.031243,-0.00024224,0.0031481,-0.0035034,-0.00029098,-0.0044745,0.0005706,0.0028734,0.0015142,0.00076227,-1.2962e-06,-0.0059761,-0.0031705,-0.006941,-0.014996,0.0021989,0.0032733,NaN,-0.0033255,-0.003327,NaN,0.004606,0.0053678,NaN,0.0067455,0.002501,NaN,0.002928,0.0041459,0.0015622,NaN,0.0069952,0.0023047,0.0434,0.0934,0.0833,0.03,-0.01,NaN,-0.06,-0.0634,1,NaN,0.06,0.12,0.99,0.4,0.0076649,NaN,0.0071256,0.01887,0.017515,0.010568,0.023355,0.022513,0.028834,NaN,0.022513,NaN,0.010987,0.0075934,-0.001061,0.011374,523.53,0.011424,0.0095515,0.011939,13.033,NaN,NaN,NaN,NaN,NaN,0.0018972,0.00033474,0.00024977,0.0012069,98.4,NaN,0,-0.1,NaN,NaN,0.017291,0.039021,0.050772,0.4666,0.1,-0.0085818,-0.0063962,0.04,-0.06,0.6733,1.23,-0.032855,-0.0020681,-6.0632e-06,-0.009735,0.0013669,-0.00097891,-0.0026098,0.0026289,-0.0010981,-0.0031212,-1.0473e-05,0.005471,-0.0072419,-0.0081529,-0.015354,-0.0136,-0.033711,0.005465,-0.0068,0.0021,0.05,0.34,-0.0084389,-0.10443,0.045315,0.076739,0.090193,NaN,NaN,-0.0078432,0.0074,0.0031104,0.0049508,10.21,0.024673,2.4808e+05,0.0050845,0.001216,2.76,-0.0010149,0.094877,0.09412,-0.2812,0.063987
0.011159,0.009392,0.021219,0.010666,0.0033999,0.015783,0.043608,0.019918,0.030618,0.069325,0.8,0.00073354,-1.8,0.019885,0.0083564,0.076908,0.023266,0.0091575,0.013843,0.011464,NaN,0.026029,0.00978,0.013811,0.040284,0.05476,0.027478,0.029689,0.036204,0.0083817,0.0092291,-0.011013,NaN,83.783,0.0070306,0.0071806,0.0046194,0.00714,0.0068203,0.0058398,0.0028662,0.018719,0.0096332,0.0071289,0.0061728,0.008475,0.0068222,0.0094143,0.0043384,0.0066645,0.0062665,0.0051749,0.0044889,-0.0010747,0.0036761,0.010756,0.0072165,0.1,-0.0334,-0.073099,-0.025476,0.7,-0.3334,0,0.0032091,-0.042171,-0.0043681,-0.025613,NaN,NaN,NaN,NaN,0.0030651,0.0062765,NaN,0.0063298,40.567,NaN,0,1795,0.14975,0.16077,0.068849,0.3997,0.27125,0.057056,0.038496,0.018644,0.0053512,-0.0024378,NaN,0.047022,NaN,NaN,-0.0013612,0.00043759,-0.0040322,-0.0017996,-0.0023186,-0.0010382,0.0027376,-0.00163,-0.0023985,-0.0014587,0.0059336,0.00055949,0.0023521,-0.0046024,-0.0082492,0.00074126,-0.002918,0.0068887,-0.0015122,0.00042186,0.0013086,0.0035892,-0.00088829,-0.005326,-0.0034671,-0.0013225,0.0020965,0.0069736,0.0031649,0.0049579,0.010282,-0.0010996,0.004361,NaN,-0.0037618,-0.0037644,NaN,-0.002641,0.0048563,NaN,0.0031794,0.0027878,NaN,0.0075018,0.0051728,-0.00052045,NaN,-0.0024737,0.0059795,-0.0034,0.0333,0.06,0.1166,0.07,NaN,0.0233,-0.04,0.89,NaN,0.08,0.2,1.02,0.38,0.011388,NaN,0.0072788,0.019658,0.016868,0.015709,0.025945,0.024218,0.031354,NaN,0.024218,NaN,0.012021,0.031137,0.02198,0.0098213,523.87,0.016078,-0.0014338,0.01677,12.439,NaN,NaN,NaN,NaN,NaN,-9.2464e-05,0.0097459,-0.00096375,-9.2786e-05,91.7,NaN,0.3,0,NaN,NaN,0.027058,-0.0046724,-0.025402,0.2,0.2666,0.0098036,0.007714,0.1167,-0.0233,0.7933,1.2567,0.020731,0.01131,-0.0007221,0.011909,-0.002824,-0.00097613,0.0095322,-2.776e-05,0.0021786,-0.0010378,-0.0021574,-0.001438,0.028224,0.0089679,-0.018133,-0.0024,-0.018318,0.0079465,-0.0138,0.0026,0.01,0.35,-0.025752,0.26415,0.070679,0.0055445,0.055104,NaN,NaN,0.023347,0.0076,0.006192,0.0080497,30.29,0.025827,2.5698e+05,0.0037417,-0.00072941,10.87,-0.0094423,0.060957,0.064776,-0.1359,0.034723
0.021746,0.013475,0.012287,0.017231,0.0090771,0.030324,0.024348,0.042192,0.027107,0.019005,0.9,0.043413,24.6,0.009244,0.026225,-0.0050146,0.025077,0.010889,0.027025,0.024569,NaN,0.0066505,0.011017,0.0079987,0.00099717,-0.012571,0.018738,0.022937,0.0196,0.0020024,0.030793,-0.0023504,NaN,83.556,0.0054428,0.0046511,0.0020676,0.0062182,0.00395,0.0026367,0.0012481,0.014082,0.010349,0.005618,0.0034556,0.0080723,0.0045834,0.010357,0.001442,0.0023192,0.0094689,0.0037614,0.0024664,-0.0035008,0.017042,0.013171,0.0053134,-0.0667,-0.2333,-0.1529,-0.034097,-0.3667,-0.2333,0.0666,-0.046484,0.0051991,0.016129,-0.04092,NaN,NaN,NaN,NaN,0.013049,-0.00036709,NaN,0.0026846,40.6,NaN,0.1333,1825,0.019731,-0.096859,0.015199,-0.010654,-0.0497,0.096832,-0.020604,0.013351,0.012705,-0.0016594,NaN,0.0015096,NaN,NaN,0.0032833,7.5253e-05,0.00023184,-0.0010701,4.8141e-05,0.005947,-0.00023501,0.00031083,0.0083159,0.0003276,-0.001249,0.0010182,-6.0851e-05,-0.00013672,0.012973,0.00083206,0.022283,-0.0020109,-0.0015718,0.0039569,0.00050783,0.0037206,-0.0039361,0.0083954,0.00022494,0.0042406,-1.4507e-05,-0.0009975,0.0052794,0.0029826,0.0075667,0.0043981,-0.002186,NaN,-0.0038432,-0.0038389,NaN,0.011824,0.0047064,NaN,0.0041006,0.0086077,NaN,0.02434,0.024933,-0.010247,NaN,-0.01412,0.023685,0.3667,0.3533,0.3934,0.3834,0.07,NaN,0.0667,-0.0166,0.8033,NaN,0.12,0.23,0.74,0.4,0.0075208,NaN,0.0041259,0.014034,0.010994,0.012962,0.01658,0.025851,0.036659,NaN,0.025851,NaN,0.014576,0.022925,0.012036,0.0136,525.29,0.015014,0.013107,0.015601,12.512,NaN,NaN,NaN,NaN,NaN,-0.0016195,0.0020239,-0.00028573,0.0030574,96.4,NaN,-0.2,0,NaN,NaN,0.0066517,-0.0087278,0.012783,-0.3,-0.0333,0.012485,0.0090877,0.1566,-0.0367,0.5833,0.9567,0.011165,0.0060246,0.0021269,-0.0021808,0.0027465,0.004838,-1.6109e-05,-2.3559e-05,0.0021573,0.0061655,0.0042837,0.0012685,0.0014259,0.011487,0.0041031,0.021,-0.012186,0.013652,-0.0035,0.0022,0.38,0.37,0.039778,-0.025318,0.034772,0.009434,-0.11188,NaN,NaN,0.015267,0.0077,0.0092167,0.0098133,9.39,0.016924,2.6021e+05,0.001997,-0.0010904,-6.92,0.004453,0.018441,0.01865,-0.0231,-0.0097677
0.0065346,0.008298,0.01566,0.013599,-0.0012229,0.012069,0.029441,0.03843,0.028753,0.031049,0.8,-0.010404,-10,0.0077097,0.013209,0.038337,-0.0032869,0.01615,0.0070388,0.0065526,NaN,0.016764,0.015148,0.014169,0.018065,0.024998,0.015896,0.020814,0.026938,0.011925,0.027967,0.020967,NaN,84.204,0.0065192,0.0054247,0.0029129,0.0088015,0.002106,0.0046424,0.00041568,-0.0030163,0.012439,0.0087305,0.0024883,0.0093223,0.0095573,0.012034,0.0067018,0.0052351,0.012054,0.0081949,0.0079979,-0.003107,0.016756,0.017656,0.0038507,0.0667,0.0667,0.12248,-0.043619,-0.1667,0.1,0,0.05866,-0.016789,-0.021145,-0.054921,NaN,NaN,NaN,NaN,-0.012029,0.0053532,NaN,0.0077892,40.667,NaN,0.0333,1888,-0.025032,-0.03864,0.036421,0.0029169,-0.024502,-0.072858,0.019092,0.0085406,0.014905,0.0023075,NaN,0.0034977,NaN,NaN,-0.0010729,0.00097516,0.0053856,0.0056575,0.0054781,-0.0037039,0.00032104,0.0016642,-0.0053339,0.0018354,-0.0017516,0.0018503,-0.0034674,0.011396,-0.0084671,0.001506,-0.013112,-0.0008019,0.002982,-0.0031561,0.0018097,0.00035538,0.005174,0.0016238,0.000544,-0.0033881,0.0010194,0.001995,-0.0042228,-0.0019881,-0.0037834,-0.0011077,0.001077,NaN,-0.012245,-0.0048104,NaN,0.0051246,0.0036635,NaN,0.0086562,0.007165,NaN,-0.00074838,0.0012149,0.0086841,NaN,0.012083,-0.0040071,0.1233,0.2034,0.2133,0.2033,0.0867,NaN,0.0466,0.0033,0.72,NaN,0.13,0.23,0.62,0.41,0.010944,NaN,0.0068613,0.016469,0.013743,0.028612,0.040087,0.02574,0.023614,NaN,0.02574,NaN,-0.0033961,0.026282,0.010131,-0.006939,513.31,-0.0055066,0.0036453,-0.0071549,17.851,NaN,NaN,NaN,NaN,NaN,-0.00062537,-0.00072548,-0.00071469,-0.0023154,94.4,NaN,0.2,0,NaN,NaN,0.017087,0.024978,0.011299,-0.5333,-0.0333,0.0088624,0.01418,0.0934,0.0433,0.5533,0.88,-0.0067014,0.007773,-1.8134e-05,0.0032033,-0.0027924,-0.0038787,-0.00087827,-3.1116e-05,-0.0011085,-0.0051488,-0.0021573,-0.0027358,-0.028653,-0.0097982,0.016331,0.0072,0.0093908,0.015083,0.0035,0.0017,0.21,0.45,0.028828,0.041847,0.073701,0,-0.081978,NaN,NaN,0.029853,0.008,0.0030534,-0.0045827,0.17,0.0034879,2.6234e+05,0.0019845,0.0016656,7.92,-0.0046791,0.031986,0.037972,-0.0309,0.0034371
0.020864,0.019437,0.038224,0.015748,0.016966,0.036742,0.033992,0.024258,0.020785,0.059814,0.8,0.0031147,-1.9,-0.016175,0.01474,0.049331,-0.00094203,0.019373,0.026709,0.024257,NaN,0.013597,0.01073,0.011064,0.016146,0.013868,0.018461,0.0083339,-0.00063982,0.011784,0.027821,0.022476,NaN,84.496,0.0071761,0.0065596,0.0026715,0.010009,0.0016577,0.0029756,0.0022314,-0.0017277,0.011104,0.0088943,0.0032445,0.0086666,0.012781,0.011136,-0.0062217,0.010215,0.010277,0.013208,0.0079225,0.0037812,0.01648,0.011202,0.0051971,0,-0.1,-0.091217,-0.023456,-0.7666,-0.1667,0.1667,-0.014062,-0.030147,0.014972,-0.029637,NaN,NaN,NaN,NaN,-0.05069,0.012701,NaN,0.019085,40.467,NaN,-0.0333,1933,0.0097641,-0.092818,-0.034691,0.13426,-0.052256,0.022861,-0.078657,0.016259,0.010944,0.055654,NaN,0.026491,NaN,NaN,0.00091585,-0.00059851,-0.0027431,-0.0055345,-0.0049012,0.0023742,-0.0016851,-0.00042283,0.0039779,-0.0003618,-0.000141,-0.0026309,-0.0068087,0.0020535,0.009957,-0.00092132,-0.0004325,-0.0016036,-0.0031995,0.0044631,0.0039522,-0.0037711,-0.0029034,0.0054843,0.0010161,0.0013968,-2.3943e-05,-0.001995,0.0010553,0,0.0009429,-1.5104e-06,-0.003252,NaN,-0.0042148,-0.004219,NaN,0.00018065,-9.9448e-07,NaN,-0.0056224,0.0019092,NaN,0.007618,0.011539,-0.0055771,NaN,-0.0091268,0.022536,0.01,0.0333,0.0467,0.0967,0.06,NaN,0.0434,-0.01,0.65,NaN,0.15,0.3,0.65,0.42,0.0083026,NaN,0.0024775,0.012474,0.011671,0.020563,0.027316,0.029253,0.026927,NaN,0.029253,NaN,0.014199,0.0091806,-0.010192,0.014807,510.97,0.018905,-0.0015907,0.019875,10.406,NaN,NaN,NaN,NaN,NaN,0.0015511,-7.2274e-05,0.00014298,0.0018527,99.5,NaN,0.1,-0.1,NaN,NaN,0.013594,0.029815,0.0042864,-0.1,-0.1667,-0.015725,-0.012457,0.0733,0.0667,0.6167,0.9133,-0.0067432,0.0053656,-0.0035435,-4.118e-05,0.0013487,0.0009564,-9.2167e-06,-0.0013168,-0.001091,0.0010147,-1.0207e-05,-0.0014023,-0.0063734,-0.011553,-0.011668,0.019,-0.059452,0.010328,-0.0035,0.0023,0.04,0.49,-0.013624,0.093819,-0.094253,-0.079782,-0.022989,NaN,NaN,-0.0073801,0.0071,0.0091048,0.011314,-158.45,0.023802,2.4167e+05,0.0045187,0.00043465,-125.4,0.10586,0.056684,0.059732,-0.0965,0.033595
0.010828,0.017535,0.025804,0.013929,0.018902,-0.0036074,-0.0019002,0.020304,0.023129,-0.051015,0.7,0.008941,-0.2,-0.036273,0.02243,-0.0040861,0.022261,0.026609,0.0098584,0.010584,NaN,0.023203,0.02239,0.025561,0.024363,0.029367,0.028343,0.030491,0.041731,0.024111,0.037942,0.027946,NaN,85.545,0.0062931,0.0059663,0.0044157,0.0065333,0.0058229,0.0053908,0.0030019,0.014165,0.011469,0.007154,0.0047524,0.0089956,0.0035711,0.011263,0.00048006,0.0035739,0.0079326,0.0011604,0.0053337,-0.0037812,0.014947,0.010953,0.011419,0.2667,-0.2667,-0.22506,-0.012464,0.4666,-0.3,-0.3667,-0.02466,-0.029316,-0.091355,-0.0094024,NaN,NaN,NaN,NaN,0.016349,0.0088552,NaN,0.0043043,40.767,0.2,0.1667,2056,-0.1011,-0.036688,-0.05271,-0.19016,0.025799,-0.059041,-0.16705,0.0099534,0.023784,0.021632,NaN,0.04423,NaN,NaN,-0.0024529,-0.0012144,-0.00081702,0.010639,4.6046e-05,-0.0050577,-0.0020409,0.00021505,-0.0061937,5.8808e-05,-0.0047496,-0.0009945,0.0057752,-0.0047064,-0.0094969,-0.0010063,-0.0071249,-0.003678,0.0021213,-0.0026954,-0.0057028,-0.0014636,0.0021707,-0.0017918,-0.00067272,-0.0024895,-0.0041568,0.00099452,-0.0052768,-0.0029866,-0.0009429,-0.0032817,-0.003252,NaN,-0.0030037,-0.0030036,0.0049546,0.0046243,0.0067514,NaN,0.0094284,0.006171,NaN,0.0055569,0.0017291,0.0060549,NaN,0.0054861,-0.0013287,0.0267,-0.0533,-0.07,0.0333,0.02,NaN,0.03,0.02,0.65,NaN,0.13,0.38,0.72,0.46,0.012326,NaN,0.0052689,0.015339,0.014496,0.019484,0.032825,0.026898,0.022683,NaN,0.026898,NaN,0.016276,0.028716,0.0021067,0.014765,504.95,0.015717,0.01817,0.016335,12.306,NaN,NaN,NaN,NaN,NaN,-0.00125,0.00020495,-0.00010723,0.00055514,98.5,NaN,-0.1,0.1,NaN,NaN,0.023191,0.033902,0.014374,-0.2,0.3,-0.0043008,-0.0054893,-0.0067,-0.0133,0.5833,0.9167,-8.4721e-05,-0.0044388,0.0014106,-0.007462,-2.9846e-05,-0.002886,-0.0042868,0.0012699,-0.0010806,-0.002045,-0.0021298,0.0026306,0.024511,0.0073191,-0.017274,0.0496,-0.031795,0.013009,-0.0137,0.0018,-0.02,0.44,0.014977,-0.14425,-0.013378,-0.067481,0.008539,NaN,NaN,0.014706,0.0072,0.014993,0.014577,19.59,0.02817,2.4798e+05,0.013519,0.010352,9.01,0.0023931,0.034889,0.037393,-0.0402,0.0085484
0.015502,0.018303,0.032552,0.013238,0.019339,0.023071,0.016145,0.034782,0.03168,-0.016215,0.7,0.0011821,-2.2,0.020479,0.010802,0.030822,0.026483,0.012956,0.016671,0.017255,NaN,0.015893,0.010382,0.010356,0.027745,0.03636,0.021428,0.022045,0.0067357,0.0057027,0.02168,0.013066,NaN,86.057,0.0097327,0.01022,0.0099011,0.0096305,0.0099327,0.012912,0.0055145,0.011547,0.012013,0.0052139,0.0083097,0.011072,0.013719,0.011875,0.0033532,0.010048,0.007288,0.01457,0.0084166,-0.005971,0.014549,0.010834,0.0011281,-0.3334,-0.2,-0.23578,0.0050239,-1.0333,-0.1,-0.3,-0.056123,-0.033546,-0.079026,0.0060545,NaN,NaN,NaN,NaN,-0.053064,0.0054992,NaN,0.006422,40.867,-0.0667,0.1666,2149,0.026739,0.017044,0.0082924,0.047126,0.0013395,0.0046675,0.060966,0.017341,0.022404,0.01187,NaN,0.054071,NaN,NaN,0.0010933,-0.00024558,0.001992,-0.0063861,0.0016466,0.002193,-0.00048503,-0.00018119,0.0032183,-0.00019016,0.0017884,-0.0021724,-6.5354e-05,-0.0066037,0.0061457,-0.0030291,0.0089382,0.00011623,-7.8847e-05,-0.00034771,0.0016463,0.0043076,-0.0046285,-0.0013986,0.0015541,0.00064173,0.0010335,0.00099454,0.0073878,0.0079602,0.0065839,0.0021848,0.0021668,NaN,-0.0027552,-0.019731,0.0077562,0.0048153,0.0055299,NaN,0.0108,0.010177,NaN,0.010265,0.011773,0.00069463,NaN,0.0027983,0.0083471,-0.0333,0.02,0.01,-0.0933,-0.0067,NaN,0.0033,-0.0267,0.63,NaN,0.12,0.27,0.7,0.41,0.012848,NaN,0.013873,0.020101,0.018165,0.02373,0.039215,0.025815,0.023248,NaN,0.025815,NaN,0.015952,0.019151,0.0061949,0.015561,506.27,0.018695,0.006622,0.019536,11.778,NaN,NaN,NaN,NaN,NaN,0.0007872,-0.00095199,-0.0039039,-0.002037,100.6,NaN,0.1,0,NaN,NaN,0.016817,0.021978,-0.0087951,0.2667,0.0333,0.018353,0.014078,-0.02,0.04,0.5967,0.9533,0.018122,0.0032122,-0.0014126,0.0010654,-2.5469e-05,0.00095919,0.00085751,-0.0025847,0.0010633,0.0020325,0.0021163,0.0025681,0.0020282,0.0088849,0.020175,0.051,-0.055125,0.012109,-0.0104,0.0016,-0.02,0.45,-0.0067798,0.068993,0.050072,-0.077251,0.012407,NaN,NaN,0.021661,0.0074,0.0059347,0.009366,15.9,0.017766,2.5253e+05,0.0085052,0.0064765,7.87,-0.00041651,0.031584,0.02821,-0.023,0.00025032
0.0030842,0.0028504,-0.031152,0.013722,0.0018802,0.0094537,0.0086063,0.029167,0.021086,-0.018166,0.7,-0.00042297,-3.3,0.010006,0.010312,0.019942,0.026686,0.011319,4.6833e-05,0.0013509,NaN,0.015041,0.011203,0.0034292,0.022547,0.025471,0.019325,-0.015871,-0.088342,0.010995,0.025804,0.0043188,NaN,86.492,0.0084785,0.0072789,0.0038541,0.0096662,0.0061498,0.0016155,0.0071186,0.01723,0.0085344,0.0043635,0.0060004,0.0077098,0.0099712,0.0080833,0.0080973,0.0085932,0.014486,0.010102,0.0096243,0.0079984,0.015219,0.017155,0.0033096,-0.0666,-0.0333,0.052906,-0.088837,0.4667,-0.0666,-0.0333,0.027659,-0.038502,0.026088,-0.13708,NaN,NaN,NaN,NaN,0.0098223,0.0063609,NaN,0.0097073,40.967,0.0667,-0.0333,2223,-0.020265,-0.035905,-0.060367,-0.033868,0.11017,0.0023255,-0.14359,0.0071423,-0.0068974,0.0078096,NaN,0.044786,NaN,NaN,-1.0842e-05,-0.00022711,-0.00064935,0.0078044,0.00081006,0.00054305,-0.00092021,-0.00041353,0.0010583,-0.00043443,-0.0027032,0.00035265,0.00063023,0.00052417,-0.0019466,0.00028175,0.013088,0.0013947,-0.0014845,0.0026289,0.00056266,-0.0049169,0.0012535,-0.00069587,-0.00091145,0.0023475,0.0030806,-0.0009975,-0.0010599,-0.0049737,-0.0084611,0.0032686,0.0065032,NaN,-0.0025273,-0.0025298,0.0026845,0.0081897,-0.0039083,NaN,0.0027075,0.0042572,NaN,-0.0096581,-0.0050247,0.013878,NaN,0.016976,-0.02021,0.12,0.1866,0.21,0.1633,-0.02,NaN,0.02,-0.0133,0.6367,NaN,0.14,0.25,0.49,0.38,0.0095848,NaN,0.0084923,0.015622,0.015092,0.032506,0.029729,0.022219,0.023036,NaN,0.022219,NaN,0.015832,0.02567,0.014351,0.014617,507.94,0.015547,0.016805,0.016441,11.82,NaN,NaN,NaN,NaN,NaN,-0.0010884,-0.0043315,-0.00010766,-0.0038074,99.9,NaN,0.1,0.1,NaN,NaN,0.016236,0.006022,-0.00098378,-0.3667,0.2,0.0084421,0.01083,0.0134,0.1067,0.49,0.8533,-8.4721e-05,0.027678,-0.0014075,0.0042484,-0.0013769,0.0038288,0.00085751,0.0038224,-0.0010747,-9.2763e-06,-1.0057e-05,-0.0092325,-0.036464,-0.013528,0.038306,0.0232,0.034935,0.014887,0.0035,0.0013,0.15,0.49,-0.028988,-0.025612,-0.065339,-0.10852,-0.064403,NaN,NaN,0.041964,0.0076,0.014685,0.0004314,-17.41,0.00063236,2.4989e+05,0.013225,0.015976,5.54,0.011145,0.022352,0.02128,0.0063,-0.0083696
0.02391,0.022056,0.089016,0.011399,0.0094661,0.09107,0.044139,0.073451,0.06173,0.0045919,1.6,-0.0011514,-3.4,0.047234,0.0089268,-0.12374,-0.036658,0.011702,0.029577,0.029041,NaN,0.037073,0.04123,0.044722,0.037058,0.051586,0.024431,0.11278,0.23039,0.01765,0.036542,0.0094966,NaN,88.866,0.010947,0.011121,0.016416,0.0095821,0.013622,0.02245,0.0075748,0.0039264,0.0093139,0.0058665,0.006522,0.009221,0.012283,0.0094695,-0.0061862,0.0098631,0.010077,0.012863,0.010004,0.001619,0.016719,0.011555,0.006824,0.1,-0.0667,-0.01515,-0.066736,0.2666,-0.1334,-0.1,0.0097098,0.016327,-0.036421,-0.11394,NaN,NaN,NaN,NaN,-0.039452,0.01222,NaN,0.015454,41.3,0.1,0.3333,2355,-0.063619,-0.029368,0.0032841,-0.10457,-0.14837,0.016129,-0.10163,0.027919,0.041328,0.064774,NaN,0.044146,NaN,NaN,-6.8161e-05,0.0012357,9.504e-05,-0.0087866,0.00036767,-0.00018748,0.0021492,-1.8533e-05,-0.0010262,-0.00034687,0.0060565,0.00097611,0.0002721,-0.0091826,-0.0071467,0.0042462,0.0055828,0.0032952,0.00041974,-0.0038841,0.00077,0.00010837,0.0042391,-0.0097063,0.0014476,-0.0015093,-0.0010504,0.00099159,0.0031386,0.0029718,0.0037542,-0.002186,-0.0021799,NaN,-0.0037629,-0.003763,0.0078749,0.0099944,0.012636,NaN,0.00095787,0.0057125,NaN,0.014114,0.016824,-0.008036,NaN,-0.010081,0.026268,0.3966,0.2067,0.1533,0.08,0.03,NaN,-0.01,-0.0233,0.5833,NaN,0.09,0.12,0.31,0.41,0.0094932,NaN,0.0042841,0.01674,0.014346,0.047157,0.025646,0.030174,0.023794,NaN,0.030174,NaN,0.012218,0.00697,-0.0047322,0.012868,508.53,0.013768,0.0069021,0.013739,11.343,NaN,NaN,NaN,NaN,NaN,0.0034001,-0.0025841,0.0023659,0.0021376,102,NaN,-0.6,-0.2,NaN,NaN,0.04137,0.0098554,0.0081546,-0.8333,0.2334,-0.021693,-0.023427,0.0666,-0.0833,0.16,0.4467,-0.010093,-0.05455,0.0049232,0.0073347,0.0013219,-0.0028786,0.0034088,0.0012232,0.0031787,0.0010014,0.0020897,0.014251,0.002894,-0.0028328,-0.040169,0.0431,-0.085539,0.022203,-0.0138,0.0022,0.24,0.33,-0.032743,0.015214,0.03774,-0.02543,0.0091411,NaN,NaN,0.006826,0.0068,0.011594,0.010139,-157.49,0.0222,2.2828e+05,0.0092727,0.0064455,-115.93,0.11267,0.021209,0.020654,-0.0001,-0.0086643
0.012554,0.010969,0.0016319,0.014958,0.0094669,0.0026239,0.027898,0.01775,0.036096,0.0086203,1.2,0.01176,0.7,0.011112,0.025051,0.15478,0.11154,0.011224,0.014489,0.012671,NaN,0.022921,0.02145,0.0091814,0.028241,0.034138,0.028246,0.028455,0.024589,0.001227,0.03765,0.016928,NaN,89.398,0.011391,0.01133,0.011389,0.012166,0.0098718,0.016302,0.0040939,0.0052456,0.012316,0.0059486,0.011082,0.011621,0.014763,0.012249,-0.0043052,0.013498,0.011696,0.014737,0.011156,0.00094319,0.022035,0.012841,0.01006,0.2,-0.2333,-0.1798,-0.036349,-1,-0.2,-0.2,0.00039434,-0.044905,-0.091608,-0.064079,NaN,NaN,NaN,NaN,-0.04766,0.012942,NaN,0.0098655,41.233,0,-0.1,2514,0.043389,0.0046948,-0.013755,0.18905,0.15077,-0.03785,-0.061133,0.017353,0.01209,0.010187,NaN,0.041169,NaN,NaN,0.0018187,-0.00063538,0.00026278,0.0014075,-0.00040277,0.0035426,-0.0032833,-1.8374e-05,0.006385,6.5508e-05,-0.0097417,0.00079985,-0.0027931,0.013309,0.015976,-0.0016405,-0.0076939,0.0012942,0.00041753,0.0017709,0.0023142,0.0018735,-0.0031822,0.0034377,-0.0022255,0.0032762,-0.0010346,0.010805,0.0041253,0.0098038,0.031306,0.001077,0.0032067,NaN,-0.0031303,-0.0031299,0.0058268,0.010448,0.0063095,NaN,0.00030769,-0.0013154,NaN,0.0046177,-0.0002722,0.0053359,NaN,0.0020683,0.00045574,0.1034,-0.0167,-0.0467,0.01,0.0034,NaN,0.0233,0.0333,0.6133,NaN,0.06,0.15,0.33,0.51,0.0052597,NaN,-0.00051817,0.010127,0.0083393,0.04422,0.031717,0.028577,0.026336,NaN,0.028577,NaN,-0.00091772,0.025849,0.014626,-0.0042722,500.71,-0.0026541,0.0050369,-0.0040575,15.678,NaN,NaN,NaN,NaN,NaN,0.0025137,0.0067812,0.00082318,0.0031517,105.4,NaN,0.7,0.3,NaN,NaN,0.023341,0.024654,-0.0035801,-0.9,-0.0667,0.0046454,0.00069175,0.0167,-0.2033,0.0733,0.3667,0.038442,0.030157,-1.7729e-05,-0.0084466,0.0013047,0.0028439,-0.010246,-0.0025714,-0.0031945,0.0019877,-2.748e-05,-0.0065618,0.029333,0.011836,-0.018904,0.0713,-0.023862,0.020914,0.0034,0.0023,0.08,0.3,0.059006,0.063013,-0.032625,-0.13018,-0.084551,NaN,NaN,0.020203,0.0069,0.011461,0.009993,6.4,0.025069,2.3276e+05,0.0098117,0.0064131,0.83,0.0056137,0.0099233,0.01278,0.0375,-0.022586
0.021989,0.017037,0.03361,0.013568,0.014861,0.034225,0.026748,0.052164,0.035714,0.0049042,1.2,0.032641,15.7,-0.018047,0.027765,-0.022472,0.0040959,0.026965,0.022641,0.023955,NaN,0.020726,0.019291,0.0082192,0.022034,0.02858,0.021295,0.014586,0.0082344,0.0058082,0.037817,0.0020978,NaN,89.902,0.012286,0.011222,0.015133,0.011428,0.013968,0.020184,0.0075373,0.01264,0.011797,0.0070688,0.010779,0.011564,0.009191,0.011629,-0.0076997,0.007941,0.017583,0.0091481,0.0097729,0.0095169,0.027002,0.017798,0.0066355,0.0333,-0.3,-0.26569,-0.03785,-1.0666,-0.2666,-0.3333,-0.035922,-0.10681,-0.075109,-0.077366,NaN,NaN,NaN,NaN,-0.013762,-0.0016743,NaN,0.0024037,41.133,-0.1333,0.0667,2664,0.0088166,-0.039002,0.028132,0.045504,-0.069335,0.054848,-0.063797,0.010827,0.020281,0.025058,NaN,0.036394,NaN,NaN,-0.001276,-4.2364e-05,-7.7439e-05,-8.3956e-05,-0.0018294,-0.0032718,-0.0018618,0.00083143,-0.0039572,0.0010398,-0.00092689,-0.0018464,-0.00072935,-0.0086331,-0.0064902,0.0034436,-0.0063813,-0.003928,-7.4658e-05,-0.0019997,-0.001867,0.00020929,0.005583,0.0055673,0.0010532,-0.003413,-0.002045,-0.0098599,-0.0021435,-0.0079037,-0.024158,-1.0541e-05,-0.0021691,NaN,-0.0030834,-0.003083,0.0057938,0.0031221,0.0036045,NaN,0.0074751,0.0095541,NaN,0.020241,0.02564,-0.013133,NaN,-0.009807,0.026971,-0.0034,-0.0066,0.04,0.0633,0.04,NaN,0.0534,0.07,0.6433,NaN,0.11,0.22,0.38,0.51,0.011086,NaN,0.0084534,0.016371,0.014333,0.036033,0.036019,0.023485,0.02798,NaN,0.023485,NaN,0.024929,0.017244,-0.0097208,0.025903,500.18,0.0305,0.0056622,0.032784,11.259,NaN,NaN,NaN,NaN,NaN,-0.0051032,0.00045823,-0.00085898,-0.00083329,103.4,NaN,-0.3,0,NaN,NaN,0.023086,-0.0029043,0.01553,0.4333,-0.0333,-0.0012621,0.0029326,0.05,-0.2067,0.1267,0.4233,-0.023411,-0.023333,-0.0028043,-0.0041798,0.0025917,-0.001911,-0.0026255,-2.5303e-05,-0.0010631,-0.0030287,-0.0031472,-0.0013686,0.015658,0.0036681,0.017623,0.0932,-0.0010736,0.022573,0.0069,0.0003,0,0.31,0.04273,0.057219,0.021868,-0.011546,0.023373,NaN,NaN,0.026317,0.0071,0.011332,0.012025,13.31,0.019215,2.3657e+05,0.008425,0.0059818,3.11,0.0029815,-0.0057732,-0.0051572,0.078,-0.033717
0.022779,0.027725,0.04125,0.016811,0.036462,0.0066009,0.022975,0.038092,0.039877,-0.019267,1,0.018768,9.2,0.02127,0.014362,0.059322,0.047639,0.019949,0.026672,0.024884,NaN,0.020028,0.02756,0.020263,0.0094869,-0.00078409,0.018952,0.029573,0.012731,0.016024,0.046511,0.026565,NaN,89.984,0.012734,0.012035,0.013336,0.011713,0.014727,0.015462,0.010111,0.023921,0.010564,0.0079361,0.011024,0.010977,0.011433,0.010562,0.0043384,0.0097503,0.016194,0.011701,0.0082839,0.014042,0.013881,0.017943,0.0063922,0,-0.2667,-0.21801,-0.031507,-0.7667,-0.3334,-0.1334,-0.083933,-0.032041,-0.096538,-0.068851,NaN,NaN,NaN,NaN,-0.044369,0.010362,NaN,0.009455,41.267,0,0.2667,2997,0.027746,0.040562,0.049136,0.072072,0.11607,-0.030807,0.0013165,0.03107,0.037499,0.045165,NaN,0.052254,NaN,NaN,-0.00075116,0.0002397,0.0019875,0.0088076,0.0030395,-0.0024902,-0.00053483,0.0012023,-0.0032132,0.0010238,0.0010101,0.0017442,-0.003809,-0.01035,-0.0077544,-0.0026432,0.0076245,-0.00017798,0.0015299,0.00092483,0.00088712,-0.0026245,0.00081556,0.0030342,0.00011425,0.0023058,0.0040619,0.0067702,-5.185e-05,0.0067224,0.014068,0.0021388,-0.0010825,NaN,-0.0033252,-0.0033265,0.0067262,0.0099922,0.0059655,NaN,0.0094046,0.0065839,NaN,0.0172,0.014515,-0.002656,NaN,-0.0025336,0.0136,0.0934,0.3,0.3534,0.38,0.2266,NaN,0.1166,0.0767,0.4933,NaN,0.16,0.3,0.31,0.3,0.013527,NaN,0.012833,0.016386,0.015563,0.032619,0.026745,0.018064,0.02756,NaN,0.018064,NaN,0.025566,0.0237,0.003751,0.025801,503.12,0.027481,0.018836,0.029323,11.371,NaN,NaN,NaN,NaN,NaN,-0.00016207,-0.001905,0.0036456,-0.0038049,102.9,NaN,0.1,0.1,NaN,NaN,0.018202,0.030922,0.014659,-0.0667,0.1,0.013306,0.020013,0.3067,0,0.34,0.4467,0.012306,-0.0076174,0.0034749,0.0010433,-0.0026968,0.0018779,0.0094681,0.0037077,0.0052659,0.0029746,0.0041428,0.0024237,-0.035111,-0.019189,0.035817,0.1548,-0.071507,0.015492,-0.0206,-0.0003,0.09,0.3,0.075508,0.022404,0.088328,-0.0077721,0.12321,NaN,NaN,0.038221,0.0073,0.019526,0.017138,1.07,0.0040909,2.3367e+05,0.018791,0.02211,5.93,0.016413,0.054075,0.057444,-0.0993,0.026231
0.024051,0.014655,0.046397,0.010322,0.0072519,0.076864,0.036737,0.053483,0.041044,0.02559,1.7,0.018465,9.8,0.067434,0.011744,-0.024949,0.025447,0.0098335,0.027764,0.027512,NaN,0.028239,0.027092,0.015072,0.033174,0.040929,0.02255,0.020494,0.0073119,0.012815,0.044674,0.01532,NaN,91.12,0.013243,0.012518,0.018577,0.012148,0.015373,0.024329,0.0097644,0.0024695,0.012801,0.0059395,0.011437,0.012282,0.011058,0.01276,-0.00096251,0.0097904,0.016816,0.0099036,0.0092782,0.02173,0.011609,0.016506,0.0048102,-0.0333,-0.2333,-0.20351,-0.050679,-0.7667,-0.1,-0.3666,0.01127,-0.12884,-0.063767,-0.12687,NaN,NaN,NaN,NaN,-0.067834,0.0098692,NaN,0.014321,41.6,0.1,0.1666,3240,-0.097897,-0.051991,-0.047791,-0.14018,-0.14732,-0.075178,-0.033448,0.02117,0.020747,0.054937,NaN,0.066688,NaN,NaN,0.0047298,0.0016611,-0.00048553,-0.014194,0.00025566,0.0090781,0.0041865,-0.00011583,0.011094,4.2589e-05,0.003058,0.0018281,0.0074755,0.012476,0.023034,0.0051209,-0.010106,0.0030666,0.00061159,0.002947,-0.0065129,0.0053233,-0.0033979,0.0095971,-0.0054613,0.0040373,-2.5673e-05,0.00086432,0.0070252,0.0027121,0.0054685,0.0010368,0.0031628,NaN,-0.0049905,-0.0049883,0.0037196,0.0071334,0.0068265,NaN,0.0078675,0.014112,NaN,0.013447,0.017653,0.005782,NaN,0.0037315,0.0015847,0.39,0.4433,0.4433,0.4667,0.2967,NaN,0.2,0.2,0.3967,NaN,0.16,0.32,0.16,0.36,0.0055298,NaN,0.0079616,0.0097501,0.005434,0.034558,0.018616,0.01942,0.026344,NaN,0.01942,NaN,-0.001874,0.0039975,-0.0058364,-0.0026152,496.89,-0.00091477,-0.0052682,-0.0027683,13.702,NaN,NaN,NaN,NaN,NaN,0.0035132,0.00013244,-0.0008923,0.00037185,100,NaN,-0.2,0,NaN,NaN,0.03015,0.015111,0.016317,-0.3333,0.3666,-0.013094,-0.019353,0.4133,0.0533,0.3633,0.2567,0.011366,-0.0017065,0.0034265,0.0031299,0.0012554,0.0055853,-7.4424e-07,-0.0025435,-0.0021275,0.0029216,0.0020159,-0.0012901,-0.015411,-0.011282,-0.036418,0.1457,-0.060169,0.024803,-0.0104,0.0005,0.5,0.41,-0.017115,0.0060241,-0.084177,-0.092583,0.13349,NaN,NaN,0.0062305,0.007,0.0082531,0.0075059,-49.17,0.026714,2.3029e+05,0.004949,1.3021e-05,-42.25,0.041312,-0.0013818,0.0028292,0.0713,-0.035844
0.0034103,0.0025592,-0.040776,0.010806,0.0094748,-0.014914,-0.0097498,0.034548,0.016289,-0.080705,1.5,0.018717,11.4,0.02651,0.0075908,0.029605,0.024566,0.0026497,0.0027759,0.00086832,NaN,0.020668,0.02137,0.010668,0.022966,0.031816,0.019062,0.012199,-0.023638,0.010604,0.031508,0.013676,NaN,91.567,0.014446,0.013346,0.019942,0.013549,0.016185,0.025395,0.011467,0.0039386,0.013085,0.0078272,0.013238,0.013168,0.01183,0.012827,-0.018956,0.010466,0.019837,0.011293,0.0093901,0.028174,0.016061,0.017506,0.0058116,0.1666,-0.0334,-0.01121,-0.029317,0.3667,-0.1666,0.0666,0.061774,-0.041727,-0.17249,-0.077831,NaN,NaN,NaN,NaN,0.024568,0.0071387,NaN,0.0097852,41.567,-0.1,0.1,3288,-0.083287,-0.078539,-0.15662,-0.10642,-0.12226,-0.035605,-0.11983,0.0023333,-0.0050965,-0.00011347,NaN,0.06155,NaN,NaN,0.00033142,0.0030863,0.0029871,0.018641,0.0023624,-0.0018178,0.0056244,0.0029129,-0.004921,0.0028281,0.008223,0.0028221,0.0014659,0.010061,-0.011951,0.00020973,0.0017616,0.001551,-0.00050173,0.0040667,0.0042599,-1.4833e-05,0.005321,-0.0044824,0.011483,-0.00029289,0.0049751,-0.0067505,-0.010181,-0.014306,-0.034553,0.0010168,0.0051906,NaN,-0.0055893,-0.0080641,0.0030218,0.015768,0.0023289,NaN,0.0067632,0.0084437,NaN,-0.0069857,-0.0062892,0.023689,NaN,0.022752,-0.0096566,0.3566,-0.0233,-0.0367,0.0033,0.01,NaN,0.19,0.3233,0.71,NaN,0.15,0.35,0.19,0.84,0.005288,NaN,0.0017608,0.0029616,-0.010973,0.033016,0.01385,0.0077122,0.019172,NaN,0.0077122,NaN,0.0050401,0.018769,0.016119,0.0032869,497.21,-0.0032792,0.034003,-0.0052459,16.845,NaN,NaN,NaN,NaN,NaN,-0.003166,0.001966,-0.0031114,0.00092902,95.7,NaN,0.2,0.1,-1.0724,-41891,0.022811,0.019251,-0.00062226,-1.1667,-0.1666,-0.0025021,-0.0097119,-0.0233,-0.3267,-0.0167,0.09,-0.047605,-0.0051551,-6.8304e-05,0.002066,0.0050794,-0.0038038,0.0025847,0.0072917,0.0062099,0.00089569,0.0019631,0.004783,0.016056,0.0015808,-0.01587,0.0219,-0.091224,0.031337,0.0276,-0.0001,0.46,0.51,-0.17177,-0.20725,-0.10196,-0.16563,0.032924,NaN,NaN,0.018462,0.0071,0.021681,0.020149,27.75,0.014424,2.3342e+05,0.019249,0.020356,19.66,0.00093161,-0.038756,-0.03658,0.1806,-0.076329
0.0084334,0.011354,0.032232,0.0082105,0.0072023,-0.0074042,0.0010739,0.004501,0.013128,-0.033833,1.4,0.026889,16.5,0.008368,0.011537,-0.012019,0.054571,0.012144,0.0079944,0.005482,NaN,0.015354,0.01521,0,0.018952,0.01733,0.019677,-0.032948,-0.094333,0.013677,0.032954,0.024598,NaN,91.244,0.01139,0.010214,0.012274,0.011725,0.010743,0.016233,0.0060461,0.00049124,0.013795,0.0083268,0.0080336,0.011829,0.010649,0.013563,0.02184,0.0078836,0.017124,0.010143,0.010518,0.021908,0.026311,0.011775,0.0067819,0.2,-0.0666,0.011074,-0.067944,-0.5,0,-0.1333,-0.00497,0.075217,-0.069605,-0.21794,NaN,NaN,NaN,NaN,-0.015073,0.0019323,NaN,0.0046657,41.267,-0.2,-0.1333,3278,-0.15893,-0.21739,-0.20762,-0.13839,-0.093966,-0.16347,-0.25351,0.0049886,0.021786,-0.0095947,NaN,0.051594,NaN,NaN,-0.00045239,0.00015807,-0.00029867,-0.014631,0.0012856,-0.0010034,0.00012135,-8.2211e-05,-0.0014407,-1.9215e-06,-0.0022987,0.0041384,0.002142,-0.0058481,-0.0059611,0.0017593,0.010076,-0.001226,-0.0019443,0.0023149,0.0082226,-0.0057306,0.0025445,-0.0027304,0.00059474,-0.00038698,-0.0010872,0.0056595,0.005963,0.0084866,0.023858,-0.0011048,-0.0021959,NaN,-0.0032786,-0.0025591,0.0027337,0.0054086,0.0045908,NaN,0.0055821,0.007502,NaN,0.0033138,0.0035618,0.01262,NaN,0.010906,0.0018177,0.4967,0.4566,0.5967,0.5767,0.36,NaN,0.3167,0.3767,0.7267,NaN,0.29,0.47,0.1,0.75,0.0018969,NaN,-0.011754,-0.0027317,-0.014112,0.036781,0.0066639,0.0031879,0.012977,NaN,0.0031879,NaN,-0.015844,0.0023855,-0.009759,-0.018215,482.34,-0.019133,-0.0046877,-0.023035,22.225,NaN,NaN,NaN,NaN,NaN,0.00087916,0.00064022,-0.0010034,-0.0012079,91.2,NaN,-0.1,0.2,0.35328,34536,0.014153,0.027142,0.017289,-0.3666,-0.2,0.014922,0.021054,0.4933,-0.3667,-0.02,-0.09,0.020038,0.0025097,-6.7188e-05,0.0071627,0.0048887,-4.1998e-05,0.0016988,-0.00017913,-0.0021564,-0.0020254,-0.0021131,-0.0013408,0.0060224,0.011948,0.018345,0.0064,0.079393,0.033561,0.0344,-0.0015,0.36,0.38,-0.1413,-0.19821,-0.22314,-0.2732,-0.044929,NaN,NaN,0.018127,0.0072,0.0080107,0.0052613,4.01,0.0052313,2.3405e+05,0.0031775,0.0027055,0.2,0.0025114,-0.079218,-0.079732,0.3365,-0.11101
0.0081703,0.0041575,-0.00039614,0.010877,-0.0027626,0.0058437,-0.026937,0.014178,-2.1692e-05,-0.11138,2,0.017118,4.6,0.010793,0.025268,0.024557,0.0112,0.011649,0.0036463,0.0058608,NaN,0.009512,0.017033,0.017714,0.0037477,0.0042871,-0.0043571,0.025248,0.09459,0.014346,0.00043906,0.0068772,NaN,90.591,0.0083445,0.0066979,0.0075747,0.011108,0.0029595,0.010285,0.0032738,-0.020742,0.013,0.0058101,0.012274,0.011763,0.006957,0.012495,-0.0014413,0.0080311,0.0163,0.0057092,0.0071304,0.022875,0.0154,0.013681,0.0077505,0.2334,-0.0667,-0.07217,0.0046571,-0.5333,-0.0667,0.0667,-0.041324,-0.054136,0.06593,0.024059,NaN,NaN,NaN,NaN,-0.056226,-0.0022041,NaN,-0.0026468,41.133,-0.0667,-0.1667,3218,-0.15149,-0.26801,-0.15235,-0.19851,-0.23595,-0.097599,-0.12174,-0.001256,-0.0013454,-0.024522,NaN,0.02711,NaN,NaN,5.2352e-05,0.00037448,-0.00061538,0.0108,-0.00035982,-0.00049429,0.00015442,0.00073525,-0.00075481,0.0006999,-0.00076463,-0.00047845,2.8037e-05,0.0066864,-0.0015914,-6.3362e-05,0.00024487,-0.00020068,0.0040527,0.0012931,-0.00088049,0.0070372,-0.0016734,-0.0053541,-0.0031186,-0.00048112,0.00089968,-0.0066481,-0.01696,-0.0066095,-0.022937,-0.0042272,-0.011419,NaN,-0.0012245,0.0026936,0.0010483,0.0010334,0.0028193,NaN,0.0052399,0.0080281,NaN,0.0063005,0.0080575,0.008077,NaN,0.0070916,0.018808,0.1533,0.1667,0.08,-0.07,-0.1367,NaN,0.0633,0.27,1.1333,NaN,0.2,0.23,-0.21,0.79,-0.0012642,NaN,-0.0051624,0.0018602,-0.0091839,0.0089402,-0.0052501,0.00083296,0.0088069,NaN,0.00083296,NaN,0.020964,0.0087529,-0.0028962,0.022557,487.63,0.021557,0.018963,0.022388,16.941,NaN,NaN,NaN,NaN,NaN,0.0006242,-3.6124e-05,0.00068102,0.0056552,88.3,NaN,0.1,0,-0.10114,11381,0.010171,0.0071334,0.0051909,-0.0334,-0.0334,-0.00022986,0.008606,-0.18,-0.3533,-0.3533,-0.18,-0.040386,0.0068889,0.0026178,-0.0082738,0.004626,-0.0018695,-0.0051458,-0.00017798,0.00094931,-0.001022,-0.0010664,-0.0013661,-0.00988,-0.0060608,0.024291,-0.0081,0.021372,0.030948,0.0413,-0.002,0.21,0.44,-0.24963,-0.16979,-0.089935,-0.12975,-0.036275,NaN,NaN,0.02367,0.0069,0.018446,0.0081522,-85.16,-0.0025552,2.1807e+05,0.0094955,0.012238,-55.59,0.068172,-0.020052,-0.026548,0.0753,-0.044496
0.0088169,0.0057456,-0.019123,0.0091093,0.011174,-0.024848,-0.01927,-0.040452,-0.01635,-0.028953,1.8,0.041383,28.5,0.0018942,0.012098,0.012204,0.015491,0.014966,0.0068062,0.0082208,NaN,-0.0055246,0.0051244,-0.0022128,-0.02811,-0.040345,-0.0082196,-0.058288,-0.16585,0.020394,-0.0024274,0.033906,88.15,88.585,0.0066115,0.0050342,0.00029661,0.010159,-0.00036377,-0.0013592,0.0029277,-0.0036166,0.014202,0.010638,0.0053123,0.010698,0.0073045,0.014091,-0.0019249,0.006306,0.014161,0.0047639,0.0057215,0.013667,0.021258,0.011852,-0.0011501,-0.1667,0.1333,0.1472,-0.020574,-0.0334,-0.0667,0.5333,0.035703,0.11638,-0.018576,-0.077405,NaN,NaN,NaN,NaN,0.19556,-0.00063977,NaN,-0.0011675,40.667,-0.2667,-0.3333,3170,0.14995,0.20303,0.25317,0.18257,0.19574,0.12763,0.10982,-0.011577,-0.057651,-0.050857,NaN,0.00096046,NaN,NaN,-0.004762,-0.0031012,-0.0039815,-0.0072842,-0.0056593,-0.0065689,-0.0066327,-0.0029625,-0.0064801,-0.0028021,-0.013519,-0.004149,0.0012767,-0.0019136,-0.013418,0.0012477,-0.0056505,-0.00047491,-0.00092111,-0.0026015,-0.0025433,-0.0030568,0.0033693,-0.013312,-0.0056006,-0.0056075,-0.0039822,-0.0065919,0.0079791,-0.009404,-0.02155,0.0020855,0.0010294,NaN,-0.005508,0.001197,0.0052396,0.0078319,0.0020252,NaN,0.010949,0.006198,NaN,0.0079662,0.0088801,-0.00012441,NaN,0.0054764,0.0037196,-0.74,-0.6967,-0.8933,-0.8367,-0.42,NaN,-0.2633,-0.2567,1.2967,NaN,0,0.09,0.07,0.94,0.013612,NaN,0.0072579,0.013514,0.0027357,0.0096614,0.001869,0.0046843,0.009272,NaN,0.0046843,NaN,0.026305,-0.006063,-0.021029,0.030423,495.23,0.033867,0.00033316,0.03678,14.288,NaN,NaN,NaN,NaN,NaN,0.0015011,-0.00038641,0.0010386,-0.00083237,94.1,NaN,0.1,0,-0.31594,3664,-0.006728,0.035247,-0.0095314,-0.7,-0.4,-0.0089383,-0.0018265,-0.55,-0.31,-0.1633,0.2967,0.0043382,0.0298,-0.000113,-0.003067,-0.006535,-0.0045902,0,-0.0036813,-0.0031126,-0.0029119,-0.0060221,-0.0013237,-0.020912,-0.017291,0.020932,-0.0549,0.12692,0.02497,0.0276,-0.001,-0.55,0.63,0.35819,0.23517,0.2128,0.22867,0.02809,NaN,NaN,0,0.0071,0.01297,0.011708,47.74,0.011951,2.2569e+05,0.0063188,0.0050444,26.86,-0.022381,0.087057,0.091801,-0.2858,0.078455
0.00061252,0.013579,0.042077,0.0096647,0.007421,-0.036848,0.024295,0.01075,-0.0023933,0.10847,0.7,-0.0041584,-4.3,0.0013547,0.0053343,-0.01338,-0.0079793,0.0079056,-0.0023586,-0.0014602,NaN,-0.0040853,0.0044008,0.0025639,-0.017504,-0.034637,0.00027193,-0.0085927,0.012169,0.0064206,-0.00077882,0.031439,86.609,86.778,0.0023906,0.00056669,-0.0079834,0.0080273,-0.008847,-0.009414,-0.0057194,-0.013476,0.014424,0.013685,-0.0011971,0.0089585,0.0056796,0.014542,-0.0091943,0.0031123,0.011035,0.0033167,0.0043576,0.0088137,0.016308,0.010138,0.0058186,0.1333,0,0.044726,-0.047777,0.4667,0.0667,-0.1667,0.00873,0.037583,-0.012579,-0.20238,0.062044,-0.098551,0.042356,-0.074931,-0.077501,-0.0099531,NaN,-0.0061601,40.4,-0.2333,-0.2,3113,0.11538,0.14247,0.13807,0.1815,-0.025975,0.097191,0.20539,0.0047971,0.012699,0.031382,NaN,0.0049254,NaN,0.0052493,0.0018484,0.0011651,0.0018546,0.0002919,0.00035581,0.0031878,0.0064481,0.00046603,0.0018163,0.00018329,0.019563,0.00020295,-0.0039115,-0.0074,0.0058961,-0.0021908,8.1919e-05,-0.0017389,-0.001724,-0.0018597,0.001611,0.0021436,-0.0016042,0.0040234,0.0035659,0.0035154,0.0019011,0.0075367,-0.0030025,0.012238,0.027491,-0.0041874,0.0010389,0.0023117,-0.0066678,-0.0033192,0.0027822,0.0092758,0.0020564,NaN,0.010093,0.012119,NaN,0.0037897,0.0084755,0.0096986,NaN,0.01237,-0.0058281,-0.8333,-0.8533,-0.6567,-0.3566,0.2367,NaN,0.1433,0.1,1.16,NaN,0.2,0.59,1.16,1.06,0.0068401,NaN,0.0077092,0.017636,0.0078301,0.020264,0.0064957,0.0013824,0.008291,NaN,0.0013824,NaN,0.0075247,0.01266,0.0047543,0.0068815,494.72,0.0080208,0.0057901,0.0072663,15.794,NaN,NaN,NaN,NaN,NaN,-0.0033286,-0.0014493,0.00071561,0.00092481,95.9,NaN,-0.1,-0.1,-1.1709,-52556,-0.0058984,0.040901,0.020367,-0.5333,-0.3,-0.026428,-0.031085,0.0967,-0.33,0.7667,1.2733,0.0090079,-0.034002,-0.0014284,0.009116,-0.00024829,0.0027435,0.0059693,-8.8192e-05,0.00096671,-1.1785e-05,0.0029855,-5.4191e-05,0.0039073,-0.0030515,-0.038715,-0.0245,0.044776,0.011591,0.0069,-0.0005,-0.73,0.73,-0.016781,0.1891,0.1582,0.21064,0.0037152,NaN,NaN,0.0058309,0.0072,0.015346,0.012357,26.17,0.024747,2.327e+05,0.010274,0.0069543,12.8,-0.005847,0.051297,0.057946,-0.1565,0.044984
0.0094168,0.0051069,-0.0080698,0.013565,-0.00093315,0.028901,0.011897,-0.013766,-0.0017232,0.051437,1.1,0.011052,6.8,0.015494,0.0036611,-0.0080591,0.013047,0.0094595,0.0084327,0.0083669,NaN,0.006857,-0.0014823,0.0011125,0.011995,0.0089705,0.0037757,0.0078121,0.0016704,-0.0015186,-0.012181,-0.015668,86.043,85.954,0.0068805,0.0064144,-0.00072894,0.0098935,0.00079501,-0.0023215,0.0017818,0.012771,0.0148,0.014036,0.0037575,0.011121,0.01173,0.014333,-0.017162,0.0074559,0.0090752,0.010786,0.0047525,0.0069955,0.01303,0.0085792,0.0095799,0.2334,-0.0333,-0.035601,0.01348,0.5,-0.1333,-0.0333,0.014791,0.0007448,-0.0025346,0.072759,-0.029453,-0.070281,0.02778,0.20276,0.0094728,0.00617,NaN,0.0033024,40.567,0,0.1667,3089,0.14037,0.24756,0.11643,0.088728,0.23223,0.0947,0.23158,0.0082688,0.020702,-0.0071396,NaN,0.014638,NaN,0.012975,0.0044745,0.0023776,0.0029339,0.0013213,0.0061194,0.0081968,0.006587,0.00052816,0.0088665,0.00078994,0.012391,0.0035823,-0.00034858,0.0043986,0.016108,0.0019856,-0.0013434,0.0063068,0.0010745,0.0028085,-9.3018e-05,0.002655,-0.0042229,0.0089542,-0.0023095,0.0039507,0.0028124,0.0046547,0.005996,0.0018452,0.0095117,0.0031299,0.0031072,-0.0046003,-0.0041617,0.006366,0.0049761,0.014877,0.0045065,NaN,0.0034431,0.00096253,NaN,0.0051513,0.0022079,0.0087508,NaN,0.0082871,0.0090513,-0.0967,0.64,0.9767,0.88,0.4267,NaN,0.3534,0.35,1.0833,NaN,0.54,0.83,0.95,0.67,0.0051507,NaN,0.011765,0.016805,0.0082005,0.013143,0.013409,0.0043097,0.010923,NaN,0.0043097,NaN,0.017602,0.0066502,-0.0028093,0.01897,499.45,0.020837,0.0061982,0.021197,12.103,NaN,NaN,NaN,NaN,NaN,0.0035362,0.00051925,-0.0037268,-0.0049113,97,NaN,-0.1,0,0.78853,54103,0.0049871,-0.039055,0.013089,-0.0667,0.2334,0.040004,0.032328,0.5566,0.4067,1.42,1.7233,0.023438,-2.0267e-05,0.00056754,0.0018904,-0.0014153,0.0090578,0.0041831,-0.0012416,0.0029372,0.0075522,0.0068997,0.0080066,0.0085102,0.014787,0.031662,-0.0122,-0.10646,0.012536,-0.0069,-0.0012,0.25,1.08,0.061167,0.18057,0.064539,0.1739,-0.04274,NaN,NaN,0.0057971,0.0071,0.0075854,0.010915,-4.48,0.012302,2.323e+05,0.0026418,0.00039321,-13.6,0.014006,0.029844,0.035084,-0.0787,0.032319
0.0075119,0.0061009,0.002496,0.0083,0.0044593,0.021341,0.029558,0.031291,0.019922,0.056332,1,0.0075691,0.2,0.017856,0.017228,0.018688,0.051394,0.007275,0.0074009,0.0068194,NaN,0.026407,0.027841,0.037371,0.029666,0.025239,0.048631,0.070025,0.069708,0.02473,0.015022,0.041014,87.187,87.303,0.0082056,0.0080319,0.0060955,0.0094087,0.0057602,0.005155,0.0075733,0.0073253,0.013357,0.012043,0.0047619,0.011484,0.011363,0.013921,-0.01094,0.006635,0.0090221,0.010568,0.0034941,0.0016253,0.015841,0.0098482,0.0067054,0.2,0.1,0.11525,0.016118,0.4,0.0666,0.2333,0.024573,0.036913,0.12397,0.078692,0.023366,0.03941,0.092955,-0.007874,0.025903,0.0045507,NaN,0.0045418,40.633,0,-0.0334,3155,0.034005,0.11938,0.054653,0.084098,-0.025353,0.055801,-0.028835,0.025055,0.028463,0.043077,NaN,0.011417,NaN,0.014936,-0.00067388,0.00098944,0.0020704,0.0058088,-0.00045103,-0.0029235,-0.00091646,0.0017378,-0.0037184,0.0016787,-0.0045735,-0.00076535,0.007012,-0.00021773,-0.0080492,-0.001321,-0.0026108,0.0016414,0.0011955,-0.00037398,-0.0014721,0.0035155,0.0020406,0.0092084,0.00090787,0.00088771,-0.00011346,-0.0037759,-0.002002,-0.0018979,-0.0060862,0.0062014,0.0030784,-0.010039,-0.0075949,-0.0023881,0.0014931,0.0088717,0.00091474,NaN,0.0026184,0.00081498,NaN,0.0028665,0.0022781,0.0094012,NaN,0.010643,0.0077468,0.28,0.4533,0.4333,0.4366,0.3966,NaN,0.41,0.3933,1.08,NaN,0.52,0.81,0.89,0.55,0.0063503,NaN,0.0053979,0.010053,0.0013687,0.0051863,0.011947,0.0046184,0.01491,NaN,0.0046184,NaN,0.014988,0.044121,0.036846,0.011313,501.47,0.014948,0.015129,0.014959,14.256,NaN,NaN,NaN,NaN,NaN,-0.0017781,-0.0004709,-0.062325,-9.2898e-05,92.9,NaN,0,0.1,0.28086,31515,0.029864,0.057834,0.019733,0.2,0.0666,0.012181,0.0089876,0.3867,0.58,1.5267,1.8533,-0.0053527,0.060158,-0.0013834,-0.0021143,0.0032749,-0.0037114,0.00073012,0.0045033,0.00088694,-0.0019945,-0.0010934,-0.0048334,-0.021869,-0.002765,0.017961,-0.0215,-0.035242,0.013167,-0.0241,-0.0004,0.33,1.13,0.014368,0.044663,0.081041,0.060866,-0.059448,NaN,NaN,0.034094,0.0072,0.015,0.011763,-19.02,0.0095125,2.2873e+05,0.0087218,0.0085379,-16.21,0.025006,0.0010933,0.0087763,0.004,0.0077342
0.02019,0.023682,0.060232,0.015648,0.019437,0.01985,0.022114,0.037293,0.029023,0.0032239,0.9,0.017722,7.2,0.045323,0.018173,0.027697,0.057248,0.016538,0.023916,0.022375,NaN,0.014173,0.012169,0.0097084,0.018058,0.025883,0.011756,0.023493,0.084626,0.0047072,0.022987,0.022278,87.336,87.325,0.0074089,0.0066724,0.0065018,0.0085075,0.0051681,0.0087543,0.0029562,-0.00060006,0.011077,0.010747,0.005752,0.0091614,0.0075807,0.010833,-0.0020021,0.005246,0.010861,0.0058485,0.004261,-0.0030205,0.016012,0.015101,-0.0015123,-0.4,-0.1667,-0.18566,-0.0021249,-0.9667,0,-0.3,-0.042058,-0.095561,-0.024973,-0.012693,-0.055115,-0.067874,-0.053412,-0.060279,-0.083302,0.00086294,NaN,0.0017478,40.667,-0.1,0.0667,3229,0.0066643,-0.035293,-0.00025694,-0.042522,-0.14728,0.029581,0.14691,0.013614,0.024086,0.012897,NaN,0.0046216,NaN,0.009378,0.002051,0.0012816,-0.00017163,-0.001513,0.0016931,0.0015428,-0.0035851,0.0025404,0.0035911,0.0025271,-0.016129,0.0084827,0.0013671,-0.00034263,0.0057267,0.0052351,0.0037153,-0.0018419,0.00030527,0.00048061,0.004558,0.00076613,0.00043824,0.0033194,0.0092346,-0.0010934,0.0017664,0.0027475,0.011842,0.00090211,0.00083366,0.00093468,0.0020038,-0.0024777,-0.011309,-0.011309,0.0046146,0.011633,0.013793,NaN,0.016729,0.019267,NaN,0.022147,0.021497,0.0075539,NaN,0.00434,0.020335,0.6134,0.2967,-0.0233,-0.09,-0.0333,NaN,0.1,0.1067,1.22,NaN,0.2,0.42,0.56,0.53,0.0054984,NaN,0.0032742,0.007184,-0.0034506,0.0097613,0.01112,-0.0090576,0.017119,NaN,0.0036643,NaN,-0.0074904,-0.032007,-0.048546,-0.0043896,491.08,-0.014744,0.01785,-0.017873,17.735,NaN,NaN,NaN,NaN,NaN,0.003507,0.0003378,-0.084101,0.0086028,97.2,NaN,0,0.2,-0.6728,6012.6,0.013921,0.030095,0.011522,0.1334,-0.1333,-0.0062337,-0.014241,-0.07,0.2633,0.8433,1.34,0.005305,0.017312,0.0056694,0.0008808,-0.0037157,0.0017106,-0.0042426,-0.00016038,0.0008543,0.0017622,-0.0010597,0.0098819,0.0066568,-0.0065465,-0.043526,0.0809,-0.019908,0.018978,0,-0.0039,0.28,0.79,0.0014254,-0.028277,-0.0060059,0.045177,0.0054701,NaN,NaN,0.011111,0.0084,0.0098766,0.0073814,241.88,-0.013752,2.619e+05,0.0078924,0.012899,171.75,-0.14918,-0.0313,-0.035577,0.122,-0.026645
0.01657,0.015113,0.021075,0.015408,0.01222,0.037537,-0.0024435,-0.024496,-0.012352,0.024412,1.5,0.0051735,-2.2,0.017904,0.019366,0.016594,0.015138,0.016322,0.018799,0.017861,NaN,0.013391,0.0062622,0.0096406,0.021617,0.020333,0.035535,0.01642,0.030459,0.0073261,0.010293,0.0093374,87.47,87.274,0.0088966,0.0089076,0.0071383,0.0090298,0.0086244,0.0063735,0.0083444,0.015683,0.0099134,0.0086608,0.0021906,0.0083305,0.012584,0.009897,0.013436,0.0090015,0.0088453,0.013168,0.0094798,0.0040639,0.010672,0.010261,0.011219,0.3333,-0.1666,-0.14598,-0.044953,0.2,-0.2,-0.3333,-0.012739,-0.046877,-0.15377,-0.20372,-0.15668,0.11034,-0.076756,0.033033,-0.013571,0.0076856,NaN,0.0095503,40.7,0,0.0667,3322,0.00022906,0.12395,-0.0020582,-0.017344,0.082455,-0.01753,-0.0011487,0.0089211,0.027125,-0.029577,NaN,-0.0026133,-0.23877,0.017005,-0.00042631,0.00025187,0.00034506,-0.00098713,-0.00046858,-0.00072484,-0.00039349,-0.00014398,-0.00088211,2.963e-06,0.0050782,-0.0042334,-0.0035205,-0.0045827,-0.0018943,0.0033434,-0.0083577,0.0010792,0.00096557,-0.0015567,-0.00035137,-0.004605,0.00042015,0.0055553,-0.0030433,-9.4982e-05,-0.0019998,0.0017704,-0.0079643,0.0045525,0.011779,-0.0051707,-0.0041212,-0.0071578,-0.011572,-0.011569,0.0041113,0.0022673,0.003661,NaN,0.0064395,0.0076104,NaN,0.0092501,0.010178,0.0071396,NaN,0.0068807,0.017524,1.1933,0.47,0.4066,0.47,0.1333,NaN,0.1266,0.1933,1.28,NaN,0.13,0.42,0.22,0.56,0.0050647,NaN,0.0071901,0.0066417,-0.00081367,0.015181,0.01318,0.010461,0.017381,0.11295,0.011824,NaN,0.029094,0.019531,0.0032095,0.030281,497.99,0.034399,0.010644,0.036826,15.49,NaN,NaN,NaN,NaN,NaN,-0.0043857,6.0753e-05,-0.0058776,-0.0066538,92.4,NaN,0,0,-1.4657,-40322,0.012593,0.0093487,0.0086592,-0.6,0.1667,-0.034234,-0.035431,0.23,-0.46,-0.12,0.2733,-0.0063694,-0.14091,0.0023117,-0.010791,-0.0013116,-0.0027325,-0.0033376,0.00095966,-0.003022,-0.0019519,0.00088082,-0.005935,0.038592,0.014653,-0.019391,0.083,-0.049625,0.020714,0.0069,-0.0009,0.5,0.1,0.012739,-0.0291,0.01272,-0.0049203,0.098301,NaN,NaN,0.010989,0.0081,0.00978,0.011084,-67.34,0.020916,2.5382e+05,0.0073679,0.004248,-53.81,0.052266,0.06738,0.073988,-0.1733,0.067601
0.0077198,0.018568,0.044003,0.012625,0.015797,-0.027651,0.01544,0.024395,0.013625,0.020301,0.8,0.0029909,-2.3,0.055714,0.014393,0.068696,0.058362,0.0031923,0.0074597,0.0072316,NaN,0.0077294,0.0096088,0.01272,0.005041,-0.0066477,0.029396,0.014022,0.0028601,0.012156,0.003249,0.0096783,87.123,86.666,0.0089548,0.008746,0.0040615,0.010822,0.0051273,0.002813,0.0060253,0.010385,0.013067,0.012698,0.0075459,0.011157,0.012055,0.013045,0.0073874,0.010143,0.009931,0.011896,0.0093702,0.0034702,0.017627,0.0099075,0.0019818,-0.1667,-0.0334,-0.025238,-0.0015793,-0.1333,0,-0.0333,0.014191,-0.016688,0.0053475,-0.006734,0.033552,-0.053834,0.018004,-0.013083,-0.011879,0.0055326,NaN,0.0069766,40.8,0,0.1,3477,0.043904,0.032497,0.070108,-0.0018434,0.17289,0.053857,-0.025612,0.0097033,0.026962,0.0022827,NaN,-0.012824,0.075653,0.011715,0.0001052,-0.00044748,-0.0016448,-0.0033944,-0.0030242,0.00069824,0.002227,-0.00041796,0.00010459,-0.00058236,0.0028383,-0.0030182,0.0036401,0.013944,-0.00011115,-0.0020584,0.010997,-0.0031615,-0.00097111,-0.00032533,-0.0021174,0.00062734,0.0022444,-0.001182,-0.0018906,0.0037256,0.0035546,-0.0009869,-0.001977,-0.0019127,-0.0044125,-0.0040805,0.0020047,-0.011125,-0.0038525,-0.011129,0.0043015,0.0059284,0.00043506,NaN,0.0027694,0.0049838,NaN,0.00048939,0.0016944,0.016711,NaN,0.01574,-0.0092665,-0.0367,-0.3233,-0.3566,-0.4333,-0.2833,NaN,-0.1766,-0.16,1.4033,NaN,0.1,0.31,0.26,0.77,0.0044353,NaN,0.005922,0.0057915,-0.0032612,0.013989,0.019267,0.01014,0.010343,0.12285,0.011808,NaN,0.007183,0.0070444,0.003852,0.0071999,499.99,0.0078715,0.0047556,0.0068209,13.313,NaN,NaN,NaN,NaN,NaN,-0.0048698,-0.0064833,-0.0010039,-0.0048332,92.4,NaN,0.2,0.2,0.34518,30148,0.0059781,0.0069988,0.012938,0.0333,0.0333,0.020999,0.039842,-0.3333,-0.7467,-0.4167,0.1333,0.0073791,0.042695,0.00096476,0.0058366,0.0020665,0.0034399,0.0057261,0.0041964,0.00469,0.00082433,0.0036946,-0.0024059,0.013762,0.015797,0.028419,0.0629,-0.0084023,0.017286,0.0034,-0.0007,-0.12,0.02,-0.014164,0.038615,0.1124,0.10745,0.11886,NaN,NaN,0.021622,0.0081,0.012092,0.008466,-7.52,0.014478,2.5415e+05,0.0068091,0.005021,-8.88,0.013169,0.0191,0.016677,-0.0179,0.005891
0.0039253,0.0045007,-0.0058814,0.01091,0.00023314,0.01082,0.023377,0.034161,0.026902,0.013942,0.6,0.00090734,-1.9,0.012735,0.0083144,-0.022476,-0.0084627,0.0077079,0.0037661,0.0039191,NaN,0.015071,0.014342,0.019669,0.013728,0.020457,0.0094256,0.042553,0.04037,0.0092021,0.022605,0.014955,87.427,87.09,0.0097745,0.01053,0.0050628,0.011065,0.0071165,0.0054241,0.0044952,0.023313,0.016331,0.014563,0.0089806,0.014354,0.013088,0.016071,-0.020323,0.010682,0.0062362,0.012178,0.0088328,-0.0085818,0.014389,0.0095638,0.0052163,-0.0333,-0.1333,-0.10954,-0.0087743,-0.3667,-0.1333,-0.0334,-0.042109,-0.0042158,-0.11429,-0.043735,-0.073718,-0.012243,-0.029924,0.0041069,-0.010295,0.0058783,NaN,0.0061807,40.867,-0.1333,0.1666,3705,0.039533,0.10184,0.019261,0.047735,-0.19132,0.088407,0.10619,0.019585,0.029146,0.044223,NaN,0.016146,0.031715,0.014027,0.0007178,0.00043278,0.0042738,0.014833,0.0062875,0.00081098,0.00078879,0.00055449,0.00086309,0.00044566,0.00090563,0.00092072,-0.000703,0.0027944,0.0042227,-0.0033359,-0.0064089,0.00167,0.0015446,0.00187,0.0043513,-0.0031825,-0.0019027,-0.0051755,0.0018061,-0.00112,0.00071416,-0.0018615,0.0019201,-0.0009663,-0.0001542,0.0080808,0.00096785,-0.0071964,-0.011558,-0.011555,0.0047262,0.0093526,0.0077956,NaN,0.0073991,0.0072962,NaN,-0.002426,-0.0019609,0.021575,NaN,0.02212,-0.00062083,-0.0266,0.39,0.3933,0.3267,0.31,NaN,0.1666,0.1634,1.2567,NaN,0.1,0.25,0.18,0.38,0.0060169,NaN,0.0090893,0.010601,0.0013771,0.022023,0.026076,0.016244,0.016464,0.11256,0.017823,NaN,0.034826,0.019514,0.011806,0.0367,514.69,0.034904,0.03455,0.037017,12.341,NaN,NaN,NaN,NaN,NaN,-0.00067436,-0.004465,-0.0012144,-0.00018636,91.7,NaN,-0.1,-0.1,-0.32365,-3289.1,0.017726,0.024882,0.002665,-0.0667,-0.0667,0.013452,0.0051451,0.25,-0.33,-0.14,0.3267,0.01444,0.034711,-0.0033229,-3.3868e-05,0.0041608,0.00075157,-0.0017023,-0.0024548,-0.002056,0.001691,-0.00017481,0.0040105,-0.024426,-0.0077192,0.027951,0.1212,-0.030725,0.018022,-0.0172,0.001,0,0.05,-0.04523,0.016902,0.025584,0.059125,0.042567,NaN,NaN,0.031582,0.0084,0.01432,0.010206,16.89,0.0034496,2.5511e+05,0.01298,0.015202,16.98,-0.0003293,0.051977,0.052503,-0.1152,0.03566
0.01553,0.011027,0.018759,0.008708,0.011046,0.057217,0.027495,0.03583,0.025278,0.03319,1.2,0.0022638,-1.3,0.040882,0.0091385,-0.12357,-0.099071,0.0024766,0.017278,0.017355,NaN,0.019267,0.013764,0.013684,0.022338,0.02162,0.027109,0.012348,-0.018022,0.013632,0.024115,0.017917,88.138,87.66,0.010048,0.010386,0.0080152,0.010177,0.009782,0.012435,0.0010273,0.017556,0.015915,0.013257,0.005778,0.012974,0.01183,0.015817,0.017374,0.007491,0.0084641,0.0097259,0.0062254,0.01342,-0.0024061,0.010352,0.00869,0.2333,0,0.011788,-0.026917,-0.1666,-0.0333,0.0334,-0.0060698,0.021317,0.025094,-0.15494,0.0081633,0.0089187,0.013498,-0.029108,0.019133,0.014206,NaN,0.0092885,40.667,0.0333,-0.1,3828,0.058901,0.15641,0.033807,0.21093,0.1926,-0.016463,-0.092134,-0.0010707,0.011311,0.011045,NaN,0.0065385,0.082291,0.015091,-0.0013406,-0.00067602,-0.0038484,-0.009271,-0.0031166,-0.0030206,-0.0032707,0.00033005,-0.0029391,0.00028586,-0.0078233,0.00045707,-0.00047199,-0.0005156,-0.0077329,7.6014e-05,0.0084254,-0.0021534,-0.00024881,0.0012136,0.0015788,0.00039976,-0.00058815,0.0029513,-0.00090019,-0.00014676,-0.0010958,-0.00093549,0.0085748,-0.0018434,-0.0074468,0.0039001,0.0068878,-0.0065197,0.0010796,0.0084019,0.0030158,0.007154,0.0036777,NaN,0.0014024,-0.0071857,NaN,0.0080021,0.0031453,0.0018344,NaN,0.005571,0.022364,0.65,0.5066,0.5567,0.5266,0.4067,NaN,0.4567,0.35,1.2,NaN,0.15,0.27,0.08,0.56,0.0021973,NaN,0.0057142,0.004799,-0.0024495,0.027863,0.018629,0.013943,0.020278,0.094693,0.015386,NaN,-0.0068614,-0.013656,-0.016132,-0.0060402,510.33,-0.013676,0.016844,-0.016644,14.738,NaN,NaN,NaN,NaN,NaN,0.0033441,-0.00070463,0.0014236,0.0015829,98.2,NaN,-0.7,-0.6,-0.78955,-9977.8,0.018666,0.035123,-0.004369,-0.2666,0,-0.012246,-0.020384,0.5566,-0.4733,-0.2333,0.1333,-0.018741,0.036815,-0.00079404,0.013298,-0.00034303,-0.0018287,0.004766,0.0018923,0.004507,-0.0019051,-0.0020128,-0.00029304,-0.0088498,-0.010419,-0.063284,0.0401,0.013274,0.018355,0.0069,0.0008,0.7,0.09,0.093952,0.091579,0.003233,-0.029663,0.043654,NaN,NaN,0.010309,0.0087,0.011779,0.014302,55.56,0.01338,2.6367e+05,0.0095687,0.0086816,31.62,-0.0196,-0.04172,-0.043659,0.157,-0.060933
0.0030355,0.0064302,-0.0026304,0.01229,0.0022159,-0.0059086,0.0053355,0.010424,0.010838,-0.0092708,0.9,-0.0031233,-4.9,0.0030626,0.0084258,0.19815,0.18006,0.0097426,0.0010071,0.0011563,NaN,0.0043554,-0.0030461,-0.0086889,0.012441,0.0051279,0.020284,-0.021012,-0.057351,-0.0037463,0.015543,0.01403,87.577,86.91,0.0094888,0.010198,0.0052124,0.010665,0.0070559,0.0050947,0.0053994,0.018631,0.013248,0.013084,0.010317,0.011968,0.012552,0.01325,-0.0039447,0.011894,0.0061455,0.012168,0.0086207,-0.00022987,0.012634,0.0064706,0.0056686,0.1334,0.0333,0.040502,0.0069306,0.1333,0.0333,0.0666,0.066046,-0.085434,0.099806,0.050882,0.02674,0.048032,-0.010305,0.010911,0.01578,0.002099,NaN,0.0092031,40.8,0,0,3843,-0.082777,-0.10832,-0.064417,-0.28484,-0.044452,-0.1038,0.191,0.0066278,0.0070037,-0.0068455,NaN,0.021705,0.010346,0.011136,0.0029778,0.0010256,0.003135,-0.00058127,0.0019928,0.0049677,0.0016586,0.0010509,0.0063996,0.00097673,0.0045586,0.00077048,0.00036205,-0.0060711,0.011438,-0.0012195,0.007033,0.0034479,0.0015036,0.0028081,0.0028912,0.0027447,0.0016102,-0.0056177,0.00040132,0.0035167,0.0024464,0.0088278,-0.0002041,0.0097282,0.023977,-0.0060694,-0.008999,-0.0075503,0.02562,0.056101,0.0049428,0.024029,0.0013408,NaN,0.00038494,0.0096112,NaN,-0.0082123,-0.00091836,0.02619,NaN,0.024257,-0.011401,1.76,0.1034,0.0966,0.21,0.1766,NaN,0.1867,0.21,1.2333,NaN,0.15,0.38,0.16,1.34,-0.0078118,NaN,-0.0077068,-0.0069018,-0.014254,0.023357,0.015398,0.011343,0.014559,0.14073,0.01391,NaN,-0.007301,0.013981,0.0042389,-0.0098938,500.41,-0.011779,0.0078911,-0.014536,15.827,NaN,NaN,NaN,NaN,NaN,0.0017836,0.0011942,-0.00012553,0.0026945,91.5,NaN,0.9,0.8,-1.2217,-56417,0.0028748,0.0078537,0.022432,-0.1334,0.1334,-0.018053,-0.025433,0.1967,-2.13,-1.7967,-1.44,0.03709,-0.019177,-0.00017334,-0.0078119,0.00071815,0.0032866,-0.00014447,0.001787,-0.0020686,0.0042833,0.0044234,0.00069878,0.026419,0.0096242,-0.018539,-0.0224,-0.034055,0.023118,0.0172,0,0.88,-0.79,-0.057318,-0.20067,-0.081335,0.10407,0.066362,NaN,NaN,0.015267,0.0088,0.011642,0.0094819,23.34,0.026574,2.7197e+05,0.0068853,0.0022505,7.59,-0.004425,0.0073707,0.013269,0.0081,-0.013316
0.0065834,0.0048635,-0.0027799,0.0080715,0.0037745,0.020099,0.014303,0.013021,0.022494,-0.0078548,1,0.0020261,0.8,-0.02608,0.0022061,-0.016878,-0.013042,0.020177,0.0059473,0.0062062,NaN,0.011933,0.012008,0.018742,0.016206,0.02232,0.011379,0.02132,0.069518,0.017412,0.015179,0.033501,87.691,86.826,0.0076236,0.0080697,0.0044182,0.0085414,0.0057191,0.0055337,0.0026425,0.0095966,0.010608,0.013206,0.0064956,0.009203,0.0099865,0.010782,0.020539,0.008715,0.005515,0.010116,0.0092968,0.00045965,0.0078979,0.0067662,0.0070366,0.2666,0.1334,0.14404,0.022061,0.3333,0.1667,0.0334,0.020748,0.17479,-0.078175,0.13874,-0.011611,0.060874,0.088405,0.11871,0.053822,0.0029558,NaN,0.0048241,40.6,-0.0667,-0.0666,3756,-0.090725,-0.11119,-0.065219,0.0066068,-0.42504,-0.049181,-0.06345,0.0084902,0.011913,-0.011206,NaN,-0.0032189,-0.0071289,0.017557,-0.00050536,-0.00042699,0.001037,-0.0017915,-0.0023163,-0.00075087,-0.0027055,-0.00031016,-5.2363e-06,-0.00017271,-0.0028033,-0.0021099,-0.0030904,-0.0031265,0.0044304,0.00067369,-0.020724,0.0013654,0.0022328,-0.0039826,-0.0058876,-0.0011754,0.0029442,-0.003277,-1.1233e-05,-0.0020435,-0.0019692,-0.0036825,-0.0067,-0.0063325,-0.015524,-0.0020065,0.0019289,-0.0071614,-0.011483,-0.011482,0.0030228,0.010246,0.0080554,NaN,0.0040559,0.0075206,NaN,0.001144,0.0032347,0.017915,NaN,0.016547,-0.0021009,0.6566,0.8266,0.9067,1.08,0.5034,NaN,0.1766,0.33,1.06,NaN,0.23,0.63,-0.17,1.46,-0.0056467,NaN,-0.0091685,-0.0073103,-0.017409,0.0045282,0.0039219,0.0028851,0.0052148,0.13896,0.005958,NaN,-0.0046181,0.00157,-0.018607,-0.0053838,487.78,-0.0064397,0.0014755,-0.0082254,17.581,NaN,NaN,NaN,NaN,NaN,-0.0037562,0.0022385,-0.0012981,0.0012982,86.4,NaN,-0.1,-0.1,0.04543,17280,0.010397,0.043066,0.020904,0.0667,-0.1667,-0.014705,0.0035753,0.6733,-1.96,-1.78,-1.92,-0.027455,0.015214,-0.00075154,-0.011289,-0.0034512,-0.0001597,-0.0079958,-0.0013678,-0.0010869,-0.0010572,-0.0029198,0.0016772,-0.00079636,0.0092975,0.0015235,-0.1059,0.077167,0.021449,0.0069,-0.0018,0.95,-0.5,-0.13703,-0.079956,-0.011976,-0.080689,0.0048366,NaN,NaN,0.015038,0.0089,0.016074,0.012441,2.93,0.01935,2.7433e+05,0.00074194,-0.0037407,-16.37,0.010707,-0.073583,-0.070428,0.2575,-0.087058
-0.0048888,0.0079606,-0.0037653,0.012361,0.0066747,-0.049489,-0.022459,-0.0082733,-0.0052643,-0.07112,0.6,-0.013543,-8.8,-0.0052184,-0.002176,0.025822,-0.011045,0.0076194,-0.0078505,-0.0077358,NaN,-0.0062911,-0.012594,-0.010618,-0.00054468,-0.010644,0.0031039,-0.027426,-0.022073,-0.0034296,-0.0085116,0.012011,86.23,85.159,0.0037409,0.0030371,-0.0083159,0.0082273,-0.0056463,-0.012715,-0.0013436,0.0061661,0.011015,0.008612,0.0017789,0.0086111,0.0093957,0.011046,0.0033824,0.0083307,0.0070655,0.00934,0.0085376,-0.0090018,0.014449,0.011018,0.0053894,0.0334,0,0.0029494,-0.0116,-0.5333,0.1,-0.0667,-0.0074037,-0.007593,0.087368,-0.060909,0.07208,0.00099486,-0.038666,-0.12878,0.0055088,-0.0048849,NaN,-0.0030542,40.533,-0.0666,-0.1,3714,-0.072492,-0.13958,-0.079827,-0.24742,0.044007,-0.052961,0.0020448,0.0084011,0.026329,-0.023511,NaN,-0.0090387,-0.10524,0.011966,-0.00063627,0.00016738,-0.0016723,0.0044015,0.0014595,-0.0019045,0.0013774,0.00061005,-0.0032781,0.00072152,0.0055495,-0.0011139,-0.0035931,0.00099558,-0.0057548,-0.0020892,-0.00037583,-0.0013399,-0.00062197,0.0030599,0.0012414,-0.00021714,0.0035112,0.0018273,-0.0014506,0.001597,-0.00018992,0.0033378,0.001791,0.0068388,0.012068,0.0077561,0.0057589,-0.0030618,-0.011644,-0.011642,0.0056972,0.014861,0.0011835,NaN,0.0039632,0.0055843,NaN,-0.0048183,-0.0028479,0.023648,NaN,0.02399,-0.015144,-0.0433,0.33,0.3533,0.2467,0.44,NaN,0.4034,0.4566,1.0767,NaN,0.25,0.55,-0.06,1.27,-0.0010112,NaN,-0.0071623,-0.006638,-0.015064,0.0073083,0.002578,0.00044414,-0.00048209,0.13032,0.0037835,NaN,-0.0044356,0.013682,0.0060627,-0.0067076,480.84,-0.009751,0.013079,-0.011966,15.92,NaN,NaN,NaN,NaN,NaN,0.002019,-0.0034442,0.0033464,-0.002784,79.7,NaN,0.2,0,0.45008,16533,-0.0081792,0.0035799,0.023538,-0.0333,-0.0667,0.038869,0.039236,0.4634,-1.5867,-1.2733,-1.4733,0.0084406,0.011967,-0.00015012,0.011163,-0.009438,0.00066479,0.0085868,-0.00029666,0.00072928,-0.00016751,0.0033753,-0.0014045,-0.015014,-0.012079,0.028212,-0.0175,0.036061,0.019321,-0.0034,-0.001,0.13,-0.32,-0.078943,-0.061468,-0.11002,-0.05395,0.11124,NaN,NaN,0.029414,0.0098,0.01582,0.011022,141.31,0.0066306,2.9593e+05,0.0057073,0.0054828,87.17,-0.069146,-0.0019783,0.0012846,0.0227,-0.011355
-0.001486,0.0061857,-0.015385,0.010765,0.0085025,-0.030279,-0.0049899,-0.0069698,-0.0070611,0.00065243,0.2,-0.0048205,-6.6,-0.045865,0.0095371,0.013109,-0.0032792,0.010448,-0.00082209,-0.00074699,NaN,-0.024525,-0.018717,-0.012775,-0.033476,-0.066971,-0.0060147,-0.059212,-0.13754,0.0061503,-0.020819,0.012291,83.307,81.823,0.002265,0.0012599,-0.0075874,0.0066995,-0.0071434,-0.012372,-9.273e-05,-0.0042578,0.0095032,0.011019,-0.00096993,0.0060787,0.0068671,0.0094252,-0.010669,0.0054288,0.0069893,0.0051211,0.0066953,0.00057949,0.013096,0.007357,0.0026056,0.2,0.6,0.54958,0.027281,1.4,0.4666,0.4333,0.14014,0.17121,0.21659,0.15828,0.25558,0.091174,0.058884,0.17584,0.035919,-0.0053126,NaN,-0.0040068,40.233,-0.2,-0.2667,3360,-0.059657,0.0048426,-0.07277,-0.10002,0.21094,-0.057886,-0.20067,-0.021898,0.0088437,-0.07838,NaN,-0.028165,-0.021298,0.00037922,1.4777e-05,-0.00077779,0.00121,-0.0051036,-0.0021286,0.00032472,-0.0044265,-0.00031462,0.002273,-0.00011975,-0.0068609,-0.0022482,-0.003128,-0.0030209,0.0051903,-0.0027293,-0.00062682,0.0022748,0.00021073,-4.7056e-05,0.015782,0.00014314,-0.0035706,-0.0058958,-0.0011472,0.000646,0.0014911,-0.0052934,0.0053892,-0.0087575,-0.016331,-0.0020725,-0.001112,-0.0066193,-0.010868,-0.01087,0.00018584,0.012776,-0.00031183,NaN,0.0021053,0.0030035,NaN,0.003207,0.0045576,0.014312,NaN,0.014783,0.0028083,-0.3667,-0.1433,-0.41,-0.3467,0.07,NaN,0.4266,0.3834,1.39,NaN,-0.02,0.34,0.16,1.34,-0.0054806,NaN,-0.005174,-0.012177,-0.022141,-0.0067721,0.0014504,-0.0013745,0.0031888,0.081726,0.00099513,NaN,-0.0060101,-0.027257,-0.037705,-0.0033504,474.25,-0.0060584,-0.005853,-0.0071668,16.97,NaN,NaN,NaN,NaN,NaN,-0.0012295,-0.00054914,0.0037514,-0.0028849,78.1,NaN,0,0,-0.08075,-2349.9,-0.029607,0.015238,0.0087099,0.2,-0.2666,-0.011566,-0.0066763,0.0666,-1.3633,-0.84,-0.68,-0.01357,0.0068262,-0.0024264,0.0053512,0.010113,-0.00017256,-0.0040073,0.0055985,0.0024503,0.00067911,-0.00025198,-0.0080813,-0.030241,-0.020687,-0.0091205,-0.2847,0.2151,0.011935,0.0378,-0.0012,-0.07,-0.02,-0.076033,-0.15775,-0.037071,-0.04652,0.095202,NaN,NaN,0,0.0094,0.011148,0.012529,-56.78,-0.0041793,2.8201e+05,0.0034793,0.0053403,-45.93,0.043969,-0.060934,-0.064371,0.2204,-0.060494
0.0014182,0.0045198,0.011538,0.006147,-0.0006365,0.0021714,-0.020757,-0.0042276,-0.0065712,-0.063279,0.5,-0.011694,-10.1,-0.0088412,0.0054092,0.038016,0.019569,0.012256,0.0014196,0.0017173,NaN,-0.0055146,-0.00066502,0.010955,-0.014103,-0.028358,-0.0053104,0.017725,0.048698,0.0080961,-0.00040978,0.0079066,82.077,80.424,-0.0020167,-0.0048554,-0.017913,0.0044575,-0.01599,-0.02189,-0.011753,-0.0069236,0.0059213,0.0074053,-0.0069788,0.0014509,0.0018837,0.0057993,-0.013252,0.00073264,0.011182,0.000971,0.0012885,0.017344,0.013304,0.0078664,-0.001838,-0.1,0.6,0.51887,0.068664,1.6667,0.5667,0.4667,0.10277,0.15525,0.22776,0.30353,0.23028,0.060749,0.15955,0.024451,0.12335,-0.0098477,NaN,-0.013284,39.8,-0.3,-0.2333,2986,0.060165,-0.0097089,0.15674,0.097608,-0.072281,0.10379,0.036769,-0.0040674,0.018671,-0.024043,NaN,-0.041905,-0.14904,0.0069675,-0.00051497,0.00036993,0.0006496,0.012567,0.0028895,-0.0014663,0.0021902,0.00045474,-0.0030498,0.00041505,0.0046893,5.1548e-05,0.00021387,0.0017443,-0.010969,-0.0013921,0.021779,-0.0013828,-0.00029303,0.0011814,-0.018546,0.0011392,0.0053871,-0.0013913,0.0050343,-0.001973,0.0030669,-0.0068674,-0.0092201,-0.0068678,-0.020452,-0.0010624,-0.0048555,-0.0027466,-0.011237,-0.011238,0.0016838,0.010431,0.0023193,NaN,0.0018879,-0.0015546,NaN,0.014686,0.011577,0.00080865,NaN,0.0011116,0.039608,-0.6933,-0.5333,-0.3666,-0.1,0.3466,NaN,0.2467,0.22,1.2633,NaN,0.15,0.78,1.04,1.49,0.002236,NaN,-0.0065054,-0.0071997,-0.027413,-0.0077439,-0.0054704,-0.0091708,-0.0064287,0.076651,-0.0065153,NaN,-0.025016,0.0030223,-0.0092341,-0.028539,455.29,-0.0399,0.02198,-0.045498,27.532,NaN,NaN,NaN,NaN,NaN,0.0003017,0.0024962,-0.00045775,-0.010775,75.4,NaN,0.3,0.1,-0.7155,-28930,-0.0077775,0.017491,-0.00469,0.4,-0.3334,-0.022079,-0.026736,0.04,-1.2033,-0.1067,0.26,-0.011367,-0.024927,-0.002359,-0.00026829,0.0046977,-0.0041745,0.0052726,-0.001466,0.00061206,-0.002674,-0.0019559,0.0065903,0.022031,0.0025802,0.031383,-0.2223,0.18624,0.014472,0.0207,-0.0029,-0.38,0.29,0.14169,0.10368,0.20022,0.14565,-0.073587,NaN,NaN,0.014389,0.0088,0.019759,0.017049,-111.08,0.021533,2.6558e+05,0.016458,0.015225,-74.88,0.081582,-0.11336,-0.11585,0.4546,-0.10803
0.0091735,0.0087287,0.0036538,0.011283,0.007193,0.016142,0.016721,0.0060838,0.0035124,0.05584,0.5,0.0042178,-4.8,-0.027612,0.022493,0.0039951,-0.0022987,0.015852,0.010657,0.010796,NaN,-0.0035891,-0.013516,-0.0068076,0.0066159,0.0033176,0.0044731,-0.014456,-0.084588,-0.0037499,-0.015969,0.012644,81.027,79.115,-0.0026593,-0.0038601,-0.015217,0.0018702,-0.012607,-0.021508,-0.0055983,-0.0024713,-7.2882e-05,0.00453,-0.0013038,-0.0011984,0.0012538,0,0.0019743,0.0029959,0.0028613,0.0021668,0.0023661,-0.033697,0.012508,0.013978,-0.00025013,-0.0667,0.4,0.37943,0.042684,0.4666,0.4667,0.3,0.031173,0.12591,0.15211,0.1535,0.11617,0.087462,0.060302,0.022519,-0.015513,-0.0066563,NaN,-0.0050538,39.8,-0.0334,-0.1,2756,0.12198,0.1384,0.067374,0.04833,0.10808,0.12783,0.18712,0.0064256,0.018086,-0.0028052,NaN,-0.036413,0.034089,0.010347,-0.0013072,-0.00018786,-0.0061559,-0.022589,-0.0065692,-0.001214,0.0034195,-0.0015637,-0.0030949,-0.0015744,0.0085967,-0.0025275,0.0037864,-0.0010384,-0.0020237,0.0025998,-0.024911,0.00064911,0.001556,-0.005146,0.0057579,-3.9462e-05,-0.0097098,0.00085925,-0.0028545,-0.0035998,-0.0051837,0.0033944,-2.9484e-05,0.0042663,0.011368,-0.0029164,0.0027743,-0.01105,-0.024939,-0.023065,0.005592,0.01781,0.004377,NaN,0.0059298,0.0071524,NaN,0.015721,0.017446,0,NaN,0.00053743,0.013289,-1.1767,-0.35,-0.32,-0.5166,-0.2533,NaN,0.08,0.4333,1.95,NaN,0.18,0.61,1.13,1.51,0.0080911,NaN,0.0027311,0.012028,0.0011807,0.011363,0.0030407,-0.0014691,-0.0057405,0.080991,0.0012986,NaN,0.021314,0.0038011,-0.012051,0.023528,458.8,0.031873,-0.011724,0.034905,19.545,NaN,NaN,NaN,NaN,NaN,-0.0012538,-0.00028501,-0.0060955,-0.03665,77.6,NaN,-0.1,0,0.19388,23661,-0.0070401,0.021173,0.00094266,0.4,-0.1,0.029238,0.026132,-0.29,-0.3767,0.78,1.5167,0.0018849,-0.079341,0.0010705,-0.0064453,-0.0033428,-0.00087617,-0.0016925,-0.0042026,-0.0036592,-0.0017612,-0.0035709,0.0025194,-0.0097126,0.0019422,0.015285,-0.1192,-0.045824,0.016613,0.0034,-0.001,-0.33,1.13,0.091044,0.13558,0.035647,0.043229,-0.035919,NaN,NaN,0.0094787,0.009,0.0065006,0.0050828,36.65,0.025087,2.769e+05,-0.0053118,-0.012852,4.18,-0.016675,-0.005825,-0.0041222,0.027,0.012227
-0.010774,-0.0027185,-0.068782,0.0050798,0.01162,-0.054554,-0.00036807,-0.054306,-0.034903,0.095519,-0.4,0.00046564,-1.5,-0.018232,0.0050248,0.0020702,0.015389,-0.0023954,-0.016835,-0.015956,NaN,-0.021854,-0.023932,-0.010914,-0.023867,-0.058766,0.0014147,-0.05004,-0.14903,0.0043408,-0.048098,0.011427,78.547,76.376,-0.0057082,-0.0087979,-0.035138,0.0039541,-0.027421,-0.051046,-0.011482,0.0041154,0.0096479,0.0077851,-0.015614,0.0029618,0.0052767,0.0092834,0.0019704,-0.00075403,0.0083272,0.0033281,-0.0014917,-0.0011784,0.012844,0.010357,0.00034338,0.1,0.6666,0.55233,0.080762,1.5334,0.5333,0.6,0.079796,0.14507,0.2424,0.24023,0.16989,0.068558,0.033289,0.14252,0.078033,-0.0096616,NaN,-0.0077029,39.5,-0.1333,-0.2667,2535,0.14025,0.14334,0.15381,0.18347,0.10857,0.14663,0.11044,-0.012561,0.0049595,-0.047772,NaN,-0.037567,-0.0002944,-0.0027164,0.0031965,0.0029046,0.0048428,0.013753,0.0067387,0.0041691,0.0091703,0.0023158,0.0021914,0.0020502,0.015954,0.0040648,0.01075,-0.00093388,-0.0018432,0.0038109,0.02553,-0.0028721,0.0027711,-0.0016225,0.0014991,0.0015726,-0.00089979,0.0056402,0.0041636,0.0041135,0.0030307,0.0050204,-0.0036157,0.0025257,-0.0061147,0.0027669,-8.5199e-05,0.0027296,0.011247,0.010802,-0.0023706,0.0025787,-0.0098857,NaN,-0.0044858,-0.0021894,NaN,-0.0091327,-0.0063067,0.01849,NaN,0.019017,0.0058933,-1.1366,-0.9734,-1,-1.29,-0.6067,NaN,-0.3133,-0.1333,2.4233,NaN,0.15,0.29,1.5,0.94,0.0044219,NaN,0.0034037,0.012119,0.0057432,0.0029766,-0.0034623,-0.0099212,-0.00040459,0.060893,-0.0073616,NaN,0.016944,0.0050462,0.0074417,0.018424,468.45,0.020595,0.0051791,0.021937,15.272,NaN,NaN,NaN,NaN,NaN,0.0038725,-0.0022352,0.00062797,-0.0034262,72.4,NaN,0,0.1,0.88105,26118,-0.025887,0.002477,0.023525,0.4,-0.2333,-0.0060898,0.014152,-0.97,-0.2133,0.9467,2.34,-3.6111e-06,-0.016857,0.0038222,0.013854,-0.002219,0.0038821,0.0057861,-0.00028732,0.0040243,0.0039896,0.0040833,-0.0096396,0.013031,0.0049525,0.03733,-0.119,0.080303,0.0092264,0.031,-0.0009,-1.55,0.73,0.23438,0.099611,0.15582,0.14393,-0.033593,NaN,NaN,0.0093897,0.0093,0.0086022,0.0073153,45.05,0.0085507,2.8458e+05,0.0023277,0.00075104,21.62,-0.018792,0.090905,0.092443,-0.3877,0.1139
0.026798,0.019013,0.10181,0.0069271,0.0041347,0.11028,0.020159,0.016625,0.0082018,0.049954,1.1,-0.014733,-12.2,0.010209,0.0041755,0.0090903,-0.011856,0.019759,0.033755,0.033295,NaN,0.019098,0.0189,0.041122,0.023413,0.051809,-0.0034185,0.12745,0.36498,0.006967,-0.015184,0.015416,79.393,77.518,0.0038185,0.0035434,0.0027919,0.0047839,0.0016112,0.008377,-0.0054071,-0.00063906,0.0038908,0.0087442,-0.00016564,0.0028276,0.00855,0.0040575,-0.016373,0.0040697,0.0050563,0.0090196,-0.0038473,-0.0042538,0.0011038,0.010114,0.00094475,-0.2333,0.1,-0.029568,0.14152,-0.4,0.0667,0.2667,-0.068409,0.026282,0.095824,0.31227,-0.010094,0.030233,0.028987,0.031108,0.034844,0.0048187,NaN,0.0046844,39.8,-0.0667,0.2,2483,0.067768,0.08077,0.031968,0.0422,-0.062255,0.045602,0.20383,0.029955,0.042637,0.098217,NaN,0.0049365,0.077446,0.014035,-0.0034585,-0.0013653,0.002024,0.0055464,-0.0015621,-0.0058186,-0.0024363,-0.0012434,-0.0072664,-0.0012946,-0.0076968,-0.00082228,0.00067477,0.0027303,-0.0099021,-0.0034354,-0.018577,6.1273e-05,-0.0010398,-0.0038297,-0.0051659,-0.0012368,0.0041547,-0.0029037,-0.0011022,-0.0060325,-0.0065598,-0.0017622,0.011588,-4.5821e-05,0.0084127,0.00083441,-0.0019334,0.0079682,0.049219,0.035468,0.0083067,0.010336,0.017451,NaN,0.012018,0.010429,NaN,0.029065,0.028472,-0.0096375,NaN,-0.0086477,0.044252,-1.71,-1.5133,-1.59,-1.5967,-0.8366,NaN,-0.69,-0.7467,2.5133,NaN,0.08,0.21,2.18,0.75,0.01216,NaN,0.0081828,0.023184,0.014807,-0.00020906,0.0031354,-0.0011277,0.0066632,0.37602,0.015856,NaN,0.024712,-0.0068264,-0.026586,0.02854,472.58,0.028239,0.013173,0.030074,13.7,NaN,NaN,NaN,NaN,NaN,-0.0045465,-8.8619e-05,0.010284,-0.011043,78.1,NaN,0,-0.1,-1.2448,-5475.9,0.023286,0.010015,0.023254,1.2333,0.2333,0.024604,0.008355,-1.03,-0.0167,1.6267,3.36,0.011374,-0.0045252,-0.0045469,-0.0022409,0.00070952,-0.0056011,-0.0068721,-0.0039265,-0.0068753,-0.0025798,-0.0068142,0.016318,-0.011191,-0.013137,-0.0086092,-0.0223,-0.095981,0.012979,-0.0482,-0.0016,-1.7,0.73,-0.11372,0.064726,0.066548,0.044778,0.064082,NaN,NaN,0,0.0084,0.012766,0.016311,-129.66,0.027437,2.6642e+05,0.02084,0.019153,-79.92,0.09338,0.1149,0.11381,-0.4367,0.14781
0.0053965,0.0091488,0.022426,0.010021,0.0022624,0.027981,0.036713,0.023913,0.013526,0.091219,0.9,-0.0023002,-4.6,0.0018618,0.0074565,-0.0074216,0.072725,0.014459,0.0061906,0.0063623,NaN,0.0090157,0.0033907,0.012915,0.0152,0.01307,0.031234,0.02758,0.0049365,0.0067946,-0.013788,0.0076345,79.502,77.647,0.0047176,0.0042757,-0.002656,0.0056555,0.0025664,-0.0039679,-0.00071996,0.026495,0.0050212,0.0098614,-0.00066289,0.0040703,0.0077965,0.0051404,0.0044921,0.0046609,0.0067023,0.0080299,0.0011134,0,0.0074495,0.0089804,0.0030907,-0.1334,-0.0333,-0.073485,0.066737,0.2666,-0.0334,0.0333,-0.0013596,-0.030906,0.019319,0.12153,0.0069324,0.044606,-0.086081,0.047087,-0.034341,0.0058844,NaN,0.0032628,39.933,0.0334,0.0667,2558,0.10095,0.091688,0.1189,0.13788,0.10258,0.10141,0.068993,0.017858,0.025009,-0.043108,NaN,-0.028355,0.0041656,0.0088364,0.0018898,-0.0012473,-0.00172,-0.0031959,0.0006508,0.0042183,-0.0069749,-0.00023697,0.0087762,-4.7208e-05,-0.017874,-0.0003572,0.0018211,-0.0010308,0.023314,0.00036952,-0.017443,0.00090657,-0.0007656,0.0028371,0.0078783,-0.0032478,-0.0066954,0.005646,-0.0015412,0.00075946,0.000692,0.0015779,-0.0010512,0.0049481,0.023382,-0.00010077,0.0026918,0.01279,-0.011336,-0.011338,0.00451,0.01304,0.0033435,NaN,0.005418,0.0018185,NaN,0.0029292,0.00047992,0.010465,NaN,0.01163,0.012616,0.7066,0.41,0.5366,0.9433,0.23,NaN,0.2566,0.0767,2.36,1.18,0.2,0.74,2,0.75,0.010251,NaN,0.011817,0.028748,0.018841,0.00022498,0.017491,0.0083722,0.016721,0.039936,0.01009,NaN,0.0078156,0.016588,0.0021298,0.0067639,468.96,0.0060619,0.013574,0.0058414,14.544,NaN,NaN,NaN,NaN,NaN,-0.030451,-0.00070448,0.001821,0.003958,80.2,NaN,-0.2,0.3,-0.14256,5409.4,0.0093256,0.021246,-0.010331,0.7333,0.0667,-0.035723,-0.03835,0.67,-0.3133,1.59,2.91,0.010128,0.077308,-5.7778e-05,-0.018027,0.00066912,0.0046156,-0.003016,-0.0046875,-0.0025585,0.00068808,0.0024104,-0.007763,0.045385,0.014662,-0.042615,0.0141,-0.00039709,0.017587,-0.0172,-0.0008,0.41,0.44,0.18142,0.15642,0.082197,0.10353,0.11655,0.057756,NaN,0.0093024,0.0084,0.010515,0.012307,-8.06,0.032715,2.7056e+05,0.014954,0.010337,-7.19,0.017296,0.04751,0.054992,-0.168,0.0674
0.0081962,0.0079411,0.026219,0.0093596,-0.0020588,0.012059,0.017027,0.0068248,0.0043847,0.044743,0.9,-0.0005216,-1.7,-0.0077587,0.0033295,0.048777,0.021866,0.0052115,0.0094828,0.0094325,NaN,0.0030777,0.013658,0.015964,-0.015143,-0.041629,0.026642,0.021788,0.042951,0.013555,0.020427,0.010894,79.145,77.397,0.0035761,0.0032476,-0.0022933,0.0050019,0.00029333,-0.0035584,-0.00043222,0.013077,0.0048537,0.0090383,-0.0026561,0.0035557,0.0084795,0.0052964,-0.005493,0.0043601,0.0050485,0.0097213,0.0041569,0.010484,0.0043705,0.0032294,0.0069413,0.1,0.1333,0.010211,0.065122,0.1334,0.0667,-0.0667,0.034617,-0.013147,0.041909,0.11133,0.022345,0.022573,0.011682,0.047553,0.0070132,-0.0027164,NaN,0,39.833,-0.0667,0,2607,0.035814,0.058018,0.076862,0.06053,0.074861,0.029762,0.0040733,0.0062861,0.022913,0.029078,NaN,-0.025679,-0.027055,0.012582,-0.0015365,-0.0019618,-0.0033117,-0.0032259,-0.0027711,-0.0040544,-0.009307,0.00077562,-0.0016928,0.00063689,-0.019497,-0.00033486,-0.0068348,0.0044627,-0.00976,-0.0044929,0.035364,-0.0019657,-0.00056455,-0.0011199,-4.5482e-05,-0.00017299,0.0022794,0.0021265,0.0031054,0.00073572,-0.0016523,-0.0066452,-0.0044858,-0.008376,-0.031665,0.0017083,0.0062073,0.0024297,-0.0093928,-0.00939,0.0043979,0.011244,0.003175,NaN,0.0037841,0.0073014,NaN,0.0094831,0.012149,0.0050546,NaN,0.0041611,0.017881,0.91,0.76,0.82,0.7567,0.2366,0.24,0.0834,0.0966,2.22,1.18,0.26,0.74,1.47,0.72,0.010922,NaN,0.00718,0.019495,0.013308,0.012178,0.020509,0.013358,0.027756,0.047426,0.01527,NaN,0.0063935,0.01606,0.010849,0.0052232,468.97,0.0039859,0.014232,0.0043319,17.462,NaN,NaN,NaN,NaN,NaN,-0.033313,-0.019895,0.0091783,0.0031552,82.1,NaN,0.2,0.1,0.64605,50311,0.0043733,0.010047,0.010815,0.4,-0.1,0.012683,-0.0013844,0.36,-0.4633,1.04,2.0833,-0.027021,-0.015206,-0.0038629,-1.395e-05,-0.0021019,-0.003954,-0.0051138,0.0053146,0.0023874,-0.0024872,-0.0009096,-0.0047165,0.0042219,0.018213,-0.0049621,-0.0006,0.0689,0.013201,-0.0034,0.0011,0.73,0.25,0.12901,0.029947,0.090036,0.063955,0.012663,-0.007339,NaN,0.0092167,0.0079,0.012474,0.015007,-81.91,0.024882,2.5935e+05,0.015619,0.013173,-54.19,0.067213,-0.028937,-0.030483,0.0794,-0.019381
0.002355,0.016456,0.041798,0.015518,0.006732,-0.027298,0.025921,0.033876,0.020249,0.037885,0,-0.007053,-10.1,0.0085485,0.012551,-0.096856,-0.070185,0.011592,0.0019643,0.0017832,NaN,0.022916,0.021497,0.02324,0.021585,0.047371,0.024764,0.021651,-0.0074827,0.024016,0.034722,0.010341,80.373,79.127,0.0060293,0.0054821,0.0019244,0.0070047,0.0037747,0.0024825,0.0011042,0.021278,0.0085083,0.0096776,0.00033241,0.0073829,0.0073359,0.0083439,-0.050845,0.0049896,0.0084762,0.0068317,0.00939,-0.0030513,0.010604,0.012063,0.0089855,0.1667,-0.1,-0.053027,0.023597,-0.1667,0,0,-0.00029211,0.0017061,0.0009653,0.043675,-0.022633,-0.0084332,0.04984,0.035981,0.017075,0.010149,NaN,0.010676,40.033,0.1333,0.0666,2684,0.050139,0.050479,0.027466,0.056363,0.048906,0.061244,0.024759,0.023069,0.032694,0.020923,NaN,0.0063498,0.015967,0.001829,-0.0036163,-0.0036898,-0.0017422,-0.0023314,-0.0032685,-0.0025773,-0.0029422,-0.004575,-0.0023315,-0.0043706,-0.00030098,-0.0031639,-0.0067891,-0.0043725,-0.0014976,-0.0017454,-0.0061251,-0.0026156,-0.0044651,-0.00098809,-0.015967,-0.0044069,-0.004,-0.005602,-0.0027206,-0.0025326,-0.003156,0.0032588,-0.0069824,0.0057447,0.024567,-0.010024,-0.012718,0.0098787,-0.0056868,-0.0056858,0.0078997,0.0088766,0.0057527,NaN,-0.00053546,-9.0188e-05,NaN,-0.0087079,-0.0083639,0.015586,NaN,0.015546,-0.01654,-0.7233,-0.78,-0.87,-1.0233,-0.5933,-0.11,-0.2567,-0.29,2.5233,1.66,0.17,0.5,1.66,0.74,0.0048383,NaN,0.001982,0.019355,0.010183,0.01188,0.028416,0.02358,0.026319,0.022413,0.023514,NaN,0.023347,0.025699,0.014107,0.023061,474.38,0.025798,0.015369,0.028456,17.776,NaN,NaN,NaN,NaN,NaN,-0.020352,-0.070206,0.025244,-0.01308,82,NaN,-0.6,-0.4,0.62543,42113,0.029662,0.011929,0.0049497,0.4,0.2,-0.0022623,0.025293,-0.7133,-0.52,1.05,2.55,0.036783,-0.0043525,0.00052872,-0.0075903,-0.012881,-0.0015765,-0.0028957,-0.0046037,-0.0025136,-0.003993,-0.0025048,-0.00016952,-0.013764,-0.00030701,0.017661,0.0131,-0.090357,0.0098898,-0.0173,0.0014,-0.76,0.22,-0.062424,0.058064,0.044034,0.033116,-0.045626,-0.010283,NaN,0.027151,0.0076,0.01232,0.013239,-73.65,0.026346,2.5011e+05,0.018492,0.016393,-44.09,0.062623,-0.021886,-0.022,0.0545,-0.021533
0.018222,0.013112,0.022625,0.01672,0.0031911,0.063815,0.04181,0.037274,0.031352,0.063562,0.3,0.0055061,3.4,0.077604,0.002704,0.10766,0.13641,0.0045686,0.026721,0.023767,NaN,0.041543,0.029529,0.025634,0.055197,0.061677,0.037285,0.035901,-0.0040787,0.02154,0.051225,0.036431,83.168,81.74,0.011231,0.011262,0.011527,0.010886,0.01203,0.01618,0.0046435,0.0071924,0.0091363,0.007443,0.010085,0.0092904,0.013388,0.0091703,0.054344,0.012218,0.011091,0.022118,0.013222,-0.0017646,0.012152,0.015497,0.012199,0,-0.1666,-0.21077,0.039662,0.4667,-0.2,-0.3666,-0.015901,-0.069708,-0.084515,0.066673,-0.067595,0.028994,0.012627,0,-0.032418,0.012415,NaN,0.011201,40.333,0.0334,0.2,2920,0.088751,0.084096,0.042987,-0.061648,0.1205,0.10114,0.17314,0.021154,0.009905,0.053966,NaN,0.0045666,0.043747,0.0043849,0.0043128,0.0038503,0.0076716,0.0031265,0.005774,0.0072382,0.013749,0.001479,0.0044812,0.0013751,0.029684,0.0016557,0.0025854,0.0034897,0.014491,0.002438,-0.025275,0.0020008,0.002061,0.00036394,0.0033672,0.003546,-0.0009327,0.0058153,-0.00081746,0.00075243,0.0030375,0.0015752,0.016345,-0.0041531,-0.0090558,0.0080794,0.0079863,0.0019788,-0.022444,-0.0095399,0.021481,0.012217,0.015755,NaN,0.019361,0.017922,NaN,0.015533,0.011361,0.014682,NaN,0.011919,0.012488,-1.21,-0.7933,-0.6,-0.32,0.1433,-0.2,-0.0667,-0.18,2.2,1.32,0.37,0.97,2.6,0.54,0.010752,NaN,0.011277,0.021554,0.013548,0.0013868,0.025742,0.017564,0.031238,-0.027566,0.015048,NaN,0.024239,0.0041798,-0.00038862,0.026659,484.97,0.022992,0.028307,0.023997,13.397,NaN,NaN,NaN,NaN,NaN,-0.021524,-0.062631,0.036941,0.00039888,92.8,NaN,0.6,0.7,-0.90615,-5622.9,0.040226,0.033445,0.036732,0.2334,0.1333,0.024366,0.018759,-0.0833,-0.1033,2.1767,3.6933,0.00091664,0.0057889,0.0010589,0.0092775,0.0063392,0.0022501,0.007923,0.0016782,-5.2766e-05,0.0038749,0.0031675,0.0099361,-0.027807,-0.013001,0.0012903,0.0572,-0.072719,0.0073977,-0.0447,-0.0001,-0.99,0.44,0.066385,-0.099274,0.055321,0.12305,0.20377,0.13102,NaN,0.0044544,0.0076,0.014185,0.01951,12.84,0.020479,2.5256e+05,0.018691,0.018212,7,0.010722,0.089118,0.094113,-0.2801,0.066871
0.022444,0.018858,0.0248,0.01204,0.026656,0.055246,0.017082,0.022558,0.0162,0.019135,0.9,0.0040165,4,0.0096743,-0.0017144,-0.029612,-0.036179,0.010334,0.02677,0.028539,NaN,0.018887,0.015794,0.010878,0.021531,0.031448,0.016077,0.020004,0.031158,0.0066556,0.03088,-0.0066888,84.144,82.806,0.010748,0.011553,0.012591,0.010255,0.011887,0.016049,0.0074229,0.011536,0.015894,0.01031,0.0099846,0.013866,0.010662,0.015804,-0.0045011,0.0090606,0.0071436,0.0091917,0.010709,-0.0047209,0.012006,0.0097109,0.0081143,0.1,-0.0667,-0.076617,-0.032929,-1.4667,-0.1333,0.2,-0.0056556,0.032812,-0.10857,-0.03969,-0.010218,-0.06646,0.030094,0.098969,0.025894,0.0050125,NaN,0.0072243,40.533,0,0.3,3060,-0.070895,-0.0754,-0.019069,0.023935,-0.11238,-0.022625,-0.21843,0.020917,0.033061,0.026851,NaN,0.0117,0.035464,0.012679,-0.0047258,-0.0028021,-0.0098559,-0.0047564,-0.0069175,-0.0069194,-0.0034701,-0.0026417,-0.0085359,-0.0025316,-0.0070481,0.00040389,-0.00090258,-0.0047062,-0.017915,-0.0031271,0.0056509,-0.0024373,-0.0023039,-0.0033904,-0.0055647,-0.0035978,0.0042857,-0.010615,-0.001476,-0.0016647,-0.00083138,-0.00086753,-0.0061828,0.0024101,0.0027975,0.00078763,-0.0036398,0.019628,-0.0067388,-0.0067432,0.0071305,0.0085264,0.010692,NaN,0.005167,0.004699,NaN,0.019537,0.02353,-0.012388,NaN,-0.0079416,0.024383,0.76,0.3333,0.43,0.4366,0.11,-0.01,0.0434,-0.01,2.08,1.2,0.46,1.07,2.37,0.76,0.010827,NaN,0.0098593,0.018306,0.011568,0.023454,0.032856,0.025706,0.042273,0.047862,0.026928,NaN,0.01014,0.030101,0.019767,0.0077309,483.71,0.0097995,0.011246,0.0092709,14.373,NaN,NaN,NaN,NaN,NaN,-0.0085376,-0.011022,-7.7003e-05,-0.015068,88.6,NaN,-0.3,-0.3,-1.0524,-15023,0.020672,-0.0059312,-0.0021209,0.1,0.0667,-0.025394,-0.035995,0.26,-0.53,1.6767,2.9767,-0.00088985,0.014439,-2.7447e-05,-0.0042167,-6.61e-05,-0.0015632,-0.0029147,-0.0027184,-0.0016452,-0.0031614,-0.0032686,-0.0079842,0.022717,0.013466,-0.019894,0.0355,0.0081789,0.018085,-0.0138,0.0021,0.55,0.23,-0.071678,0.086,0.0074908,-0.10947,0.16605,0.069045,NaN,0.013245,0.0075,0.015968,0.016372,-14.81,0.051038,2.5883e+05,0.022011,0.014057,-11.62,0.026517,0.025911,0.032542,-0.0753,-0.00064799
0.0093996,0.015293,0.025345,0.013412,0.013687,0.014102,0.011318,0.023676,0.014553,0.0048237,1.1,-0.019228,-17.1,0.0044165,0.0080496,0.058538,0.020601,0.019263,0.011434,0.010596,NaN,0.012654,0.015457,0.015446,0.0077685,0.014029,0.0040344,0.028256,0.043544,0.009347,0.018968,-0.0043508,84.556,83.331,0.0077966,0.0072816,0.0060479,0.0084823,0.0062116,0.0089625,0.0016579,0.005467,0.010275,0.0081022,0.0061698,0.0087794,0.0088635,0.010341,0.014926,0.0063479,0.010103,0.0079507,0.0043633,-0.0062897,0.0087367,0.016516,0.0070024,0.0667,-0.1333,0.0058008,-0.080352,0.2333,-0.1667,0.0333,0.027383,-0.017171,0.072225,-0.11695,0.013601,-0.0044059,0.050578,-0.12264,0.025602,0.0077087,NaN,0.0056477,40.567,-0.0334,0.0334,3259,0.056522,0.061435,0.069817,0.015402,0.16856,0.038479,0.062332,0.020326,0.026621,0.035636,NaN,0.024732,0.079728,0.01613,0.0030152,0.00075925,0.0029466,0.0034363,0.0042545,0.0045264,-2.6053e-05,0.0015852,0.0064785,0.0013094,-0.0025187,0.0017006,0.0010414,0.0033722,0.0086262,-0.0019264,0.028277,-0.00080116,0.0023668,0.0054186,0.0031519,0.0016054,-0.0016613,-0.00013668,-0.0025067,0.0015484,-5.7644e-05,0.004721,0.0040454,0.0079613,0.011876,-0.0045016,-6.2438e-05,0.0072517,0.001113,-0.0074968,0.0044738,0.0015373,0.007831,NaN,0.0052271,0.0024952,NaN,0.0057769,0.0028754,0.0075852,NaN,0.0074322,0.0036888,0.44,0.45,0.4934,0.31,0.1467,0.07,-0.07,-0.0533,1.88,1.11,0.51,0.93,2.07,0.66,0.010338,NaN,0.012668,0.025111,0.015953,0.019219,0.033693,0.020693,0.040284,0.052935,0.022518,NaN,0.019909,0.020159,0.00089609,0.019878,484.01,0.018174,0.025528,0.018654,14.923,NaN,NaN,NaN,NaN,NaN,-0.015602,-0.0077677,-0.060266,-0.0049719,95.2,NaN,0.2,0.1,-0.04936,16558,0.014316,-0.0086023,0.011974,-0.4667,0.0667,-0.00038687,-0.0071382,0.1033,-0.52,1.34,2.4667,-0.00083655,-0.025248,-0.0043067,0.007525,-0.003626,0.0029569,0.0035206,-6.1356e-05,0.003135,0.0022751,0.0015377,-0.0026731,0.0048011,0.0084523,-0.016453,0.045,0.0040961,0.01807,-0.0207,0.0004,0.35,0.14,0.0095088,0.031424,0.14014,0.015939,0.14026,-0.012688,NaN,0.013072,0.0073,0.0098523,0.010485,-27.77,0.031062,2.5916e+05,0.020561,0.017611,-11.22,0.029782,0.0095075,0.012071,-0.0203,-0.021543
0.016606,0.023196,0.051557,0.017735,0.018753,0.006251,0.042867,0.073712,0.046786,0.035234,0.6,0.0082393,1,0.023124,0.01364,0.041422,0.044062,0.039299,0.01888,0.019812,NaN,0.034396,0.035371,0.029165,0.036738,0.051953,0.026967,0.054759,0.066916,0.016517,0.049686,0.039907,86.761,85.723,0.012532,0.013434,0.01839,0.011195,0.015619,0.0255,0.007544,0.0046027,0.012462,0.0082111,0.013505,0.013676,0.014557,0.01196,0.0073801,0.011486,0.0084888,0.014154,0.0095776,0.004158,0.0094656,0.0096709,0.0066686,-0.1,-0.2,-0.2175,-0.061878,-0.4333,-0.2333,-0.3667,-0.050789,-0.029213,-0.064647,-0.10301,-0.11179,-0.014278,-0.0091002,-0.012308,-0.12456,0.0090274,NaN,0.010407,40.667,0.0667,0.2,3624,0.021826,0.070029,0.022515,-0.10585,0.073341,0.052692,0.028189,0.049969,0.041557,0.057421,NaN,0.036231,0.021188,0.011174,-0.00068865,-0.0012391,0.0022453,0.0037858,0.0022741,-0.00078829,-0.0083005,-0.00048934,0.0026477,-0.00056633,-0.02018,0.0014539,-0.00036825,-0.0010037,0.0020161,0.010023,-0.00043402,-0.0014742,-0.00042766,-0.0044657,0.0030905,0.0003805,0.00076035,-0.0054203,0.0030718,0.0023023,-0.0023009,-0.0040718,-0.00515,-0.0049605,-0.0033222,-0.00091153,0.013672,0.022636,-0.0019633,-0.0062566,0.010609,0.018048,0.014127,NaN,0.0083699,0.0099333,NaN,0.0084662,0.010791,0.0094179,NaN,0.010172,-0.00075443,0.4033,0.6433,0.4466,0.2834,0.0833,0.02,-0.07,-0.1767,1.62,1.06,0.31,0.57,1.51,0.4,0.01245,NaN,0.01394,0.022401,0.01463,0.035588,0.031767,0.026509,0.039777,0.021573,0.026226,NaN,0.043432,0.026191,-0.013108,0.045516,487.03,0.044548,0.039822,0.048613,14.611,NaN,NaN,NaN,NaN,NaN,0.00267,-7.8049e-05,-0.03394,0.0059835,90.7,NaN,0.2,0.3,0.12311,48152,0.036869,0.0551,0.0063243,-0.4,-0.0334,-0.034915,-0.037108,0.0733,-0.28,1.01,1.9933,0.019133,0.017318,0.011174,-0.001722,0.0079386,0.0014007,-0.0035878,-6.0406e-05,-0.0016437,0.0029867,0.0022866,0.00543,-0.034547,-0.012734,0.030796,0.1119,-0.081453,0.022566,-0.0516,-0.0017,0.38,0.12,0.17511,-0.060804,-0.00034144,0.036029,0.15954,0.014636,NaN,0.038221,0.0077,0.0097562,0.018027,43.25,0.035199,2.7165e+05,0.024127,0.020973,30.58,-0.011869,0.043602,0.040353,-0.0751,0.011688
0.024447,0.018093,0.061685,0.01276,0.0061001,0.056951,0.038469,0.053451,0.041064,0.03343,0.8,0.0085726,5.3,0.053156,0.004561,0.070602,0.045174,0.0075564,0.037292,0.031769,NaN,0.027941,0.024805,0.014611,0.032969,0.053515,0.016356,0.029799,0.027876,0.0069159,0.046693,-0.014314,88.376,87.644,0.01325,0.015035,0.020562,0.010755,0.018975,0.027334,0.010048,0.015493,0.014235,0.010299,0.010643,0.01355,0.013339,0.014539,-0.0029455,0.012346,0.0051901,0.013152,0.013546,-0.0042771,-0.00057459,0.010618,0.010065,0.0666,-0.4334,-0.24629,-0.10808,-1.2667,-0.2667,-0.2666,-0.017727,-0.089836,-0.098801,-0.21249,-0.11312,-0.028211,-0.0096964,0.024969,-0.056509,0.013286,NaN,0.014942,40.733,0,0.1666,3955,-0.019019,-0.061919,-0.066072,0.24681,-0.14199,-0.030604,-0.16218,0.027427,0.046265,0.082474,NaN,0.059146,0.074886,0.01784,0.0039205,0.00068492,0.0013913,-0.0051761,-0.0011377,0.0089277,0.0073401,-0.00097982,0.0096857,-0.00031658,0.018974,-0.0012249,0.00093118,-0.0059716,0.023242,-0.0024741,-0.0066854,0.0032126,0.0047046,0.0017483,0.0020207,0.00037321,0.00040105,-0.014926,-0.006034,0.0053291,0.0022048,0.022342,0.037493,0.025369,0.0483,0.013801,0.011989,-0.0069438,-0.004815,-0.006938,0.0079949,0.012811,0.011318,NaN,0.010344,0.013179,NaN,0.022363,0.018497,0.010314,NaN,0.0035912,0.0094557,1.3934,0.8367,0.8134,0.8733,0.23,0.02,0.0833,-0.0266,1.3633,0.84,0.29,0.61,0.9,0.53,0.009557,NaN,0.0042243,0.0079154,4.9858e-05,0.060224,0.036164,0.039174,0.042784,0.0061136,0.037312,NaN,-0.0003627,0.013566,0.0060092,-0.0020437,482.37,-0.0059658,0.01759,-0.0091745,18.752,NaN,NaN,NaN,NaN,NaN,-0.092108,-0.070077,0.022961,0.008257,81.9,NaN,0.4,0.2,-0.45471,20393,0.031314,-0.00066111,-0.04724,-0.8,0.0667,0.017208,0.0028324,0.4267,-0.8367,0.0433,0.6833,0.062087,0.050975,-0.0048639,0.00077734,-0.0053851,0.008637,0.00067763,0.00078965,0.00072791,0.0066287,0.0052929,-0.001097,-0.012413,-0.007442,-0.013136,0.124,-0.093538,0.032134,-0.031,0.0043,0.97,-0.3,-0.10998,0.052134,-0.10658,-0.066208,0.093949,-0.042919,NaN,0.016529,0.0077,0.015415,0.018936,-5.39,0.05216,2.7979e+05,0.03025,0.023872,1.2,0.022615,0.0081488,0.012494,0.0092,-0.02649
0.010828,-0.00045091,-0.011766,0.008483,-0.0084039,0.041743,0.0076913,0.045103,0.036505,-0.05269,1.3,-0.0070716,-6.3,-5.4961e-05,0.0016114,0.047051,-0.029249,0.0084039,0.010815,0.013227,NaN,0.0083217,0.0061891,-0.0027102,0.0097788,0.016602,0.0025468,-0.011021,-0.013187,0.0015407,0.029982,-0.0082337,88.219,87.584,0.0090631,0.0093528,0.0093977,0.0079725,0.011551,0.013978,0.0021833,0.022115,0.0073386,0.0094268,0.0086526,0.0077189,0.0078565,0.0074438,0.006371,0.0081247,0.0077471,0.0081195,0.0086738,-0.001549,0.0041299,0.012275,0.011334,0.3334,0,0.0024165,-0.063074,0.3,-0.0333,-0.1667,0.056683,0.023784,-0.11538,-0.1431,-0.039005,0.0082106,0.026317,0.032189,0.075282,0.010766,NaN,0.010467,40.733,0,0.0334,3947,-0.10606,-0.095861,-0.10758,-0.11227,-0.06252,-0.19247,0.05563,-0.009098,0.0055221,0.0098313,NaN,0.068329,0.049999,0.015335,0.0070517,0.0065895,0.0037583,0.008705,0.0051758,0.006968,0.0037055,0.0071154,0.0085753,0.0062598,0.0045577,0.00059396,0.0012013,0.013928,0.0079411,0.0060833,0.02112,0.005307,-0.0032858,0.00313,0.0018046,0.0075639,0.013192,0.024616,0.014341,0.0050868,0.002896,0.0020764,9.8719e-05,0.0017127,-0.0062881,0.012204,0.0084459,0.011062,0.044378,-0.01353,0.00037731,-0.0089663,0.0018497,NaN,-0.0069124,-0.0070869,NaN,0.00035031,0.0024448,0.011149,NaN,0.013477,0.006837,1.28,0.9033,0.8033,0.7067,0.2034,0.19,0.0867,0.1266,1.2867,0.84,0.19,0.41,0.2,0.86,-0.00091463,NaN,-0.0090411,-0.0044547,-0.011898,0.053449,0.030637,0.022504,0.038205,0.043412,0.023675,NaN,-0.0029599,0.017596,0.0091928,-0.0054881,475.72,-0.01076,0.021347,-0.014026,23.344,NaN,NaN,NaN,-0.042014,NaN,-0.090531,-0.058022,0.045109,0.0028039,77,NaN,0.4,0.1,-0.94821,-42890,0.0089701,-0.0049036,-0.016694,-0.8,0.1333,0.010049,0.026353,0.14,-1.2133,-1.0967,-0.51,-0.0013033,0.030595,0.0072176,0.0048273,0.002554,0.0074511,0.0020556,0.0016122,0.003025,0.0062934,0.0058087,-0.0018842,0.031298,0.011875,-0.027989,-0.0005,0.057834,0.035276,0.0172,0.0014,1.23,-0.35,-0.15071,-0.22351,-0.012232,-0.15404,-0.091177,-0.16271,NaN,0.024293,0.0081,0.01894,0.015025,67.08,0.046783,3.0207e+05,0.029376,0.024178,52.57,-0.029812,-0.068062,-0.069067,0.2312,-0.11876
-0.0052729,0.0035135,-0.008709,0.0065682,0.0047547,-0.036934,-0.0026741,0.012314,0.0153,-0.043363,0.7,-0.011834,-13.4,-0.0066323,0.010424,0.0033634,-0.028013,0.0045103,-0.0027242,-0.0082505,NaN,0.0085862,0.0065247,-0.0060436,0.010039,0.016514,-0.0025156,-0.012209,-0.020449,-0.0029516,0.029888,0.01845,88.074,87.357,0.0059261,0.0061975,0.0024387,0.0057467,0.0063347,0.0064799,-0.0039985,0.021164,0.0078735,0.0076472,0.0054675,0.0068562,0.0042482,0.0080578,0.021267,0.0053511,0.0046916,0.0042101,0.009379,-0.0065801,0.0050245,0.0084261,0.0062659,0.0333,-0.1333,-0.056558,-0.040294,-0.4,-0.2334,0.1333,-0.0048612,-0.030648,0.019944,-0.10712,-0.0050096,-0.02978,0.0099405,-0.076435,0.062496,0.0056996,NaN,0.0067465,40.667,-0.0667,-0.1,3968,-0.059223,-0.034529,-0.09953,-0.055994,-0.12546,-0.0097452,-0.11928,-0.00045832,0.012856,-0.0060754,NaN,0.047115,0.0328,0.0074085,-0.0010226,-0.00033279,0.0025067,0.0029989,0.0054696,-0.0040025,-0.0029044,0.0018244,-0.0045942,0.0014895,-0.006701,0.0012676,-0.00078795,-0.0038226,-0.0010147,-0.0090074,-0.016241,-0.0023416,-0.00070509,0.00071059,-0.0011826,-0.0036293,0.0015803,0.0001105,0.0097919,-0.0011628,-0.00010849,-0.0024497,-0.0071727,-0.0034755,0.0030823,-0.018045,-0.02396,0.024265,0.04351,0.11793,0.0029087,-0.0018383,0.0052834,NaN,-0.0023577,-0.0011259,NaN,-0.0094601,-0.013941,0.032376,NaN,0.026614,-0.011377,2.7433,1.72,1.6167,1.49,0.4,0.81,0.28,0.3734,1.26,1.25,0.08,0.18,-1.12,1.62,0.0016464,NaN,-0.007964,-0.0055073,-0.012732,0.033613,0.019113,0.017328,0.032925,0.052435,0.019346,NaN,0.022159,0.017328,0.012818,0.022758,484.48,0.019554,0.030106,0.020425,18.034,NaN,NaN,NaN,-0.024459,NaN,-0.071452,0.00076534,-0.021169,0.0038924,72,NaN,0.3,0.1,-0.22011,-20931,0.0073944,0.032256,-0.0088375,-0.3,-0.1,0.038118,0.044225,0.6167,-2.2367,-3.2233,-2.9733,0.010444,-0.04698,-0.0068643,-0.0098179,-0.0026719,-0.0027544,-0.0035134,0.0040535,-0.00087961,-0.0034015,-0.00044692,0.0020732,0.016362,0.016641,0.013305,0.018,0.040598,0.031668,0.0069,0.0009,2.48,-0.62,-0.081093,-0.011867,-0.18402,-0.031675,0.030457,-0.013661,NaN,0.015873,0.0078,0.013048,0.0097967,-72.87,0.014935,2.8916e+05,0.02365,0.026267,-31.82,0.058596,-0.022275,-0.019027,0.1134,-0.078093
0.0094475,-0.0029869,-0.023256,0.0036277,-0.0038823,0.035,-0.0082379,0.016209,0.0074859,-0.045966,1.7,0.0074754,0.9,0.01749,0.012081,0.048016,0.0074345,0.010882,-0.001255,0.0099738,NaN,0.01482,0.015213,0.0073965,0.016446,0.018501,0.024333,-0.0032848,-0.0097713,0.0126,0.032357,-0.010968,88.526,88.118,0.0094685,0.0093397,0.0081869,0.010466,0.0071949,0.010275,0.0048334,7.8717e-05,0.016014,0.0057394,0.0086862,0.014309,0.010912,0.015265,0.023631,0.0082101,0.010055,0.0098128,0.0088697,0.0088433,0.0091843,0.010776,0.010558,0.3,-0.0333,-0.058921,0.034417,0.3334,-0.0666,-0.1666,-0.013229,-0.008454,-0.028614,0.10712,0.016536,-0.057625,0.094321,-0.030443,0.028743,0.0059009,NaN,0.0049626,40.6,-0.0666,-0.0667,3904,-0.205,-0.22095,-0.2625,-0.29745,-0.12047,-0.19254,-0.19331,0.029145,0.011977,0.02244,NaN,0.051804,0.06538,0.023568,0.0022148,0.00062187,-0.0017496,-0.0087627,-0.00017437,0.0032177,-0.0017466,0.0013557,0.0051842,0.0020848,-0.0037948,-0.00034923,0.0015278,-0.0051179,-0.011898,0.0029464,0.07709,0.0014595,0.0027734,0.0036355,0.0035774,0.0039017,0.012685,0.0016606,-0.0097743,0.0054466,0.0063706,-0.013496,-0.032469,-0.014946,-0.051946,0.013511,0.0065249,0.015801,0.068209,0.046228,0.0012587,0.0041201,0.0027006,NaN,-0.0049621,-0.0064476,NaN,-0.0062382,0.0040612,0.014458,NaN,0.026238,0.017864,-0.5633,-0.8233,-0.7934,-1.0934,-0.4534,0.18,0.0633,-0.03,1.6833,1.88,0.11,-0.09,-0.75,1.68,-0.0088122,NaN,-0.012536,-0.01226,-0.019603,0.0038609,0.011419,0.011364,0.027053,0.035418,0.012786,NaN,-0.017127,0.011665,0.00078311,-0.020748,469.4,-0.028062,0.015344,-0.032302,29.043,NaN,NaN,NaN,0.026884,NaN,0.063721,0.036456,-0.040911,-0.0039924,76.5,NaN,0.5,0.3,-0.35076,-3928.9,0.018556,-0.031994,0.027827,0.2667,0.1,-0.0078192,0.016606,-0.5067,-2.4967,-3.1667,-2.3467,-0.12399,0.025739,0.0045173,0.012835,0.018583,0.00012473,0.002735,0.011992,0.011906,0.0023999,0.0038995,-0.001073,-0.0222,-0.012067,0.033891,-0.018,0.041195,0.034136,-0.0138,-0.0011,-0.76,-0.82,-0.25951,-0.2608,-0.24028,-0.30404,-0.087206,-0.033572,NaN,0.03482,0.0082,0.014706,0.010752,53.84,0.0017392,2.9716e+05,0.012222,0.015329,40.39,-0.025533,-0.027729,-0.028074,0.1885,-0.087525
-0.0086348,-0.008987,-0.023181,-0.0018818,-0.013412,-0.058801,-0.01955,0.0011763,-0.0010317,-0.066831,0.8,0.017902,10,0.0088449,0.012526,0.012889,-0.034504,-0.016742,-0.0065516,-0.014442,NaN,-0.008861,-0.015504,-0.02575,-0.0052555,-0.019296,0.022409,-0.067917,-0.14642,-0.0062475,0.0050419,-0.024077,86.972,86.597,0.0046646,0.0041538,-0.0014221,0.0068537,-0.00035149,-0.0026817,0.00060253,0.00055091,0.010875,0.0095486,0.0036997,0.0081739,0.0020944,0.010809,0.022172,0.0057714,0.0069857,-0.00018107,0.014377,0.0098266,0.011893,0.0042622,0.0054738,0.2333,0.3666,0.32584,-0.0098395,0.1333,0.4333,0.2666,0.080745,0.085273,0.072085,-0.017911,0.18081,-0.01614,0.012522,0.040388,0.029246,-0.0001314,NaN,-0.0043146,40.433,-0.1667,-0.2333,3735,-0.034903,-0.10902,0.0072887,0.065293,0,-0.065574,-0.097811,-0.0049098,0.0062527,0.0097014,NaN,0.055022,0.03051,0.01254,0.009078,0.0032056,0.0028772,0.008585,0.0011058,0.016633,0.00784,0.0017444,0.019982,0.0010884,0.0029172,0.011605,0.0055923,0.016826,0.014258,0.009605,0.076545,0.0073423,0.0015682,0.0036986,0.0010497,-0.00042264,-0.01738,0.008461,0.008589,0.0043377,-0.00097878,0.032548,0.057021,0.033912,0.04019,0.035255,0.039996,0.030518,0.3113,0.83558,-0.0029498,-0.0065368,-0.0031964,NaN,-0.0067657,-0.011491,NaN,-0.0022209,-0.014298,0.032146,NaN,0.024803,0.017678,-0.6734,0.1167,-0.1333,-0.06,0.3,-0.16,0.2467,0.1066,1.49,1.41,-0.14,-0.26,-0.56,0.88,-0.0072176,NaN,-0.012932,-0.010989,-0.018452,0.01629,0.0036851,0.0018996,0.016506,-0.012935,0.0010189,NaN,-0.011178,-0.010529,0.0062135,-0.011262,471.97,-0.0068003,-0.024009,-0.0085149,22.298,NaN,NaN,NaN,0.035938,NaN,0.023764,0.054974,-0.04213,-0.020103,61.8,NaN,0.5,0.7,-0.0093,-37097,-0.0079646,-0.030664,-0.011483,-0.2667,-0.2333,-0.016918,-0.031716,0.1967,-1.7067,-2.2967,-1.4267,0.077693,0.059746,0.0063464,0.023832,-0.0096744,0.011222,0.0053993,-0.0069883,0.0031737,0.010376,0.005704,-0.0039543,-0.044589,-0.029102,-0.0068606,-0.1006,0.18259,0.048601,0.0069,0.0008,-0.68,-0.82,-0.003226,0.080134,-0.044479,0.037583,0.0073253,-0.083146,NaN,0,0.0084,0.01629,0.017109,50.9,0.023556,3.0915e+05,0.0046258,-0.0010165,15.25,-0.01602,-0.065996,-0.071964,0.2907,-0.13185
0.002374,0.0035941,0.0055707,0.0099581,-0.0066283,-0.0039996,-0.012304,-0.0015884,-0.0017201,-0.041196,1.1,0.0049971,-1.4,0.016636,0.012292,0.04761,0.05162,-0.0093444,-0.00031607,0.00146,NaN,0.00058948,0.0038149,0.0041659,-0.0015544,-0.0009154,-0.0076711,-0.00050004,0.024578,0.0062534,0.0033041,0.071754,86.353,85.738,0.0037645,0.0031727,-0.0024044,0.006722,-0.0030702,0.00043302,-0.0069745,-0.011156,0.01082,0.0056525,0.0010765,0.0077734,0.0079066,0.010855,0.026151,0.0052915,0.006445,0.0068614,0.0067424,0.0082131,0.009767,0.0046435,0.0014329,-0.1666,0.0667,0.047344,0.028657,0.5333,-0.0333,0,0.0063291,0.034594,0.088473,0.078187,-0.026401,0.1226,-0.015678,-0.010998,-0.017469,-0.0019292,NaN,0.0026481,40,-0.1,-0.2667,3769,-0.04558,-0.19744,-0.17206,-0.0066256,-0.13862,-0.064961,0.015765,-0.0049422,0.033157,0.021843,NaN,0.044054,-0.037456,0.016389,-0.0014137,0.0075089,0.0019193,0.0089931,0.0039477,-0.005947,0.01397,0.003007,-0.014408,0.0027367,0.02767,0.010409,0.0020759,-0.0010663,-0.023173,0.011519,-0.085462,0.017718,-0.00097756,0.0066895,0.0096853,0.0081575,0.00586,-0.0045433,0.0038081,-0.0028921,0.010131,-0.01846,-0.030728,-0.02746,-0.069102,0.018805,0.006065,0.015004,0.015332,-0.024505,-0.0022935,-0.0065579,0.0017221,NaN,-0.00059364,0.0042111,NaN,-0.0029619,0.0033877,0.027217,NaN,0.028789,0.048841,1.9267,0.5366,0.8,1.3367,0.49,0.41,0.4666,0.52,1.52,1.34,0.13,0.54,-0.61,2.49,-0.00092929,NaN,-0.017024,-0.014435,-0.018854,0.045691,-0.0078459,-0.0091943,0.013524,0.026694,-0.0070422,NaN,-0.023863,0.0066584,0.016003,-0.027836,463.33,-0.023427,-0.025153,-0.028156,23.703,NaN,NaN,NaN,-0.03781,NaN,-0.073894,-0.037028,0.050339,-0.01501,72.1,NaN,0.5,1.1,-0.76987,-49530,-0.0012705,0.054852,0.10194,0.1,-0.3667,0.0017904,-0.040895,1.04,-3.0967,-3.1833,-2.8867,-0.15833,0.032596,0.0074549,0.0022131,0.011873,-0.0081307,0.012513,0.004293,0.0043456,-0.0063073,-0.0049763,0.01147,0.032783,0.0096942,-0.026996,-0.0054,-0.042868,0.04738,0.0103,-0.0009,2.14,-0.61,-0.17044,-0.20165,-0.2352,-0.051509,0.041749,-0.10258,NaN,0.011342,0.0089,0.024824,0.021493,123.36,0.024521,3.3458e+05,0.0021771,-0.0046669,52.36,-0.054523,-0.053975,-0.04404,0.2644,-0.1092
-0.0094963,0.0042864,0.0056301,0.0052586,0.0021238,-0.05322,-0.016596,0.0048394,-0.010256,-0.034458,0.4,0.0019906,2.6,0.0088595,-0.0018015,-0.055381,-0.017632,0.00090326,-0.01375,-0.013925,NaN,-0.0039493,0.0043222,0.0011236,-0.0069769,-0.011243,-0.009509,0.0063122,0.041616,-0.0011546,0.011718,-0.00071836,85.447,84.765,0.0014001,-0.00029556,-0.006476,0.0066229,-0.010835,-0.0056149,-0.0078696,-0.036954,0.011327,0.0033928,-0.0010765,0.0071605,0.0068143,0.010898,0.023748,0.0038867,0.0090327,0.0060689,0.0054909,0.0071025,0.010001,0.0093416,0.0028213,0.1666,0.4333,0.39261,0.029325,0.9,0.3,0.5,0.074891,0.083792,0.07212,0.0794,0.10105,0.094065,0.044589,0.076512,0.082556,-0.0056189,NaN,-0.0035223,40.1,-0.0333,0.1,3453,-0.23109,-0.49862,-0.23159,-0.16257,-0.18232,-0.3013,-0.20532,-0.012464,0.032064,0.024902,NaN,0.048674,0.095722,0.0040665,-0.0012834,0.0036555,0.0083887,0.0088661,0.0063122,-0.0021067,0.0124,-0.00048343,-0.0080984,0.00066295,0.022415,0.0086912,0.006533,0.00012812,-0.0022395,0.0012793,-0.073707,0.011662,0.0015049,0.005572,0.0042626,-0.000689,0.0043058,0.001008,-0.0097376,0.0013222,0.0080307,0.016678,0.034481,0.016187,0.047038,-0.013789,0.018005,0.0068181,0.08078,-0.0282,-0.0056492,0.0015151,0.0043557,NaN,0.0015196,0.0041205,NaN,-0.010234,-0.008316,0.040171,NaN,0.039504,0.014591,0.84,0.0367,0.2467,0.32,0.42,0.73,0.6234,0.7467,1.8467,1.64,0.34,0.82,-0.23,3.5,-0.0082138,NaN,-0.018919,-0.01709,-0.019381,0.018823,-0.01923,-0.015999,-0.0023688,0.054967,-0.011524,NaN,-0.031869,-0.0013477,-0.0022507,-0.035982,446.55,-0.036352,-0.018712,-0.04428,33.536,NaN,NaN,NaN,0.02736,NaN,0.0012416,0.060799,-0.019756,0.015928,64.4,NaN,-0.2,0.1,-0.13193,-20898,-0.0037692,-0.0096274,0.015069,0.0667,0.1,0.0030445,0.015217,0.3933,-3.9,-3.63,-3.1033,0.1377,-0.12973,-0.0011356,-0.011588,0.011688,-8.9818e-05,0.013522,0.0092455,0.0032708,0.0018701,0.0026793,0.0071758,0.035281,0.013291,-0.015538,-0.1258,0.12129,0.054757,0.0173,-0.0025,1.05,-0.4,-0.22698,-0.10491,-0.30283,-0.24716,-0.083107,-0.24776,NaN,0,0.0105,0.024223,0.027203,340,0.0074896,3.9423e+05,0.0095749,0.010222,195.39,-0.15657,-0.19628,-0.18164,0.9608,-0.24648
-0.003889,-0.014725,-0.10047,0.010185,-0.018142,0.0060506,-0.055576,-0.041601,-0.026633,-0.14027,1.3,0.0047804,4,-0.041393,0.00037162,0.025784,-0.0099731,-0.0013368,-0.0075278,-0.0069709,NaN,-0.040507,-0.02545,-0.035491,-0.051488,-0.052486,-0.064032,-0.074415,-0.067192,-0.018898,-0.011096,-0.0003655,81.591,80.525,-0.0056036,-0.0096666,-0.028841,0.003734,-0.028023,-0.030141,-0.026737,-0.031022,0.0069453,0.0005781,-0.012853,0.0015475,0.00212,0.0063553,0.0069294,-0.0011878,0.0124,0.00043902,0.00063834,0.00057996,0.016484,0.014923,-0.0056507,-0.0666,0.9667,0.90226,0.069891,1.5,0.9333,0.9,0.12452,0.20326,0.2168,0.15831,0.2702,0.058601,0.041444,0.12287,0.13076,-0.014971,NaN,-0.016665,39.6,-0.3,-0.4667,2857,-0.16115,-0.35318,-0.10822,-0.072991,-0.19654,-0.21056,-0.15629,-0.043163,-0.024862,-0.14829,NaN,-0.015557,-0.19305,0.02205,-0.0015324,-0.0040742,-0.00047323,-0.0019197,-0.0013475,-0.0018072,-0.0066101,-0.0011436,0.00021503,-0.0012378,-0.015976,-0.0028707,-0.0024052,0.008184,0.020224,-0.016055,-0.028607,-0.0073739,0.0039369,-0.0028715,0.0017456,0.0016601,-0.0051167,-0.00091544,-0.010188,0.0024969,-0.0049723,-0.0021246,-0.034266,0.00070724,0.021369,-0.036369,-0.043024,0.0664,-0.016521,0.074671,-0.0049883,-0.0012784,0.0029506,NaN,-0.002998,-0.0056298,NaN,0.0091398,0.0080124,0.016636,NaN,0.018116,0.050635,-2.7433,-0.83,-1.07,-1.3367,-0.2933,0.18,0.03,0.76,2.9,2.12,0.1,0.31,0.31,1.87,-0.0094159,NaN,-0.01828,-0.015073,-0.016757,-0.0018762,-0.023678,-0.025807,-0.0093178,0.011838,-0.02331,NaN,0.0018808,-0.0053272,-0.0039904,0.0028653,448.43,0.0011022,0.0041425,-0.00061325,29.299,NaN,NaN,NaN,-0.0020113,NaN,-0.080963,0.0083733,-0.0091458,0.0053887,59.5,NaN,0.4,-0.1,-0.06501,-3799.6,-0.044804,-0.00020122,6.6014e-05,0.1,-0.3666,-0.031315,0.051797,-0.8067,-1.9867,-1.6933,-0.33,-0.023523,-0.092249,-0.0094201,-0.0099219,-0.010456,0.0046859,-0.00080163,-0.0039442,-0.0056805,0.0016926,0.0024411,-0.0043632,-0.022049,-0.025539,0.023925,-0.1953,0.3093,0.053623,0.0998,-0.0035,-2.46,-0.12,0.087411,-0.11219,-0.22052,-0.089526,-0.12967,-0.077807,NaN,-0.11544,0.0085,0.021979,0.068259,-51.89,-0.0059255,3.5667e+05,-0.0018725,-0.00062188,-115.07,0.094212,-0.070493,-0.094513,0.3841,-0.11313
-0.012248,0.0083525,0.02029,0.0093161,0.0017357,-0.17564,-0.059076,-0.075808,-0.058741,-0.059403,-0.6,0.010831,-4.1,-0.045064,0.02914,0.0069504,-0.10574,-0.0015054,-0.024053,-0.0185,NaN,-0.06836,-0.067196,-0.063247,-0.070105,-0.1107,-0.09649,-0.13324,-0.15538,-0.03563,-0.084172,-0.0086958,75.813,73.569,-0.015849,-0.022442,-0.055703,-0.001528,-0.051668,-0.061562,-0.046315,-0.048505,0.004501,-0.0025627,-0.0299,-0.0055933,-0.0047915,0.0044248,0.02346,-0.010775,0.012543,-0.0066525,-0.010245,-0.00034793,0.02002,0.014128,-0.014327,-0.0667,1.6667,1.3956,0.26526,1.8667,1.7,1.6334,0.058163,0.30129,0.44154,0.43528,0.36384,0.10526,-0.023471,0.021763,0.17482,-0.032357,NaN,-0.031952,38.967,-0.3,-0.4333,2408,-0.047342,-0.015063,-0.13469,-0.083956,0.066922,-0.021053,-0.12756,-0.04044,0.026057,-0.11777,NaN,-0.057197,-0.093642,-0.015622,-0.0064543,-0.0047437,-0.0075362,-0.0027427,-0.0065043,-0.014213,-0.01524,0.00072736,-0.013836,0.00043693,-0.025166,-0.012157,-0.0020205,-0.015565,-0.027038,-0.010657,0.018293,-0.0099692,0.0072741,-0.0064219,-0.0046836,-0.0016354,-0.0031251,-0.0033409,0.00072914,-0.009099,-0.0077424,-0.034368,-0.034966,-0.037013,-0.060428,-0.015042,-0.043273,0.075768,-0.016251,-0.019385,-0.0056463,-0.00012069,-0.00031273,NaN,0.0087658,0.01117,NaN,0.0078876,0.013848,0.018475,NaN,0.022001,0.049426,-3.0434,-1.61,-1.59,-1.3666,-0.13,-0.64,-0.31,0.0767,3.1067,1.61,0.12,0.56,1.79,0.85,-0.0079788,NaN,-0.014983,-0.0023142,-0.0037966,-0.020767,-0.0228,-0.01823,-0.0086019,-0.036245,-0.019436,NaN,0.022278,-0.020318,-0.018812,0.027933,461.83,0.022141,0.022675,0.024731,23.882,NaN,NaN,NaN,-0.029085,NaN,-0.097356,-0.023113,0.026605,0.012495,57.6,NaN,0.2,-0.8,0.73836,27757,-0.084727,-0.012142,-0.0031582,1.5333,-0.6667,-0.015256,-0.045963,-0.38,-0.5533,0.97,2.4033,-0.10718,0.010553,-0.0094565,-0.0045139,0.0013751,-0.012034,-0.0096816,-0.0071958,-0.0052548,-0.011797,-0.010923,-0.0067059,-0.030003,-0.018905,0.015227,-0.1589,0.1653,0.019269,0.0655,-0.002,-2.63,0.3,-0.37509,-0.10946,-0.1242,-0.029121,0.079723,0.13933,NaN,0.27494,0.0094,0.011638,-0.067589,-425.86,-0.0026751,2.9846e+05,0.0017325,0.0030901,-183.21,0.17551,0.12695,0.12571,-0.543,0.11532
0.00712,0.016315,0.01872,0.011884,0.021806,-0.030223,-0.011945,-0.021224,-0.024322,0.026914,-0.8,-0.0084872,-3.9,-0.14092,-0.0072316,-0.029585,-0.083405,0.045219,0.0066266,0.0079192,NaN,-0.013594,0.0059533,0.025735,-0.025672,-0.04859,-0.0043596,0.056557,0.12265,0.01395,-0.041168,0.018727,74.426,71.939,-0.0054467,-0.0082542,-0.019844,0.0016963,-0.024004,-0.028328,-0.0064968,-0.04985,0.0064999,0.00074469,-0.012605,0.0011101,0.0030353,0.0061306,0.0058848,-0.0031155,0.0063481,0.0015707,-0.0040177,-0.00011603,0.0049429,0.0089913,-0.00029293,0.1333,0.6,0.17211,0.4391,0.8,0.7667,0.3333,-0.065154,0.0056858,0.30787,0.46418,0.14787,0.065279,0.061672,-0.0055027,-0.023946,-0.0081622,NaN,-0.0092559,39.067,0,0,2402,0.092544,-0.14492,0.23088,-0.0078741,-0.0862,0.079224,0.33501,-0.0098155,0.033249,-0.013828,NaN,-0.060947,-0.056419,-0.01519,-0.006428,-0.0042705,-0.0079357,-0.010999,-0.010061,-0.0069652,0.0022777,-0.0060446,-0.010571,-0.0056511,0.0082027,-0.0057694,0.0066737,-0.0025738,-0.020112,-0.0010434,0.015529,-0.015257,-0.010581,-0.0026462,-0.0065803,-0.012031,-0.0085281,0.0013487,0.0018922,-0.0091723,-0.0054053,0.0039575,0.0116,0.0075582,0.025545,-0.0045154,-0.0086817,0.12912,0.042261,-0.015113,-0.0036749,0.0028336,6.6984e-05,NaN,0.0091599,0.0087062,NaN,0.0159,0.016082,0.0045861,NaN,0.0052277,0.031749,-0.8833,-0.3567,-0.1334,0.22,0.51,-0.28,0.1666,-0.0167,2.58,0.82,0.34,1.13,2.66,0.43,0.003807,NaN,0.0030527,0.023989,0.018951,-0.036337,-0.022334,-0.023855,-0.0065105,0.0026562,-0.022073,NaN,0.02407,0.0045101,-0.040709,0.026576,453.3,0.024925,0.021585,0.026917,19.888,0.0063804,NaN,NaN,0.0074583,NaN,0.010447,-0.0025026,-0.028926,0.023162,72.8,NaN,-0.4,-0.7,0.74213,61287,-0.017307,0.051342,-0.03876,2.4667,0.2,-0.0092926,-0.035522,0.4667,-0.0267,2.32,3.4533,0.12133,0.029652,-0.0032652,-0.00090911,-0.0037231,-0.0084529,-0.0071654,-0.0060518,-0.0068549,-0.0069395,-0.0084316,-0.0050131,0.01765,-0.019221,0.033322,-0.0246,-0.067769,-0.0062687,-0.0104,-0.0045,-0.77,0.41,0.23335,0.24382,0.25098,0.19699,0.096625,0.14267,NaN,0,0.0087,0.0098685,0.01664,-80.03,0.0095723,2.8103e+05,0.012429,0.013305,-53.42,0.06974,0.12238,0.13057,-0.487,0.12999
0.016972,0.014112,0.060349,0.004728,0.0096596,0.074667,0.023839,0.012179,0.0106,0.06331,-0.1,0.018508,10.7,0.14593,0.012707,-0.017013,0.079858,-0.014643,0.021198,0.021019,NaN,0.024259,0.029693,0.044721,0.02143,0.016178,0.063116,0.079886,0.087139,0.030662,-0.0023403,0.0074683,75.868,73.851,0.0067107,0.0075149,0.0041948,0.007956,0.0034264,-0.0032779,0.015713,-0.0020692,0.014562,0.0054442,0.0011377,0.011417,0.013187,0.014315,0.011667,0.0074823,0.0033498,0.012207,0.006091,0.0048606,0.00020981,0.0039914,0.0093779,-0.0666,-0.4,-0.74868,0.38768,-0.1,-0.3,-0.5333,-0.031026,-0.1262,-0.07495,0.28627,-0.036147,-0.034756,-0.024214,0.077558,-0.091251,0.010181,NaN,0.009066,39.633,0.1666,0.3333,2561,0.15455,0.28622,0.12144,0.23909,0.16349,0.14534,0.079481,0.019427,0.037434,0.073084,NaN,-0.032188,0.032641,-0.0034977,0.0063197,-0.00019052,0.0030912,-0.010826,0.0038971,0.011221,-0.0069133,0.001896,0.018486,0.0012802,-0.0036814,-0.007058,-0.01637,0.00051152,0.030069,0.0043075,0.040369,-0.0065651,9.3659e-05,0.0033764,-0.0018268,0.0016631,0.00046435,-0.0095345,0.010341,0.0078768,-0.0026972,0.0094614,0.010096,0.014652,0.018563,0.00048318,0.015624,0.033562,0.038579,-0.014912,0.0012922,-0.0055693,0.0049412,NaN,-0.0023821,-0.0060994,NaN,0.012122,0.010843,0.0029026,NaN,0.0053906,0.031418,0.74,0.9367,1.0534,0.9933,0.2467,0.12,0.04,-0.0467,2.2867,0.69,0.46,1.19,1.97,0.24,-0.004952,NaN,-0.0012072,0.015949,0.011053,-0.030679,-0.010533,-0.015779,-0.013199,0.03707,-0.012093,NaN,-0.01247,0.012516,0.02716,-0.015683,452.83,-0.011693,-0.014735,-0.014164,22.269,-0.012945,NaN,NaN,0.042221,NaN,0.056524,0.019382,-0.088303,0.0086707,75.7,NaN,-0.5,0.1,0.10226,36534,0.031327,-0.012887,0.043561,1.7,0.5333,0.028234,0.020723,0.4667,0.17,2.0467,2.7533,-0.0012136,0.011455,0.0036696,0.019704,-0.0034534,0.010143,-0.0044397,0.0011429,0.0023069,0.0099438,0.0084485,0.00043238,0.039609,-0.0048959,-0.01693,0.0306,-0.1263,0.0034019,-0.0585,-0.0037,0.74,0.41,0.068655,0.15164,0.10003,0.1437,-0.066418,-0.012665,NaN,0.0063898,0.0087,-0.001638,-0.010322,-27.54,-0.0020603,2.7804e+05,-0.0014218,-0.0012277,-9.02,0.0086219,-0.016413,-0.018475,0.0853,0.00532
0.013375,0.010696,0.028752,0.01427,-0.0024189,0.027531,0.019675,0.014635,0.011862,0.041827,0,0.0087227,1.3,0.011727,0.013283,0.054998,0.052003,0.0077869,0.018013,0.016875,NaN,0.021576,0.016701,0.018381,0.026801,0.024427,0.044835,0.019703,0.0096523,0.017798,0.015824,-0.016472,77.091,75.326,0.0090054,0.010115,0.014633,0.0065612,0.015438,0.0099968,0.021669,0.019672,0.0084576,0.006723,0.0059924,0.0091714,0.0083398,0.0084609,0.013578,0.0061114,0.0043447,0.0078637,0.0082418,0.0024214,0.0060651,0.0043534,0.0041862,-0.1334,-0.1667,-0.27875,0.070545,-0.7667,-0.1667,-0.0334,-0.014815,-0.0097674,-0.14519,0.045472,-0.094737,0.014571,0.066757,0.027123,-0.017329,0.014321,NaN,0.017096,40,0.1,0.0667,2663,0.070769,-0.0088236,0.068733,0.046615,-0.031482,0.10288,0.097351,0.0092283,0.019435,-0.020719,NaN,-0.03522,-0.045465,-0.0035759,-0.0019124,0.0012395,-0.00092198,0.0016083,-0.002258,-0.0053755,0.0043458,0.0012485,-0.0093177,0.0021581,0.005235,0.0045985,0.005584,-0.0022575,-0.0089962,-0.0031959,-0.04001,0.0037775,0.0054126,0.0030476,0.00051771,0.0028738,0.0051879,0.011167,-0.014035,-0.0015926,0.0040732,-0.0055561,-0.010441,-0.0090316,-0.023253,0.0076141,0.0095667,0.0052014,0.0095112,-0.016139,0.00048609,-0.010316,0.00126,NaN,-0.0021158,0.0012286,NaN,0.00091388,0.0025575,0.016951,NaN,0.015198,0.012564,-0.7467,-0.7033,-0.82,-0.84,-0.2334,0.17,-0.1033,-0.0033,2.5167,1.09,0.34,1.05,2.44,0.38,-0.0042101,NaN,-0.01151,0.005614,0.00032807,-0.017445,0.0025664,0.00041437,-0.0049897,0.017838,0.0016699,NaN,0.013181,0.015311,0.0075243,0.012903,455.15,0.014603,0.0090222,0.015179,18.729,0.001669,NaN,NaN,0.010979,NaN,-0.0065441,0.018055,-0.040775,-0.012985,75.6,NaN,0.3,0.2,0.34967,47028,0.025337,-0.030713,0.006657,0.6,0.2667,0.0067965,0.016802,-0.3634,0.2133,2.43,3.3967,-0.022613,0.019479,0.0013272,-0.0049451,-0.0052723,-0.0060127,-0.0019581,0.0071617,0.0015683,-0.0027622,-0.0015783,-0.00087395,-0.018889,0.045514,0.0006232,0.0205,-0.11304,0.0095473,-0.0172,-0.0012,-0.57,0.59,-0.0071344,0.063282,0.081329,0.093901,0.01588,-0.038739,NaN,-0.0031898,0.0083,0.001638,0.003368,-68.83,0.00067426,2.6404e+05,0.0026225,0.0032139,-43.69,0.052348,0.016862,0.015241,-0.0995,0.056686
0.022238,0.019797,0.049165,0.011579,0.020112,0.092111,0.040079,0.012853,0.021195,0.090838,0.8,0.0015711,-3.9,0.040231,0.011201,-0.006927,0.060765,0.012003,0.031015,0.02861,NaN,0.030289,0.023036,0.021855,0.037652,0.056432,0.02692,0.036746,0.035056,0.01556,0.028178,0.022046,78.975,77.357,0.013309,0.015461,0.019209,0.011081,0.019124,0.022436,0.014319,0.02083,0.014057,0.0063534,0.013313,0.013601,0.016357,0.013844,0.0097601,0.014207,0.0041924,0.016365,0.010417,-0.0043859,0.0053028,0.0065885,0.013649,0.1667,-0.5667,-0.48645,-0.049629,-0.3666,-0.7667,-0.3333,-0.032016,-0.12254,-0.16829,-0.022696,-0.13188,-0.0041914,-0.033414,-0.00076486,0.011247,0.014298,NaN,0.016318,40.3,0.1,0.2667,2870,0.072118,-0.0029587,0.073653,0.087176,0.14097,0.064938,0.033086,0.036425,0.033809,0.079586,NaN,-0.023448,0.043942,0.012204,-0.0056467,-0.0010655,-0.0056882,-0.0046894,-0.0064701,-0.0085915,-0.0018462,-0.0031184,-0.011465,-0.0039396,-0.0011743,-0.0023538,-0.0045682,0.0010538,-0.021288,0.0045269,-0.027782,0.0044214,-0.0038323,-0.0052848,-0.0017604,-0.0011403,-0.0045267,-0.012576,0.0018781,-0.006866,0.0014928,-0.018514,-0.0062142,-0.024061,-0.044416,-0.0038631,-0.0087019,0.022741,-0.059078,0.037443,0.00058635,-0.0025387,0.0074183,NaN,0.0076132,0.010018,NaN,0.01469,0.014309,0.0070989,NaN,0.0043229,0.022731,-0.5866,-0.71,-0.7067,-0.7033,-0.31,-0.3,-0.2533,-0.3233,2.5033,1.11,0.34,1.06,2.84,0.26,0.0015331,NaN,0.0030823,0.019889,0.01949,-0.023335,0.0069134,0.012218,0.0070859,-0.036092,0.0087866,NaN,0.015951,-0.0026975,-0.014701,0.018363,458.05,0.019737,0.0047612,0.021178,18.686,-0.0070766,NaN,NaN,0.00046392,NaN,-0.02704,-0.0041854,-0.021378,-0.022158,84.6,NaN,-0.2,0.3,0.25503,59242,0.032826,0.013368,0.03485,0.3,0.3,-0.0088344,-0.012373,-0.3766,0.09,2.64,3.73,-0.05509,-0.013315,0.0026476,-0.007671,0.0063487,-0.011296,-0.0035642,0.0020718,-0.002779,-0.0083299,-0.0074066,0.005432,-0.0080934,-0.010428,-0.016027,0.0491,-0.10215,0.014916,-0.0414,0.0005,-0.82,0.35,0.0023836,0.076043,0.080562,0.093202,0.073783,0.12943,NaN,0.015848,0.0085,0.011391,0.01828,37.17,0.015384,2.7041e+05,0.010217,0.0086406,14.97,-0.0084634,0.11045,0.11261,-0.4352,0.14343
0.0073102,0.0091585,0.0047594,0.0066324,0.015278,0.038817,0.016392,0.018613,0.013192,0.02457,1.2,-0.011189,-1.4,0.011921,-0.017668,0.01003,0.042397,0.0056635,0.0097541,0.0088114,NaN,0.012699,0.0081913,0.0068498,0.016307,0.03346,0.0085582,0.0026879,-0.0042881,0.008618,0.020504,0.022292,79.458,78.088,0.006801,0.008484,0.0082891,0.0073836,0.0052851,0.014014,-0.00048367,-0.0086266,0.012351,0.0075228,0.007461,0.010824,0.011604,0.012462,0.0036356,0.0092913,-0.00040064,0.010791,0.0085018,-0.0066152,0.0084676,-0.0016149,0.010272,0.2333,-0.1666,0.022452,-0.21932,-0.3,-0.0666,-0.3333,0.041213,0.034005,-0.14676,-0.13886,-0.0015493,-0.033274,0.0433,-0.00038259,-0.025273,0.0022862,NaN,0.00039806,40.033,-0.1333,-0.1,2970,0.0053026,0.18109,-0.0099109,0.05731,-0.13247,-0.047205,0.095848,0.014592,0.022969,0.034452,NaN,-0.0015069,0.047299,0.018527,-0.0026371,-0.0031753,-0.00098145,0.0080772,0.00056704,-0.0015554,-0.0023542,-0.0035847,-0.0013419,-0.0026964,-0.0028332,-0.0044098,0.0014598,-0.003542,-0.00095837,-4.7842e-05,-0.00078231,-0.0035918,-0.0026593,-0.0022535,-0.0026075,-0.0030848,0.00044152,-0.013926,0.0010709,-0.002489,-0.0050071,0.0071997,0.010996,0.011135,0.035218,-0.00080447,0.0026639,0.078472,-0.024853,0.02218,0.0041998,0.0099322,0.0061423,NaN,0.0097662,0.0090406,NaN,0.0093576,0.0065294,0.01141,NaN,0.0093026,0.013783,0.37,0.24,0.2633,0.3033,0.02,-0.08,-0.0234,-0.36,2.1233,1.01,0.37,1.12,2.62,0.3,0.012368,NaN,0.008046,0.020679,0.019879,-0.028935,0.012693,0.010685,0.019683,0.019694,0.011313,NaN,0.017457,0.021991,0.016328,0.016876,463.22,0.013528,0.029071,0.014062,16.668,0.029503,NaN,NaN,0.01122,NaN,-0.032986,-0.010471,-0.10158,-0.01641,83.3,NaN,0,0.3,0.50951,50135,0.016243,0.0096084,0.041303,-0.5334,-0.2,-0.0075712,-0.0097935,0.0166,-0.04,2.2867,3.3367,0.068477,0.059069,-0.0018941,-0.0029019,-0.00057158,0.00054011,0.0054245,-0.012885,-0.0032516,-0.0012413,-0.0036369,-0.0028706,0.025344,0.018272,0.0031585,0.0206,0.067706,0.026122,0.0035,0.0007,0.27,0.26,-0.011976,-0.025458,-0.00089025,-0.0055198,0.008652,0.019445,NaN,0.015601,0.0086,0.017643,0.025511,33.3,0.015411,2.7403e+05,0.023856,0.026428,21.69,0.0021363,0.021013,0.023003,-0.0291,0.018195
0.0054722,0.010474,0.011471,0.01202,0.0076446,0.0034786,0.011235,0.026889,0.02163,-0.015688,1.1,-0.0029305,0.6,0.011399,-0.0066636,0.028643,0.039988,0.007772,0.0064101,0.0060226,NaN,0.01328,0.009885,0.008108,0.013209,0.023636,0.0072528,0.010369,0.0065955,0.0071246,0.022895,0.0081787,79.971,78.682,0.0048751,0.0057382,0.0039863,0.0058852,0.0022392,0.0073386,-0.0012102,-0.006588,0.010417,0.0072266,0.0052055,0.008712,0.0077575,0.010095,0.0040241,0.0060367,0.001157,0.0069138,0.0038096,-0.0027985,0.015003,-0.0026721,0.0064359,0.2,0.1666,0.26979,-0.096719,-0.0334,0.0333,0.4,0.028692,0.074727,0.19618,-0.064053,0.010073,0.065646,0.098298,0.021205,0.015053,0.0046608,NaN,0.0039871,40.233,-0.0333,0.1666,2973,0.071427,0.086393,0.13825,0.061481,-0.025697,0.097989,0.082521,0.011724,0.014781,0.024564,NaN,-0.0050649,0.083944,0.01544,0.0067089,0.0036283,0.0027837,-0.00287,0.0035276,0.0089391,0.00097452,0.0047913,0.01242,0.0047701,0.0032222,-0.0011316,-0.0045996,0.0078779,0.018457,0.0056238,0.027388,-0.0029437,0.002876,-0.00014883,0.00093726,0.0030198,0.0010336,0.029823,0.0036868,0.0069267,0.0027004,0.0010444,-0.0034783,0.00052231,-0.024846,0.0026267,0.0047324,0.078218,0.017693,0.030504,0.0035774,0.0021427,0.0093325,NaN,0.0049386,0.0026327,NaN,0.0024345,0.0013617,0.017104,NaN,0.01835,0.0063869,0.0866,-0.0067,-0.1133,-0.2667,-0.0433,0.19,-0.07,-0.2767,1.89,1.24,0.26,0.86,2.58,0.26,-0.0020825,NaN,-0.0057405,0.010398,0.00362,-0.006051,0.011348,0.0045534,0.0047761,0.057149,0.0083282,NaN,0.004335,0.015347,0.0075754,0.0029094,460.97,0.0041862,0.0047704,0.0037801,16.229,0.00051235,NaN,NaN,-0.0057541,NaN,-0.0063911,-0.027885,-0.023019,-0.0015332,89.7,NaN,0.1,0.4,0.14869,16103,0.01482,0.0075442,0.0090839,-0.4333,0.1,0.016233,0.016747,-0.1733,-0.1333,2.0267,3.18,-0.036848,-0.0035654,0.0065519,0.0020663,8.7681e-05,0.0093123,0.0019145,0.0055682,0.0033971,0.0055272,0.0075144,0.0057434,0.004517,0.014169,-0.026387,-0.0123,0.026641,0.028492,0.0069,-0.0006,-0.04,0.13,0.13082,0.12027,0.10874,0.18478,0.023852,0.020421,NaN,0.012308,0.0086,0.014207,0.011058,-2.85,0.0106,2.7336e+05,0.01041,0.010355,-2.42,0.01304,0.026219,0.022486,-0.0152,-0.01114
0.0072223,0.012891,0.015729,0.013613,0.010476,0.0074533,0.046368,0.027742,0.019138,0.11427,0.5,-0.0006133,0.9,0.00090894,-0.0029825,0.010094,0.032559,0.0063246,0.0082841,0.0084728,NaN,0.017877,0.024158,0.023399,0.0123,0.0064109,0.011558,0.04296,0.06417,0.014945,0.032155,0.054528,80.849,79.297,0.0060699,0.0064221,0.0031021,0.0064483,0.0050802,0.002486,0.0040605,0.010774,0.0091691,0.011297,0.0043956,0.0086368,0.0067317,0.0092627,0.021848,0.0048935,0.0045481,0.0054843,0.0054112,0.00035024,0.015479,0.0018073,0.004558,0.0334,0.0334,0.0020527,0.031018,0.2667,0.1,-0.1334,-0.0087057,0.02956,-0.024247,0.028773,-0.0037089,0.013798,-0.070316,0.068068,0.051681,0.0022111,NaN,0.0053826,40,-0.1667,0.0334,3088,0.082756,0.15512,0.10171,-0.0056567,0.1526,0.031927,0.20583,0.010872,0.025403,0.02725,NaN,0.0056412,-0.0063244,0.01117,0.00065745,-5.914e-06,0.00414,0.0011525,0.0044821,0.0018444,0.0047375,-0.00051719,0.00053291,-0.0012593,0.0089993,0.00069472,0.0052396,-0.0015963,-0.002148,-0.0049405,0.0087361,0.0052556,0.0053511,-0.00098786,-0.001974,-1.6006e-05,-0.0031439,-0.0087131,-0.0095769,-0.0013934,-0.0025282,0.0080429,-0.0033554,0.010331,0.022509,-0.00028862,-0.0019012,0.24407,0.024012,0.071339,0.0032318,0.00093966,0.0011282,NaN,0.0066258,0.0093703,NaN,0.0028821,0.0062563,0.017567,NaN,0.018172,0.018162,-0.41,-0.4767,-0.5933,-0.7866,-0.54,-0.13,-0.28,-0.4067,2.0233,1.65,0.14,0.55,2.52,0.24,0.0020825,NaN,0.003257,0.021125,0.017391,0.0054806,0.013303,0.011937,0.0090558,0.027601,0.013097,NaN,0.011552,0.01792,0.011596,0.01072,463,0.010946,0.013326,0.010749,16.508,-0.005229,NaN,NaN,0.0069047,NaN,-0.013805,0.0096117,-0.066527,0.014925,87,NaN,0.1,0.1,0.1442,28672,0.015276,0.082831,0.014307,-0.3,-0.1,0.01742,0.018513,-0.8533,-0.2,1.5833,3.31,-2.2019e-05,-0.044226,-0.0050047,0.0054527,-0.0024055,-0.0012643,-0.0045921,-0.00033803,0.00090945,0.0014409,-0.00021005,-0.0052392,0.01866,0.0055699,0.031222,0.0116,-0.012336,0.023077,0.0034,0.0005,-0.5,0.04,0.05351,0.071904,0.061939,0.17604,-0.013559,0.0004219,NaN,-0.0030628,0.0086,0.0078064,0.0048689,9.51,0.0045981,2.7509e+05,0.010797,0.012666,13.07,-0.0017209,-0.016753,-0.021612,0.2211,-0.065365
0.011746,0.011718,0.036967,0.012239,-0.00065864,0.045289,0.033882,0.062221,0.035785,0.029268,0.7,0.0084647,2.8,0.027272,0.009855,-0.016222,0.046253,0.0022448,0.016894,0.015968,NaN,0.020536,0.024905,0.018801,0.019023,0.022672,0.029179,0.03986,0.0542,0.0094935,0.046534,0.0067576,81.939,80.701,0.010214,0.012631,0.011977,0.0086076,0.014406,0.014451,0.0081198,0.025377,0.012303,0.011874,0.01075,0.011916,0.012543,0.012363,0.017141,0.011116,-0.00030995,0.012086,0.0083615,-0.0012848,-0.00019951,-3.7615e-05,0.0087701,0.0666,-0.2667,-0.1423,-0.097987,-0.4667,-0.2667,-0.1666,0.023873,-0.055355,-0.10823,-0.07117,-0.073216,0.0079894,0.026145,0.010099,-0.019521,0.0099119,NaN,0.010529,39.967,-0.0667,0.1333,3331,0.086601,0.041831,0.047862,-0.035468,-0.065408,0.15918,0.13956,0.02892,0.030905,0.029264,NaN,-0.000108,-0.0050838,0.0087906,0.0021615,0.0011377,-0.00079862,0.0049708,-0.0027491,0.0015949,-0.006556,0.0027394,0.0052208,0.0025166,-0.018744,0.0052165,-0.00021094,-0.0036019,0.0086939,0.0053036,0.00043276,0.0012878,0.0034392,0.0010888,0.0035721,-0.0013175,0.0028531,-0.0055358,0.0077024,0.0037449,0.002612,0.0034412,0.012613,0.0055941,0.030315,-0.00027906,0.00028534,-0.032564,-0.0011496,-0.01667,0.0011202,-0.0022523,0.0072149,NaN,0.00056986,0.00044802,NaN,0.0063663,0.0060569,0.012556,NaN,0.012386,0.016534,-0.2133,-0.0433,0.0533,0.1933,0.1633,-0.15,-0.15,-0.1066,1.7533,1.34,0.24,0.79,2.72,0.11,0.00056716,NaN,0.0055951,0.015254,0.012683,0.0026546,0.020383,-0.057977,0.012583,0.59655,0.0087091,NaN,0.00012377,0.0027341,0.0004891,-0.00021874,461.86,-0.0065982,0.019521,-0.0088154,14.973,0.015053,NaN,NaN,0.0032109,NaN,0.030361,-0.028499,0.036856,0.037094,87.1,NaN,-0.3,0.5,-0.13617,12434,0.025274,-0.023664,0.04739,-0.4,-0.1,-0.016383,-0.017585,0.3233,-0.03,2.12,3.3733,0.034125,0.012642,0.0020534,-0.0040934,0.0013736,0.0046303,0.0040366,0.00089649,0.00028668,0.002449,0.0037329,0.0037326,-0.10577,-0.032882,-0.0072049,0.0437,0.034008,0.02445,-0.0379,-0.0081,-0.17,0.08,-0.02229,-0.010228,0.10468,0.058694,0.071326,0.052744,NaN,0.015221,0.0086,0.0139,0.011194,-5.3,0.017576,2.7584e+05,0.013451,0.012208,-2.43,0.014863,-0.0078278,-0.012014,0.1887,-0.063036
0.019255,0.0054078,0.023299,0.0036906,-0.00010293,0.069238,0.050669,0.025153,0.027267,0.10406,0.9,0.009108,5.2,0.023777,0.006111,0.026591,0.0091782,0.0093551,0.022895,0.023743,NaN,0.030515,0.025282,0.014259,0.032457,0.04242,0.028898,0.039196,0.025899,0.0029469,0.052658,-0.038285,83.842,82.848,0.013221,0.01496,0.013641,0.010948,0.019114,0.016264,0.0095248,0.043489,0.013044,0.012662,0.011555,0.012895,0.01405,0.013211,0.024419,0.012377,0.0055644,0.01403,0.010872,0.0014015,0.0099266,0.0052529,0.014306,0.4,-0.3667,-0.25328,-0.13518,-0.4333,-0.4333,-0.3334,0.00056153,-0.064669,-0.10528,-0.10726,-0.092175,-0.0058193,-0.015168,0.029027,-0.041448,0.022207,NaN,0.018922,40.467,0.1667,0.1333,3564,0.039513,0.055243,0.080732,0.18567,0.178,0.053547,-0.14765,0.014677,0.027221,0.031924,NaN,0.0076682,0.067437,0.010837,-0.00088006,-0.0014818,-0.00037354,-0.0017728,-0.0017294,-0.0016488,-0.0051444,-0.00030583,7.9079e-05,0.00087069,-0.0053982,-0.0049714,-0.0037706,-0.0068859,0.010169,-0.011479,-0.012237,-0.0022649,-0.0064417,0.0026872,0.00058439,-0.00045201,0.0082872,0.022833,-0.0056269,-0.00087908,-0.00026418,-0.00089917,0.0031508,-0.0020363,-0.0078415,0.00403,0.0049133,0.093832,-0.0051893,-0.015188,0.0035272,-0.0094012,0.0075047,NaN,0.0028167,-0.0009663,NaN,0.0039877,0.0015235,0.014813,NaN,0.016147,0.016235,0.4967,0.21,0.2,0.2733,0.0167,0.12,-0.02,-0.11,1.6267,1.44,0.23,0.85,2.53,0.3,0.001888,NaN,0.0020901,0.009278,0.0023349,0.0081451,0.03042,0.025525,0.028565,0.044893,0.028148,NaN,0.0135,0.028295,0.01894,0.011537,462.87,0.0062036,0.033995,0.0061971,15.259,0.030203,NaN,NaN,-0.0039685,NaN,-0.0038148,-0.03664,0.0032049,0.021899,90.2,NaN,0.1,0,-0.84714,-19662,0.034341,-0.051123,-0.021557,-0.2333,0.4333,-0.0095465,-0.012228,0.05,-0.3167,1.6733,2.8567,-0.0052997,0.013598,-0.0039795,-0.0077805,0.0042286,0.00023436,-0.0039247,-0.00035861,-0.0031093,-0.00086755,-0.00087506,-0.0015773,0.086507,0.028323,-0.011688,0.053,-0.089565,0.026824,0,0.0017,0.4,-0.01,0.2016,0.14665,0.12385,-0.049094,-0.00052995,0.0044881,NaN,0.0060241,0.008,0.010679,0.012375,-83.39,0.019746,2.6182e+05,0.013719,0.01189,-53.14,0.0719,-0.027554,-0.032053,0.274,-0.072974
0.017883,0.0094112,0.014554,0.010615,0.0049315,0.049364,0.012582,0.024494,0.019752,-0.0030172,1.5,0.004008,4.1,0.0045786,-0.0010728,0.0077282,-0.014034,0.0138,0.02109,0.020942,NaN,0.010738,0.014535,0.0081,0.006143,0.0054286,0.0074613,0.016293,0.0097143,0.0042976,0.030216,0.018447,84.071,83.145,0.012656,0.012471,0.010001,0.013623,0.010156,0.013898,0.0038319,0.017063,0.017258,0.01197,0.0099079,0.015237,0.013746,0.016833,-0.017875,0.012226,0.013473,0.012417,0.012559,0.0010499,0.0030573,0.021326,0.0081238,0,-0.2333,-0.098348,-0.1421,-0.5667,-0.3333,0,-0.030666,0.023747,0.081869,-0.13464,-0.0074055,-0.043626,-0.035559,-0.019372,0.027333,0.0078213,NaN,0.010662,40.4,-0.1333,0,3766,0.046007,0.13727,0.011936,-0.070039,0.013223,0.088236,0.098567,0.011231,0.014351,0.017568,NaN,0.019266,0.020335,0.017635,-0.0020809,0.0012991,-0.0019927,0.0010648,-0.0022686,-0.0037017,0.0052703,-0.00053473,-0.0078703,-0.0017055,0.0059836,0.004139,0.0037317,0.0080691,-0.018119,0.012439,-0.015898,0.00010273,0.00030233,-0.0062856,-0.0028198,-0.00033253,-0.007027,0.0058453,-0.00091933,-0.0035625,-0.0018772,-0.0059578,-0.022848,-0.0085903,-0.016726,-0.0062148,-0.010565,0.016534,-0.010236,0.02796,6.2332e-05,-0.0063222,0.0051271,NaN,0.0055409,0.0068698,NaN,0.010422,0.013134,0.0074941,NaN,0.0088349,0.019638,0.6633,0.6567,0.6867,0.5867,-0.0133,0.12,-0.0666,-0.1667,1.4733,1.57,0.26,0.78,1.86,0.25,0.0088274,NaN,0.0018963,0.0090281,0.0036689,0.010994,0.027759,0.018726,0.026433,0.043128,0.022094,NaN,0.0063624,0.024558,0.010758,0.0039031,458.31,0.0011502,0.020661,-0.00011822,14.56,0.0067328,NaN,NaN,-0.0060719,NaN,-0.046408,-0.033484,0.0093805,0.016208,89,NaN,-0.2,-0.3,0.18369,44313,0.012018,0.050888,-0.021233,-0.5,-0.1666,0.023412,0.012372,0.14,-0.3233,1.15,2.1267,-0.070358,-0.045326,0.0054235,-0.01534,-0.005314,-0.0069811,-0.0078896,0.0014194,0.00091307,-0.0065863,-0.0040952,-0.0015097,0.017238,0.015797,-0.023315,0.0443,-0.010424,0.020971,0.0069,0.001,0.61,-0.07,-0.15359,0,0.045542,0.0424,0.020157,0.041604,NaN,0.020803,0.0077,0.016554,0.014581,-68.23,0.015999,2.4903e+05,0.020323,0.021637,-37.34,0.066073,-0.0098766,-0.015338,0.198,-0.038269
2.1871e-05,0.014923,0.020728,0.0094342,0.021245,-0.025405,0.016937,0.046263,0.029977,-0.011963,1.1,-0.0023879,-2.7,0.012972,0.0015054,-0.032585,0.014092,0.018934,-0.0030704,-0.00098601,NaN,0.0064699,0.0067186,0.013646,0.0060032,0.018928,0.0018514,0.0052651,-0.020024,0.017503,0.0049759,-0.0034991,83.908,83.218,0.011725,0.012002,0.0079329,0.01322,0.0078426,0.01013,0.0044285,0.01489,0.016858,0.015665,0.0090594,0.015354,0.015229,0.016968,-0.027229,0.012176,0.010503,0.014643,0.011964,0.003724,0.0057931,0.014366,0.013226,0.4,-0.2333,-0.19428,-0.057406,-1,-0.1667,-0.2,-0.011879,-0.03892,-0.052692,-0.05223,-0.055708,0.0086715,0.031548,-0.085577,-0.0231,0.010132,NaN,0.0097565,40.5,0.0333,0.0334,4099,0.032485,0.0053619,0.027246,0.058114,-0.016557,0.032118,0.029618,0.017909,0.029113,0.035036,NaN,0.031976,0.042511,0.010794,-0.00076916,-0.0020586,0.0029176,0.00052888,0.0094762,0.0018265,0.0029594,-0.0031752,0.0012975,-0.0026105,0.012139,-0.0020908,-0.0043753,-0.0051656,-0.00073933,-0.0098393,0.02369,0.0008327,-0.002211,-0.00075851,-0.0013009,0.0019139,-0.0022212,-0.012078,-0.0020147,0.00088908,-0.00073431,0.0048722,0.0096606,0.0034257,0.00038258,-0.0012461,0.0024146,0.026668,0.021559,0.0072297,0.0030431,0.00042859,0.0043972,NaN,0.0025185,0.0016406,NaN,-0.012824,-0.011133,0.027384,NaN,0.030001,-0.0031812,0.6933,0.6133,0.6566,0.68,0.24,0.01,0.1566,0.1133,1.3467,1.34,0.3,0.85,1.49,0.44,0.0061516,NaN,0.0047252,0.0058592,0.0041083,0.01423,0.028441,0.020225,0.028841,0.050052,0.024439,NaN,0.010148,0.02467,0.0057362,0.008149,453.4,0.0044982,0.025338,0.0029195,16.995,0.023193,NaN,NaN,-0.022215,NaN,-0.093256,-0.075213,0.044745,0.029473,84.4,NaN,-0.4,0.1,0.23082,31052,0.0096658,0.0028071,-0.012638,-0.4334,0.0666,0.0058865,0.013505,0.41,-0.4033,0.8667,1.59,0.064273,-0.013225,-0.0060166,0.010128,-0.0055553,0.0019338,0.0030416,-0.0032909,-0.00077142,0.0019526,0.00090395,-0.00033654,0.037345,0.01526,0.013103,0.0659,-0.023323,0.02243,-0.0138,0,0.8,0.04,0.075223,-0.034486,0.041917,0.041261,-0.02826,0.004558,NaN,0.017493,0.0081,0.0059524,0.0049784,65.91,0.0038691,2.6145e+05,0.013103,0.015885,51.42,-0.044803,-0.042852,-0.042627,0.3673,-0.065855
0.0031867,0.0056022,-0.02696,0.015474,0.0042479,0.019303,0.0088082,0.014151,0.0087271,0.0093008,1.2,0.00025544,0.3,0.0040268,-9.7777e-05,0.023333,0.064942,0.0078102,0.0051214,0.0011831,NaN,-0.0027878,0.0055799,-0.0023052,-0.011201,0.0026345,0.013134,-0.02383,-0.051182,0.0074755,0.01486,0.010464,82.959,82.602,0.010324,0.010255,0.011237,0.011797,0.006477,0.015222,0.0048301,0.0070365,0.010587,0.01424,0.011953,0.010643,0.012719,0.010563,-0.10641,0.012937,0.010628,0.012546,0.013108,0.0037101,0.011002,0.012631,0.0097065,0.1334,-0.3334,-0.15123,-0.16188,0.4334,-0.1667,-0.6333,-0.0090615,-0.041683,-0.030346,-0.19523,-0.070051,-0.028729,-0.013981,0.022182,-0.02885,0.005119,NaN,0.0046633,39.967,-0.3333,0.0666,4322,-0.12617,-0.059003,-0.0015155,-0.12141,-0.44984,-0.10972,-0.058877,-0.0022857,0.009595,-0.012077,NaN,0.028294,0.031982,0.017492,0.0021223,0.0010497,-0.00032813,-0.0010686,-0.0058432,0.0013744,0.00093775,0.0027984,0.0016113,0.0028353,-0.0027038,-0.00096429,0.0070159,0.0083141,0.016302,-0.01111,-0.018306,-0.0034089,-0.0031138,0.0067889,0.0042229,0.0028041,0.0025415,0.01335,0.0036704,0.0024356,0.0040345,-0.0012965,0.012804,0.0022814,0.021877,0.0044542,0.0043064,0.015284,0.010105,-0.015484,0.0046228,0.0029791,0.0081331,NaN,0.010895,0.010379,NaN,0.00046923,-0.003926,0.029603,NaN,0.025703,-0.011731,0.2434,0.2833,0.2767,0.35,0.4133,0.18,0.3467,0.2534,1.1867,1.11,0.3,0.92,1.62,0.36,0.0066679,NaN,0.0037641,0.0014554,-0.00025153,0.020448,0.027609,0.019411,0.027776,-0.011591,0.015033,NaN,0.0085398,0.0074698,-0.00034044,0.0086879,453.79,0.0049939,0.017912,0.0040721,16.276,0.014526,NaN,NaN,-0.031075,NaN,-0.12305,-0.037368,0.060051,0.010383,82.3,NaN,0.2,0.5,0.28247,21735,0.0015784,0.039395,-0.035445,-1.0333,-0.5666,0.0046098,0.026426,0.44,-0.3633,1.0633,1.6933,0.030314,0.033066,-0.0063001,0.0021382,0.0030952,0.0033683,0.0090062,0.0025602,0.0014151,0.0018772,0.0029764,0.0023421,-0.14748,-0.067694,0.003432,0.0606,0.010345,0.029579,0.0207,0.0015,0.2,0,-0.033152,-0.027097,0.047564,-0.02792,0.034995,0.011981,NaN,0.020029,0.008,0.013265,0.0095068,-43.1,0.015068,2.5456e+05,0.024713,0.027584,-12.31,0.041773,-0.050166,-0.0498,0.4136,-0.074842
0.037915,0.021153,0.071899,0.014895,0.0076404,0.062928,0.066068,0.075615,0.074613,0.046876,1,0.024771,8,0.053893,0.029541,0.099171,0.0031689,0.010529,0.048271,0.047501,NaN,0.039454,0.03488,0.022996,0.046684,0.037799,0.017403,0.039179,0.064923,0.015648,0.057694,-0.0027807,85.566,84.644,0.017951,0.019752,0.010812,0.014884,0.025939,0.014337,0.0050862,0.057353,0.018914,0.014405,0.015182,0.018082,0.015701,0.018791,0.20544,0.015854,0.0099476,0.015536,0.01638,0.00080979,0.010595,0.012508,0.013474,0.3666,-0.3333,-0.26046,-0.06665,-1.0667,-0.4666,-0.0667,-0.0060473,-0.040843,-0.12532,-0.086597,-0.071518,-0.043959,-0.05718,-0.037248,0.04144,0.027996,NaN,0.028733,40.467,0.2666,0,4664,0.14463,0.20185,0.076961,0.11999,0.53309,0.1458,0.042665,0.045183,0.058527,0.075003,NaN,0.045809,0.073835,0.016297,0.0040829,0.0016223,0.0034955,0.0012214,0.0047316,0.0074269,0.00089575,0.0011315,0.010503,0.0011239,-0.0058698,0.010511,0.0028617,-0.0013659,0.017872,0.019187,-0.0055402,-0.0016951,0.002739,-0.0049269,-0.0072971,0.0014915,0.0081785,-0.0051838,0.0063121,0.0054196,0.0027936,0.0084506,0.0056915,0.0099527,0.0066618,0.0037206,0.0021461,0.036152,0.0020544,-0.017095,0.005477,0.0064566,0.0014992,NaN,-0.0045104,-0.0050034,NaN,0.01953,0.019517,-0.0030173,NaN,-0.0025524,0.051856,0.5266,0.0834,0.3033,0.4767,0.31,0.43,0.22,0.2733,1.15,1.23,0.52,1.31,1.84,0.68,0.0001844,NaN,0.0020642,-0.0039787,-0.0078299,0.028902,0.031652,0.029469,0.029584,0.043337,0.031413,NaN,0.018435,0.031575,0.021046,0.016599,456.56,0.014705,0.028167,0.014729,17.788,0.022218,NaN,NaN,-0.01063,NaN,-0.0066494,-0.074437,-0.048816,0.012586,81.5,NaN,0.5,-0.2,-1.3768,-12060,0.033564,-0.024434,0.032973,-0.4333,0.7,-0.025294,-0.055742,0.3533,-0.8067,0.89,1.3867,0.017555,0.0041329,0.015721,-0.0023167,0.0023728,0.0076331,0.0060865,0.0029642,0.0029322,0.0067974,0.0059212,0.005357,0.12006,0.054508,0.0053331,0.0857,-0.10298,0.03432,-0.0551,0.0017,0.41,-0.13,0.082632,0.017865,0.073922,0.11805,0.06389,0.13711,NaN,0.0084627,0.0079,0.015977,0.014725,3.09,0.02124,2.5683e+05,0.019,0.018334,5.15,0.012376,0.071023,0.07465,-0.2417,0.041363
0.010005,0.0041903,-0.013516,0.0071801,0.0076855,0.028719,0.026804,0.019316,0.033371,0.011742,1,0.0091955,2.6,0.028841,0.011469,0.010913,0.012987,0.0077476,0.0089992,0.010947,NaN,0.0086808,0.0097473,-0.0042148,0.0083857,0.021708,-0.0088975,-0.0060526,-0.0027703,-0.0033368,0.036052,0.0073541,85.593,84.731,0.010297,0.011991,0.0085591,0.010078,0.010863,0.01346,0.00051184,0.019668,0.015844,0.013984,0.0067065,0.014083,0.012726,0.015811,0.016295,0.010657,0.0026921,0.012763,0.013712,0.0062248,-0.00047919,0.002778,0.0058436,0.1,0.0333,0.064082,-0.042379,0.2,-0.0667,0.1,0.053266,0.010019,-0.10871,-0.060438,-0.017072,0.056322,0.028617,0.0045437,-0.0053899,0.0081236,NaN,0.0083506,40.533,-0.0333,0.0334,4728,-0.045814,-0.067811,-0.085911,-0.085535,-0.0015371,-0.060887,-0.0072904,0.0029846,0.01737,0.0097957,NaN,0.045806,0.053405,0.0088535,-0.0029228,-9.7381e-05,-0.0022643,-0.00052916,-0.0024887,-0.0047552,0.0009406,-0.0013466,-0.0074118,-0.001834,0.0075761,-0.0043172,-0.0097772,0.0074988,-0.022638,-0.012835,0.021696,0.0088729,-0.0030508,0.0050872,0.0059286,-0.0011793,0.0015088,-0.023622,0.0016784,0.0005156,0.0011099,-0.0039039,-0.013989,-0.0063996,-0.026675,-0.0024127,-0.00083597,0.015806,0.0074551,-0.017008,0.0011459,0.0031692,0.005092,NaN,0.0010374,0.0015326,NaN,0.00065152,0.0028106,0.016574,NaN,0.018256,0.019672,0.8167,0.8366,0.6067,0.66,0.17,0.21,0.0833,0.03,1.01,1.27,0.29,1.13,1.18,0.71,-0.0020325,NaN,-0.005954,-0.0045713,-0.019253,0.019,0.037606,0.023855,0.030433,0.058619,0.02883,NaN,0.016674,0.026859,0.019112,0.015232,459.99,0.015157,0.020596,0.01537,17.697,0.01223,NaN,NaN,-0.049733,NaN,-0.13262,-0.13534,0.051356,0.014442,80.4,NaN,0,0,0.08963,27116,0.010269,-0.0020456,0.020721,-0.5667,0.0333,0.018029,0.027697,0.26,-0.7867,0.3333,0.6533,-0.050088,0.028725,-0.010836,0.012898,-0.00098659,-0.0014902,-0.0053584,0.0022194,0.0038046,-0.0029084,-9.85e-06,-0.003217,0.019373,0.016651,-0.018553,0.0032,0.044335,0.030097,0.0172,0.0015,0.86,-0.08,0.071519,-0.006768,-0.058899,-0.23148,0.018916,0.10186,NaN,0.013947,0.0078,0.014306,0.017406,-15.48,0.0216,2.5488e+05,0.018195,0.017185,-10.37,0.029234,0.058082,0.060144,-0.1767,0.03331
0.013352,0.008037,0.0079729,0.0052619,0.012803,0.022862,0.021837,0.026536,0.031793,-0.0014437,1.2,0.0089612,3.4,0.025755,0.0094694,0.03892,0.013636,0.0065569,0.018514,0.014656,NaN,0.017738,0.016795,0.0023124,0.018857,0.031255,0.011843,0.00074833,0.0013388,0.0031163,0.048615,0.025323,86.416,85.704,0.010278,0.012304,0.012339,0.0096996,0.011774,0.016691,0.0051042,0.0077453,0.011339,0.012939,0.015428,0.012348,0.010832,0.011403,0.019141,0.01346,0.0010916,0.010663,0.015024,0.0035561,0.0047815,-0.0010189,0.010348,0.2334,-0.1333,-0.050492,-0.087494,0.1667,0,-0.3666,-0.022927,0,0.076815,-0.1446,0.0041292,-0.021468,0.0045645,-0.01446,-0.046245,0.010792,NaN,0.012048,40.533,-0.0667,0.1,4942,0.010019,-0.041974,0.031258,0.053946,-0.058608,-0.0093592,0.02944,0.016332,0.039663,0.042828,NaN,0.061955,0.041912,0.018513,0.0012954,0.00078704,0.0020651,0.00068154,0.0044789,0.00083572,0.0012814,0.0017382,0.00060078,0.0024733,-0.0019646,0.0045696,0.0054276,-0.0014614,-0.0058156,0.0031466,0.026915,-0.004913,0.0052871,0.0036982,-0.00096841,0.0021128,-0.004396,0.013898,-0.0060383,-2.3729e-05,0.00053893,-0.00043168,0.0067065,0.00097997,0.016959,0.0030282,0.0089935,0.01997,0.0029181,-0.017795,0.0033407,-0.0024199,0.0075624,NaN,0.0051574,0.0056956,NaN,0.0064539,0.003859,0.021253,NaN,0.018108,0.022592,1.4833,1.2567,1.45,1.37,0.33,0.34,0.2734,0.2867,0.9667,1.28,0.48,1.25,0.25,1.26,-0.0029633,NaN,-0.0073187,-0.0044432,-0.021662,0.012234,0.020006,0.011361,0.028444,0.040499,0.015648,NaN,0.0071154,0.01989,0.013333,0.0052831,459.4,0.0023953,0.019179,0.00074307,22.568,0.0083169,NaN,NaN,-0.012619,NaN,-0.030945,-0.011471,0.027118,0.029971,73.5,NaN,0.3,0,-0.35201,8783.6,0.020603,0.0045021,0.050138,-0.4667,0.0667,0.031944,0.046373,0.41,-1.0133,-0.74,-0.5567,0.02547,0.014203,0.0040091,0.0073923,0.0011561,0.00094154,0.0020284,-0.0011228,0.0015247,0.0010956,-2.0863e-05,0.0010065,-0.025518,-0.0066493,0.012362,0.0462,-0.0070731,0.035519,-0.0034,0.0002,1.81,0.25,-0.044306,-0.052277,0.080003,0.059592,0.057294,-0.081977,NaN,0.021919,0.0079,0.014105,0.011199,3.11,0.013813,2.5616e+05,0.014091,0.014173,4.6,0.0088085,-0.045513,-0.041748,0.3,-0.066284
0.0017962,0.005166,-0.011716,0.010399,0.0043603,0.0016599,0.009102,0.035409,0.022753,-0.023994,0.9,-0.0099361,-0.6,0.0042396,-0.017158,0.00078459,-0.0027225,0.012028,-0.0019534,0.0012553,NaN,0.0042273,0.0095548,-0.0035737,-0.00093365,-0.0020336,-0.00081191,0.0017627,-0.0038215,-0.0058908,0.032382,0.016937,86.103,85.283,0.008731,0.0098294,0.0089152,0.0093057,0.0072455,0.012762,0.00245,-0.0027003,0.012216,0.013545,0.010816,0.011783,0.010059,0.012305,0.019458,0.010184,0.0037067,0.0085461,0.012841,0,0.0029531,0.005119,0.0087162,0.2666,-0.0333,-0.013414,0.0074393,-0.3334,0,0.0666,-0.015582,0.031672,0.019883,0.02292,0.039614,-0.033555,0.030277,-0.022482,0.017797,0.0069623,NaN,0.0071109,40.5,-0.0333,-0.1,4853,-0.20256,-0.12837,-0.14349,-0.51156,0.0097403,-0.106,-0.2196,0.0004226,0.019918,0.020977,NaN,0.050462,0.10452,0.011797,-6.4629e-05,-0.0042043,-0.0010414,-6.8067e-05,-0.0036363,0.0068225,-0.0012418,-0.0060756,0.010635,-0.0068081,0.00054139,-0.0036468,0.0023858,-0.0080133,0.022112,-0.0018999,-0.00060718,0.0053124,-0.0029243,-0.00080383,-0.0020531,-0.0035301,0.0029448,-0.062559,0.0032374,0.0018957,0.00097597,0.010854,0.013413,0.011761,0.014069,0.0089184,-0.00072537,0.064377,0.020511,0.030235,0.0060272,0.0047072,0.0095867,NaN,0.0026974,0.0034647,NaN,-0.0090625,-0.0057056,0.031889,NaN,0.034482,-0.014106,0.49,0.8133,0.4,0.4833,0.2867,0.31,0.2666,0.37,1.05,1.3,0.07,0.92,-0.28,0.65,-0.011192,NaN,-0.010823,-0.010317,-0.038232,0.021949,0.0055227,0.025005,0.015941,0.0053895,0.022108,NaN,0.022942,0.010093,-0.0019342,0.024785,465.3,0.018375,0.034424,0.01832,16.109,0.030248,NaN,NaN,0.013177,NaN,0.028382,0.055879,0.015498,0.0066805,71.5,NaN,0.1,0.1,-0.32605,-20291,0.0040018,0.04662,-0.015146,0.2,-0.1334,-0.016804,-0.02546,0.3334,-0.69,-0.8967,-0.78,0.015582,0.03482,-0.00090115,-0.0059069,0.0015872,0.0031553,0.0087915,-0.0020945,-0.0030305,0.0047812,0.001891,-0.0029857,0.013987,-0.0020586,0.0097591,-0.0209,0.057141,0.031245,0.0034,0.0012,0.2,-0.04,-0.15387,-0.34347,-0.084125,-0.093913,0.028035,0.046015,NaN,0.02674,0.0082,0.018044,0.016421,34.55,0.016402,2.6293e+05,0.024152,0.026449,31.68,-0.0097127,0.022463,0.026522,-0.0149,-0.01247
0.0010687,-0.00064958,-0.022729,0.0061594,-0.0019183,-0.00090104,-0.0055588,-0.014359,-0.00096396,-0.017425,1.1,0.0096961,4.1,0.0049199,0.0093901,0.0026024,0.0053851,-0.0090822,0.0013027,0.0012015,NaN,-0.0021584,-0.0067481,-0.015176,0.00060517,-0.0062094,0.010841,-0.041051,-0.090043,-0.0038174,0.0083624,-0.0010285,85.278,84.323,0.0073492,0.0081669,0.0044878,0.00674,0.0089239,0.0070533,0.0001385,0.027484,0.013901,0.012949,0.0059272,0.011281,0.003784,0.013807,0.011763,0.0035913,0.0035889,0.0027518,0.0094413,-0.010128,0.0038924,0.0076298,0.001207,-0.3,-0.1667,-0.1365,-0.027455,0,-0.1333,-0.1666,0.014543,-0.048782,-0.066121,-0.053272,-0.07135,-0.0096907,-0.032176,-0.037137,0.031797,0.0021244,NaN,0.0031578,39.9,-0.2,-0.4334,4958,0.10262,0.081464,0.05171,0.36829,-0.17813,0.039221,0.12919,0.0012285,0.022037,-0.039334,NaN,0.034853,-0.084464,0.012716,0.0083077,0.0081458,0.0053548,0.0046951,0.0084031,0.0045196,0.0013341,0.011598,0.0057994,0.011908,0.0027792,-0.0030383,0.0027064,0.0057303,-0.016499,0.0075844,0.087676,-0.0063071,0.0016901,-0.0092099,0.011125,0.0051533,0.0022199,0.11327,0.0030035,0.0064237,0.00042792,-0.007063,-0.0012377,-0.0085098,-0.035268,0.0076578,0.010693,0.065987,0.03515,0.10863,-0.0072669,-0.0022196,-0.0062437,NaN,-0.0039333,-0.0031218,NaN,-0.0018455,-0.00092459,0.024424,NaN,0.024565,0.032673,0.1067,-0.0066,-0.0867,-0.3633,0.0066,0.33,0.0967,0.2366,1.28,1.63,-0.01,0.56,-0.26,0.48,-0.015501,NaN,-0.0039765,-0.0078417,-0.023521,0.037237,0.023933,0.01029,0.011154,0.031575,0.013436,NaN,0.011584,0.017841,0.026923,0.01069,474.59,0.0063062,0.024626,0.0058341,15.694,0.010447,NaN,NaN,0.015157,NaN,0.022828,0.077487,0.032025,-0.024227,66.6,NaN,0.1,0.3,-0.47324,-37081,-0.0027666,-0.030358,0.023769,-0.5,-0.4666,-0.059238,-0.0694,-0.0634,-0.8033,-1.0667,-0.79,-0.022116,0.0030467,0.0038722,0.032311,-0.0025284,0.0090967,-0.0012794,0.0061192,0.013038,0.0053385,0.0073404,-0.0013794,0.020576,0.014707,0.0016249,0.041,0.045059,0.033658,-0.0069,0.0016,-0.18,-0.33,0.011673,0.21682,-0.0088153,0.045726,0.015696,0.061444,NaN,0.002635,0.0082,0.012304,0.011981,8.41,0.027743,2.6879e+05,0.014688,0.010806,4.55,0.0057239,0.018253,0.017298,0.0415,-0.039613
0.0074013,0.0096839,0.027583,0.0037443,0.011715,-0.016984,0.017558,0.02194,0.029118,-0.012099,0.5,0.0029166,0.9,0.0088383,0.0034475,0.035356,-0.015389,0.0045322,0.0078064,0.0088102,NaN,-0.0028022,0.0018667,-0.013425,-0.0067416,-0.0080824,0.0053199,-0.027928,-0.083674,-0.0073368,0.022405,-0.019016,84.45,83.546,0.005665,0.004666,-0.0022756,0.0072371,0.0015947,-0.001983,-0.0027737,0.014149,0.010631,0.011554,0.0070107,0.0092141,0.0003021,0.010358,0.019193,0.0034691,0.010257,-0.0025974,0.0068962,0.005537,0.012055,0.011011,0.0067845,0.2334,0.1667,0.17561,-0.02142,0.1667,0.2,0.0333,0.053301,0.040957,-0.064156,-0.034552,0.089581,0.035143,0.006443,-0.059075,-0.0083932,0.0090443,NaN,0.0091726,40.133,0.1,0.1334,4946,-0.030625,0.051332,-0.032634,-0.066111,-0.065826,0.011732,-0.056663,-0.0015759,0.029645,-0.030969,NaN,0.0084797,-0.0042037,0.0028795,-0.0024292,-0.0034445,-0.003205,-0.00070766,-0.0058136,-0.0027704,-0.0060366,-0.0021423,-0.0014818,-0.0027256,-0.012667,-0.0024984,-0.0061754,0.0091502,-0.01133,-0.0074761,0.017937,0.0032636,0.0081889,0.0062975,0.0052697,-0.0054696,-0.0058064,-0.05999,0.00083439,0.00040792,0.002225,0.0036844,-0.0036575,0.0074997,-0.0046314,0.00073689,0.0045236,0.0685,0.1274,0.35088,0.0032919,7.7526e-05,0.001019,NaN,-0.0043172,-0.0044531,NaN,-0.0013671,-0.0002362,0.022009,NaN,0.023275,0.01652,0.7667,0.2966,0.28,0.2166,-0.01,0.42,-0.1,0,1.29,2.06,-0.03,0.48,-0.57,0.97,-0.0095715,NaN,-0.010011,-0.0083456,-0.013636,0.028209,0.016207,0.011149,0.026431,0.036373,0.014952,NaN,0.015304,0.022016,0.017484,0.014338,479.27,0.014236,0.017916,0.015185,17.439,0.0027912,NaN,NaN,-0.017627,NaN,-0.045091,0.0054246,0.069454,0.0073128,63.9,NaN,0.3,0.2,-0.07875,4293.9,-0.001322,-0.034095,-0.0070328,-0.3666,0.2666,0.037238,0.05177,0.01,-1.2733,-1.8233,-1.6567,-0.014545,-0.069301,-0.004468,-0.0061273,0.0030055,-0.0046023,-0.012096,0.0061013,0.0021099,-0.0026449,0.00035192,0.00057686,-0.013598,-0.0018107,-0.0060357,-0.0306,0.030937,0.036808,0.0069,-0.0003,0.79,-0.31,-0.0058196,-0.1048,-0.010998,-0.024309,0.027336,0.081275,NaN,0.025975,0.0084,0.016173,0.018853,20.42,0.023539,2.7414e+05,0.018099,0.016463,11.41,0.0038158,0.048769,0.044529,-0.0971,-0.012703
0.0024976,0.0024851,-0.026043,0.0082914,0.0053551,-0.017898,-0.009144,-0.015454,0.0027247,-0.040875,0.3,0.0065646,0.4,0.0048182,0.011122,0.061019,0.021574,0.0017601,0.0010844,0.0014479,NaN,0.0038228,0.0056876,0.0013833,0.0017591,-0.0078529,-0.0006269,-0.0083016,-0.044783,0.0054125,0.0038931,-0.0078241,84.239,82.977,0.0032512,0.0040397,-0.0066857,0.0063063,-0.004725,-0.0093428,-0.0021781,-0.00093705,0.010665,0.0089174,0.0020937,0.0082342,0.010267,0.0105,0.015287,0.00759,-0.00037115,0.010427,0.0053969,-0.0039189,0.0052288,-0.001374,0.006003,0.1,0.1,0.046837,0.024759,0,0.1666,-0.0333,-0.0054903,0.012051,0.072724,0.056326,0.062843,-0.02138,-0.029132,0.065159,0.030528,0.0035557,NaN,0.0021028,40.133,0,-0.1334,4906,-0.13263,-0.06852,-0.17184,-0.27103,0.13121,-0.10464,-0.18068,-0.0069126,0.02108,-0.02279,NaN,0.003247,0.0079782,0.0044853,-0.00061308,0.0023651,-0.0025948,-0.0038546,-0.002207,-0.001541,0.0064482,0.00025702,-0.0051276,0.00081837,0.0045032,0.0074217,0.0025006,0.017367,0.0085886,0.0065435,-0.07228,0.0036471,0.0023539,0.0045229,0.01484,-0.0035492,0.0016057,-0.01327,-0.0027831,-0.00053633,0.004275,0.0091188,0.0035161,0.0075928,0.023466,0.0022582,-0.00087357,0.053047,0.12083,0.16634,-0.004138,-0.0055947,-0.0027212,NaN,0.00038209,-0.0012405,NaN,-0.0010217,-0.0020889,0.025596,NaN,0.026128,0.0074558,2.63,2.17,2.13,2.1167,1.3434,1.3,1.2533,1.4234,1.37,2.01,-0.07,0.43,-1.4,1.5,-0.008887,NaN,-0.023979,-0.016367,-0.042506,0.0039512,-0.0044605,0.0068349,0.014611,0.025343,0.0096772,NaN,0.011177,0.014381,0.012621,0.010714,483.58,0.011986,0.0092013,0.012352,18.851,-0.0010212,NaN,NaN,0.020312,NaN,-0.0090704,0.086006,-0.032433,0.0071746,62.1,NaN,0.5,0.7,0.04213,-3640.3,0.000456,0.025454,-0.034852,0.1666,0,0.039199,0.022214,1.5367,-1.7333,-2.9167,-3.0333,0.017915,0.038539,0.0092006,-0.019547,0.00040459,-0.0033934,0.0070616,0.0040771,-0.0025945,-0.0037508,-0.0014609,-0.0017671,-0.025103,-0.010249,0.0037978,-0.0216,0.070706,0.024881,0,0.0001,2.71,-0.23,-0.14415,-0.25115,-0.1025,-0.23035,0.013218,-0.015453,NaN,0.01779,0.0085,0.014599,0.01088,10.18,0.02105,2.7901e+05,0.015223,0.013457,9.12,0.003465,-0.008508,0.00084806,0.1854,-0.063901
0.0031402,-0.0014305,-0.015856,0.0016307,-0.0003274,-0.006862,-0.013116,0.0075728,0.010833,-0.080338,0.4,0.01457,11.1,0.00077659,0.0046934,0.027526,0.00068086,0.0034551,0.0023198,0.0017812,NaN,0.004044,0.0083899,-0.0045341,0.0040686,-0.00050942,-0.001329,-0.037678,-0.082254,0.0087546,0.021754,-0.0090347,84.085,82.598,0.0034937,0.0032067,-0.0047015,0.0064082,-0.004198,-0.0039876,-0.0059093,-0.0064388,0.013185,0.010516,-0.00027892,0.0098101,0.0058625,0.012972,0.015057,0.0028901,0.0048142,0.0033676,0.0068123,0.010797,0.00074475,0.0045271,0.002259,0.1333,0.3333,0.3432,0.013537,0.2667,0.5667,0.1333,0.039297,0.097654,0.16559,0.032095,0.12113,0.023187,-0.024809,0.019224,0.019965,-0.0048972,NaN,-0.0025185,40,-0.2333,-0.1333,4570,-0.22965,-0.18944,-0.14575,-0.32452,-0.41272,-0.14034,-0.25084,-0.0072793,0.016696,0.021651,NaN,0.0062873,0.0096092,0.0076043,0.0056673,0.0035094,0.0035836,0.0028014,0.003299,0.011113,0.011039,0.00094082,0.010985,0.0010913,0.011007,0.0089223,0.0053067,0.025486,-0.0024236,0.0043155,0.052755,0.0072258,-0.0083356,0.0075157,-0.0050902,0.0081903,0.00042466,0.0094904,0.0096777,0.0075293,0.006465,0.0010396,0.010866,0.00081733,-0.019405,0.012592,0.0068332,0.042039,0.10931,0.12591,-0.0058901,-0.012305,-0.0046017,NaN,-0.0034577,-0.0014216,NaN,0.0048295,0.0066652,0.023115,NaN,0.022912,0.02897,1.47,1.51,1.47,1.6633,1.54,1.27,1.6,1.6633,1.4933,1.75,-0.11,0.58,-1.37,1.19,-0.019597,NaN,-0.020623,-0.021306,-0.040022,0.0039717,-0.012186,-0.0049102,0.0064768,-0.015921,-0.0066067,NaN,-0.0031404,-0.0024484,-0.0059037,-0.003241,480.35,-0.010068,0.013607,-0.01334,25.157,-0.0069008,NaN,NaN,0.00033127,NaN,0.025769,0.020565,0.042023,-0.009234,63.5,NaN,0.3,0.6,-0.07633,-17685,0.0022729,-0.006836,-0.010915,0.0334,-0.2333,-0.035963,-0.025554,1.61,-1.6933,-2.7767,-2.9033,-0.022325,-0.0084299,0.0068404,0.035257,0.0091674,0.0081754,0.00658,0.005386,0.0092124,0.012049,0.0083449,-0.00076983,0.020141,0.0027526,-0.0076129,-0.0989,0.017811,0.025926,-0.0103,-0.0013,1.19,-0.5,-0.1579,-0.21953,-0.097998,-0.17137,0.037019,0.067821,NaN,0.019951,0.0097,0.015687,0.0053151,165.63,0.015473,3.1572e+05,0.0072173,0.0046926,109.55,-0.10815,0.046074,0.056043,-0.0986,-0.0073481
-0.02082,-0.022778,-0.11412,-0.0063457,-0.01356,-0.088863,-0.085489,-0.074192,-0.047331,-0.20519,0.3,0.0019634,8.1,-0.02784,-0.013349,0.018677,-0.075388,-0.0088297,-0.028729,-0.028489,NaN,-0.043376,-0.028754,-0.036302,-0.051216,-0.079103,-0.050572,-0.10703,-0.14201,-0.0098884,-0.028998,-0.030809,80.053,77.901,-0.0048047,-0.0092499,-0.026848,0.003151,-0.026225,-0.036366,-0.010933,-0.035159,0.00871,0.0067502,-0.010797,0.0028801,-0.0042693,0.0084337,0.022946,-0.0069684,0.015377,-0.0065313,-0.0036072,0.073651,0.005753,0.00082091,-0.0091442,-0.1,1.0333,0.86968,0.15662,1.4333,1.3333,0.6,0.1093,0.18652,0.18999,0.2631,0.24075,0.050499,0.10906,0.005538,0.17777,-0.017847,NaN,-0.018451,39.433,-0.2667,-0.4333,3769,-0.16356,-0.23633,-0.21832,-0.25085,0.0081633,-0.12006,-0.27266,-0.049767,-0.021308,-0.15623,NaN,-0.020379,-0.12796,0.003809,-0.0054017,-0.0020448,0.00177,7.1777e-05,0.0008269,-0.011241,-0.005558,-0.00034438,-0.013571,-0.00083787,-0.0097135,-0.0034436,-0.002009,-0.0059435,0.0052264,-0.0045451,-0.085555,-0.001023,0.0041767,-0.0077635,-0.0066923,0.010067,-0.0030381,0.010889,-0.010915,-0.0055132,-0.0033484,-0.012494,-0.025476,-0.015639,-0.010444,-0.026572,-0.026931,0.038442,0.023139,0.075772,-0.0017186,0.0048737,-0.0010452,NaN,0.0026115,0.0021523,NaN,-0.010264,-0.010638,0.036989,NaN,0.037082,0.01232,-2.36,-3.7366,-3.6333,-3.65,-1.51,0.7,-0.94,-0.1233,2.88,3.96,-0.01,0.67,0.86,1.56,-0.019988,0.15608,-0.038963,-0.018474,-0.051479,-0.012031,-0.042656,-0.032935,-0.0034879,-0.023912,-0.031546,NaN,0.011513,-0.0086929,0.00013697,0.014413,491.65,0.014177,0.0051203,0.015952,20.211,-0.0064707,NaN,NaN,-0.005043,NaN,0.011573,-0.047498,0.013142,0.0054823,54.4,NaN,0.3,-0.4,0.42321,-17094,-0.051665,0.028055,-0.090458,0.5333,-0.3333,-0.0099845,0.0068939,-1.9367,-3.07,-2.3533,-1.4833,-0.039408,-0.11323,-0.0079473,-0.031849,-0.0068979,-0.011746,-0.010188,0.0033743,-0.0066839,-0.0093232,-0.0059494,0.0067891,0.022708,-0.0054036,0.016769,-0.1976,0.32517,0.029091,0.0861,-0.0036,-3.36,-1.51,-0.19078,-0.27453,-0.14742,-0.31986,0.015669,-0.045093,NaN,-0.0099256,0.0091,0.0090382,0.012543,-58.85,0.012056,3.0354e+05,0.007645,0.006285,-45.29,0.051401,-0.017069,-0.024613,0.2218,-0.053866
-0.0011892,0.01091,0.04346,0.011495,-0.0024162,-0.06828,0.012007,0.0073603,0.0065411,0.030332,-1.2,-0.013704,-4.5,0.016925,-0.015625,-0.002133,-0.074682,0.01117,-0.0006096,-0.0024709,NaN,-0.016562,-0.0033414,-0.0052537,-0.028449,-0.052759,-0.020999,-0.013665,0.0062376,-0.002278,-0.0071948,0.012461,78.256,75.742,-0.0044984,-0.0040552,-0.018936,1.0068e-05,-0.016922,-0.024121,-0.010434,-0.013091,0.010043,0.0069035,-0.015057,0.0056475,0.00064653,0.0098105,0.0021729,-0.0020181,-0.0064885,-0.00080882,0.00027339,-0.052624,0.0059041,0.0033791,-0.00054923,-0.1,0.3334,0.17375,0.18354,0.7667,0.4667,0.1333,-0.05001,0.026688,0.20227,0.24175,0.099783,0.0027416,-0.022782,0.055623,0.017365,-0.0038124,NaN,-0.00467,39.4,-0.0667,0.1,3775,0.27436,0.14044,0.38846,0.38499,0.10536,0.24347,0.342,0.018105,0.037655,0.07103,NaN,-0.0062694,0.02667,-0.0069909,-0.0010741,-9.8976e-05,-0.0013553,-0.0025043,0.0004122,-0.003757,-0.0052787,0.0011804,-0.0032138,0.0028239,0.001501,-0.0037276,-0.00075046,-0.03757,0.015868,-0.0012499,-0.049337,-0.0036207,0.0025755,0.0016396,0.0028666,-0.009333,-0.0022201,0.0062986,0.011032,-0.014591,-0.018104,0.0060824,0.012493,0.0086619,0.062234,-0.0078339,0.0036011,0.045265,0.018263,-0.064861,-0.0015304,-0.0013812,0.006496,NaN,0.0013236,0.00030316,NaN,0.0040449,0.0013459,0.022842,NaN,0.021147,0.0059643,-2.85,-0.4634,-0.2633,-0.1466,0.4766,-1.78,0.3734,-0.19,2.2133,1.7,0.19,0.98,1.8,0.5,0.0052358,0.26281,0.015615,0.011158,0.04253,-0.012008,-0.039321,-0.027694,-0.0076743,-0.015069,-0.025733,NaN,0.016299,0.0039396,-0.00723,0.01804,495.04,0.016474,0.015876,0.019004,22.175,0.0062333,NaN,NaN,-0.028404,NaN,-0.031999,-0.055097,0.042545,-0.010218,67.8,NaN,0.1,-0.7,0.40384,22944,-0.020525,0.051077,-0.034489,1.1667,-0.0667,-0.068261,-0.071782,0.33,-0.6833,0.8267,1.74,0.11657,0.08389,-0.004641,-0.018421,-0.0059512,-0.00015376,0.003627,-0.034583,-0.020532,-0.004246,-0.015334,0.0024411,-0.037385,0.0016341,0.022062,-0.0245,-0.10987,0.018659,-0.0413,-0.0051,-1.53,-0.19,0.1802,0.47504,0.36824,0.45352,0.011643,0.19883,NaN,0.017306,0.0094,0.0089572,0.017582,47.52,0.0068093,3.0989e+05,0.0080038,0.0083717,22.12,-0.01391,0.12822,0.13766,-0.553,0.12578
0.018477,0.01342,0.030099,0.015233,0.0038695,0.089113,0.036969,0.014184,0.02068,0.08941,-0.3,-0.00022026,2,0.028058,-0.0049133,-0.0060746,0.052236,0.013674,0.023426,0.023504,NaN,0.037759,0.027632,0.018053,0.046065,0.078062,0.043587,0.061586,0.09723,0.0022444,0.043081,-0.01269,80.723,78.499,0.0074788,0.0091707,0.011039,0.0060222,0.011516,0.0158,0.0032367,0.0080413,0.012356,0.0091529,0.012799,0.010983,0.0062448,0.01198,0.03354,0.0043041,-0.00016276,0.0040213,0.0071555,-0.0067348,0.0018379,0.0010898,0.0060451,0,-0.2667,-0.45348,0.17114,-0.5,-0.5333,0.1667,-0.055804,-0.1058,0.0040612,0.18352,-0.065034,0.011907,-0.031583,0.017752,-0.014759,0.013705,NaN,0.013431,39.933,0.2334,0.2666,3966,0.078051,0.22607,-0.027629,0.16651,-0.13283,0.11463,0.013699,0.038155,0.034315,0.049295,NaN,0.0046538,0.0021639,-0.0011736,0.001351,0.0020616,0.0040966,0.00037167,0.0022312,-2.3269e-05,-0.001064,0.0023994,0.00044824,0.0015442,0.0036959,-0.0039671,-0.00047119,-0.0093446,-0.0041909,0.0045253,0.013723,-0.0052353,-5.9124e-05,0.0017005,-0.0031886,-0.0065582,0.0029791,0.022233,-0.0065509,0.0090552,0.015795,-0.011508,-0.0095534,-0.01551,-0.036774,0.0025573,0.00013231,0.051974,0.046178,-0.064868,0.00069072,-0.0014595,0.0063222,NaN,0.0029004,0.0014043,NaN,0.010012,0.0098017,0.014919,NaN,0.016215,0.03114,6.0166,4.46,3.91,3.7033,1.47,1.61,1.2533,1.5033,2.2467,1.84,-0.36,0.23,-1.19,1.64,-0.0052358,-0.14054,-0.0026437,-0.0065829,-0.016237,0.026141,-0.025156,-0.015247,-0.0029667,-0.018494,-0.015753,NaN,0.007503,0.0057202,-0.0079538,0.0077523,492.11,0.013217,-0.0064166,0.015494,23.128,-0.021281,NaN,NaN,0.019092,NaN,0.05446,-0.042673,0.0016362,0.021684,72.1,NaN,-0.2,0.2,-0.61987,84.7,0.04407,-0.025501,0.003505,1.1,0.5,0.055363,0.021535,1.9834,-2.24,-3.2067,-3.0233,-0.045148,-0.014694,0.0052442,0.011863,0.00088359,0.0024653,0.0099546,0.018527,0.01246,0.0014641,0.009811,0.0014089,-0.022245,-0.046884,-0.01257,0.0399,-0.21962,0.027103,-0.0448,-0.0038,5.61,-0.6,0,-0.0074131,-0.01665,-0.069376,0.035781,0.10764,NaN,0,0.0091,0.0088777,0.011335,-32.12,0.0024301,3.0071e+05,0.0070434,0.0084656,-23.84,0.032509,0.077001,0.083725,-0.2854,0.07817
0.019405,0.0033444,0.028084,-0.005676,0.0087075,0.088521,0.0090803,0.02617,0.020113,-0.024345,1.2,0.013287,8.1,0.042403,0.0077985,0.018632,0.041795,-0.0014002,0.021015,0.024334,NaN,0.0023808,0.0022386,0.00038599,0.0023446,0.00057698,0.005451,-0.0026127,-0.030757,0.0014859,0.0040068,0.013338,80.326,77.966,0.0042821,0.005901,0.0027229,0.0050507,0.0021548,0.0044564,-0.00014258,-0.0081937,0.010693,0.0081601,0.0063385,0.0090106,0.0074818,0.010661,0.033032,0.005638,-0.0030974,0.0058936,0.0061793,-0.0045152,0.0014679,-0.0043664,0.0074131,0.2667,0.0333,-0.082588,0.11061,1.0333,-0.1,-0.0667,0.046784,-0.014118,-0.11954,0.1091,-0.036062,0.044319,0.026082,0.096376,0.010501,0.0055433,NaN,0.0056589,39.967,0.0333,0,3872,-0.096662,-0.04971,-0.10403,-0.13284,0.059477,-0.062829,-0.21011,0.0017379,0.03748,-0.038853,NaN,-0.0082504,0.019168,0.010406,0.0011502,-0.0021516,-1.7382e-07,0.0074056,0.0013896,0.0042356,-0.0043619,-0.0013759,0.0077243,-0.0014925,-0.0096611,0.0042547,-0.002961,-0.011552,-0.019303,-0.0045986,0.087038,0.0042933,-0.0024862,-0.00027037,0.0020518,0.0075982,0.0046789,-0.021781,0.0039373,-0.0003663,-0.0074858,0.0053059,0.0071528,0.0067701,-0.016128,0.017644,0.0039242,0.037549,0.25427,0.022976,-0.00050538,-0.00080546,0.00062314,NaN,-0.0026414,-0.0031832,NaN,0.015351,0.018782,0.0055154,NaN,0.0094743,0.066355,0.7167,0.7767,0.39,0.28,0.5367,0.89,0.3333,0.5767,2.2867,2.19,-0.74,-0.27,-1.43,0.95,-0.020809,0.12486,-0.013677,-0.010363,-0.045862,0.00029497,-0.018582,-0.011226,-0.0035752,0.0010664,-0.0093017,NaN,-0.0045499,-0.015577,-0.014177,-0.0030203,491.32,-0.0028288,-0.0087974,-0.0026047,20.337,-0.016798,NaN,NaN,0.030668,NaN,0.094603,-0.024092,-0.032334,0.007991,68.3,NaN,0,0.2,-0.28416,23239,0.0019828,-0.027695,0.059561,0.6666,0.0333,-0.013487,0.019533,0.55,-2.18,-3.3733,-3.4067,-0.038137,-0.052148,-0.0084296,0.021694,0.0029255,-0.0024713,-0.0222,0.001093,0.001155,0.005885,-4.5342e-06,-0.0052387,0.010578,0.0089698,-0.012406,-0.0175,-0.0090436,0.03808,0.0172,-0.0019,0.08,-1.23,-0.051853,-0.15763,-0.070643,-0.15287,0.011455,0.0060848,NaN,0.043172,0.0091,0.0075472,0.0064691,-54.8,0.0007276,2.8807e+05,-0.0019385,-0.0027585,-44.45,0.043673,-0.012091,-0.017488,0.1399,-0.0070377
-0.0074384,7.2808e-05,-0.039659,0.0068485,0.0043612,-0.042328,0.0078351,0.0081739,0.020159,-0.032199,0.4,0.0019207,10.7,-0.00052755,-0.019286,0.0053896,0.0014746,0.0011663,-0.012222,-0.010272,NaN,0.003066,0.0098947,0.0054064,-0.0024254,0.0081353,0.006814,0.027404,0.062981,-0.0029119,0.011748,-0.025928,79.953,77.83,0.0026342,0.0048999,0.006544,0.0030073,0.0015993,0.007858,0.0043631,-0.0045047,0.0084003,0.0060282,0.0047626,0.0073474,0.0065984,0.0082141,-0.057312,0.0053734,-0.0078062,0.0064755,0.0061993,-0.012752,-0.0011925,-0.0087904,0.0055876,0.1,-0.0333,0.076552,-0.10441,0.0333,0.0333,0,0.00010066,0.035466,0.004254,-0.090116,-0.0014798,-0.00032359,0.028998,-0.033856,-0.015047,-0.0012409,NaN,0.00076735,40.1,-0.0333,-0.0666,3861,-0.1452,-0.24244,-0.076095,-0.30204,-0.10216,-0.15879,-0.013277,-0.013364,-1.9416e-05,0.024828,NaN,-0.0076874,-0.014954,0.0023856,-0.0089899,-0.0032093,-0.0075584,-0.0065769,-0.00739,-0.012039,0.0060353,-0.0064338,-0.019244,-0.0072322,0.017066,-0.0014527,0.00092226,-0.0021602,-0.010508,0.0014693,-0.087505,0.0017919,0.00023981,-0.0091496,-0.019436,-0.012794,-0.0073356,-0.03044,0.00097657,-0.0066469,-0.0012837,-0.00063818,-0.0076303,0.00042276,0.0027182,-0.01004,-0.0038229,0.061661,0.026134,-0.036326,3.1484e-06,-4.2232e-05,0.0046065,NaN,-0.0014325,-0.00038654,NaN,-0.012983,-0.0090364,0.027199,NaN,0.030124,0.00346,1.21,0.5167,0.63,1.0067,0.79,1.08,0.82,0.5233,2.02,2.48,-0.63,0.22,-1.16,1.24,-0.00061862,0.16601,0.0049313,0.0060762,0.012115,0.013462,-0.011914,-0.0052571,0.0030436,0.016713,-0.0017674,NaN,0.0076258,0.0066467,0.0054803,0.0077606,494.57,-0.0022056,0.031551,-0.0028817,17.193,0.0011916,NaN,NaN,0.06171,NaN,0.072535,0.067247,-0.10509,0.0042637,73.9,NaN,0,0,-0.16409,-21341,0.0070915,0.0065548,-0.060807,-0.4,0,0.020889,-0.0060997,0.9933,-2.8733,-3.59,-3.7967,-0.0048752,0.046501,0.0013267,-0.02793,0.0035257,-0.01022,0.0017726,0.00019268,-0.0060505,-0.010411,-0.0081237,-0.0029186,0.020252,0.012448,-0.0053005,-0.0019,0.0082889,0.016028,0.0172,-0.0008,0.81,-1.63,-0.022664,-0.25231,-0.092555,0.031853,0.045409,0.086438,NaN,0,0.0086,0.0099751,0.011289,-61.98,0.009152,2.7513e+05,0.0019016,-0.00034365,-50.45,0.055107,0.0095842,0.0051226,0.0392,0.020497
0.011904,0.0046151,0.029918,0.00019002,0.0021815,0.054832,0.00040917,0.022516,0.022941,-0.080882,1.3,-0.0034498,-1.6,0.010043,-0.0028807,-0.021532,-0.011514,0.021335,0.0087924,0.013867,NaN,0.0095718,0.0052917,0.0029549,0.014385,-0.0062168,-0.0043779,-0.0076935,-0.022119,0.0070365,-0.0015453,0.010953,80.104,77.141,0.0020922,0.0038736,-0.0003733,0.0019487,0.0024904,-0.0014241,0.0013714,-0.018302,0.0083755,0.0041918,0.0025122,0.0069538,0.0032587,0.0081472,0.12652,0.0022558,-0.0062105,0.0022218,0.0026265,0.0029748,0.002292,-0.012214,-0.0031664,-0.3667,0,0.027604,-0.0091906,-0.2,-0.0333,0.1667,0.01855,-0.0018853,0.0018176,-0.011821,0.024141,-0.0055168,-0.0093325,-0.035756,0.062038,-3.963e-05,NaN,-0.00080775,39.833,-0.1334,-0.0334,3744,-0.20359,-0.20017,-0.22322,-0.2134,0.067441,-0.23998,-0.24837,-0.0068048,0.020502,-0.038153,NaN,-0.012241,-0.040202,0.0090513,-0.00027161,-0.00046865,0.00064497,-0.0058583,-0.00089318,-0.0025892,-0.0039857,0.0015097,-0.002029,0.0031064,-0.006577,-0.0010338,-0.0071376,0.0024794,0.010584,-0.00074013,-0.025441,-0.0070571,0.0033488,0.011498,0.0079372,0.0028518,-0.0023164,-0.0072068,0.00023783,0.0068337,0.011353,-0.016308,-0.015535,-0.019651,0.0063757,-0.021671,-0.01588,0.041242,-0.061487,-0.054714,0.00056112,0.0091712,0.001608,NaN,0.0021276,0.0015728,NaN,0.0095876,0.013926,0.0077634,NaN,0.012628,0.0342,-0.2033,0.1466,0.7833,1.1933,1.0967,1.2,0.9367,0.7067,1.63,2.58,0.01,1.27,-0.21,1.72,-0.013916,0.10517,-0.024759,-0.0099358,-0.013578,0.017928,-0.011798,-0.0057865,0.0027628,0.0096193,-0.0033011,NaN,-0.0075361,0.0022773,-0.019058,-0.0088947,479.84,-0.015166,0.010488,-0.017365,21.778,-0.001644,NaN,NaN,0.049841,NaN,0.028347,0.05219,-0.12428,0.010704,74.8,NaN,-0.5,-0.7,-0.10542,23550,-0.00060829,0.0021415,0.020163,0.2,-0.1333,0.0095852,0.035341,1.2367,-2.5233,-2.15,-2.6567,-0.0086479,0.020297,-0.00010285,-0.0011193,0.0059947,0.0044495,0.015728,0.0090733,0.0067692,0.00037025,0.0075608,0.0023693,0.0274,0.012174,-0.014236,-0.0141,0.072378,0.022229,0.0276,-0.003,0.62,-0.8,-0.062058,-0.25677,-0.19213,-0.33453,0.028746,-0.079342,NaN,0.011669,0.0083,0.0074166,-0.0013529,-58.51,0.0039913,2.6491e+05,-0.0033842,-0.0056884,-41.07,0.041844,-0.055211,-0.0595,0.3794,-0.059319
-0.010955,-0.0068637,-0.074666,0.0020812,0.0038379,-0.03585,-0.0031092,-0.012229,0.023013,-0.11061,0.8,0.01263,7.4,-0.03108,0.0077896,0.0045819,0.02823,0.0010984,-0.014921,-0.016022,NaN,-0.022091,-0.00319,-0.0035753,-0.035261,-0.056562,-0.04107,-0.047345,-0.056522,0.012595,-0.017414,0.015923,77.786,74.644,-0.0043679,-0.0048765,-0.01879,-4.4583e-05,-0.01646,-0.023825,-0.010499,-0.016264,0.0087529,0.0010291,-0.0060119,0.0043693,-0.0015551,0.0083113,0.017709,-0.0040138,-0.0019889,-0.0045387,-0.00054933,-0.0014863,0.0035651,-0.0042684,-0.004042,0.0667,0.8333,0.80286,0.020666,1.8667,1,0.4333,0.12059,0.13048,0.078552,0.024664,0.14812,0.092703,0.0018015,0.085136,0.12053,-0.0039444,NaN,-0.0044679,39.4,-0.1333,-0.3666,3337,-0.098774,0.032304,-0.16047,-0.05947,-0.16188,-0.083442,-0.12599,-0.029113,-0.010787,-0.10287,NaN,-0.03146,-0.099911,0.0025173,-0.0011315,-0.00063326,-0.0028654,0.002391,-0.0020073,-0.0014304,-0.0017455,-0.00095469,-0.0012886,-0.0010273,-0.0062997,-0.0037721,0.0066731,0.0033028,-0.01157,-0.0064811,0.021587,0.0030573,-0.00343,0.00017819,-0.010899,0.0060569,-0.0038792,0.007128,0.0016405,-0.011343,-0.013955,0.0019703,-0.007772,0.0026903,-0.020006,-6.6235e-05,-0.0050673,0.0057786,-0.030898,-0.03633,-0.0030695,0.0059119,-0.0034676,NaN,-0.00073596,-0.00063435,NaN,-0.010446,-0.012085,0.0286,NaN,0.026879,0.0031781,-3.99,-3.3033,-2.8467,-2.7733,-0.76,0.31,-0.3033,0.2066,2.5967,3.66,0.46,1.8,2.34,1.29,-0.0041922,0.28294,-0.004042,0.0093784,0.014267,0.01224,-0.015236,-0.0064684,5.1774e-05,0.0033212,-0.0048723,NaN,0.0094638,0.0028125,0.0017141,0.010386,484.32,0.01416,-0.0015758,0.016863,19.716,-0.018348,NaN,NaN,-0.032962,NaN,-0.13687,-0.031467,0.024743,-0.016561,65.7,NaN,0,0.2,0.75254,33840,-0.025532,0.017722,0.010915,-0.7,-0.2,-0.0026721,0.0056383,-1.2967,-1.8367,0.5433,1.03,-0.035417,-0.04686,-0.0028617,0.0020656,-0.0049413,-0.0086972,-0.021307,-0.014505,-0.011866,-0.0025071,-0.011646,-0.0031771,-0.010683,0.0069208,0.001461,-0.0939,0.13862,0.01655,0.0689,-0.0001,-3.73,-0.54,-0.15111,-0.12981,-0.13353,-0.23952,-0.026655,-0.026787,NaN,-0.0023229,0.008,0.011023,0.014866,-21.48,0.0057232,2.5825e+05,0.0013453,-3.2049e-05,-25.95,0.031209,-0.028247,-0.035765,0.2337,-0.026301
-0.015657,0.0073389,0.03134,0.0051581,0.0018656,-0.099368,-0.02793,-0.02282,-0.021092,-0.059992,-0.7,-0.0011146,0.3,-0.028926,-0.0028111,-0.044371,-0.028974,0.0024105,-0.021857,-0.021489,NaN,-0.020763,-0.014945,-0.0094156,-0.026506,-0.051055,-0.011562,-0.040342,-0.03909,0.001463,-0.036664,-0.00040563,75.69,72.377,-0.0069137,-0.0077556,-0.024075,-0.0011847,-0.023249,-0.029174,-0.015788,-0.02535,0.0050373,0.0016701,-0.0095816,0.00097308,-0.00072977,0.0048165,-0.0042644,-0.0038857,-0.0029908,-0.0014906,-0.004776,-0.0061977,-0.0020095,-0.0023871,-0.003684,0,0.6,0.49093,0.11111,1.2333,0.7,0.4,0.018313,0.095816,0.18702,0.10324,0.11914,-0.012536,-0.045287,0.071764,0.040842,-0.017445,NaN,-0.017261,38.667,-0.3,-0.1334,3101,0.0076046,-0.054435,0.091507,-0.33451,-0.10076,0.15981,-0.12199,-0.0057331,0.005821,0.011594,NaN,-0.023545,0.031345,-0.013408,-0.0025849,-0.0030748,-0.0021509,-0.0058871,-0.004182,-0.0026795,-0.0045635,-0.0026037,-0.0019142,-0.0022734,-0.0087458,0.0012621,-0.0033143,-0.0076775,0.0085901,0.00068276,-0.030471,-0.00089512,-0.0034663,-0.006264,-0.0060434,-0.0026054,-0.0009552,0.026334,-0.01273,-0.0072788,-0.0071019,-0.0014592,0.0097424,0.00026341,0.014538,-0.0017352,-0.00067892,0.028659,-0.039954,-0.13562,-0.00021021,0.011865,0.0050774,NaN,0.01412,0.014598,NaN,-0.0045929,-0.0040351,0.030695,NaN,0.03076,-0.019334,0.64,1.0633,0.8567,0.7866,0.2066,-0.33,0.3933,0.35,2.74,3.12,0.26,1.52,1.48,0.99,0.0098237,0.026873,0.014718,0.013523,0.018807,0.025641,-0.010211,-0.00075595,0.0063019,-0.0037622,-0.0012473,NaN,-0.003664,-0.011931,-0.014342,-0.002527,481.93,-0.010098,0.011416,-0.011185,21.359,0.0017999,NaN,NaN,0.034528,NaN,0.024899,0.040354,-0.019366,0.014413,66.5,NaN,-0.3,-0.2,1.0571,41823,-0.024369,0.021954,-0.031012,0.6334,-0.7667,-0.0069117,-0.044466,0.26,-1.4133,0.1633,0.7833,0.038258,-0.032615,-0.0021124,-0.01932,-0.0045515,-0.0046135,0.0031995,-0.011279,-0.0094725,-0.0055573,-0.0079418,0.0026633,-0.080193,-0.026419,-0.002444,-0.0508,0.043955,0.06527,0.1102,0.0001,0.77,-0.42,-0.10457,-0.16466,0.20641,0.045036,-0.0019371,-0.077763,NaN,0.016148,0.0081,0.014511,0.0073031,-2.58,0.014573,2.5962e+05,0.0046927,0.0015509,-6.3,0.0092821,-0.067435,-0.069831,0.4641,-0.062604
0.0045516,0.0030414,0.0034943,0.005521,-0.0017131,-0.00076,-0.031797,-0.042881,-0.031671,-0.033277,-0.1,0.0037935,1.7,-0.0013331,0.0035006,0.0059494,-0.016508,0.0060149,0.0048197,0.0045283,NaN,-0.012844,-0.0027001,0.0072746,-0.022295,-0.019226,-0.015724,0.030538,0.075521,-0.00091216,-0.022178,-0.0030307,74.314,71.59,-0.0053168,-0.0062526,-0.022218,-0.00012896,-0.020425,-0.027638,-0.01353,-0.0084038,0.0019546,0.0017954,-0.0098173,-0.00097308,0.0034495,0.0018288,-0.03451,-0.00082947,-0.00097809,0.003708,-0.0057483,-0.0099503,0.00045704,0.0011942,0.00036433,0.2333,0.6,0.26362,0.3188,0.7,0.6333,0.5,-0.016125,0.065727,0.13077,0.24861,0.1034,0.07268,-0.011364,0.0036541,0.081191,0.0032741,NaN,0.0046962,39.133,0.1,-0.0666,2807,0.074433,0.11607,0.099568,0.45012,0.1103,-0.025252,0.08418,0.0055899,0.0090892,-0.040006,NaN,-0.026746,-0.12839,-0.0024521,-0.0030642,-0.0011096,-0.0010391,-0.0012015,0.00064906,-0.0035475,-0.0006215,-0.0027372,-0.0047038,-0.0029027,0.0037246,-0.00063497,-0.003207,-0.0099836,-0.0010102,0.0048572,-0.032608,0.00076205,-0.0050876,-0.0071462,0.009759,-0.0028957,0.00010063,-0.0019304,-0.00035943,0.0054961,0.0061617,-0.0047724,-0.0077286,-0.0064416,0.010563,-0.01106,-0.0076671,0.046974,-0.080019,0.092836,-0.0018658,-0.0076715,-0.0025833,NaN,-0.002773,-0.0011154,NaN,0.00011508,0.0012433,0.0081839,NaN,0.0076337,0.021997,0.2866,-0.3933,-0.5167,-0.5366,-0.3633,-0.65,-0.5,-0.2533,2.85,2.83,0.13,1.38,1.51,1.39,0.0045651,0.021238,-0.003856,0.0068258,-0.00061166,0.030126,-0.003535,-0.0046513,0.0073494,0.0096074,-0.0023087,5.1,-0.0014638,0.0019795,-0.0040353,-0.001936,478.12,0.00022498,-0.0053902,0.00051802,17.821,-0.004989,NaN,NaN,0.036519,NaN,0.063301,0.043155,-0.036687,0.029181,66.2,NaN,-0.2,-0.5,-0.01085,17277,-0.0054759,-0.030503,0.036959,1.1666,0.4,-0.04265,-0.015657,-0.33,-2.0933,-0.4533,-0.0033,0.01592,-0.0050984,0.00099854,-0.0086831,0.0030784,0.0048472,0.012304,0.0050156,0.0058734,-0.0018715,0.0058495,-0.01194,0.061838,0.0087836,0.01678,-0.0505,0.085364,-0.0017024,-0.0104,-0.0009,0,-0.7,0.20887,0.36172,0.032184,0.075941,-0.029007,-0.0082266,NaN,0,0.0078,0,-0.0034968,-60.28,0.024426,2.546e+05,0.00023266,-0.0076336,-40.78,0.043938,-0.00058423,-0.00026183,0.0837,-0.00057141
-0.0038303,0.0066814,0.0079281,0.0076752,0.0042581,-0.0092061,-0.02403,-0.019698,-0.029187,-0.0013049,0.2,0.0079852,6.7,-0.0284,1.4931e-05,-0.045361,0.045338,0.0047868,-0.0054006,-0.0063401,NaN,-0.014401,-0.0087818,0.0053156,-0.021871,-0.032352,0.0014249,-0.0042795,0.006733,0.0086773,-0.035198,-0.0082494,72.94,70.625,-0.0076368,-0.007997,-0.02282,-0.0018867,-0.024748,-0.030173,-0.011226,-0.021952,0.0031017,0.0018562,-0.011649,-0.00042337,0.002035,0.0027369,-0.063047,-0.0030352,-0.0059725,0.0015684,-0.0080402,0.0042931,-0.0059581,-0.009098,-0.0020239,0.0667,0.4667,0.28178,0.23515,0.9334,0.7333,0.2,0.029961,0.021213,0.1023,0.15082,0.084778,0.02428,-0.074313,0.14332,0.045854,-0.0065455,NaN,-0.0072734,39.067,-0.0333,0.0333,2474,0.16554,0.31834,0.08955,-0.010977,0.16851,0.22406,0.13055,-0.017178,0.011703,-0.037231,NaN,-0.047001,-0.057458,-0.0010722,0.0061201,0.0024644,0.00059608,-0.0051376,0.0013243,0.0081086,-0.004186,0.0044651,0.012873,0.0041834,-0.003815,-0.011886,-0.0050245,0.014608,-0.0050946,-0.0048862,0.096903,-0.0022759,0.0026003,0.0076,-0.00073476,0.0053267,0.0020859,0.018797,-0.0041768,0.0028736,-0.0017034,0.007972,0.0033298,0.010335,-0.026634,0.014047,0.0070061,0.045648,-0.015223,-0.022698,-0.002346,-0.0034776,-0.0039561,NaN,-0.0015784,-0.0028758,NaN,0.0018778,0.00019413,0.014067,NaN,0.01372,0.0096668,-3.5066,-3.1033,-2.1766,-1.9567,-0.8133,-0.59,-0.7567,-0.53,3.1333,3.06,1.06,2.52,3.8,1.83,0.0018616,0.1784,-0.0060999,-0.00089919,0.0045298,0.013252,-0.0095052,-0.012848,-0.0049382,0.013873,-0.0083822,12.1,0.0018716,-0.0096288,-0.014416,0.0034418,477.47,0.0079876,-0.012538,0.010311,26.693,-0.025412,NaN,NaN,0.041064,NaN,0.058115,0.05976,-0.031683,0.0041687,66.7,NaN,-0.5,0.2,1.5232,94833,-0.0091537,-0.014192,-0.0009238,1.0334,-0.0333,0.053586,0.061939,-0.9533,-1.69,2.1,2.7467,-0.028835,0.045969,-0.0010566,0.032417,-1.7721e-05,0.0084699,-0.0053278,-0.0024455,0.0042542,0.0064646,0.003231,0.0032106,-0.04255,-0.014855,-0.006041,-0.0453,0.052782,0.0025095,0.0241,-0.0013,-2.66,0.14,0.018988,0.098017,0.079628,0.14389,-0.032518,-0.030464,NaN,0.0091117,0.0079,-0.0036079,-0.0026411,9.62,0.019224,2.6225e+05,-0.0070299,-0.015856,-4.22,-0.010368,-0.002632,0.0010477,0.0764,0.0082942
0.00039934,0.017365,0.04455,0.015334,0.010184,-0.08045,0.0005448,-0.019085,-0.017387,0.075991,-1.2,0.015299,9.8,-0.005163,0.0075444,-0.046905,-0.040041,0.0031359,-0.0010308,-0.00081507,NaN,-0.019014,-0.015578,-0.0066765,-0.024249,-0.053825,0.0024549,-0.029486,-0.047904,0.0011449,-0.033239,0.0075102,71.361,68.906,-0.0059978,-0.0080844,-0.024506,-0.00028828,-0.023383,-0.036283,-0.006386,-0.0088329,0.0036654,0.0020442,-0.010616,-0.00029647,-4.8414e-05,0.0034106,-0.05851,-0.0053157,0.0035753,-0.0028276,-0.00893,0.0051966,0.0040371,0.0029006,-0.0042652,0.0666,0.7667,0.30521,0.42826,0.2,0.8334,0.7,-0.00033932,0.025874,0.12819,0.22637,0.10432,0.021573,-0.02073,0.016456,0.061608,-0.0094822,NaN,-0.0094418,38.967,-0.1334,-0.0333,2401,0.1368,0.043427,0.21354,0.10668,0.036749,0.11988,0.25951,-0.011241,0.029275,-0.019756,NaN,-0.020848,0.0064572,-0.016503,-0.0047217,-0.0020635,-0.003721,-0.004032,-0.0040702,-0.0090083,-0.00067246,-0.0014598,-0.01225,-0.0010374,-0.0054933,0.005213,-0.00055668,0.0010128,-0.0086694,-0.0058514,-0.05655,0.0072648,0.0035948,-0.0044119,-0.016807,-0.0044719,-0.0041915,-0.0061627,0.0055597,-0.014149,-0.013202,-0.0034322,-0.0033351,-0.0034407,0.0072937,-0.0033879,-0.0016715,0.029072,0.0017145,-0.034985,-0.0067147,-0.0010042,-0.0094949,NaN,0.0037867,0.0035425,NaN,0.0084065,0.0086776,0.0057874,NaN,0.0062976,0.019677,-1.72,-1.41,-2.1134,-2.71,-2.45,-2.15,-1.8766,-1.86,3.7233,3.35,0.36,1.22,2.76,0.89,0.023891,0.055318,0.036332,0.019148,0.05248,-0.00057769,-0.00755,-0.004711,-0.0064913,0.0022383,-0.003533,48.3,0.013062,0.0076927,0.004557,0.013788,482.59,0.019945,-0.0035132,0.023383,28.766,-0.0013805,NaN,NaN,0.011271,NaN,0.010527,0.0003627,-0.045082,-0.014829,72.5,NaN,-0.5,-0.5,1.2563,87825,-0.021404,0.01485,-0.0034173,1.4,-0.1667,0.017045,0.0057726,-2.64,-1.38,1.18,2.59,0.0038563,0.016261,-0.003412,-0.026495,-0.00072973,-0.013444,-0.010556,-0.016582,-0.014896,-0.0067013,-0.015138,-0.0063503,-0.01215,-0.0041133,0.015606,-0.0226,-0.052726,-0.0094347,0.0035,-0.0006,-2.35,-0.49,0.15907,0.09598,0.22922,0.2661,0.074523,0.24164,NaN,-0.0045455,0.0078,-0.0060423,4.3024e-06,-8.4,0.013184,2.6394e+05,-0.0025112,-0.0079384,-11.18,0.0067509,0.1833,0.18171,-1.0002,0.22318
0.013092,0.0098385,0.0099663,0.013246,0.0031868,0.03406,0.022188,-0.0070175,-0.015069,0.15856,-1,0.0095648,6.5,-0.00052668,0.0036189,0.016002,0.022659,0.0093921,0.01899,0.014752,NaN,0.01153,0.0036332,0.0052281,0.015917,0.047736,0.030693,0.043906,0.07653,-0.0083336,0.007768,-0.036555,72.064,70.291,0.0019983,0.0018971,-0.002849,0.0037412,-0.00339,-0.0035394,-0.0018034,0.0077435,0.0068967,0.0060442,-0.0036617,0.0046065,0.0070903,0.0068993,-0.054536,0.0016722,0.0024597,0.0075278,-0.0040361,0.0065438,0.0027432,0.0010944,0.00023538,-0.3333,-0.3,-0.5814,0.30191,-0.8334,-0.2,-0.1333,-0.08063,-0.077334,-0.065488,0.12861,-0.059114,0.0043921,0.074646,-0.080345,-0.023369,0.0056294,NaN,0.0062214,39.4,0.0667,0.1333,2521,0.23984,0.25775,0.15908,0.26815,0.41912,0.21314,0.19671,0.020729,0.0092239,0.040229,NaN,0.0033926,-0.05737,-0.014611,-0.0027214,-0.00078146,-0.002122,-0.0044285,-0.0022242,-0.0011516,0.0042134,-0.0040805,-0.0033507,-0.0037963,0.0118,-0.0012159,-0.0028841,0.0038464,0.0049553,0.0095703,-0.04191,-0.0025273,-0.0079722,0.0018274,-0.0030166,-0.0022892,-0.00094813,-0.012187,0.00079157,-0.0023872,0.0027153,-0.012538,-0.00066434,-0.015188,0.0016657,-0.0092822,-0.0026673,-0.0084114,-0.058961,-0.14548,-0.00060766,-0.0018388,-0.00092419,NaN,0.0042547,0.0033402,NaN,0.012769,0.009118,-3.1708e-05,NaN,-0.0027692,0.016341,-0.6334,0.2,-0.0866,-0.27,-0.1034,-0.99,-0.0334,-0.5567,3.27,2.47,0.07,0.75,2.46,0.24,0.023925,-0.072003,0.02813,0.052977,0.1715,-0.009719,-0.0057052,0.0019782,0.00023931,0.0049643,0.0024864,43.9,0.010326,-0.017229,-0.026622,0.013984,484.81,0.014755,-0.00055056,0.016673,21.543,0.0046945,NaN,NaN,-0.026406,NaN,-0.058529,-0.095088,-0.072527,-0.0032531,75.3,NaN,0,-0.2,0.64755,76973,0.022074,-0.029362,-0.047831,1.8666,0.4,-0.061451,-0.067247,-0.3434,-0.5467,1.47,3.19,0.018786,0.031897,0.0050628,-0.0099161,-0.0044032,-0.0047579,0.0047309,0.0023865,-0.0023953,-0.0051599,-0.002044,0.0050292,0.025671,0.016251,0.022538,0.0166,-0.18594,-0.016489,-0.062,0.0002,-0.46,-0.31,0.23906,0.15287,0.17188,0.095721,0.05705,0.14094,NaN,0.0045455,0.0076,0.0024213,0.0078368,-37.66,0.016749,2.5823e+05,0.0058149,0.0019652,-27.18,0.038621,0.076925,0.082726,-0.3493,0.13235
0.022501,0.020158,0.070364,0.013544,0.011681,0.084857,0.036926,0.049088,0.013804,0.11014,-0.2,0.0082061,7.7,0.034186,-0.0019862,0.0029867,0.074082,0.0069066,0.033022,0.027683,NaN,0.021983,0.017331,0.021616,0.024153,0.052077,0.030373,0.048447,0.050974,0.011867,0.018033,0.046273,73.586,72.19,0.0075818,0.0093141,0.010262,0.0079273,0.006509,0.012939,0.0061982,-0.0010906,0.014214,0.0087784,0.0071643,0.01257,0.011422,0.014102,-0.026392,0.0080309,-0.000354,0.0092651,0.0058255,-0.0032092,0.0015512,-0.00021172,0.0080568,0.1333,-0.2334,-0.34772,0.052857,0.2667,-0.3,-0.4,-0.010819,-0.066706,-0.14046,0.026225,-0.023693,-0.027875,-0.050639,0.077751,-0.050998,0.010573,NaN,0.011644,39.933,0.1667,0.4,2789,0.018234,-0.06794,0.13502,-0.045004,-0.19186,0.022657,0.15211,0.028442,0.039929,0.049134,NaN,0.0046377,0.082385,0.0035076,0.00084806,-0.0054433,-0.00055488,-0.0012476,-0.0016495,0.009798,-0.0033939,-0.005759,0.015235,-0.0070851,-0.0073282,-0.00050234,-0.0015536,-0.00016987,0.011004,0.00068982,0.084213,-0.011504,-0.0015485,-0.0088652,0.026064,0.0017129,0.00042245,-0.051987,-0.0049648,0.010817,0.0036771,0.0069174,0.0033131,0.0082493,0.0072893,0.0029795,0.0020013,-0.014671,-0.035398,0.021647,0.0022374,-0.0096545,0.00053198,NaN,-0.0025077,-0.0018181,NaN,0.021379,0.01711,-0.0068885,NaN,-0.011848,0.032715,0.15,0.29,0.2933,0.32,-0.02,-0.27,-0.2733,-0.5833,2.7067,2.22,0.07,0.78,2.15,0.22,0.019509,-0.081007,0.019052,0.013934,0.050826,-0.0098095,0.012594,0.0094984,0.0096197,0.024413,0.012055,38.6,0.016472,0.023386,0.01648,0.015565,489.02,0.021753,0.0032832,0.023848,19.28,0.0028319,NaN,NaN,0.018831,NaN,0.028682,0.0076465,0.012513,0.0030095,91.5,NaN,-0.2,0.4,1.0426,1.2957e+05,0.028187,0.042865,0.054637,0.9334,0.4,-0.0046069,-0.017523,0.1034,-0.4067,1.4233,2.7667,0.0022402,-0.015201,0.0022952,0.025604,-0.0087911,0.012825,-0.0051842,0.0077682,0.010484,0.007053,0.011848,-0.0080262,0.023658,0.01037,0.017574,0.0291,-0.042914,-0.00091067,-0.0551,0,0.28,-0.18,0.041243,0.089721,0.12516,0.22253,0.062758,0.16611,NaN,0.011274,0.0077,-0.0024213,0.004084,6.07,0.020026,2.637e+05,-0.00035484,-0.0076848,-4.9,-0.0009414,0.097155,0.097227,-0.4118,0.13676
0.019793,0.017773,0.037725,0.014652,0.015099,0.060726,0.054516,0.054845,0.04124,0.093225,-0.1,0.017113,10.7,-0.017969,0.0086991,0.01492,0.075015,0.014894,0.024401,0.024258,NaN,0.033719,0.02928,0.026568,0.037191,0.052398,0.023775,0.05926,0.066615,0.014386,0.044589,0.031237,76.018,74.657,0.010295,0.012276,0.015539,0.0078308,0.017913,0.020238,0.0083367,0.031316,0.015843,0.011565,-0.078939,0.014755,0.015886,0.015439,0.0040541,0.01214,0.001124,0.01486,0.0099135,0.0051526,0.0041852,-0.0013066,0.016528,0.3,-0.7666,-0.48987,-0.25229,-0.9333,-0.8,-0.6667,0.0095305,-0.043867,-0.07101,-0.09813,-0.09406,-0.010985,-0.023589,-0.034349,-0.0076481,0.020263,NaN,0.019942,40.4,0.0666,0.3333,3095,0.081694,0.23654,0.017629,0.098192,0.046147,0.08041,0.090438,0.025373,0.022791,0.037833,NaN,0.0094927,0.017252,0.012664,0.0039804,0.0074669,0.0031857,0.0031719,0.0042706,-0.0029858,0.0017419,0.0091268,-0.0049423,0.010081,0.0039668,-0.00069919,-6.0839e-05,0.002234,-0.0092908,0.0019115,-0.010556,0.00060546,-0.0041115,0.0059713,-0.0037195,-0.009103,-0.0028119,0.10256,-0.00050285,-0.0017937,0.0025705,0.0019528,0.0059049,0.0032826,-0.010271,0.010897,0.011619,-0.028169,-0.018682,0.017941,-0.0069369,-0.013612,-0.0047047,NaN,-0.0042384,-0.0052557,NaN,0.0044663,0.0039847,0.00028731,NaN,0.00083826,0.036608,0.6567,0.7433,0.8367,1.1167,1.0834,0.89,0.7733,0.2767,1.9,2.03,0.17,1.16,2.49,0.2,0.014005,-0.065984,0.012764,0.0059704,0.0022136,0.0052189,0.023119,0.012629,0.013369,0.032433,0.016073,28.1,-0.00056297,0.018901,0.0040069,-0.0031554,480.28,0.00070821,-0.0037744,0.00055566,18.942,-0.0067928,NaN,NaN,0.028539,NaN,0.034046,0.020544,-0.02783,0.0012986,91.2,NaN,-0.1,0.4,0.45943,80820,0.035147,0.033414,0.025803,0.2,0.3667,0.038567,0.045351,1.1966,-0.32,1.9633,2.8833,-0.0030654,-0.0066951,0.0015722,0.0027746,0.00080919,-0.0014717,0.011323,-0.0017905,0.00019346,-0.0014512,-0.0011304,0.0049978,-0.014661,0.0016879,-0.038713,0.0468,-0.11721,0.014159,-0.0413,0.0009,0.72,-0.12,0.10172,0.022512,0.0065958,0.0040968,0.056256,0.009773,-0.0040429,0.0067039,0.0078,-0.0024272,-0.0039801,7.69,0.014004,2.7019e+05,-0.00063572,-0.0060269,3.11,-0.010316,0.01706,0.021293,-0.0432,0.041314
0.020648,0.01581,0.048208,0.010276,0.012135,0.092838,0.054234,0.084134,0.058706,0.041517,0.6,-0.016131,-12.3,0.019924,0.00058618,0.019922,0.047889,0.022028,0.023963,0.024981,NaN,0.026026,0.019389,0.0068413,0.031788,0.050624,0.015926,0.039495,0.049086,-0.0056692,0.043861,-0.036505,77.863,76.73,0.013927,0.017237,0.018589,0.011902,0.020129,0.024446,0.0094923,0.028074,0.011489,0.0098956,0.099843,0.01199,0.013979,0.011533,0.013729,0.012996,-0.001624,0.013768,0.013772,0.0017116,9.0808e-05,-0.0033272,0.0095724,-0.1666,-0.8334,-0.50206,-0.31633,-1.9667,-0.8334,-0.5,-0.05353,-0.088255,-0.14456,-0.15096,-0.14059,-0.058564,0.071112,-0.071011,-0.03241,0.015951,NaN,0.018605,40.567,0.2,0.2,3502,-0.040976,-0.054697,-0.016232,-0.10616,-0.090225,-0.015711,-0.046711,0.033448,0.033706,0.073527,NaN,0.037453,0.055276,0.015138,-0.0064888,-0.0071113,-0.0031235,0.003415,-0.0039607,-0.005282,0.00075015,-0.0074017,-0.0079656,-0.007612,0.002657,-0.00084712,0.0047223,-0.0097011,0.0018078,-0.013158,-0.035399,-0.0027395,0.0032918,-0.0011463,-0.0086946,0.012011,0.0058798,-0.083315,0.00018373,0.00023616,0.00050608,-0.0026335,-0.0046465,-0.003628,0.015128,-0.0059775,-0.0037291,-0.028908,-0.0083414,-0.06436,0.0025032,-0.002115,0.0045506,NaN,0.0021416,0.0050792,NaN,0.0053551,0.0090513,0.0052686,NaN,0.0060084,0.0043783,-0.03,-0.34,-0.33,-0.3434,0.06,-0.19,0.0667,0.08,1.92,1.78,0.18,1.15,2.89,0.41,0.013811,-0.013489,0.0072306,0.0080758,-0.0062886,0.014567,0.040998,0.026848,0.022738,0.051199,0.031162,29.3,0.0026095,0.027553,0.0055245,-0.00079706,469.44,0.0024793,0.0029392,0.0012178,15.815,-0.0023755,NaN,NaN,4.074e-05,NaN,0.0056636,-0.0349,-0.027129,0.0045319,91.5,NaN,0.1,0.1,-0.15557,48643,0.029738,-0.039804,-0.030007,-0.7667,0.0667,-0.0045658,0.020066,-0.0133,-0.63,1.98,2.98,0.0051292,-0.014532,-0.010958,-0.0065379,0.00044875,-0.0043904,0.0029627,0.003872,-0.0024462,-0.00042061,-0.0017553,0.0016973,-0.046593,-0.012651,-0.0013987,0.0709,-0.07371,0.018825,-0.0276,0.0007,-0.13,-0.22,-0.075794,-0.017272,-0.029278,0.03771,0.035997,-0.077524,-8.2981e-05,0.011074,0.0076,0.006057,0.0070336,-35,0.019123,2.6562e+05,0.010247,0.0069232,-20.94,0.036183,0.001409,0,0.042,0.0037528
0.019359,0.0082645,0.037122,0.0044487,0.002577,0.092255,0.030895,0.017248,0.031304,0.029745,1.9,0.010543,3.4,0.034858,0.012603,0.020658,0.077321,0.019778,0.022748,0.024629,NaN,0.028889,0.029242,0.021179,0.029877,0.050189,0.01232,0.04166,0.053905,0.013163,0.039477,0.044093,79.88,78.755,0.013098,0.015518,0.014532,0.011419,0.018203,0.019117,0.0073157,0.036119,0.013142,0.010225,0.013604,0.013409,0.015877,0.013111,0.0059682,0.016206,0.0015408,0.01547,0.016133,-0.00034209,0.0041674,0.0010985,0.010434,-0.0334,-0.6666,-0.4122,-0.25809,-0.9333,-0.8333,-0.3666,-0.031783,-0.049689,-0.15571,-0.14021,-0.11355,-0.042922,-0.084179,-0.0026008,-0.029776,0.019333,NaN,0.019066,40.8,0.0334,0.1,3804,0.11495,0.051293,0.098191,0.25557,0.25773,0.0082277,0.21709,0.021936,0.027762,0.038998,NaN,0.032775,0.089809,0.027504,0.0041672,0.0020929,0.002361,-3.7267e-05,0.0018006,0.0063881,-0.0059195,0.0024897,0.012045,0.0020225,-0.010763,-0.0037169,-0.0027619,0.0016552,0.016005,0.0064393,0.024102,0.0021979,-0.0017309,-0.0015689,0.005465,-0.0040676,-0.00028657,0.0096778,0.012271,0.0041371,0.00080865,0.0093853,0.0061236,0.011372,0.018981,0.002254,-0.00071207,-0.0032943,-0.0096814,0.002161,-0.0012684,-0.0036347,0.00045902,NaN,-0.0022495,-0.0027611,NaN,0.0036809,0.005296,0.0055252,NaN,0.0076429,-0.0047506,0.2567,0.37,0.3066,0.2234,0.2566,-0.13,-0.1267,0.1366,1.8,1.39,0.11,1.01,2.77,0.28,0.0078608,0.042302,0.0026575,0.0072351,0.0010997,0.022577,0.030062,0.033933,0.02155,0.040309,0.035076,25.9,0.0077943,0.0078463,-0.011932,0.0077874,463.84,-0.0016606,0.031329,-0.0027976,19.572,0.0050465,NaN,NaN,0.0058817,NaN,0.017029,-0.013928,-0.023485,0.013553,99.5,NaN,-0.1,0.5,0.27894,74548,0.029766,0.050392,0.030847,-0.2,0.3,-0.018832,-0.033653,0.2333,-0.5167,1.9567,2.5967,0.003341,0.011909,0.0049453,-0.0014273,0.0036137,0.0055158,-0.013253,0.0001521,0.00219,0.0044702,0.0038456,0.00058689,-0.01631,-0.016717,-0.018639,0.0639,-0.11602,0.024139,-0.0103,0.0017,0.24,-0.24,0.15303,0.24452,0.0052514,0.18625,0.071071,-0.069354,0.0018236,0.032506,0.0078,0.0048193,-0.001046,-8.7,0.024222,2.7041e+05,0.0030063,-0.0050992,-8.02,0.0063377,-0.033118,-0.031927,0.2026,-0.060605
0.01713,0.013913,0.023029,0.0078447,0.021657,0.032003,0.038314,0.048106,0.045555,0.017494,1.7,0.021491,12.7,0.011253,0.013257,0.024551,0.041037,0.016473,0.018852,0.021313,NaN,0.015276,0.012414,0.0019083,0.017053,0.022496,0.0066713,-0.0037109,-0.036447,0.0042556,0.024456,0.0049625,80.726,79.511,0.011075,0.012337,0.011055,0.010499,0.012818,0.014956,0.0048475,0.020987,0.014647,0.0090356,0.010083,0.013468,0.012137,0.014416,0.0082306,0.011258,0.0049808,0.01064,0.011208,0.0046652,0.0089105,0.0035353,0.013186,0.4334,-0.4334,-0.19501,-0.19784,-0.8667,-0.4333,-0.2667,-0.018319,-0.054533,-0.043863,-0.11674,-0.077944,-0.015399,0.025551,0,-0.016824,0.012441,NaN,0.012924,40.7,-0.0334,0,4099,-0.062387,0.011299,-0.036287,-0.063961,-0.018411,-0.056897,-0.091133,0.014137,0.022395,-0.048679,NaN,0.023932,0.010193,0.024594,-0.0011101,0.0015755,-0.00087338,0.0024807,-0.0014731,-0.0055821,0.0059128,0.002276,-0.010962,0.0022113,0.0092194,0.005003,0.0014707,0.0029831,-0.020054,-0.0073175,-0.0063982,-0.0018762,0.0043852,-0.0025649,-0.012919,0.0021882,-0.0012588,0.038583,-0.015411,-0.0046935,-0.001465,-0.0078174,-0.0042767,-0.010112,-0.038151,0.0012423,0.0012398,-0.0034565,-0.014185,-0.0059706,-0.0033374,-0.0061589,-0.003836,NaN,0.0010244,0.00062633,NaN,0.005937,0.0088683,0.0011834,NaN,0.0045199,0.015362,0.87,0.6267,0.9367,1.37,1.2567,0.67,0.93,0.9567,1.5,0.8,0.42,1.75,3.4,0.81,0.011124,0.04512,0.0081233,0.011938,0.0099883,0.038295,0.037465,0.030082,0.023608,0.05973,0.035479,15.5,0.0067689,0.023354,0.0068801,0.0044494,458.3,0.0018496,0.018712,0.0005459,17.941,0.0013328,NaN,NaN,0.011837,NaN,0.022589,-0.0049488,-0.027697,0.029279,96.6,NaN,0,0.2,0.2724,67944,0.014899,0.0090419,-0.0086661,-0.9,-0.0334,0.0080507,-0.042335,1.3634,-0.76,2.45,2.6567,-0.019879,0.0018468,-0.0049439,0.0024804,-0.0040874,-0.0049802,0.01112,-0.00081953,-0.00078011,-0.0056464,-0.0030553,-0.0025355,0.031687,0.021001,-0.0055313,0.0537,0.051587,0.033782,0.0206,0.0019,1.15,0.05,0.011755,-0.10037,-0.021937,-0.050949,0.041265,-0.077222,0.0036418,0.029414,0.0079,0.010759,0.0085229,-4.08,0.029783,2.7527e+05,0.00095244,-0.010455,-15.49,0.012,-0.029104,-0.022556,0.2041,-0.079136
0.0095945,0.007389,0.00037928,0.012492,0.00078432,0.02141,0.019655,0.030784,0.030217,-0.011693,1.7,0.0080631,-0.4,0.0020741,0.016923,0.021851,0.025558,0.013115,0.0087261,0.0098534,NaN,0.0070748,0.0088056,-0.005715,0.0048866,0.011891,-0.0069525,0.0094752,0.0087149,-0.011635,0.03039,-0.041178,80.808,79.648,0.0098532,0.010413,0.0057688,0.010273,0.0085824,0.010616,-0.0020331,0.020043,0.012179,0.0096126,0.0072193,0.011028,0.01177,0.01151,0.0075126,0.011522,0.0071373,0.012406,0.011355,0.0046435,0.010163,0.0067179,0.0030671,0,0,0.11596,-0.14338,0.2,-0.1,0.0333,0.049228,0.044775,-0.030245,-0.099174,-0.013525,0.035969,0.043696,-0.03714,-0.0087536,0.0044758,NaN,0.0042246,40.533,-0.0666,-0.0666,4175,-0.08628,-0.067389,-0.13495,-0.079712,-0.013605,-0.11193,-0.071267,0.0025699,-0.0032325,0.0012454,NaN,0.0027545,-0.027626,0.023704,-0.0019513,-0.0022824,5.2434e-05,-0.0017402,0.0002821,-0.00023173,-0.0042179,-0.0033014,0.0016229,-0.0029288,-0.0028477,-0.0051145,-0.0034406,-0.0087467,0.0064825,0.01396,-0.02905,0.0026645,0.0010807,-0.0021028,-0.010826,-0.00074507,-0.0020041,-0.011788,-0.0055372,-0.00072593,0.00016792,-0.0038601,-0.0089964,-0.0041945,0.014891,-0.0084056,-0.010031,0.010969,-0.012985,-0.051898,-0.0018939,-0.0070435,0.00022991,NaN,0.0068737,0.0067827,NaN,0.0044879,0.0053851,0.0090889,NaN,0.010076,0.0057534,0.8333,0.5233,0.3133,0.2633,-0.3333,0.5,-0.2233,0.01,1.8433,1.63,0.21,1.49,2.55,0.82,0.0051488,0.012367,-0.00057805,0.004452,-0.011259,0.021183,0.03405,0.031163,0.021507,0.051827,0.035003,19,0.015062,0.019697,0.0065816,0.014406,458.89,0.01348,0.01886,0.014138,19.721,-0.00021486,NaN,NaN,0.053123,NaN,0.083736,0.058525,-0.073799,0.016267,98.9,NaN,0,-0.1,0.76899,92853,0.0087539,-0.04788,-0.020826,-1.1667,-0.1,0.028205,-0.0544,-0.18,-1.07,1.4367,1.6,-0.0057992,-0.046086,0.010804,-0.010048,-0.00081777,-0.0029433,-0.0087794,0.0020593,-0.0017142,-0.00038404,-0.0010482,-0.00040926,0.019706,0.01578,-0.0097612,0.009,0.048752,0.024698,0.0345,0.0021,0.54,-0.25,-0.033959,-0.12346,-0.14945,-0.1584,-0.018418,0.0076917,-0.00051541,0.024541,0.0076,0.0094675,0.014156,-52.69,0.027798,2.6648e+05,0.0021849,-0.0083445,-45.18,0.060219,0.030142,0.030269,-0.0757,-0.031468
0.0081751,0.012871,0.03198,0.010923,0.0076392,-0.013056,0.017745,0.028995,0.023265,0.0009913,1.2,0.020779,13.5,0.015027,0.010097,0.020142,0.028889,0.0081302,0.0076129,0.0078224,NaN,0.00048841,0.01416,0.0082774,-0.011208,0.0017313,-0.0089566,-0.0010985,-0.00060934,0.012,0.020499,0.013957,80.281,79.49,0.0089129,0.0098325,-5.5489e-05,0.011184,0.0020038,0.0023306,-0.0039327,0.014683,0.014143,0.01171,0.0046922,0.012451,0.017529,0.014563,-0.018723,0.012593,0.00443,0.01626,0.0084187,0.0037219,0.0039835,0.0048259,0.0055054,0.0333,-0.1333,-0.072676,-0.096453,-0.5333,-0.2334,-0.0333,-0.0095751,-0.016113,-0.031829,-0.07141,-0.018034,-0.016604,0.019601,-0.074801,0.0042113,0.005489,NaN,0.0063667,40.467,-0.0667,-0.1,4243,-0.025236,-0.20986,0.021451,0.0028573,0.17975,-0.070756,-0.059732,0.0095812,0.023583,-0.0060101,NaN,-0.01047,-0.025154,0.014564,-0.0015411,-0.0022714,-0.0020399,-0.0015403,-0.0010862,0.0008686,-0.00014492,-0.0033043,0.0013865,-0.0033987,-0.0056052,0.00562,0.0039087,0.00027229,-0.0052129,-0.0029076,0.033697,-0.0039922,-0.0054594,0.0013378,0.019969,-0.0015219,-0.0012597,-0.027563,0.0016313,-7.4319e-05,-0.002341,-0.00032162,-0.0003276,0.00064379,-0.011391,0.0012878,0.0016135,-0.0214,-0.026542,-0.066157,-0.00084464,-0.0059345,0.0038653,NaN,-0.00024085,0.00044605,NaN,0.001253,0.0023197,0.0063864,NaN,0.00676,0.0023955,-2.1233,-1.5167,-1.5466,-1.7933,-1.1234,-0.85,-0.64,-1.1033,1.8633,1.91,0.18,1.21,2.94,0.39,0.002382,0.26537,0.0022462,0.013346,0.016974,0.017432,0.034365,0.021496,0.023577,0.053996,0.027667,15.5,0.014153,0.026777,0.018647,0.012348,460.83,0.012392,0.018355,0.012495,18.381,0.0010309,NaN,NaN,0.023592,NaN,0.02999,0.010297,-0.064924,0.0035708,95,NaN,-0.1,0,1.5896,1.5608e+05,0.0063474,0.012523,0.018789,-0.6,-0.1,0.034125,0.25789,-1.34,-0.4633,2.22,3.0833,-0.0079316,0.007803,-0.0039843,0.0066958,0.0013486,0.00094796,-0.0079048,-0.0023958,-0.00040025,-5.8833e-05,-0.00038771,0.0012969,-0.026513,-0.019002,0.003787,0.0177,0.056394,0.017297,0.0172,0.0015,-1.94,-0.07,0.12486,0.05962,-0.020185,0.026244,0.075339,0.0016412,-0.0038464,0,0.0075,0.010545,0.013314,-12.35,0.024084,2.664e+05,0.0048706,-0.0032824,-17.39,0.024418,0.028655,0.016149,-0.0624,-0.021205
0.0096442,0.016848,0.034177,0.017973,0.0060735,-0.027801,0.0090012,-0.0088988,0.01114,0.0022734,0.4,0.010832,3.7,0.056657,0.012557,0.0026483,-0.022301,-0.0026134,0.010932,0.011776,NaN,0.003279,0.0037019,0.0020867,0.0032804,-0.0026545,-0.0040035,-0.0019003,0.016784,0.0035736,0.003096,0.0082911,79.939,78.817,0.0069238,0.0074496,-0.0027599,0.0091059,0.00022552,-0.0020614,-0.0038994,0.014399,0.014652,0.011574,0.0026126,0.012374,0.01169,0.014657,-0.012008,0.0074138,0.0043493,0.0089472,0.006036,0.0016872,0.0066919,0.004247,0.0063135,0.2667,-0.0667,0.072501,-0.075636,0.0666,0,-0.0333,0.045203,0.014231,-0.020706,-0.056742,-0.0060051,0.030873,-0.0074032,0.008058,-0.0304,0.0074491,NaN,0.0079425,40.267,-0.1333,0.0333,4283,0.05024,0.20565,0.059153,-0.049718,-0.023156,0.027809,0.18218,0.0064166,0.019792,-0.00019001,NaN,-0.0027838,0.053509,0.001081,0.0055767,0.0064706,0.0032305,0.00057698,0.0047295,0.003312,0.0032454,0.0072062,0.0033142,0.0070153,0.0073825,-0.0035129,0.0027426,0.0033579,0.0052862,0.0034431,-0.0040075,0.0043122,0.0013209,-0.00051141,-0.0014064,0.0019506,0.0021613,0.053613,0.0030638,0.00055481,0.0008282,0.0019237,-5.6673e-06,0.00064635,0.0037877,-0.0035445,-0.0035575,-0.032871,-0.072418,-0.02779,-0.0065736,-0.0029557,-0.0019997,NaN,0.0037001,0.0041535,NaN,0.0030009,0.004335,0.0088114,NaN,0.0097084,0.013706,-0.79,-0.62,-0.5567,-0.6267,-0.16,-0.59,-0.0933,-0.2134,1.81,1.47,0.25,1.21,3.4,0.31,0.0072925,0.073496,0.017601,0.02049,0.039275,-0.0009261,0.034046,0.021935,0.015574,0.056448,0.028668,25.9,0.015017,0.022658,0.025271,0.013912,468.51,0.01554,0.013771,0.016402,16.52,0.00055795,NaN,NaN,0.052325,NaN,0.090091,0.045321,-0.08571,0.02664,94.5,NaN,-0.2,-0.6,0.35574,53617,0.00045736,0.022291,-0.033976,-0.8666,-0.1,-0.020943,-0.018658,-0.2934,-0.2933,2.7167,3.78,-0.0090208,0.015074,0.0022063,-0.0007094,-0.00081625,0.002209,0.0031261,-0.0010748,0.00054741,0.00025646,0.0027702,0.0029473,0.0001642,-0.0028539,0.011734,0.0018,-0.058229,0.0077616,0.0034,0.0021,-0.71,0.01,0.2268,-0.011318,-0.015526,0.12109,0.079551,0.11496,0.0023113,0.025924,0.0078,-0.0023337,-0.010024,8.61,0.019116,2.7641e+05,-0.0003467,-0.008838,5.56,-0.017779,0.070686,0.066999,-0.2301,0.033889
0.008766,0.0091385,0.011833,0.0091511,0.0077389,0.016889,0.012818,0.021592,0.014223,0.0083436,0.5,0.021951,11,-0.052771,0.017945,-0.0021468,0.047965,0.019289,0.0098639,0.0096349,NaN,0.00066942,-0.00029132,-0.001783,-0.0013397,-0.0053002,0.0026196,-0.010206,-0.033776,0.0013269,-0.0022626,-0.0087392,79.396,78.272,0.0071949,0.0073286,-0.0065877,0.0099067,-0.0012128,-0.0069323,-0.0060251,0.019719,0.013203,0.011788,0.0028797,0.010755,0.013085,0.01305,-0.004035,0.009445,0.0065393,0.012924,0.0040791,0.01395,0.0055135,0.0046441,0.0016463,0,0.0667,0.04377,-0.035026,-0.2666,0,0.1,-0.011039,0.018268,0.013637,-0.028855,-0.028782,0.022329,0.063634,0.026296,0.027009,0.0054432,NaN,0.0066994,40.467,0.0333,-0.1333,4311,0.0065892,0.030314,0.0078911,0.087511,0.13408,-0.031722,-0.036498,0.0080486,0.022064,-0.0035277,NaN,-0.0098643,-0.061361,0.0050469,-0.0036431,-0.0049095,-0.0042854,-0.0013758,-0.0053289,-0.0014731,-0.0027639,-0.0052379,-0.0008081,-0.0052552,-0.0055769,0.0043061,-0.010482,0.0060919,-0.0080099,-0.0048779,0.026567,-0.0022723,0.002102,0.00019382,-0.0098799,-0.0016162,0.0030804,-0.058006,0.0070815,-8.369e-05,-0.00042268,0.0041434,0.0035462,0.0054646,-0.01557,0.0090118,0.0038812,0.0015131,-0.01027,0.020957,-0.00019116,-0.0086466,-0.00042962,NaN,0.00079966,0.0016808,NaN,0.0031519,0.0041907,0.0061986,NaN,0.0063591,0.0055355,-0.5534,-0.7233,-0.7733,-0.9233,-0.77,-0.29,-0.6267,-0.3733,2.2067,1.96,0.2,1.01,3.35,0.39,0.011379,0.042858,0.014755,0.0084922,0.017621,0.00076484,0.024491,0.030173,0.019936,0.045239,0.033171,29.3,0.015099,0.026931,0.0076421,0.013369,465.74,0.012159,0.022076,0.012327,15.45,0.0064155,NaN,NaN,-0.028539,NaN,-0.060434,-0.026449,0.11858,0.011381,94.3,6.3903,-0.1,0.3,0.87862,94506,0.0017559,-0.019962,0.025218,-0.2334,0.1,-0.00065153,-0.091127,-0.8766,-0.4633,2.3933,3.7067,-0.0052173,0.043081,-0.0016654,0.00055768,0.0024755,-0.0006814,-0.00095523,0.0017078,0.0011514,-6.0944e-05,-0.0013589,-0.0048135,0.080832,0.043375,0.0089275,0.0018,0.034474,0.0031051,-0.0103,0.0034,-0.64,-0.07,-0.051101,0.14926,0.030367,-0.060929,0.037114,0.03944,0.0025233,0.017561,0.0077,0.004662,0.00094902,-25.97,0.027912,2.7734e+05,0.0011621,-0.010902,-21.76,0.024537,0.041431,0.033599,-0.1228,0.021121
0.015156,0.018815,0.061999,0.013387,0.0082088,-0.006841,-0.0040641,-0.01392,-0.011443,0.018367,0.4,0.022536,12.4,0.044102,0.015771,-0.014693,-0.0097209,-0.0031384,0.015443,0.017307,NaN,-0.0013677,0.002466,0.0042576,-0.0047874,-0.0037413,0.002297,0.0067863,0.018087,0.0033133,-0.0031179,-0.0031128,78.759,77.716,0.0058906,0.0051393,-0.0058047,0.0088724,-0.0034631,-0.0079212,-0.0023612,0.0093011,0.014061,0.012336,0.0016418,0.010305,0.0071964,0.012685,-0.023522,0.0053667,0.0095691,0.0070329,0.0029172,0.008937,0.0065243,0.01097,0.0036951,-0.0334,-0.1,-0.025559,-0.052799,0.5,-0.1,-0.1,-0.0049458,0.0093378,0.001933,-0.045176,0.02799,-0.036149,-0.039294,-0.041174,-0.0082329,0.0013746,NaN,0.0028061,40.533,-0.1,0.1333,4349,-0.014397,-0.032127,0.063199,-0.02927,-0.12388,-0.014035,0.049762,0.0075566,0.019011,0.010564,NaN,0.0061889,0.037005,0.0031487,-0.0002709,0.0015733,0.00071444,0.0026735,-0.00058502,-0.0041193,-0.0040141,0.0025023,-0.0041384,0.0022159,-0.00025381,-0.014072,0.00098649,-0.0064851,0.0015162,-0.0011269,-0.033527,0.0016239,-0.0016313,-0.0025229,0.0041954,-0.0028245,-0.0033917,0.029744,0.00036477,-0.0028568,-0.0016275,-0.0095756,-0.0077629,-0.010931,0.0088477,-0.0099666,-0.0064972,-0.035497,-0.016135,-0.012693,-0.0037306,-0.0059625,-0.003829,NaN,0.0082656,0.0095335,NaN,0.012632,0.015918,4.5886e-05,NaN,0.0020649,0.015593,-0.0233,-0.3533,-0.3934,-0.4734,-0.4766,-0.63,-0.6,-0.55,2.1333,1.8,0.16,0.89,3.23,0.6,0.020267,-0.0068887,0.028329,0.014815,0.028306,0.0098781,0.027819,0.020709,0.017757,0.0333,0.023243,21.1,0.0062704,0.03143,0.034568,0.0025121,468.38,-0.00034205,0.021711,-0.0014746,15.818,0.0051877,NaN,NaN,-0.050229,NaN,-0.10049,-0.050831,0.091785,-0.0070335,92.8,8.6431,-0.3,-0.3,0.23926,64758,0.00025294,0.0014372,-0.016742,-0.3666,0.0334,0.013755,0.014258,-0.5434,-0.7933,1.8733,3.13,0.0029192,-0.06094,-0.00068308,-0.011299,0.00060914,-0.0063516,-0.0093598,-0.00046494,-0.0034882,-0.0040969,-0.0037967,-0.0013773,0.011625,0.0097042,-0.0082494,0.0089,0.0065267,0.00177,-0.0103,0.0022,-0.15,-0.2,-0.051159,0.033061,0.027302,0.19115,0.0063313,0.035169,0.00094866,0.021053,0.0077,0.0069525,0.0017414,-22.11,0.021744,2.772e+05,0.0073496,0.00065803,-12.89,0.022272,0.018762,0.021098,-0.0276,0.027141
0.0074054,0.002161,-0.035142,0.0079753,0.0088959,0.036195,0.018824,0.018489,0.017936,0.02149,0.7,0.0041137,0.2,0.0055346,0.0076115,0.0294,0.038389,0.010524,0.0090147,0.0072745,NaN,0.005838,0.0089004,0.010474,0.0036864,0.0042522,0.0027194,0.014594,0.0082913,0.0089493,0.0030557,0.024088,78.798,77.721,0.0059509,0.0065737,-0.0028585,0.0080782,-0.00079326,-0.0039843,-0.0010348,0.010994,0.013829,0.014661,0.0035481,0.012264,0.0097382,0.014954,-0.022324,0.0048347,0.0029029,0.0053527,0.0033371,0.0035088,0.005189,0.0018109,0.0077785,0.2334,-0.1667,-0.14404,-0.012548,0.4666,-0.1,-0.3,-0.020031,-0.012382,-0.03205,-0.0056581,-0.035193,0,0.0076046,0.01134,-0.028146,0.0040758,NaN,0.0050091,40.767,0.0333,0.1,4356,0.070181,0.14233,-0.03606,0.05101,0.19552,0.09515,-0.028845,0.0015654,0.0010697,-0.019977,NaN,-0.0027489,0.010123,0.008792,-0.00086052,-0.0030658,-0.0014233,0.0021621,-0.00018295,0.005337,0.0042842,-0.0053021,0.0058718,-0.0058645,0.0011677,0.016381,0.00056985,-0.0032115,0.0086189,0.0019642,0.012117,0.00092906,-0.00052351,-0.00016023,-0.00021832,0.0014398,0.00057971,-0.045943,-0.0029805,0.003945,0.0026297,0.014313,0.012945,0.01636,0.020478,0.0070667,0.0091027,-0.040171,0.0011292,0.042175,-0.00071008,-0.0051722,0.00023709,NaN,0.0093634,0.0098652,NaN,0.0040123,0.0032098,0.016053,NaN,0.014743,-0.017887,0.2033,0.06,-0.0066,-0.14,-0.5767,-0.41,-0.4533,-0.4933,2.2167,1.97,0.09,0.69,2.59,0.61,0.011897,-0.028829,0.018114,0.0044944,0.011962,0.0049022,0.021444,0.021975,0.02504,0.045362,0.026749,20.7,0.026815,0.041925,0.031401,0.024506,474.98,0.028293,0.023394,0.030463,17.147,0.0038943,NaN,NaN,-0.067828,NaN,-0.094386,-0.14025,0.041975,0.014235,91.1,-3.3993,0.1,0.5,2.2281,2.0498e+05,0.0054575,0.03036,0.0049173,0,0.0333,0.031668,0.024857,-0.54,-0.9367,1.13,2.4733,0.04874,-0.003517,-0.00066855,0.0087553,-0.00057157,0.0075686,0.0078062,-0.00015342,0.0033035,0.0049317,0.0045779,0.00030078,-0.0037402,-0.0038372,0.012637,0.0091,-0.0056829,0.00901,0.0034,0.0015,0.07,-0.33,0.062602,-0.010899,0.0056315,-0.16202,0.018403,0.020945,-0.0031288,0.033523,0.0082,0.011481,0.01255,43.22,0.00089785,2.8509e+05,0.014762,0.021208,29.27,-0.027194,0.045167,0.046549,-0.1402,0.065171
0.0092917,0.0087002,0.020088,0.0041439,0.012654,-0.00029355,0.0028566,-0.010043,-0.0099565,0.039716,0.7,0.0078698,-1.1,0.0056782,0.018249,0.030839,-0.00099844,0.013064,0.010366,0.0098023,NaN,0.0059973,0.0054502,0.012837,0.0050091,0.013608,0.014385,0.02879,0.049496,0.0069008,-0.0042669,-0.00723,78.963,78.321,0.0041501,0.0041542,-0.0023569,0.0059984,-0.0017587,-0.0038778,9.86e-05,0.0062671,0.0088407,0.012675,0.0010892,0.0077036,0.0084852,0.0091739,-0.032625,0.0026759,0.0041296,0.0050027,-0.0017284,0.0032783,0.0020681,0.0052095,0.0065634,0.0333,0,0.041142,-0.08012,-0.7666,0,0.0666,0.010547,0.0031759,0.06622,-0.07226,-0.0079182,-0.019186,0.10012,-0.022151,-0.0067644,0.0001832,NaN,-0.0015804,40.7,0,-0.0333,4282,0.039755,-0.045597,0.031067,0.17015,0.11897,-0.025627,0.028845,0.010298,0.010963,0.016855,NaN,0.0076978,-0.032926,0.008363,0.00011841,0.0036019,-0.00027988,-0.0016586,-0.00055745,-0.0093849,-0.0023644,0.0068515,-0.012918,0.0081744,-0.00018941,-0.009549,-0.00070706,0.0033031,-0.00238,-0.012053,-0.070242,0.00099316,0.0014152,0.0031113,-0.0078803,0.005273,-0.0028971,0.063238,0.0018882,-0.0049574,-0.00072453,-0.023528,-0.021432,-0.028575,-0.014702,-0.021651,-0.016673,-0.026377,-0.25365,-0.55088,-0.0050966,-0.012723,-0.0048005,NaN,0.009095,0.0072473,NaN,0.011941,0.0096204,0.0027806,NaN,0.0023009,0.0095707,-0.2766,-0.27,-0.31,-0.3966,-1.2033,-1.17,-1.0034,-0.96,2.46,2,0.05,0.56,1.66,0.62,0.0084855,0.04634,0.016511,0.0095385,0.013759,0.00085908,0.0086622,0.0091535,0.021125,0.039221,0.015423,32.8,0.017703,-0.00062635,-0.013691,0.0205,478.52,0.021884,0.0079333,0.023798,21.672,0.0082883,NaN,NaN,-0.053176,NaN,-0.075937,-0.09815,0.0036164,0.017603,95.5,34.753,0.1,-0.2,0.287,50038,0.011252,-0.0022331,-0.023858,-0.5,-0.0667,-0.058458,-0.043027,-1.0733,-0.93,0.3333,1.7467,-0.064617,0.046358,-0.0097787,-0.013755,0.0036681,-0.0104,-0.0050029,0.001321,-0.0061507,-0.0058998,-0.0095548,-0.0030034,-0.062123,-0.041369,0.025659,-0.0088,-0.058188,0.0059402,0.0104,0.0004,-0.26,-0.31,0.005044,0.14984,-0.025373,0.069997,0.055119,0.13892,0.0023982,-0.0036697,0.0086,0.0034188,0.0050145,65.53,0.0046105,3.0182e+05,0.0087093,0.01059,40.26,-0.05239,0.11027,0.10283,-0.3729,0.14769
0.0044937,0.010838,0.034625,0.0060501,0.0088976,-0.017613,0.00022631,0.012303,-0.020483,0.055844,0.3,0.020631,13.6,0.0017178,0.0097263,0.010709,0.041666,0.012708,0.0051534,0.0038899,NaN,-0.0061493,-0.004435,0.0048162,-0.012307,-0.0092509,0.0046565,0.0015908,-0.012667,0.0060079,-0.015986,-0.0042504,78.247,78.091,0.0034038,0.0036719,-0.0044271,0.0062396,-0.0057516,-0.0063221,-0.0013812,0.0044042,0.010462,0.013885,-0.011358,0.0081886,0.0086191,0.010328,-0.089533,0.005121,0.0020882,0.008898,-0.00064725,-0.0048119,0.0027508,0.0039655,0.0043223,0.2333,0.1334,0.12011,0.044697,0.6333,0.2,0,0.02697,0.060492,-0.039009,0.050683,0.037145,-0.0029023,0.073324,0.04634,0.059754,-0.0026046,NaN,-0.0026478,40.633,-0.2,-0.0334,4322,-0.010945,-0.040891,0.0094105,0.014632,-0.082692,-0.041646,0.066401,0.014396,0.0085619,-0.043337,NaN,-0.0092303,-0.060644,0.0034484,-0.0081204,-0.0039258,-0.0014103,0.0019438,-0.0017444,-0.011067,0.0043733,-0.0061307,-0.019111,-0.0060786,0.0046301,0.0055066,0.00042026,0.0073823,-0.0031508,-0.002281,-0.13116,-0.0063989,-0.0013036,-0.000496,0.008563,-0.0078963,0.0034999,-0.05208,-5.1721e-06,-0.010066,-0.002469,-0.00081205,-0.0035702,-0.0019585,0.0056899,-0.0046666,-0.010604,-0.034416,-0.49763,-0.20739,-0.003825,0.00050352,-0.0047322,NaN,0.016581,0.0164,NaN,0.0078137,0.0065012,0.0047468,NaN,0.0036137,-0.0039595,-0.9067,-0.7567,-0.7667,-0.85,-0.9534,-0.31,-0.57,-0.7434,2.67,2.65,0.04,0.47,1.46,0.5,0.030902,0.11198,0.043169,0.030942,0.048923,0.0064835,0.010534,0.014951,0.026008,0.028766,0.017882,35.2,0.016216,0.020252,0.0075436,0.015605,479.91,0.015697,0.017436,0.015548,19.517,0.013773,NaN,NaN,-0.050165,NaN,-0.058968,-0.1003,0.046722,-0.014057,96.8,-23.361,-0.1,0.1,1.2327,1.3807e+05,-0.00033168,-0.0079408,0.0084212,0,-0.1,0.023173,0.0093784,-0.7567,-0.78,0.4833,2.0833,-0.010549,-0.0074711,-0.0012873,-0.037104,-0.00094635,-0.018826,0.0021888,-0.001342,-0.01125,-0.012971,-0.0070678,-1.0785e-05,0.04316,0.018883,-0.036896,-0.011,0.021952,0.0012858,0.0068,0.0014,-0.87,-0.28,0.087849,0.058402,-0.048569,0.022503,0.17539,0.11375,-0.0013457,0.0091492,0.009,0.0068027,0.0097923,51.98,0.014894,3.1678e+05,0.0087294,0.0058955,26.52,-0.033505,0.08966,0.099593,-0.2784,0.12595
0.0095248,0.017536,0.081818,0.0083491,0.0020797,-0.027267,-0.0044287,-0.0058303,-0.011555,0.013629,-0.2,0.021548,14.6,0.013521,0.0092089,0.022629,0.027342,0.006355,0.0093234,0.010573,NaN,0.0039142,0.0049048,0.0081382,0.001629,0.0049537,0.0085052,0.026641,0.038078,0.0011458,0.0010403,0.02745,78.32,78.31,0.004932,0.0053097,-0.0048469,0.0080297,-0.0051963,-0.0071063,-0.0012349,0.0014188,0.01247,0.013263,0.008906,0.0085893,0.0076901,0.010411,-0.052784,0.0079284,0.0030747,0.010189,0.0029263,-0.0023048,0.0016297,0.0052966,0.0069746,0.1334,-0.2,-0.19016,0.00068077,-0.7333,-0.0333,-0.3,-0.036545,-0.057985,0.040874,0.0055066,-0.040629,-0.0053685,-0.03566,-0.008844,-0.04778,0.005373,NaN,0.0050545,40.667,0,0.0667,4336,-0.065651,-0.11308,-0.047579,0.011111,0.030563,-0.094537,-0.12789,0.015762,0.035152,0.0071598,NaN,-0.013103,-0.008487,-0.002127,0.0063129,1.2601e-05,0.0012437,0.0012615,0.00040459,0.018969,0.0037209,-0.0026223,0.026743,-0.0032389,0.005133,0.00031101,0.0019595,0.0074984,0.012299,0.016502,0.1279,0.0044728,-0.0037299,-0.0014499,-0.0051949,0.00090742,-0.0014046,-0.0073243,-0.0040278,0.010976,0.0011008,0.012562,0.014168,0.017,0.021349,0.012039,0.018592,-0.1349,-0.05999,-0.011339,-0.0034711,-0.00038978,-0.0040549,NaN,0.0067515,0.0062092,NaN,0.0042597,0.0051845,0.0067592,NaN,0.008228,-0.0097978,-0.7133,-0.6167,-0.5933,-0.6167,-0.2966,-0.01,-0.1733,-0.0933,2.8733,2.93,0.06,0.47,1.78,0.45,0.02052,0.07786,0.03542,0.018544,0.039043,0.0055508,0.016314,0.016488,0.029751,0.017168,0.016633,30.4,0.0063089,0.027731,0.021376,0.003019,478.31,0.0020724,0.016192,-0.00088998,20.855,0.0082722,NaN,NaN,-0.042366,NaN,-0.10071,-0.086324,-0.014481,0.00072202,94.8,-4.6085,0.1,0.2,0.81854,1.014e+05,0.0059051,0.035237,-0.00068289,0.5,0.0667,0.016836,0.018722,-0.4766,-0.6833,0.72,2.6233,0.06039,0.0076476,0.018013,0.035045,-0.0019822,0.023909,0.0037545,-0.0024428,0.010349,0.015467,0.01199,0.00064551,0.039275,0.027996,0.035023,0.0131,0.019635,0.00034994,-0.0241,0.0014,-0.66,-0.23,0.02503,-0.028203,-0.075325,-0.063492,0.10299,-0.042714,-0.0054544,0.025181,0.0095,0.0078785,0.0040037,39.64,0.011853,3.296e+05,0.011264,0.010993,27.14,-0.027801,0.0023526,-0.0061062,0.0391,0.015355
0.0053564,0.0061148,-0.015967,0.010914,0.0080917,0.0029888,0.0076883,0.011342,0.0096264,0.0028038,-0.3,-0.0041403,-4.6,0.024797,0.0033542,0.036679,0.0077306,0.0015224,0.0054145,0.0049001,NaN,0.011408,0.01018,0.012827,0.012402,0.013166,0.018607,0.02344,0.031285,0.0087321,0.0034579,-0.003847,78.91,78.902,0.0064774,0.0057659,-0.0010866,0.008554,-0.00038758,-0.0041013,0.0037,0.0063932,0.009685,0.010528,0.007339,0.0097269,0.011305,0.011607,-0.027691,0.0043387,0.0099721,0.0058906,-0.00029223,0.0044949,0.0095531,0.011808,0.0047355,0,-0.1334,-0.12104,-0.034879,-0.5,-0.1,-0.2,-0.023003,0.0049954,-0.063773,-0.031518,-0.017097,-0.030133,0.026382,-0.052095,0.020512,0.0072927,NaN,0.0074791,40.7,0,0.0333,4411,-0.026699,-0.10593,0.0057615,-0.0066519,-0.037483,-0.10442,0.077998,0.0067175,0.010085,0.0049105,NaN,-0.0057869,0.054691,-0.0014341,0.00077771,0.0012586,0.0011726,-0.00061999,0.0014752,-0.0011653,-0.0026649,0.0021442,-0.00040181,0.002102,-0.0042199,-0.0016388,0.0022512,-0.0069494,-0.0087041,-0.0039494,0.045589,-0.0048503,-0.0022299,0.002826,0.015079,0.00090924,0.00034672,0.013309,-0.0019904,0.00086872,0.0002016,0.009383,0.0083673,0.010895,-0.019719,0.015126,0.0077905,-0.031128,0.07732,0.096005,-0.0010324,0.0066007,-0.0042906,NaN,0.0070712,0.0068443,NaN,-0.0020677,-0.0023815,0.015533,NaN,0.015437,-0.015637,0.06,-0.17,-0.18,-0.1933,-0.0434,-0.58,-0.1533,-0.0867,2.83,2.4,0.05,0.44,1.91,0.49,0.020268,0.015485,0.035613,0.014932,0.034516,0.014169,0.011062,0.012922,0.030117,0.01642,0.013669,16.1,0.025174,0.025563,0.02404,0.025113,489.73,0.030254,0.013307,0.031891,19.856,0.0071468,NaN,NaN,0.0011868,NaN,-0.01313,0.029215,-0.039697,-0.00036095,92,-18.731,0.2,0.1,1.4275,1.4024e+05,0.012353,-0.0041884,-0.0015299,-0.3,-0.0667,0.037608,0.042768,-0.1734,-0.9133,0.4867,2.41,0.0030294,0.00021153,-0.0066852,0.01155,0.00077336,0.0022347,-0.0021918,-0.00037938,0.0027131,-0.00033567,0.00027415,0.0022643,-0.049206,-0.028199,-0.023886,0.0196,-0.053062,-0.0012954,-0.0206,0.0013,-0.13,-0.42,-0.069796,-0.0022907,-0.085281,0.16367,-0.017761,-0.048171,0.0024075,0.012357,0.0102,0.0044743,0.0053386,79.69,0.0099841,3.5197e+05,0.0078722,0.0068966,46.07,-0.055688,0.01045,0.015627,-0.0032,0.016126
0.0074241,0.00099765,-0.06107,0.016086,0.0012575,0.026629,-0.017436,-0.035096,-0.023932,-0.0015529,0.6,0.0058475,2.6,-0.0033796,0.0052837,0.00089075,-0.0058794,0.0091714,0.0077765,0.0077616,NaN,0.013143,0.012055,0.00779,0.013603,0.019889,0.008222,0.019421,0.041885,0.003237,0.022893,-0.0066135,79.547,79.507,0.0060395,0.0066712,0.00083891,0.0070528,0.002667,-0.00012454,0.0023608,0.011804,0.011878,0.010471,0.0064786,0.011288,0.0088647,0.012486,-0.015234,0.0037493,0.0029371,0.0031471,0.0046453,0.0058894,0.00432,0.0014952,0.0064412,0.1,-0.2333,-0.16715,-0.047483,0.1,-0.3,-0.1,0.0042669,-0.056511,-0.01366,-0.044916,-0.0256,-0.012922,-0.071268,-0.0053619,-0.024386,0.01191,NaN,0.012354,41,0.1334,0.2,4491,0.028214,-0.047368,-0.026979,0.21622,-0.0093025,-0.0052548,-0.036115,0.0047552,-0.004038,0.0052054,NaN,-0.0077348,-0.035662,0.013204,0.0033221,-0.0018466,-0.00014114,-0.0028752,0.0014103,0.013777,0.0027422,-0.0039606,0.019871,-0.0042521,-0.0034106,0.0019181,0.010564,0.014355,0.0030428,0.0094931,0.12865,0.0088264,0.0028009,-0.002155,-0.0024348,0.0026394,0.00056493,-0.032498,-0.0086796,0.0050327,-0.0015242,-0.0003902,0.0079477,0.00057764,-0.01896,0.011626,0.01009,-0.021055,0.20151,0.16386,-0.00033674,-0.011218,-0.0010762,NaN,-0.0070965,-0.006985,NaN,-0.0045778,-0.0041553,0.0086839,NaN,0.0089929,0.00017275,-0.0467,0.1834,0.1366,0.1266,-0.07,-0.55,-0.31,-0.4333,2.4667,1.91,0.01,0.39,1.66,0.48,0.012442,-0.017985,0.020326,0.0037086,0.014741,0.033121,0.001574,-0.014056,0.050279,0.0095676,-0.0089533,15.8,0.024468,-0.004161,-0.013332,0.028848,499.46,0.028114,0.015823,0.029891,23.046,0.01342,NaN,NaN,-0.055655,NaN,-0.073267,-0.046137,0.075481,-0.034524,90.5,5.9489,-0.1,0,0.02549,20050,0.01429,-0.013521,0.017805,-0.2334,0.4667,-0.071614,-0.073899,-0.0133,-0.6833,0.52,2.1467,0.022024,-0.014131,0.0098357,0.022513,-0.0039791,0.012635,-8.7671e-07,-0.00036962,0.0074502,0.0094176,0.007817,-0.0036034,-0.10081,-0.074447,-0.010249,0.0255,-0.072348,0.0070667,-0.0104,-0.003,0.17,-0.2,0.090919,0.17715,-0.018187,-0.23521,0.13652,0.14072,-0.00065927,0.017392,0.01,0.0044544,0.011392,-31.47,0.007676,3.4246e+05,0.0065545,0.0060328,-21.72,0.035052,0.13635,0.15517,-0.4082,0.12955
0.010731,0.013555,0.04026,0.0098217,0.0075822,0.0005209,0.015184,0.02885,0.019957,0.0035271,0.3,0.0077236,5.6,0.072076,0.0022341,0.040371,0.024712,-0.009403,0.012384,0.012012,0.015196,0.017316,0.012409,0.010133,0.01992,0.022259,0.020666,-0.0036892,-0.02054,0.015555,0.022024,0.033181,80.452,80.229,0.0077844,0.0085715,0.0025315,0.008886,0.0041013,0.0014002,0.0043137,0.0089101,0.014238,0.011043,0.0075057,0.011893,0.0077571,0.013511,0.0082988,0.0083377,0.0039028,0.0096327,0.0044959,0.0043403,0.0023639,0.0043732,0.0085243,0.0666,-0.3333,-0.30536,-0.034727,-0.8,-0.2333,-0.4,-0.0461,-0.10187,0.011673,-0.032533,-0.054443,-0.039131,-0.010758,-0.06777,-0.031359,0.0059914,-0.0026835,0.0054836,40.9,-0.0334,-0.1,4746,-0.088595,-0.10288,-0.094858,-0.22741,-0.044186,-0.0026379,-0.13535,0.0099815,0.033047,0.040722,NaN,0.016356,0.075153,0.010282,0.00023637,0.0033982,0.00098829,-0.0016459,0.00053683,-0.0073726,-0.00059403,0.0055113,-0.011126,0.0058474,0.010598,-0.0018318,-0.014631,-0.011837,-0.0016166,-0.001576,-0.082227,-0.0039143,0.0017795,0.0027933,-0.0060577,0.00033268,-0.0024526,0.03851,0.0073913,-0.00073109,0.0039108,0.00088758,0.0041026,0.0015289,0.028413,-0.0041673,0.00051545,-0.014161,0.04795,0.050676,-0.0037683,-0.0016554,-0.0058704,-0.0039134,-0.0031731,-0.0033184,0.017877,0.0069016,0.0060196,0.0012737,-0.011181,0.00055033,0.014178,0.43,0.12,0.4367,0.8434,1.15,1.21,0.8,0.6967,2.0133,1.98,0.32,1.11,2.69,1.11,0.0085241,-0.0012523,0.0059929,-0.0027972,0.0023048,-0.0026837,-0.0060662,-0.0065443,0.035631,0.02715,0.00089842,24.5,0.0083225,0.025107,0.03451,0.0057717,507.1,0.0065204,0.012608,0.0058026,23.208,0.0056453,0.02126,NaN,-0.035865,NaN,-0.036468,-0.071555,0.063021,-0.0037439,91.8,-3.7613,0.3,0.4,0.47032,73434,0.016841,0.033731,0.031936,0.0334,-0.1667,-0.0041716,-0.015522,1.21,-0.9933,1.3,2.5167,0.0087615,0.059523,-0.0017575,-0.011993,0.0018733,-0.0055565,0.0086837,0.0021502,-0.0019481,-0.0034962,-0.0025593,0.0025844,0.054208,0.041764,0.0047782,0.062,-0.037782,0.015273,-0.0103,-0.0017,0.75,0.12,-0.09575,-0.20978,-0.017392,-0.11835,0.18167,0.027617,0.0044682,0.0085837,0.0098,0.0044346,0.00627,-33.52,0.0048847,3.3327e+05,0.0025429,0.0014553,-22.26,0.032095,0.048796,0.073227,-0.0981,0.037135
0.0086387,0.011348,0.040541,0.0088661,0.00077944,0.00014508,0.01714,0.026077,0.027409,-0.00826,0,0.0010499,-0.6,-0.016438,0.0033778,0.042494,0.019305,0.017741,0.0070721,0.0074882,0.015536,0.018517,0.017972,0.013145,0.019486,0.020828,0.021404,0.0027171,-0.020069,0.017149,0.030511,0.018688,81.475,81.121,0.0071419,0.008104,0.0058758,0.0075542,0.005759,0.0049937,0.0072618,0.0046544,0.01674,0.0068793,0.0081123,0.011306,0.0028885,0.013063,0.010385,0.0069266,0.0023733,0.0070258,0.00526,0.0050759,0.0040394,0.00089216,0.0062986,0.0667,-0.2667,-0.1945,-0.072271,-1.1,-0.3,-0.1333,-0.0012451,-0.02757,-0.13013,-0.079303,-0.065271,-0.04648,0.037327,-0.057349,0.00984,0.0062036,0.0065969,0.006899,40.9,0,0.1334,4928,0.0080322,0.0057731,-0.017897,-0.051945,-0.031,0.041899,0.022419,0.012113,0.023586,-0.0016218,NaN,0.025572,4.9579e-05,0.0013364,-0.00016232,-0.00074105,0.00091574,0.00011193,0.0017095,-0.0012136,-0.00066751,0.00053738,-0.001452,0.00020433,-0.0033846,0.00047531,-0.0022232,0.0069964,-0.0043787,-0.0096248,0.019754,-0.00050836,-0.0020304,-0.00096859,0.0088144,-0.0011602,0.0019622,0.0029012,0.00022526,-0.00070907,-0.0026651,-0.002594,-0.0044147,-0.0036249,-0.018907,0.0024423,0.0018001,-0.013525,0.075209,0.042658,-0.0019732,-0.0080756,-0.0017426,-0.0016715,0.00026693,0.00060299,0.00894,0.00017065,0.0012926,0.0092433,-0.00068425,0.010027,0.0041543,0.1933,0.3866,0.2033,0.36,0.5334,0.18,0.59,0.55,2.03,1.62,0.14,1.08,2.83,0.87,0.0010995,0.0081124,-0.0094118,-0.004388,-0.011294,-0.00091276,-0.00042469,0.0028957,0.034086,0.035496,0.010284,26.3,0.013747,0.019164,0.0014219,0.012914,504.66,0.01469,0.011507,0.014809,23.771,0.0023528,0.020304,NaN,0.014308,NaN,0.022342,0.029909,-0.015031,-0.0079838,93.9,-27.298,0.2,0.1,0.06783,33953,0.018483,0.018371,0.018756,-0.6,-0.0333,-0.01287,-0.0033169,0.4733,-0.8,1.58,2.9133,-0.013556,0.040842,-0.0064813,0.0051825,-0.00075636,-0.00074808,-0.0016217,-0.00067515,-0.0010073,-0.00041382,-0.001005,-0.00068001,0.031036,0.02901,-0.0064689,0.0511,-0.035906,0.0098377,-0.0172,-0.0008,0.14,0.07,-0.049638,-0.051044,-0.022319,0.032355,0.021209,0.043547,-0.0068399,0.0051151,0.0095,0.0022099,0.0073156,-35.56,0.0026583,3.2251e+05,0.0010282,0.00026565,-24.75,0.03547,0.085362,0.09227,-0.1874,0.082783
0.017025,0.0021133,-0.027329,0.0097469,0.0011965,0.065917,-0.00044701,-0.018807,-0.00126,0.001623,1.3,0.014882,6.9,0.0089045,0.013141,0.036627,0.022734,0.013395,0.020063,0.018968,0.023833,0.024079,0.024771,0.018581,0.026417,0.043449,0.014676,0.03799,0.048884,0.01109,0.044107,-0.0056989,83.076,82.885,0.0092537,0.0093717,0.0075122,0.0094406,0.008626,0.0087485,0.0055689,0.011962,0.0080601,0.0041464,0.0084411,0.010602,0.017158,0.011391,0.011981,0.0084597,0.0086669,0.0086451,0.007669,0.0081537,0.0079468,0.0091073,0.0058306,0.1,-0.1667,-0.076792,-0.068492,0.6666,-0.2667,-0.1333,-0.0042657,-0.017203,-0.027567,-0.081093,-0.026748,0.0062773,-0.04433,0.010229,0.0077168,0.010274,0.018362,0.010414,41.033,0,0.1666,5012,-0.064388,-0.040274,-0.066464,0.0070839,-0.04245,-0.07684,-0.1095,0.0056396,0.00055041,0.013375,NaN,0.0086166,0.0388,0.021848,-0.00082829,0.001209,-0.00019723,0.0056662,-0.0028783,-0.0031772,-0.0030703,0.00080912,-0.0032388,0.0010274,-0.0083889,-0.0057054,0.013661,-0.0073776,-0.00077126,0.013163,-0.039287,-0.0035326,0.0017692,-0.0010807,-0.00030545,-0.00058154,-0.0023393,0.0060176,0.0025653,-0.0012663,0.0021373,-0.0063125,-0.0065066,-0.0067397,-0.0012194,-0.0075358,-0.0031009,-0.041069,-0.074259,-0.098034,1.6487e-05,-0.0038313,-0.0029921,-0.0078008,0.0039194,0.0044151,0.0054604,0.0096624,0.0086774,0.0034908,-0.0055017,0.0020191,0.00515,0.0734,-0.18,0.23,0.1133,0.2466,0.35,0.4566,0.4733,2.2567,1.73,0.55,1.38,3.26,1.69,0.012017,0.029999,0.0014813,0.0018148,-0.0099494,0.0029044,0.0085161,0.0038849,0.0282,0.020161,0.007644,10.3,-0.011097,0.0078783,-0.0055165,-0.01406,490.99,-0.017728,0.0044962,-0.021021,44.154,-0.0037911,0.017381,NaN,-0.057154,NaN,-0.084077,-0.080149,0.081691,-0.0084293,86.4,58.11,0.2,0.1,0.44017,1.0776e+05,0.027123,-0.017489,0.024482,-0.2,0.1667,0.03827,0.035983,0.2034,-1.0533,1.71,3.2967,-0.033679,0.033175,0.007665,-0.011135,-0.0019769,-0.0037712,-0.0049392,0.00043532,-0.00011036,-0.0027536,-0.00068291,0.0028562,-0.036987,-0.025711,-0.0042792,0.0257,-0.030958,0.023029,0.0103,-0.0012,0.65,0.64,-0.023167,-0.030382,-0.092709,-0.082495,-0.056326,-0.2573,0.0078303,0.021868,0.0093,0.017506,0.0042588,-40.35,0.0042384,3.1206e+05,0.0096102,0.01211,-17.11,0.037195,-0.22361,-0.23996,0.7483,-0.2393
0.005153,0.017511,0.046278,0.013523,0.010719,-0.049196,0.00058108,0.030688,0.0079605,-0.018066,0.3,-0.0083783,-11,0.010742,0.010938,0.054045,-0.0047195,0.014562,0.0044617,0.0037229,0.0013159,0.0090292,0.011757,0.0079355,0.0075829,0.0089547,0.0019366,-0.008429,-0.019864,0.014109,0.018993,0.045261,83.582,83.16,0.0073399,0.0077106,0.0026974,0.0090041,0.0017275,0.0017773,0.0041444,-0.0010992,0.012444,0.0044898,0.0069368,0.013616,0.014575,0.014059,-0.0017029,0.0066366,0.0054939,0.0061455,0.0057216,-0.00021373,0.0074708,0.0064594,0.0049791,0.1,-0.1333,-0.090164,-0.051449,-0.5333,-0.1,-0.1,-0.043253,0.019727,0.0058061,-0.065737,-0.050976,-0.012946,0.082257,-0.020949,-0.023017,0.00074734,0.0052897,0.00096816,41.033,-0.1333,-0.0666,4855,-0.066714,-0.2225,-0.0099339,-0.18704,0.092798,-0.1351,0.0061649,0.01526,0.023102,0.018825,NaN,0.019453,0.074101,0.0072262,-0.00073784,-0.00051251,0.00021973,-0.0009148,0.0040372,-0.0039814,-0.0058071,0.0014745,-0.0030181,0.0015388,-0.016361,0.0056879,-0.0037024,0.0052382,0.0030527,-0.015438,-0.025753,0.00724,-0.00018606,0.0045678,-0.0072829,-0.0017931,0.0044057,0.0041916,0.001467,-0.0015178,-0.0017774,0.0047088,0.00093192,0.0025527,0.0090992,-0.0025915,-0.0020414,-0.00015094,-0.14071,-0.12029,-0.0052851,0.00071527,-0.003872,0.011624,0.010615,0.011086,-0.0039564,0.0034753,0.0029836,0.014701,0.022175,0.01371,-0.0050935,-0.2534,-0.14,-0.3833,-0.46,-0.7066,-0.78,-0.6566,-0.6267,2.3367,1.65,0.31,1.06,2.69,0.97,0.0064945,0.062539,-0.00071485,0.0096055,-0.00026772,-0.00019554,0.013457,0.0004537,0.021508,0.033921,0.0083321,14,0.015538,0.0059104,-0.0086514,0.017049,492.21,0.016996,0.012137,0.018266,31.953,0.0060589,0.013442,NaN,-0.034203,NaN,-0.019805,-0.05816,0.023644,-0.033894,92.3,-27.113,0.5,0,0.47484,64070,0.0066572,0.054977,0.020881,0.0333,-0.1,-0.051197,-0.057039,-0.72,-0.94,1.2433,2.8933,-6.5813e-05,-0.10012,-0.013135,-0.00811,0.0030409,-0.0033895,-0.0027527,-0.00065832,-0.0029698,-0.0023995,-0.0026926,-0.0010013,-0.024706,-0.01296,0.0032162,-0.0075,0.036443,0.019705,0.0035,-0.0011,-0.87,0.03,0.042071,-0.031334,-0.021824,-0.015186,0.037701,0.048672,-0.0020455,0.014864,0.0092,0.0097141,0.0085772,-18.73,0.012881,3.0853e+05,0.0091534,0.0074214,-11.23,0.024241,0.010516,0.014918,0.0047,-0.030568
0.013053,0.0073555,0.00037567,0.0088046,0.0079035,0.023547,0.019357,0.024536,0.022131,0.012257,0.4,0.0029815,-3,-0.00062006,0.012517,0.027637,-0.011586,0.010243,0.016556,0.015029,0.0077997,0.008489,0.008834,0.0050481,0.011127,0.017878,0.0049953,0.029025,0.055532,-0.0039962,0.026295,-0.024179,84.159,83.893,0.0081725,0.0088634,0.0042002,0.0086607,0.0065181,0.0057392,0.0017778,0.016617,0.017299,0.0029307,0.0076658,0.012009,0.0026759,0.01438,-0.0076989,0.0095532,0.0047206,0.010035,0.010653,-0.0054654,0.0085639,0.0062887,0.0046317,-0.0333,-0.2333,-0.19943,-0.041046,-0.9333,-0.1667,-0.2,0.012765,-0.074884,-0.12787,-0.056865,-0.023951,-0.058931,-0.072466,-0.033265,-0.034768,0.013634,0.0067962,0.014109,41.033,0,0.1333,4949,0.044818,0.16796,0.035263,0.2103,-0.16358,0.090346,0.005254,0.014257,0.016575,0.0056748,NaN,0.0045146,-0.037666,0.011155,0.0031268,0.002452,0.0022264,-0.0014761,-0.0003221,0.0069193,0.0072701,0.00051573,0.0067878,0.00067122,0.015062,0.0048155,0.00049524,-0.0041808,0.0023975,0.019999,0.020229,-0.0025656,-0.0022252,0.002035,0.0045324,0.0016339,-0.00040904,0.0009117,0.0039638,0.0036333,0.0023539,0.0027795,0.010666,0.0053803,-0.00033757,0.0097747,0.0090452,-0.020102,0.016015,0.021347,-0.0017136,-0.0040099,-0.0026954,-0.0022366,0.0015395,0.0021571,0.0010014,0.0024558,0.001395,0.011182,0.0072,0.0095353,0.0080885,0.4934,0.4867,0.4633,0.52,0.4933,0.3,0.2533,0.2267,2.07,1.46,0.28,1.09,2.7,0.97,0.011341,-0.041058,0.0070745,0.0077606,0.0014142,0.013088,0.012742,0.0036036,0.020357,0.016897,0.0067891,14.8,0.010929,0.016946,0.0067024,0.0099871,492.09,0.0092205,0.014913,0.0089808,25.466,0.0076013,0.0098206,NaN,-0.011035,NaN,0.031503,-0.01791,0.024239,-0.03003,93.6,-17.858,0.2,-0.2,0.05593,56409,0.010371,-0.031368,-0.0095885,-0.7,0.1,0.021491,-0.0035517,0.5133,-0.9467,1.2633,2.6533,0.024523,0.058018,0.018388,0.0099328,0.0014414,0.0072331,0.0066917,0.00096285,0.0039189,0.0066518,0.0045512,0.0034025,0.019739,0.011608,0.011009,0.0434,-0.027086,0.019329,-0.0138,-0.0003,0.49,0.02,-0.10661,0.076568,0.046903,0.084533,0.1181,0.058332,-0.0035022,0.009788,0.0093,0.0074907,0.0091895,13.47,0.01346,3.1337e+05,0.0072851,0.0043956,4.32,-0.0021064,0.019314,0.024099,0.0225,-0.044262
0.0058422,0.0088465,-0.013103,0.014895,0.0068673,0.0055401,0.0046661,0.010721,0.0062454,0.00060516,0.3,0.00011748,-1.9,0.0060533,0.0045064,0.019515,0.02332,0.0096191,0.005264,0.0051351,0.00090405,0.0035976,0.0012188,-0.00011114,0.005963,0.0053028,0.0048963,-0.0082418,-0.030029,0.0028945,0.004094,0.023177,84.348,83.928,0.007013,0.0075616,0.00091236,0.0086353,0.0014907,0.0031608,-0.0026438,0.0058368,0.021643,0.0022052,0.006708,0.012685,0.000458,0.015701,-0.014706,0.0083906,0.0042618,0.0086357,0.0086813,0.0062132,0.0071082,0.0025496,0.0053048,0.2,0,0.02418,-0.019219,0.0666,-0.0333,0,0.0020403,0.0050805,0.053375,-0.023434,0.0082979,0.007814,0.0048595,-0.061545,0.029278,0.0017487,0.002919,0.0025682,41,-0.0667,-0.1333,4926,-0.0044823,-0.040596,-0.0052916,-0.087638,-0.011347,-0.0086183,0.064265,0.0051735,0.011691,0.011829,NaN,0.010718,0.097227,0.0093799,0.0012485,-0.0006097,0.0022443,-0.002003,0.0042946,0.0025836,0.0015717,0.00035553,0.0031184,0.00041767,0.0085267,-0.0067783,-0.0039251,0.0034856,0.010901,-0.017464,0.015157,0.0021314,0.0028302,-0.0014284,-6.0034e-05,-0.001414,-0.0016526,0.0092031,-0.0064536,0.00071121,-0.00094747,0.0064029,-0.0024228,0.0064969,0.021544,-0.006099,0.0015136,-0.038995,-0.13731,-0.14219,-0.0029656,-0.0018561,-0.0051441,0.00016943,0.0010875,0.0020142,-0.0020257,0.0027011,0.0033943,0.0098874,0.013443,0.0096391,0.015303,0.8266,0.8,0.7767,0.7033,0.19,0.13,0.1533,0.0933,1.9733,1.4,0.26,0.99,2.09,1.07,0.0062288,-0.042816,0.00081106,-0.0029116,-0.010597,0.0076789,0.0055412,-0.0010237,0.022407,0.016566,0.0032412,7.8,0.0063865,0.01519,0.0055711,0.0049955,489.82,0.0056493,0.0080973,0.0049044,21.706,-0.0012234,0.019195,NaN,0.053099,NaN,0.097947,0.06158,-0.08278,-0.0088185,96,-6.5632,0.1,0,0.16988,39556,0.001691,0.038387,-0.009066,0.1333,-0.1,-0.00035866,0.025316,0.3433,-0.9733,0.78,1.98,-0.0078061,-0.046664,-0.017567,0.0060395,-0.0012576,0.0025577,0.0011557,0.00066595,-0.00068845,0.0010024,0.0010085,-0.0022632,0.0016241,-0.00044496,-0.015906,-0.0081,0.0070942,0.022509,0.0103,-0.0014,0.9,0.1,-0.12563,-0.063392,0.02144,0.061743,0.012731,0.01475,0.0024305,0,0.0097,0.0010655,0.0028525,53.19,0.0097785,3.2954e+05,0.0019487,-0.0017509,26.35,-0.040521,0.014338,0.0060843,0.0418,-0.082843
0.013237,0.011306,0.025581,0.0083931,0.010369,0.015145,0.011789,0.012645,0.013829,0.0065014,0.4,0.019218,11.5,0.014308,0.011987,0.030066,0.030007,0.0093905,0.013539,0.013713,0.011371,0.007196,0.010638,0.0089904,0.0048363,0.016679,0.0064913,0.037061,0.070734,-0.0018022,0.017794,-0.0027022,84.766,84.66,0.0080185,0.0078087,0.0048828,0.0093973,0.0032938,0.0058696,0.0033156,0.00025302,0.008308,0.0028135,0.0093417,0.012817,0.022189,0.014875,-0.013158,0.0044323,0.0090717,0.0017745,0.0075517,0.011045,0.0049539,0.010102,0.0061828,0.1333,-0.1334,-0.086365,-0.05583,-0.6333,0,-0.2,-0.015895,-0.011211,-0.040302,-0.084141,-0.025874,-0.024197,0.018525,-0.021819,-0.025441,0.011668,0.0066768,0.011183,41.033,0.0667,0.1,4985,0.044374,-0.0075616,0.042896,0.10699,-0.12764,0.04126,0.09598,0.017467,0.028499,0.029216,NaN,0.013064,-0.028031,0.011955,-0.0021931,-0.00032733,-0.0030104,0.005735,-0.0050133,-0.0036426,0.00030487,-0.0012468,-0.0058042,-0.0011958,-0.0053706,0.0025937,0.0080387,0.0020984,-0.011317,0.011512,-0.028128,-0.0015841,-0.00025079,-0.00047619,-0.0040282,0.0089698,-0.00076639,-0.016036,0.0037588,-0.0012525,0.00094058,-0.005952,-0.0093673,-0.0063743,-0.016509,-0.0013002,-0.015872,0.02744,-0.093393,-0.043747,7.7804e-05,-0.005308,-0.00091891,0.0040457,-0.0018381,-0.0028084,0.0046985,0.0023596,0.002031,0.0044547,0.0086584,0.0051086,0.022353,0.4867,0.7167,0.59,0.5234,-0.1433,-0.11,-0.4533,-0.56,1.5567,1.44,0.13,0.8,1.23,0.94,0.0021182,0.0091997,-0.0080388,-0.0021657,-0.013465,0.00046028,0.0059818,-0.0068304,0.019724,0.026223,0.0013386,21.1,0.0143,0.012779,0.0033887,0.014541,492.34,0.017528,0.0067743,0.018156,19.552,-0.0018181,0.014873,NaN,-0.044786,NaN,-0.045699,-0.065991,0.054973,-0.010305,93,11.988,0,0.1,0.45816,94620,0.011078,-0.0048308,0.0012584,-0.5666,0.1,-0.0045661,0.015021,0.0334,-0.7433,0.3267,1.04,-0.011393,0.057202,0.016251,-0.007739,-0.00049805,-0.0048757,-0.0015581,0.00037981,0.00016357,-0.0021424,-0.0021081,0.0017928,-0.026462,-0.012139,-0.0026168,0.025,-0.072447,0.015444,-0.0206,-0.0019,0.59,0.2,-0.027137,0.1137,0.022769,0.058151,0.031441,-0.016364,-0.0014018,0.044452,0.01,0.011647,0.013646,-9.79,0.013929,3.2706e+05,0.0078619,0.0049624,-11.36,0.021494,0.029651,0.030363,-0.0092,-0.059437
0.010115,0.0046287,-0.0044605,0.0068202,0.0045184,0.033378,0.0088858,0.011916,0.015892,-0.0096241,0.9,-0.0044053,-7.1,0.030444,0.0079989,0.029429,0.00464,0.011321,0.010458,0.011555,0.0078488,0.0044989,0.0049857,0.0055336,0.0034697,0.0015639,0.0065418,0.022518,0.041939,-0.0012271,0.0077942,-0.0013114,84.829,84.756,0.0075327,0.0080756,0.0032912,0.0090138,0.0024252,0.0031024,0.0035915,0.0009482,0.010289,0.0021432,0.0031792,0.013994,0.017352,0.013094,-0.0079788,0.0080454,0.0048048,0.00783,0.011511,0.0001056,0.0050907,0.0061077,0.0076295,0.2667,-0.1333,-0.084565,-0.050567,0.5,-0.2333,-0.0667,0.022311,-0.020189,-0.09531,-0.081514,-0.033598,0.019367,-0.028968,-0.017893,-0.038305,0.009487,0.0044579,0.0098899,41.133,-0.0333,0.0666,4818,-0.040786,0.091508,-0.1077,-0.034407,0.04283,-0.028646,-0.10338,0.0017422,0.0077315,-0.0023011,NaN,0.024296,0.021576,0.013358,0.001373,-0.00026781,0.00041241,-0.0040398,0.0026014,0.0032508,-0.0023464,0.0001324,0.0062756,0.00028293,0.0047558,-0.0089953,-0.0026045,-0.013022,0.006496,-0.014107,0.043319,0.006034,-0.0019584,0.0025096,0.014292,-0.0021797,0.0020276,-0.00052993,-0.004072,0.00043159,-0.0014551,0.011637,0.01756,0.013623,0.0092867,0.016447,0.017807,0.040981,0.21494,0.21606,-0.00081293,0.0011943,-0.0033533,-0.0059837,-0.0072604,-0.0069604,0.0034013,0.00055144,0.0020775,0.0010969,0.00074538,0.0022973,0.0099585,0.9733,0.8133,0.7267,0.7633,0.25,0.41,0.1767,0.13,1.4367,1.6,0.05,0.75,0.67,0.91,-0.0043924,-0.018485,-0.012284,-0.0057124,-0.019955,0.0084158,0.0017317,0.023552,0.027472,0.019421,0.022519,15.8,0.009447,0.0030786,-0.0082419,0.010452,491.92,0.010456,0.0070772,0.010652,17.718,0.00063276,0.014186,NaN,0.019493,NaN,0.05682,0.026699,-0.024989,-0.012424,95.9,-9.5737,0.2,0,0.01728,42934,0.0052679,-0.0014844,-0.0014091,-0.5334,-0.0334,-0.026969,-0.03217,0.5133,-0.9033,-0.1333,0.2433,0.058764,-0.06616,-0.018574,0.0065451,0.0036732,0.0028406,-0.0024218,-0.00066438,-0.00011698,0.001283,0.00073008,-0.0016143,-0.11902,0.049306,-0.0017014,-0.0106,0.045133,0.025444,0.0172,0.0008,0.78,0.01,-0.01303,-0.078972,-0.10813,-0.17254,0.10209,0.054477,-0.00012169,0.032088,0.011,0.031091,0.031707,135.04,0.0036451,3.5255e+05,0.0039463,0.0040914,53.46,-0.071409,0.055642,0.058183,-0.1015,-0.021184
0.0076037,0.004657,0.013257,0.0040447,0.0015425,-0.0097199,0.0013033,0.021339,0.013427,-0.031767,0.6,0.015264,8.4,-0.0091686,0.011007,0.042852,0.0047296,-0.0029523,0.006943,0.0074538,-0.005932,-0.0036029,-0.0018106,-0.0069065,-0.0050697,-0.015235,-0.0019701,-0.023655,-0.049216,-0.00019352,0.0063304,-6.6729e-05,84.076,83.679,0.0047125,0.004832,-0.0011821,0.0060903,-6.9212e-05,-0.0028611,0.0014807,0.0040985,0.018069,0.0022912,0.0063283,0.008885,-0.0076953,0.012274,-0.0026738,0.0062625,0.0041108,0.0085006,0.0020845,-0.0049759,0.0080277,0.0052822,0.0031562,0.0333,0.0333,0.050429,-0.021514,-0.0667,-0.0667,0.1667,0.0088078,0.043322,-0.0090887,-0.036495,-0.035356,0.074786,0.074808,-0.065978,0.0057831,0.0024391,-0.0013178,0.0037884,41,-0.1,-0.1666,4770,-0.094035,-0.22857,0.0039303,-0.14005,-0.15053,-0.099364,-0.027605,-0.0025924,0.022367,-0.036912,NaN,0.0090696,-0.0091183,0.011377,0.0019692,-0.0018027,0.0011845,0.00060983,0.00034951,0.0066373,-0.0042417,-0.0011568,0.012424,-0.0008914,-0.0070658,-0.00084567,-0.0075241,0.0042722,0.0034714,0.0058224,0.093259,-0.0051947,0.0012073,-0.0015991,-0.017216,-0.005854,0.00030493,0.0017965,0.0011614,0.0047379,0.00015002,-0.0024266,-0.0054917,-0.0022498,-0.016086,-0.003779,-0.011072,-0.0062686,0.12919,0.09127,-0.0011533,2.8259e-05,-0.0048324,-0.01569,-0.010838,-0.0091343,-0.0046173,0.003169,0.0050156,0.00083555,0.0039118,0.0010025,0.031179,0.2834,-0.13,-0.2567,-0.3633,-0.4334,-0.13,-0.2,-0.2766,1.5933,1.9,-0.08,0.52,0.36,1.05,-0.0057849,0.056813,-0.026675,-0.00917,-0.02565,0.0059267,0.0037391,0.0047383,0.022655,0.028726,0.010776,16.7,0.012195,0.018137,0.02109,0.011257,498.96,0.012941,0.010438,0.013809,17.154,0.0046936,0.013061,NaN,0.043846,NaN,0.068744,0.070647,-0.07031,0.0011739,90.9,1.4609,0.2,0,0.15484,36431,-0.0068622,0.0083037,-0.017623,-0.5666,-0.0666,-0.0039911,-0.017521,-0.4767,-1.3167,-0.8933,-0.24,-0.039191,-0.10324,0.0067594,0.02053,-0.00082504,0.0090345,-0.0047682,0.00088401,0.0047596,0.0056329,0.0050791,-0.001569,0.15624,-0.038112,0.0078183,-0.0143,0.057103,0.023118,0.0206,0.0002,0.01,-0.26,-0.098101,-0.061257,0.034386,0.056771,0.055515,0.084143,0.00061582,0.0015026,0.0107,-0.0061413,-0.0086932,-59.49,0.00517,3.4204e+05,0.0029799,0.001929,-24.22,0.03543,0.074869,0.07018,-0.1495,0.003751
0.0073815,0.0096345,0.02237,0.0065571,0.0099951,-0.0090192,0.017363,0.019454,0.025105,-0.004581,0.2,0.0089567,3.3,0.0062527,0.009612,0.010162,-0.0013612,0.0066206,0.0070449,0.0074548,-0.0076158,-0.0061566,-0.0087311,-0.015155,-0.0049213,-0.0091453,-0.0092414,-0.024695,-0.050581,-0.011371,-0.00052991,-0.0089752,83.02,82.408,0.0025513,0.0019751,-0.0044826,0.0039407,-0.0023005,-0.0072646,-9.547e-05,0.0048961,0.017192,0.0026411,-0.022843,0.0063298,-0.0097312,0.0089062,-0.0008929,0.0033457,0.0054487,0.0036012,-0.00064778,-0.0028697,0.0077257,0.0070103,0.0024627,0.0667,0,0.083702,-0.050958,-0.3666,0.1333,-0.0334,0.001267,-0.0018378,0.10742,-0.09837,0.0442,-0.045245,0.0090498,-0.073168,-0.018748,0.0035078,-0.005133,0.0022051,40.867,0,-0.0334,4620,-0.0071561,-0.045639,-0.036958,0.038188,-0.096574,-0.0018898,-0.0033984,0.00056104,0.017447,-0.025427,NaN,0.0015038,-0.047127,0.003865,-0.0075166,-0.0016231,-0.0033693,-0.001179,-0.0044838,-0.017019,0.0014311,-0.001197,-0.026856,-0.001076,-0.0063064,0.013838,0.0025718,0.0015919,-0.0088199,-0.016915,-0.1685,0.0011517,0.0011149,0.00053181,-0.0058067,0.0038885,-0.00017686,-0.010467,-0.0020791,-0.0082459,-0.0011428,-0.016857,-0.02024,-0.02242,0.00082874,-0.02247,-0.015174,-0.017526,-0.048411,-0.063325,0.0017573,-0.00022903,0.00063012,0.0058332,0.0018081,0.0010632,-0.00248,0.0048343,0.0039543,0.0043446,0.015556,0.0041915,0.011576,-0.6434,-0.5667,-0.6333,-0.83,-0.6666,-0.67,-0.52,-0.48,1.78,1.89,-0.15,0.25,0.26,0.81,0.00045791,0.082841,-0.0033517,0.01124,0.010854,0.011578,0.0052772,-0.00096181,0.027826,0.023808,0.0053876,7.4,0.017951,0.017827,0.011207,0.01797,504.65,0.017072,0.02002,0.017996,18.647,0.013523,7.7235e-05,NaN,0.0065533,NaN,-0.02177,0.031157,-0.01891,-0.0090072,92.5,-6.7234,-0.1,-0.3,0.28357,67287,-0.0080964,-0.015238,0.0052304,-0.3,0,0.026216,0.049448,-0.8033,-1.24,-1.0533,-0.1167,-0.03168,-0.030665,-0.013238,-0.041575,0.002093,-0.018452,0.0002963,9.4835e-05,-0.0079821,-0.011969,-0.0088798,0.002973,-0.0032793,0.0014956,-0.0087809,-0.0298,0.043209,0.014864,0.0241,-0.0007,-0.81,-0.43,-0.071191,-0.0013449,-0.043669,-0.035209,0.026994,0.056664,0.0010749,0.005988,0.0107,-0.0041152,-0.0072678,-16.05,0.0078571,3.4303e+05,0.0019949,-0.00083883,-4.12,0.0049717,0.087454,0.082991,-0.1701,0.053789
0.0019685,0.0043367,-0.030853,0.0093914,0.011322,-0.0074455,-0.013026,-0.027671,-0.010149,-0.021433,0.3,0.0050036,-1.8,0.0049559,0.013299,0.015024,0.017932,0.0084287,0.00014975,0.00057978,-0.00011785,0.0042849,0.0052261,0.014111,0.002855,-0.0050596,-0.0018988,0.0017546,0.0058156,0.018721,-0.0016927,0.030123,82.802,81.872,0.0046294,0.0046522,-0.0037944,0.0064194,-0.0016663,-0.0062473,4.7729e-05,0.003126,-0.00037062,0.0015205,0.021833,0.0090937,0.030725,0.011142,0.015071,-0.0010795,0.0045149,-0.0044115,-0.0013795,-0.0055503,0.0046701,0.0073969,0.0023859,0.0666,0.1334,0.056026,0.040143,0.6,0.1,0.0334,0.027373,0.0056695,-0.029787,0.084011,0.044923,0.011326,-0.006132,0.036765,-0.019106,-0.0003021,-0.012322,-2.2592e-05,40.667,-0.0334,-0.1333,4636,-0.0064597,0.020294,0.049626,0.092487,-0.061495,-0.057084,0.014364,0.0009609,6.0553e-05,0.018653,NaN,0.0034894,0.035499,0.00778,0.00197,0.0016809,-0.00058568,4.8394e-05,-0.0002577,0.0039423,0.0010326,0.00062213,0.0054573,0.00076941,0.0060629,-0.0065663,0.007562,-0.012341,-0.0014667,0.0229,0.023339,-0.0057171,0.00077925,-0.00063976,0.006842,-0.0044788,-0.0010454,0.005588,-0.00013146,0.0023261,0.0024557,0.010493,0.0074,0.013897,0.013038,0.0071415,0.0053452,-0.022227,0.022169,0.045422,0.0010011,0.0025994,-0.0027085,0.011953,0.0054932,0.0054262,0.01221,0.00016571,0.0008859,0.013298,0.0084925,0.014102,-0.0094191,-0.47,-0.19,-0.1867,-0.27,-0.2,-0.18,-0.0767,-0.0734,1.9067,1.91,-0.14,0.17,0.25,0.74,0.0018295,0.0053938,0.0023421,0.0092688,0.015076,-0.0021807,0.0051924,-0.00089496,0.021274,0.022166,0.005122,6.9,0.010309,0.015275,0.0068467,0.00952,505.2,0.012382,0.0054204,0.013128,20.636,-0.00077673,0.00092635,NaN,-0.017423,NaN,-0.032169,0.0057141,-0.0076653,-0.011909,91.8,11.731,0.1,0.1,1.2099,1.1893e+05,0.0011563,0.051309,-0.016211,0.1666,-0.1334,0.020342,0.0060648,-0.1867,-0.96,-0.77,0.2767,0.028121,0.080009,0.02077,0.0072405,0.00065944,0.00594,0.0071246,-0.00090125,0.0023365,0.0032166,0.0020992,-0.00097631,-0.072654,-0.0061004,0.018461,-0.0126,0.041701,0.0063833,0.0035,-0.0009,-0.26,-0.22,-0.019609,0.047315,0.009284,0.12797,0.057305,-0.0027551,0.0019859,0.0059524,0.0111,-0.0041322,-0.010078,26.34,0.0064715,3.558e+05,0.0049245,0.0041736,24.64,-0.030095,0.010087,0.0084347,0.0776,0.00018747
0.010869,0.0083807,0.041386,0.0051502,-0.0012568,0.0098813,0.011799,0.0046407,0.01275,0.0088209,0.2,0.015864,6.8,-0.0076723,0.015341,0.042512,0.03122,0.0076505,0.012241,0.011673,0.0079675,0.0066059,0.0063917,0.0004857,0.0044902,0.0052312,0.011813,-0.0016572,-0.027925,0.0013508,0.018083,-0.041622,82.788,82.092,0.006761,0.0064339,-0.0019399,0.0081951,0.0016802,-0.0047803,0.002479,0.013023,0.0027763,0.0020743,0.013548,0.014852,0.010191,0.013382,0.0065775,0.0068122,0.0084018,0.0091611,0.00030531,0.0067204,0.0087275,0.0087615,0.011313,0.2,-0.0667,-0.049194,-0.013182,-0.5667,-0.0333,-0.0667,-0.012605,0.039771,-0.028412,-0.015093,0.0040931,-0.011507,0.038735,0.042499,0.011149,0.0015878,-0.011575,0.0029552,40.567,-0.0333,0.4,4476,0.063962,0.079355,0.04543,0.025583,0.079229,0.093001,0.047511,0.0091191,0.031557,-0.01803,NaN,0.014164,-0.0071556,0.0020042,0.0065396,0.002352,0.0040258,0.00072906,0.0049549,0.014037,0.0020243,0.001605,0.020352,0.00079852,-0.0034921,0.0022851,-0.0070827,0.034717,0.015122,0.0044691,0.097624,0.0068027,-0.0022955,-0.0021872,0.009039,0.0083709,0.0014864,0.0026904,0.0041287,0.0069522,0.00061066,0.01186,0.010816,0.016299,0.013162,0.0082314,0.0079862,0.021438,0.067244,0.05486,0.00087112,0.002136,0.0043488,-0.0052892,0.0033975,0.0051816,0.019539,0.0092855,0.010074,0.010838,-0.0090932,0.0098306,0.0086845,-0.3633,0.1067,0.19,0.3,0.5166,0.3,0.3033,0.2834,1.6733,1.7,-0.06,0.37,0.66,0.41,-0.0007616,0.0032223,-0.0054913,-0.0026548,0.0032466,-0.014591,-0.0012754,-0.010965,0.016672,0.026243,-0.0010391,1.9,-0.0036947,0.0080015,0.00035099,-0.0055711,498.57,-0.005597,0.00079302,-0.0076211,21.526,-0.0059229,-0.0053383,NaN,-0.01363,NaN,-0.064094,0.033337,0.04429,0.012078,91.3,-10.175,0.2,0.3,0.58745,90149,0.010253,-0.069599,0.017337,-0.0333,0.0334,-0.021448,-0.042491,0.5367,-0.49,0.13,0.9433,0.0099206,-0.064919,0.0025205,0.023314,-0.00087418,0.013014,-0.0012226,0.0013349,0.005408,0.0097856,0.0076002,0.0070148,0.00035596,-0.01305,0.014313,-0.0235,0.0087298,0.0037999,-0.0276,-0.0024,-0.22,-0.08,0.040743,0.24272,0.03566,-0.076421,-0.032577,-0.054697,-0.0042044,0,0.0106,-0.0072728,-0.014512,-71.28,-0.0075454,3.3907e+05,-0.0053763,-0.0043248,-32.14,0.040612,-0.026719,-0.017096,0.1771,-0.022611
0.0036225,0.0030415,-0.033613,0.012055,0.0011364,0.00031224,-0.019962,-0.030888,-0.013108,-0.040254,0.6,0.0015752,0.5,0.0046534,0.0018068,0.012359,-0.0016794,0.0069354,0.0025115,0.0028051,0.0060323,0.0074586,0.0097772,0.0075763,0.0073943,0.017011,-0.0025324,0.019367,0.063355,0.0032404,0.022314,0.012535,82.899,82.126,0.0033695,0.00072328,-0.0026174,0.005764,-0.0051885,-0.0021525,-0.0033386,-0.015586,0.012399,0.0033301,0.0052193,0.0037628,-0.0041646,0.0062726,0.0078363,-0.00042624,0.016523,-0.0015975,-0.0014192,0.063834,0.0088072,0.0054411,-0.00099954,-0.2,0.0333,0.029935,0.0072043,-0.0333,0.1333,0,-0.0084574,0.046825,0.048224,0.013542,0.023058,0.0086425,-0.041653,-0.076737,0.051799,-0.0052202,0.00053316,-0.0044361,40.6,-0.0667,-0.1333,4242,-0.16209,-0.18397,-0.2667,-0.10907,-0.33569,-0.090335,-0.23522,0.0034275,-0.0057837,-0.0035289,NaN,0.0043169,-0.071565,0.009888,-0.0053429,-0.00035017,0.00029377,-0.0024269,-0.0016818,-0.014413,-0.0052026,0.00059458,-0.019279,0.0012929,-0.0066039,-0.0032488,-0.00043045,-0.01252,-0.019905,0.00019301,-0.091836,-0.0019312,0.0019264,0.0027188,-0.0013931,-0.0028057,-0.00081699,-0.00025292,0.0030756,-0.0072221,0.00033768,-0.023497,-0.01612,-0.030961,-0.038781,-0.015037,-0.0097627,-0.062664,-0.21102,-0.20489,-0.0018805,-0.0081203,-0.00048286,0.0079596,0.010286,0.011424,0.0054923,0.0069528,0.0080228,0.012458,0.011522,0.012401,0.0054705,-0.0067,-0.0133,0.0433,0.1466,0.2534,0.22,0.2034,0.2133,1.6333,1.66,0,0.53,0.93,0.48,0.014528,0.025412,0.00016036,-0.0015048,0.0014109,-0.0051181,-0.013178,-0.019633,0.018597,0.020744,-0.0085524,7.1,0.0010857,0.0093465,0.0024112,-0.00025496,495,0.0042327,-0.0063546,0.0045241,18.308,-0.0070203,-0.015636,NaN,0.0041609,NaN,-0.042311,0.048825,0.010623,-0.010368,90.9,13.237,0,-0.4,0.77874,1.019e+05,0.0073396,0.035502,-0.03445,0,-0.1667,-0.0018354,0.014725,0.2667,-0.4967,0.4033,1.1533,-0.062224,0.13434,0.0005093,-0.017908,0.0024918,-0.015985,-0.0073699,0.0012807,-0.0046171,-0.010029,-0.0075717,-0.0080748,0.032579,0.0088809,-0.01009,-0.039,0.013946,0.0095804,0.0069,-0.003,0.06,-0.01,-0.35994,-0.3684,-0.22076,-0.21226,-0.12443,0.025287,0.0050048,-0.0059524,0.0103,-0.0052274,-0.005605,-42.84,-0.0088833,3.2645e+05,-0.0069556,-0.0060218,-24.1,0.029048,0.038825,0.049764,-0.0337,0.072946
0.00066501,0.0039537,-0.010192,0.0079734,0.0016333,-0.019576,-0.0082375,0.014184,0.0070595,-0.055317,0.4,0.0015895,-1.7,0.0078938,0.0066071,0.0075411,-0.004046,-0.00035389,-0.0019754,-0.0011617,0.0018577,0.0041624,0.0045083,0.0029893,0.0051611,0.0058488,0.0015335,-0.017092,-0.026819,0.010151,0.013564,0.023576,82.813,81.867,-0.001285,-0.0012606,-0.0085731,0.0012217,-0.010346,-0.01077,-0.0051729,-0.017296,0.012788,0.0020129,0.0024759,-0.00058033,0.0030892,0.00062508,-0.0034753,-0.0024286,-0.0014056,-0.0038151,-0.0001019,-0.045087,0.0062657,0.0086385,-0.0023839,-0.0666,0.3667,0.28039,0.069751,1.2333,0.3334,0.3,0.029344,0.046187,0.13934,0.12893,0.088603,0.056969,0.0074397,0.020485,0.045506,-0.0062982,-0.0095848,-0.0052858,40.533,-0.1,0.0666,4017,-0.068561,-0.097543,-0.058456,-0.081324,-0.047562,-0.10447,-0.014271,-0.0004487,0.012993,-0.0072714,NaN,-0.0025358,0.045297,0.0066348,0.0035843,-0.0010524,-0.00251,0.0026659,-0.0015656,0.010245,0.00034122,-0.00071458,0.015103,-0.00068598,0.0055665,0.0012169,0.00059398,-0.018864,0.011321,-0.011956,0.1065,0.001003,0.0016082,0.00095026,-0.0089223,0.0037088,-0.00082705,-0.0018583,-0.0062547,0.0072799,0.0017897,0.015775,0.019944,0.020778,0.015317,0.025626,0.011153,-0.030768,0.30454,0.38163,-0.0015574,-0.0070696,-0.0016979,-0.0060032,-0.0029621,-0.0028217,0.011434,0.003304,0.0051389,0.0082197,-0.0012484,0.0099288,0.0061166,-0.0833,-0.27,-0.3366,-0.4466,0.0266,-0.24,0.0066,0.1067,1.7133,1.4,-0.07,0.35,1.23,0.47,0.0071857,0.039964,-0.0060581,-0.0062451,-0.0013115,-0.011293,-0.015666,-0.011973,0.016633,0.03099,0.00017709,10.2,-0.014231,0.0074195,0.0077734,-0.017806,486.43,-0.018684,-0.0037261,-0.021483,27.227,-0.0040621,-0.024407,NaN,-0.053727,NaN,-0.077898,-0.069401,0.10664,-0.014802,79.1,31.901,0,0.2,1.0058,77908,0.0028362,0.017467,0.035681,0.4667,0,-0.0033974,0.0038977,-0.22,-0.6833,0.2667,1.2433,0.10503,-0.0059731,-0.013063,0.02089,0.00089741,0.011674,0.0035325,0.0028879,0.0070283,0.0074584,0.0071455,0.00023784,0.016359,0.02976,-0.0047654,-0.0703,0.059218,0.012614,0,-0.0016,-0.29,-0.22,-0.067631,-0.034052,-0.04883,-0.084646,-0.11328,-0.086992,0.0027294,0.01187,0.0112,0.0031397,-0.0036002,84.89,-0.0088947,3.4742e+05,-0.0036092,-0.0010628,49.01,-0.07114,-0.041495,-0.027704,0.2183,-0.0086829
-0.0091455,-0.0076367,-0.02793,-0.0023868,-0.010102,-0.057567,-0.02612,-0.014919,-0.015856,-0.05951,-0.2,0.0066638,0.5,0.0045373,0.011153,0.0087673,-0.027185,-0.0085644,-0.014725,-0.013336,-0.017848,-0.015608,-0.018443,-0.018038,-0.014926,-0.029549,-0.0049156,-0.072628,-0.13721,0.00083464,-0.01995,-0.029687,81.184,80.074,-0.0036972,-0.004107,-0.010668,-0.00080654,-0.014277,-0.014606,-0.0046207,-0.027696,0.011291,-0.0027184,-0.0012372,-0.0076981,-0.00093294,0.001561,-0.0065488,-0.002538,-0.0016785,-0.0038476,-0.0043278,-0.026646,0.0046161,0.0030044,-0.0029611,-0.0667,0.4333,0.36296,0.063344,1.1,0.5666,0.1667,0.042852,0.080804,0.088843,0.10481,0.1084,0.046489,-0.0032279,0.043548,0.04041,-0.0027276,-0.0148,-0.0043768,40.3,-0.0666,-0.1666,3495,-0.082204,-0.091492,-0.13559,-0.0041754,0.12128,-0.064883,-0.26267,-0.024736,0.002863,-0.045082,NaN,-0.00019834,0.030756,-0.0016047,0.00050919,-0.0016982,-0.0010035,-0.0021373,-0.00018341,0.0039366,0.0015824,-0.0016415,0.0047828,-0.0021079,0.0067243,-0.0044507,-0.0012177,0.0012851,-0.0077035,-0.0025836,0.065298,-0.0040068,-0.0063853,-0.0016797,0.0083195,-0.0065399,-0.0020665,-0.001267,0.0037992,-0.00028758,-0.0033481,0.0091005,0.010287,0.011547,-0.0040503,0.015127,0.016798,0.029729,0.31929,0.17648,-0.0012287,-0.0026688,-0.00038509,-0.004136,-0.0076771,-0.0087413,-0.0030336,-0.010339,-0.010601,0.017329,0.014351,0.018107,-0.0061676,-0.4167,-0.4867,-0.4434,-0.5234,-0.3066,-0.15,-0.11,0.18,2.2,1.56,-0.03,0.31,1.41,0.91,0.0074303,0.077296,-0.0084243,-0.0094072,-0.0029471,-0.0091218,-0.0027353,-0.013532,0.011082,0.016299,-0.0048741,-1.7,0.011074,0.0096024,0.018167,0.01132,496.2,0.020073,-0.010318,0.022293,25.387,-0.012246,-0.023777,NaN,-0.047712,NaN,-0.04769,-0.10218,0.04224,0.006826,65.1,3.1551,0.3,0.3,2.283,1.3755e+05,-0.017218,-0.023487,-0.04304,0.2,-0.1667,-0.0003636,-0.0013249,-0.4,-0.7533,0.2833,1.55,0.013563,-0.049685,0.0028992,0.018017,-0.00056087,0.0058296,0.0032216,-0.00497,0.00093995,0.0038094,0.00024297,-0.00033729,-0.024171,-0.024227,-0.011098,-0.1079,0.1473,0.0070672,0.0172,-0.0011,-0.04,0.15,-0.063179,-0.13009,-0.10545,-0.21041,-0.16171,-0.14924,-0.01247,0.0014738,0.0107,-0.0010455,0.0014181,-54.01,-0.013939,3.2791e+05,-0.0067797,-0.003364,-33.4,0.043855,-0.056244,-0.064463,0.2669,-0.032486
-0.0046894,-0.0037674,-0.027954,-0.00073906,0.00044354,-0.03384,-0.02799,-0.036666,-0.02024,-0.054231,-0.3,0.0059461,4.6,-0.023553,0.0014982,0.0060927,-0.011461,0.002496,-0.0067554,-0.0076202,-0.02316,-0.019084,-0.014454,-0.0098402,-0.020929,-0.03675,-0.019371,-0.041876,-0.063951,0.0008587,-0.022625,0.015164,79.37,77.944,-0.0042195,-0.0053855,-0.013816,-0.00062474,-0.017578,-0.018836,-0.0061944,-0.032873,0.01401,-0.0012105,0,-0.0054025,-0.0011135,-0.0013267,-0.0026316,-0.0069979,0.0014981,-0.007914,-0.0072742,-0.0046185,0.0035246,0.0024212,-0.004901,-0.1667,0.4667,0.38612,0.07427,1.1,0.5,0.3333,0.032913,0.10725,0.11554,0.10892,0.14366,0.0035501,0.0064454,0.035352,0.048776,-0.0098173,-0.020517,-0.0097568,40.1,-0.0667,-0.1,3076,-0.15309,-0.33259,-0.067109,-0.13254,-0.37423,-0.11699,-0.13106,-0.015588,-0.016333,-0.061562,NaN,-0.0053856,-0.083066,-0.005564,-0.0078948,0.00047983,0.0020639,0.0048038,0.0016402,-0.018573,0.0064987,-0.0011491,-0.030558,-0.00077097,0.0080869,0.0042002,0.0063702,0.0069601,0.0075829,0.0012059,-0.27553,0.0086515,0.0033906,-0.0023345,-0.014738,0.0021939,0.0043362,-0.01498,0.003166,-0.0093893,0.0029695,-0.02621,-0.049,-0.034932,-0.0037409,-0.062771,-0.039934,0.018547,-0.36537,-0.38887,-0.0017549,0.00075267,-0.0024411,0.0062461,0.00046658,0.00016468,-0.0026464,0.003,0.0021918,0.0032232,0.014157,0.0027263,0.020024,-1.3166,-0.9667,-0.92,-0.8666,-0.38,-0.45,-0.36,-0.3934,2.1867,1.48,0.02,0.41,1.99,0.64,0.020081,0.10829,0.0054083,0.0047691,0.017378,-0.014528,-0.018413,-0.024237,0.011172,0.010195,-0.014014,-14.8,0.014559,-0.0019394,-0.0044353,0.017287,503.6,0.022196,-0.0041172,0.024362,21.455,-0.00056022,-0.029367,NaN,0.014393,NaN,0.028795,0.022475,-0.019322,-0.0045743,75,-4.6659,0,-0.5,1.3804,1.2748e+05,-0.022933,0.012121,0.022442,0.2333,-0.1666,-0.20276,-0.1913,-0.38,-0.4033,1.22,2.5067,-0.18824,-0.10619,0.0033567,-0.06105,-0.0028568,-0.023525,0.0043338,0.0023957,-0.010927,-0.014167,-0.010026,-0.00061374,-0.060332,-0.015317,0.01187,-0.0825,0.069391,-0.0012985,0.0448,-0.0021,-1.23,0.24,-0.10123,-0.0068845,-0.085076,-0.075455,0.055287,0.19647,0.0024404,-0.0029499,0.0097,-0.0073491,-0.0044826,-114.67,-0.011376,2.9568e+05,-0.0075004,-0.0056656,-64.32,0.09207,0.10837,0.11627,-0.3517,0.13235
0.0077669,0.0082535,0.0050027,0.0099039,0.0058299,-3.5686e-06,0.0029617,-0.0064438,-0.0050487,0.030236,-0.3,0.0040592,1.6,-0.0022858,0.0040421,0.03581,0.017619,0.0072895,0.0098825,0.00988,0.0062948,0.0058134,0.0065232,0.013082,0.0059857,0.0077599,0.0027632,0.038466,0.079279,0.0048558,0.004288,0.024543,79.58,78.025,-0.0043358,-0.0055966,-0.009214,-0.0021294,-0.012649,-0.011325,-0.0060376,-0.024517,0.010228,-0.0053641,-0.0032238,-0.0057431,-0.0045747,-0.004226,-0.014153,-0.0074818,0.001802,-0.0094757,-0.0044755,-0.0004307,0.00099384,0.002747,-0.00045008,0.0334,0.2333,0.14341,0.10636,0.2667,0.3,0.2667,-0.013782,0.028308,0.17638,0.13994,0.045069,0.047193,-0.030993,0.079058,0.051405,-0.0061765,-0.0045427,-0.0062599,40.267,-0.0333,-0.0334,2996,0.12224,-0.16043,0.11857,0.11849,0.25295,0.042523,0.19693,0.021566,0.0202,0.00029763,NaN,-0.02216,-0.16072,-0.0067023,0.00021804,-0.0011618,-0.0024988,-0.0075732,-0.0034632,0.0025803,-0.0060109,-0.001331,0.0066258,-0.0021509,-0.010021,0.00055597,-0.0061001,-0.0056486,-0.0039741,0.0040164,0.062502,-0.005431,-0.0049793,-0.002294,0.0060904,0.00081889,-0.0036055,0.0060671,-0.0049578,-0.0015293,-0.0053796,-0.0016504,0.010244,-0.00031448,0.0021327,0.012384,-0.0025022,-0.059234,-0.19351,-0.05619,0.0012653,-0.0066942,0.0022911,0.0095606,0.014481,0.014012,0.010833,0.01614,0.016052,0.002538,0.003309,0.0029101,0.0090549,-0.5634,-0.4633,-0.3533,-0.1934,0.1133,0.03,-0.0233,-0.2833,1.79,1.4,0.13,0.68,2.57,0.47,0.012546,0.04885,0.013926,0.0054226,0.023744,-0.019285,-0.011367,-0.022188,0.0052546,0.024885,-0.0078073,1.8,-0.0035318,0.0095981,0.0023086,-0.0056981,497.1,-0.0036114,-0.0033341,-0.0041325,17.689,-0.00092105,-0.016397,NaN,0.059213,NaN,0.11865,0.032967,-0.11023,-0.0059867,80.7,-35.987,0.1,-0.3,0.32899,82542,0.0045666,0.029559,0.011841,0.7667,0.1666,0.21946,0.20183,0.1333,-0.3033,1.9167,3.0467,0.051734,0.053083,-0.0053246,0.0092228,-0.0021236,0.0047583,-0.0018121,-0.0068385,-0.0027656,-0.00028494,-0.0015423,0.00052285,0.062646,0.010361,0.0098084,-0.0241,-0.057516,-0.014404,-0.0551,-0.003,-0.64,0.17,0.10742,0.1064,0.13391,0.11115,0.024092,0.14175,-6.5302e-05,-0.0029586,0.0096,-0.0063425,-0.0052978,-17.11,-0.0049798,2.913e+05,-0.0081275,-0.0096164,-12.14,0.0099439,0.069181,0.075698,-0.2336,0.087862
0.0050402,0.0049735,0.015245,0.0043179,0.0016586,0.019606,0.0011738,0.015109,-0.0086547,0.03318,0,-0.0028051,-5.2,0.0017703,0.0057692,0.023394,0.027752,0.0040743,0.0073576,0.0060447,0.019828,0.014059,0.013201,0.015883,0.016325,0.029675,0.01686,0.044009,0.069646,0.0062129,0.016377,0.0066729,80.436,79.127,-3.6929e-05,-0.00065349,-0.0030707,0.001547,-0.0060587,-0.0063984,0.0019029,-0.014736,0.010182,-0.0042713,-0.0037327,0.0030154,0.0001444,-0.0019625,-0.018885,-0.0012149,0.0029483,-0.001835,-0.001814,0.0096464,-0.0039813,0.0037912,-0.00058909,-0.1667,0.0334,-0.058675,0.088558,0.6666,0.1,-0.1334,-0.0099063,-0.028308,0.0049115,0.10162,0.025318,-0.024735,-0.019743,0.016751,0.018662,-0.00084102,0.0022014,-0.001173,40.567,0.0333,0.3,2893,0.030522,-0.073731,0.0069421,0.019608,-0.055979,0.093996,-0.021479,0.011303,0.0014454,0.062056,NaN,-0.0033381,0.13781,0.0028987,0.0013114,0.0012936,0.00046343,0.0004574,0.0011789,-0.00014679,0.0011873,0.0022159,-0.00074172,0.0028764,0.0026979,0.0033467,-0.009338,0.010655,-0.015068,0.0020323,0.04917,-0.0039993,0.00025715,0.00099045,0.010702,-0.0037687,-0.0012063,0.021065,0.00099845,0.0016745,0.0017889,0.0027376,0.0085474,0.0033028,-0.016085,0.01487,0.013028,-0.044174,0.041116,0.033547,-0.0019986,-0.0097085,1.2887e-05,0.0046089,0.0058603,0.005456,0.017635,0.0085323,0.0068934,0.0045877,-0.0070157,0.0033463,0.011963,-0.22,-0.1833,-0.2433,-0.3566,-0.19,-0.25,-0.1233,-0.2367,1.7433,1.34,0.07,0.51,2.56,0.4,0.009272,0.0059418,0.011634,-0.0037249,0.011967,-0.021361,-0.022261,-0.02783,-0.0075431,0.012736,-0.015058,0,0.0028116,0.0020088,-0.0020655,0.0029446,496.54,0.0069433,-0.0074991,0.0077434,16.696,-0.0072377,-0.0014726,NaN,-0.0018283,NaN,0.027075,-0.014893,-0.012018,-0.004623,82.6,4.079,0.1,0,1.3157,1.5729e+05,0.017712,0.0074368,0.0052448,0.5333,0.2,0.0057391,-0.0028788,-0.2867,-0.2667,1.85,3.1433,0.045569,0.0061592,0.0077171,0.014307,0.00078654,-0.00027701,-0.0020563,0.0031191,0.0043785,0.0019633,0.0014664,-0.0014607,0.026076,-0.0006181,0.0084994,-0.0133,-0.05236,-0.0039746,-0.0172,-0.0032,-0.25,0.14,0.030397,0.016936,0.036399,-0.057464,-0.10845,0.029434,-6.4259e-05,0.0073801,0.0098,-0.019273,-0.022177,-13.17,-0.016864,2.8939e+05,-0.015159,-0.014351,-2.49,-0.010281,0.018205,0.018087,-0.0325,0.045959
0.0034789,-0.00050052,-0.016452,0.0059241,-0.0086505,0.034845,0.0042983,-0.0046459,-0.00057457,0.019529,0.5,-0.0073441,-9.6,0.0049526,0.0070421,0.022261,0.021851,0.008279,0.0030019,0.0037756,0.0068641,0.0023522,0.0020388,0.0040219,0.0024632,0.0083547,0.00568,0.016582,0.028087,-0.00038724,0.00046387,-0.0031195,80.297,79.106,0.00012617,-0.00041608,-0.0034142,0.0019362,-0.0068118,-0.0076929,0.0029204,-0.016172,0.0098233,-0.0015809,-0.0052494,0.0038415,0.0052206,-0.0014154,-0.025748,-0.0026449,0.0027427,-0.0030952,-0.0022266,0.0005332,0.0021458,0.0035973,0.00015864,-0.0333,0.2333,0.075397,0.16801,0.4334,0.1,0.3667,0.0057826,0.010083,0.063684,0.17135,0.021971,0.045116,0.0016884,0.051791,0.029764,-0.0022038,0.00050062,-0.0017097,40.667,0,0,2807,0.04196,0.038815,0.048938,-0.021024,0.15155,0.065843,0.0089001,-0.0039638,-0.0045036,-0.044599,NaN,-0.02232,-0.063743,0.006141,0.00045355,-0.0011271,-0.0018464,-0.0048851,-0.002822,0.0023004,-0.0015524,-0.00071864,0.0041299,-0.0007513,-0.0032079,-0.0095445,0.01133,-0.0035601,0.0042731,-0.001152,0.024645,-0.0010577,0.0041613,0.00078757,-0.010493,-0.0035693,-0.0032584,-0.012069,0.0010584,0.00066908,-0.0015019,0.0084906,0.0022951,0.010534,0.012054,0.00028061,0.0043888,0.021785,0.021311,-0.0039336,-0.002807,-0.0046756,-0.0016076,0.00053732,0.0059735,0.006365,0.0063476,0.0047,0.005967,0.0076543,0.0014496,0.0085375,-0.0051518,-0.8266,-0.8367,-0.8634,-1.02,-0.5933,-0.59,-0.34,-0.2833,2.0533,1.34,0.04,0.33,2.81,0.44,0.011716,0.085859,0.016219,-0.0051019,0.018716,-0.010202,-0.015952,-0.027262,-0.0046328,0.017191,-0.012855,10.5,0.016577,0.013662,0.0053829,0.01706,500.92,0.023955,-0.0022092,0.02712,17.634,0.0061152,-0.0081818,NaN,-0.043806,NaN,-0.056577,-0.051434,0.051572,-0.0078115,71.9,18.872,0.1,0.2,1.6248,1.6605e+05,0.0042144,0.0010035,-0.013562,0.9667,0.1,0.032184,0.051235,-0.9333,-0.2767,1.7433,3.63,0.020773,0.038382,-0.0052702,-0.00057395,-0.0010943,0.0020823,-0.0037376,-0.00034259,0.00063908,-5.5776e-05,0.0016857,-0.00058527,-0.048378,-0.01508,0.015629,-0.0219,0.038901,0.006363,0.0103,-0.0036,-0.8,0.16,0.066595,0.052057,0.032653,0.063937,0.026219,0.055537,0.0032187,-0.0044215,0.0098,-0.015251,-0.016041,-6.53,-0.0073334,2.9019e+05,-0.0076012,-0.0077281,1.44,-0.01009,0.0038651,-0.0039254,-0.0151,0.052064
0.011899,0.01855,0.038511,0.016236,0.014758,-0.018646,0.010874,-0.0078456,-0.0039191,0.055606,0,0.0088239,1.5,0.0043032,0.012798,0.017906,0.0072377,0.019925,0.013709,0.015271,0.0056116,-0.0011135,-0.0072345,-0.0077838,0.002972,0.011065,0.00318,-0.014163,-0.027791,-0.0055167,-0.00051649,-0.030284,79.776,78.741,0.0002123,-0.00060214,-0.0079528,0.0023038,-0.0078808,-0.011651,-0.0025305,-0.0060965,0.0078687,-0.001379,-0.0077998,0.0046274,0.0070851,-0.0049698,-0.017858,-0.0016566,0.0041267,-0.00041065,-0.0034503,-0.00010664,0.0040491,0.0053421,0.0023737,0.2333,0.2667,0.031113,0.25139,0.4,0.4334,0.1333,-0.031135,0.024422,0.048871,0.21421,0.074162,0.026006,-0.0091511,0.029528,0.017432,-0.006478,-0.0079817,-0.0058842,40.667,0,0,2815,0.1325,0.26782,0.084896,0.282,0.10848,0.068558,0.10789,0.012556,0.019527,0.012689,NaN,-0.020423,0.049136,-0.00296,-0.00096791,-0.00023094,-0.0017848,0.00096167,-0.0022597,-0.0029626,-0.0021895,0.000175,-0.0033088,0.00061281,-0.0052912,0.013402,-0.0077832,-0.012263,0.004411,-0.011489,-0.033148,0.0034918,-0.0020034,0.00099862,0.0091816,-0.0041572,-0.0018563,0.0083883,0.00022742,-0.0015083,-0.00054323,-0.0071198,-0.0037323,-0.0083087,0.0024347,-0.0080293,-0.0049751,-0.012588,-0.18168,-0.14703,-0.0022841,-0.0044434,-0.0052488,0.010804,0.02024,0.020574,0.01359,0.019596,0.021752,0.0041311,0.0025173,0.005952,-0.00447,-0.7934,-0.6467,-0.59,-0.51,-0.0434,0.02,-0.1667,-0.1967,1.9,1.41,0.1,0.46,3.41,0.27,0.014766,0.075712,0.033622,0.0018397,0.034765,-0.022263,-0.010169,-0.012343,-0.0006776,0.0059196,-0.0062983,9.3,-0.0038157,-0.0025598,-0.022485,-0.004024,489.06,-0.0063805,0.0027707,-0.0071643,16.723,8.0215e-05,-0.0092191,NaN,0.008087,NaN,0.016406,-0.0062521,-0.0036089,0.036849,70.8,-13.782,0,-0.1,0.3108,83744,0.0014592,-0.041446,-0.001213,1.7666,0.0334,-0.0062352,-0.015758,0.03,-0.13,2.5667,4.2567,-0.032337,-0.017839,-0.0046341,-0.0040332,0.0014754,-0.0026334,0.00455,-0.0012222,-0.0029738,-0.0020194,-0.0027588,-0.0017115,0.00895,0.018292,-0.014119,-0.0129,-0.010775,0.00035805,-0.0203,-0.0027,-0.82,0.14,0.0598,0.19552,0.067674,0.016635,-0.10877,0.14826,-0.0027198,0.044773,0.0101,-0.0077135,-0.029881,-52.12,-0.0019143,2.8421e+05,-0.00023115,0.00056311,-11.15,0.018916,0.062332,0.06959,-0.1776,0.12813
0.010785,0.0067655,0.0069186,0.0077486,0.0042018,0.055012,0.03231,0.056171,0.031828,0.033616,0.4,-0.0019357,-1,0.0072341,-0.001465,0.00047794,0.016306,0.0098675,0.012352,0.012547,0.022862,0.017648,0.020259,0.021454,0.015986,0.02739,0.0096255,0.061453,0.098358,0.0074603,0.03003,0.01046,80.689,79.742,0.0025839,0.0025213,0.00037637,0.003702,-0.0017765,-0.00093533,0.0022875,-0.0078001,0.0059593,0.0032656,-0.00050529,0.011141,0.0045182,0.0017383,-0.013846,0.00018086,0.0028839,0.0017169,-0.0047522,-0.002776,0.0053986,0.0034764,0.0037936,0.3,0.2333,0.019135,0.19612,0.6666,0.2,0.2,0.014175,-0.019062,0.02458,0.14339,0.052191,-0.016417,0.024219,0.090705,-0.0087292,0.005276,0.0029277,0.0039033,40.867,0.1667,0.2,2891,-0.073839,-0.31458,-0.042652,-0.14212,-0.16748,-0.027418,-0.040585,0.007834,0.0088404,0.060433,0.035536,-0.010734,0.063113,0.0032446,0.00037913,-0.00057224,0.001937,0.0040146,0.0027546,0.0030707,0.0027714,-0.0012246,0.0032293,-0.0015637,0.0085562,-0.007708,0.0041666,0.0020029,-0.0015284,0.0036847,0.02913,-0.00098397,-0.00098059,-0.0022693,-0.01875,0.010478,0.0029137,-0.0019542,-0.0035386,0.00090839,-7.6511e-05,0.005438,0.013742,0.0068871,-0.0040671,0.017745,0.010521,-0.054356,0.13451,0.10656,-0.00019172,-0.00099014,0.0017829,0.0056875,0.0024999,0.00089444,0.019937,0.0084588,0.0072813,0.00032575,-0.0075515,0.00075089,0.0097034,-0.2533,-0.2133,-0.1966,-0.1367,0.0734,-0.03,-0.0033,-0.0733,1.7533,1.3,0.12,0.54,3.7,0.27,0.017001,0.054916,0.019565,-0.0070088,0.019563,-0.019745,-0.017231,-0.015914,0.0018028,0.0037488,-0.0093227,18.2,-0.002409,0.003967,-0.0059006,-0.00347,482.58,-0.0015691,-0.0045593,-0.0021597,14.721,-0.0072048,-0.0096611,NaN,0.0039338,NaN,0.014924,0.013184,0.020631,0.014083,78.9,-6.5457,-0.1,0.1,0.58259,1.1573e+05,0.019853,0.015723,-0.0031062,1.1667,0.1666,-0.16047,-0.15667,0.06,-0.09,2.88,4.5067,0.046903,0.070683,-0.0005199,0.0085016,-0.0026702,0.0033651,0.0013711,-0.0005279,0.0016185,0.0026562,0.0016754,0.0041813,0.030318,-0.0013223,-0.011105,-0.0023,-0.043905,0.0083167,-0.0267,-0.0026,-0.21,0.18,-0.037638,-0.12151,-0.013954,-0.012772,-0.18642,-0.075557,-0.0015757,-0.0028289,0.0101,-0.0088889,-0.0097622,-2.15,-0.0054066,2.8486e+05,-0.0095036,-0.011443,-2.25,-0.0077024,-0.004468,-0.0081399,0.023,0.056561
0.0098342,0.010662,0.021097,0.010527,0.0059468,0.0079176,0.011409,0.022443,0.015181,0.00037196,0.3,0.0063496,5.7,0.0011105,0.00043014,0.020986,0.01564,0.0046284,0.010633,0.010846,0.012059,0.0076638,0.0096069,0.010316,0.0058171,0.012714,0.00058093,0.019774,0.040801,0.0069363,0.012687,-0.020129,80.785,79.944,0.0024273,0.0019155,-0.0025581,0.003911,-0.0033962,-0.0044212,0.00014583,-0.0041414,0.0084005,0.003255,-0.00050555,0.0078522,0.0078845,0.0050398,-0.018928,-0.0024896,0.0048766,-0.0018286,-0.0070819,-0.0021407,0.0067264,0.0060916,0.0029207,0,0.0333,-0.072822,0.10519,0.0334,-0.1,0.1334,0.0069157,0.016027,-0.013353,0.069582,-0.015489,0.042193,0.051177,0.050454,-0.0051403,0.0011674,-0.010126,0.0015734,40.767,-0.0334,-0.0666,2893,0.026539,0.11304,0.034449,0.057432,-0.0083218,0.022674,0.017596,0.011308,0.016105,-0.031464,-0.00288,-0.027079,-0.047362,0.0034291,-0.00028099,-0.0011282,-0.0011759,0.00056514,0.00024505,0.00086286,-0.0019035,-0.00095932,0.0022148,-0.0013163,-0.00050044,-0.0038591,-0.0086292,0.0081731,0.0042137,0.0023548,0.0086441,-0.0030695,-0.0012186,-0.00124,0.0013868,-0.0056665,0.00054375,-0.0059774,0.0012472,-5.7556e-05,-0.00097492,-0.0013809,-0.0049133,-0.0008556,0.0078644,-0.0038053,-0.0020812,0.089287,0.027009,0.016724,0.00058477,-0.0071138,-0.00065342,0.011441,0.00522,0.0056023,0.0222,0.0090619,0.0096779,0.0022648,-0.0043966,0.0024989,0.008608,-0.5133,-0.5967,-0.6467,-0.8033,-0.76,-0.67,-0.2967,-0.4267,2.0867,1.39,0.07,0.33,3.53,0.27,0.018987,0.073267,0.018757,-0.0065061,0.016407,-0.01297,-0.013995,-0.0079942,-0.006114,0.0049154,-0.0036198,21.1,0.0088652,0.010832,0.0062031,0.0085364,484.47,0.011204,0.0028417,0.012237,14.651,0.0054386,-0.012998,NaN,-0.046206,NaN,-0.12621,-0.04293,0.051445,0.0064271,76.1,19.012,0,0.1,0.31864,80934,0.010133,-0.01848,-0.02491,0.2667,-0.1666,0.13523,0.1272,-1.0433,-0.1733,2.35,4.7233,-0.0070944,0.0045961,0.0040268,-0.0021995,-0.0023676,0.00099042,-0.0025778,-0.00051409,-0.00054467,0.00017757,0.00019235,-0.00393,0.01583,0.0077941,0.0086223,-0.0021,0.0099567,0.011291,-0.0066,-0.0014,-0.6,0.1,0.040274,0.033094,0.024674,0.048913,-0.04996,-0.0069674,-0.00068912,-0.0014174,0.0112,-0.010095,-0.013542,90.69,-0.0081397,3.1138e+05,-0.004563,-0.002868,59.31,-0.097138,0.016898,0.0098265,-0.0393,0.050247
0.010378,0.011848,0.019636,0.011066,0.0099884,0.030055,0.028817,0.036119,0.025863,0.037437,0.3,-0.00011557,0.3,0.016764,-0.00075487,0.0050289,0.023657,0.0045441,0.012373,0.011907,0.0089847,0.010506,0.012155,0.012492,0.010452,0.013967,0.0017062,0.026262,0.024914,0.0076004,0.012827,0.053312,81.159,80.006,0.0037702,0.004491,-0.0016892,0.0046944,0.00012095,-0.0027227,-0.00019446,0.0073266,0.0068963,0.0057719,0.0051699,0.011918,0.00908,0.0081358,-0.0039273,0.00066451,0.00031837,0.0012472,-0.0027291,-0.0063417,0.0028582,0.0011491,0.00067905,-0.3333,-0.2666,-0.20606,-0.014253,-1.0334,-0.2,-0.1667,-0.043649,-0.028699,-0.017932,-0.010518,-0.035627,-0.011792,-0.079149,-0.078824,0.013158,0.0061955,0.0093533,0.0063499,40.867,0,0.0333,2976,0.037041,-0.15653,0.04416,-0.01052,0.10061,0.063816,0.0092591,0.014188,0.020166,0.025517,-0.0036038,-0.016618,0.011924,0.00524,0.00059342,0.0013896,0.0022467,0.0010553,0.0022373,-0.0026569,0.00073979,0.0025296,-0.0042766,0.0029932,-0.0010227,0.003986,0.0069428,-0.010024,-0.0052809,0.0018733,-0.0084155,-0.0054866,0.0029615,0.00077326,0.029168,-0.0023469,-0.0024854,0.013244,-0.0050707,0.0011163,0.001282,0.001324,-0.00624,0.00024531,0.0037495,-0.0087705,-0.0058017,0.068742,-0.061454,-0.063764,-0.0020724,-0.0010369,-0.0035214,0.0096808,-0.0021637,-0.0019121,-0.00036218,0.0060163,0.005707,-6.2493e-05,0.017596,-0.00062414,0.021344,-0.22,-0.0133,0.0967,0.1466,0.1266,0.19,0.0433,0.1667,2.1267,1.46,0.18,0.49,3.67,0.48,0.022683,-0.050625,0.031278,-0.001685,0.011862,-0.0099123,-0.012697,-0.0090491,-0.00019343,0.0085526,-0.0030243,16.4,0.015971,0.010466,0.0059216,0.01689,490.49,0.021883,0.00051974,0.024246,14.147,-0.0022927,-0.011799,NaN,0.056452,NaN,0.064198,-0.015121,-0.18771,0.048556,83.2,0.1082,-0.1,0,0.62454,1.238e+05,0.0078095,0.061988,0.028523,0.5333,0.0333,0.063366,0.07237,0.3,0.0333,2.87,4.9867,-0.011953,-0.10487,-0.0050617,0.0046157,0.00064846,-0.0015852,0.0013685,0.0025273,0.0015719,0.00041143,0.00066695,0.0013727,-0.024436,-0.0033294,-0.010708,0.0181,-0.16053,0.0059554,-0.0034,-0.0015,0.2,0.52,-0.0026356,0.033294,0.071984,0.030141,0.024374,0.088221,0.0022966,-0.0014194,0.0102,-0.013621,-0.014379,-112.61,-0.0051696,2.8296e+05,-0.0073872,-0.0084384,-62.11,0.090514,0.015477,0.011701,-0.0402,0.012316
0.0016726,0.0038269,0.0096229,0.0038175,0.001031,0.023302,0.0074572,0.018763,0.0098841,0.00064063,0.5,-0.012483,-12.5,-0.0037814,0.0035048,0.0022715,0.02142,0.0037344,0.00019377,-0.00065001,0.010227,0.0088205,0.0077276,0.0070355,0.0087996,0.019936,0.0054573,0.023705,0.022911,0.0010001,0.013392,-0.006071,81.469,80.432,0.0058532,0.0064719,0.002245,0.0061277,0.0047659,0.0018496,0.0028158,0.015633,0.0076985,0.0063409,0.0011313,0.013575,0.0035186,0.011542,-0.0074056,0.0048646,0.0028784,0.0063674,-0.0014435,-0.0034565,0.0040477,0.0041435,0.0038942,-0.0667,-0.2334,-0.10828,-0.14796,0.2334,-0.2667,-0.2333,0.015894,-0.051471,-0.0819,-0.094525,-0.063587,-0.012958,0.029964,0.041225,-0.026804,0.0073774,0.0033651,0.0088938,41,0,0.2,3009,-0.050651,-0.11155,-0.013222,-0.0082599,-0.13173,-0.013475,-0.12893,0.010373,0.012405,-0.0031288,0.015211,-0.024308,-0.012984,0.012742,-0.0010138,-0.0004345,-0.0010873,-0.00043207,-0.00096049,-0.00063688,-0.0020739,-0.0012691,8.178e-05,-0.0016939,0.0018657,-0.0062074,-0.0042566,-0.0025569,0.00082955,-0.006411,-0.011355,0.0080277,-0.00093988,-0.0032673,-0.011335,0.0025776,-0.00087293,-0.0056186,0.0041423,-0.0014717,-0.0003011,-0.0013677,0.0047999,-0.001652,-0.0035295,0.003658,0.0063489,-0.077902,-0.062636,-0.039439,0.0010748,-0.002792,-0.00021438,-0.052333,-0.012609,-0.010807,0.0068402,-0.0087002,-0.0080329,0.0023845,-0.054018,0.0012604,0.016236,0.0033,-0.11,-0.16,-0.1566,-0.4633,-0.48,-0.29,-0.4667,2.1233,1.44,0.13,0.45,3.32,0.24,0.014242,-0.035125,0.011643,-0.010142,-0.002087,-0.012425,0.0082036,-0.0015762,-0.006026,0.017321,0.0049699,14.8,0.0046649,-0.0050207,-0.0087552,0.006267,491.73,0.0086142,-0.0058431,0.0097763,13.453,-0.0064639,-0.0090797,NaN,0.026257,NaN,0.080048,-0.01726,-0.064839,0,87.3,-6.7053,0,0.1,0.34401,42045,0.01115,-0.0039626,-0.012315,-0.5667,0.1667,-0.082832,-0.089278,-0.4234,-0.08,2.4433,4.6933,-0.011449,0.0408,0.004998,-0.0060624,-0.00056513,-0.00079415,-0.0044799,-0.0018283,-0.0021766,-0.0017398,-0.0012522,0.0013451,-0.029912,-0.014783,-0.0046237,0.0145,-0.041824,0.010105,-0.0066,0.0001,-0.35,0.16,0.036274,0.0087774,-0.012121,-0.059957,0.0095632,0.091919,0.000978,0.014105,0.0107,-0.0034345,-0.004832,29.6,-0.011377,2.8929e+05,0.00020394,0.0056463,23.83,-0.033487,0.0432,0.027942,-0.1103,0.0025131
0.0058073,0.009055,0.031912,0.0050361,0.00794,0.0057368,0.017825,0.039244,0.019462,0.013253,0.4,8.9439e-05,-4.1,0.026512,0.0080448,0.011911,0.020449,0.003089,0.0054278,0.0062017,0.0026402,0.0022753,-0.0011395,-0.002452,0.0042649,0.010618,0.0013953,0.0048206,0.0074381,-0.0051097,0.0066639,-0.0117,81.305,80.331,0.005388,0.0059646,-0.0022052,0.0066601,0.00033096,-0.0039049,0.00024236,0.010546,0.010246,0.0085417,0.0030105,0.011357,0.011239,0.0057597,-0.0079603,0.0037939,0.0026064,0.0041686,0.0021976,-0.0044461,0.004925,0.0036005,0.0055366,0.1333,-0.0666,0.051185,-0.13201,-0.0334,-0.1333,-0.0334,-0.0089219,0.015085,0.02216,-0.089079,0.00067314,-0.011644,-0.032016,-0.016006,0.032029,0.010802,0.0045995,0.011608,41.1,0.1,0.1,3090,0.080855,0.19671,-0.010406,0.002367,0.044951,0.073462,0.18929,0.0046264,0.023091,0.010504,-0.013626,-0.019472,0.036022,0.0063659,0.00076524,0.00069703,-4.9493e-05,0.00073335,0.00036096,-0.00093702,0.0057699,0.0017553,-0.0042722,0.0012301,0.0053839,0.011267,0.0017666,0.0037972,0.004863,-0.0043309,-0.027599,-0.006658,0.0019023,-0.0014035,-0.014322,0.0022543,0.0050495,0.0076425,0.0015282,-5.287e-05,-0.00029401,0.0023744,0.0050124,0.0040209,0.0079364,0.0050152,-0.0014676,0.047411,0.0063059,-0.010763,-0.0027047,-0.0020717,-9.806e-05,0.028447,-3.6358e-05,0.00082708,-0.0019523,-0.0061772,-0.0045906,0.012577,0.037562,0.013305,-0.0069865,-0.04,0.0067,-0.0067,-0.0267,-0.29,-0.27,-0.3266,-0.2633,2.15,1.46,0.11,0.41,3.02,0.21,0.018973,0.010253,0.020224,-0.0027828,0.0076767,-0.016863,0.0047206,-0.0010978,0.0037712,0.011092,0.0031677,26.3,0.0034916,0.0086803,0.0055913,0.0026353,491.51,0.0037571,0.0027789,0.0035263,13.113,0.0019031,-0.013729,NaN,-0.032619,NaN,-0.028913,-0.094173,0.036931,0.0067931,82.5,8.2815,0,0.1,1.0487,1.3517e+05,0.0035634,-0.011891,-0.010201,-0.4,0.1666,0.035043,0.034796,-0.3,-0.0333,2.1833,4.4067,0.03247,-0.049501,-0.0077591,-0.0033741,0.00045459,-0.0012917,0.0047024,0.0014043,-5.5104e-05,-4.6938e-05,0.00019113,0.0015985,0.048393,0.0026997,0.009885,0.011,0.0060204,0.009608,-0.0067,-0.0007,-0.02,0.18,-0.049554,-0.048603,-0.0043134,0.0347,0.15643,-0.0047573,-0.0011299,0.0041929,0.0105,-0.0011474,0.0040101,-12.2,-0.0075563,2.8263e+05,0.00041378,0.0041061,-7.17,0.015722,0.0069834,0.002153,-0.0065,-0.039403
0.0047618,0.011068,0.011071,0.011545,0.0098386,-0.0068147,0.015586,0.011424,0.008026,0.036801,0.1,0.0014207,-1.5,0.0016351,0.0052201,-0.0026751,0.013084,0.00087083,0.010265,0.0048087,0.0012763,0.0039172,0.0034688,0.0067699,0.0038633,0.010599,-0.001168,-0.0078374,-0.023402,0.01206,-0.0043359,0.04579,81.269,80.115,0.0062915,0.0066091,-0.00061674,0.0072902,0.0022986,-0.00050606,-0.00077579,0.014608,0.011402,0.010391,0.0035009,0.010481,0.0082533,0.0016068,-0.012566,0.005731,0.0047549,0.0065894,0.0040581,-0.00097863,0.0040116,0.006582,0.0055365,0,-0.2667,-0.29189,0.022608,-1.4,-0.2,-0.2,-0.034419,-0.040484,-0.061703,0.019255,-0.018747,-0.051098,-0.035556,-0.062226,0.0096677,0.005576,0.0022485,0.0055848,41.167,0.0334,0.0667,3209,0.025732,0.035091,0.08833,0.049578,0.10426,0.013711,-0.007621,0.0081802,0.018376,-0.0040438,-0.021771,-0.012377,0.0078948,0.0047816,-0.0023588,-0.0019844,-0.00087351,-0.001386,-0.00019944,-0.0019979,-0.00040134,-0.0025921,-0.0028527,-0.0022145,0.00024353,-0.0058065,0.0035904,0.00052295,-0.0048623,0.0075553,-0.00021824,-0.0085031,-0.0033098,-0.00020861,0.0041509,-0.0020033,-0.0038494,-0.0056662,-0.0018751,-0.0025806,-0.0024687,-0.015997,-0.014843,-0.021334,-0.020446,-0.013979,-0.005738,-0.048575,-0.15579,-0.11028,0.0001569,-0.0029628,0.00040947,0.0034674,-0.0030223,-0.0030197,-0.00096808,0.0046711,-0.00077491,0.0014642,0.0081557,-0.0039952,0.014249,0.06,0.0366,0.04,0.0433,-0.3733,-0.37,-0.5134,-0.5167,2.0067,1.46,0.12,0.42,2.61,0.18,0.023806,-0.018337,0.024597,0.00015404,0.0084106,-0.0071607,0.018193,0.0046841,0.0052087,0.022376,0.010935,25.9,0.010391,0.014768,0.013897,0.0096647,495.85,0.01238,0.0050342,0.013008,12.048,0.0024646,-0.010233,NaN,0.014048,NaN,0.0095955,-0.040596,-0.019491,0.02603,77.4,-13.001,-0.1,0,0.18569,58813,0.002025,0.058024,0.0069134,0.3,0.0667,-0.0061028,-0.0096538,-0.2333,-0.0567,1.89,3.8333,-0.055139,0.070421,0.00074878,0.0010138,-0.002358,-0.0038098,0.0013271,-0.0022083,-0.0028016,-0.0026333,-0.0028692,-0.002761,0.022225,0.023048,-0.0093621,0.0261,-0.0099417,0.0047657,0,0.0003,0,0.12,0.052095,0.081755,0.10132,0.088533,0.0085758,0.060137,-0.0023428,0.0027855,0.01,-0.0011488,0.0053073,-46.34,-0.0096924,2.6597e+05,0.00036333,0.00496,-27.67,0.051085,0.017998,0.0034026,-0.0469,-0.01207
0.013509,0.0087402,0.023775,0.0064539,0.0069128,0.051213,0.039375,0.05365,0.035434,0.050102,0.2,0.0035248,0.7,0.03495,0.0048612,0.031724,0.039388,0.0069255,0.013331,0.017078,0.01596,0.015061,0.014145,0.0081864,0.017171,0.029649,0.0060359,0.042314,0.060463,-0.0042765,0.035633,0.0040622,82.068,81.029,0.0069457,0.0080516,0.0028616,0.0070813,0.0064022,0.0052842,-0.00063077,0.018425,0.0083808,0.01082,0.0051043,0.014866,0.010855,0.0001529,0.0080604,0.0057871,0.0015741,0.0062318,0.0055294,-0.0087413,0.0042171,0.0032748,0.0043539,0,-0.1667,-0.20138,0.021125,0.0334,-0.3667,0,0.0076828,-0.040162,-0.061018,0.017779,-0.057501,-0.0031255,0.051187,-0.023797,-0.053469,0.009284,0.0037123,0.0094366,41.333,0.0333,0.1333,3396,0.098641,0.13137,0.11611,0.11866,-0.017479,0.11455,0.097791,0.016329,0.019699,0.026593,0.005604,-0.023708,0.012242,0.003397,0.0014077,-0.00044309,0.00085321,0.00011364,-0.0014189,0.0064736,0.001726,-0.0015296,0.0088328,-0.0020302,-0.00082881,0.0062559,0.00068253,0.003166,0.0059326,-0.0010375,0.051244,0.0029213,-0.00011536,-0.0025632,-0.0011789,0.0012635,-0.00014959,-0.012384,0.00037754,0.0036391,0.0019169,0.009068,0.0055938,0.012155,0.019344,0.0036245,0.0020056,0.034946,-0.063984,-0.083627,0.0020639,-0.00087524,0.0042038,0.014514,0.00051043,0.00041453,0.01225,0.0038989,0.0077991,-0.00060266,0.0090282,0.0033797,0.0088824,-0.07,0.0567,0.0833,0.1034,-0.01,-0.03,-0.05,-0.07,1.9467,1.45,0.14,0.47,2.55,0.28,0.019878,0.013224,0.016921,-0.0023268,0.0062828,-0.0105,0.019769,0.017675,0.0095441,0.026037,0.020654,17.2,0.012034,0.016436,0.0095108,0.0113,498.03,0.014441,0.0054991,0.014905,11.707,0.0031024,-0.0062477,NaN,0.015329,NaN,-0.0059097,0.024238,-0.0082794,0.015978,84,-27.776,0.1,0.1,0.56768,1.4221e+05,0.016952,-0.0076899,0.040974,0.4,0.0667,0.025577,0.033967,0.0233,0.07,1.9833,3.8533,0.0449,-0.047121,0.0044843,0.009364,-0.001622,0.007331,0.0012945,0.00034929,0.0033961,0.0041926,0.0037308,0.0032064,-0.013402,0.011542,-0.018272,0.0308,-0.016631,0.0086265,-0.01,0.0008,0.16,0.35,0.15052,0.14165,0.127,0.056353,-0.10139,0.055301,0.00078631,0.0096887,0.0105,0.0034423,0.012098,43.93,-0.0043249,2.7325e+05,0.0047456,0.0088357,24.04,-0.031351,0.023303,0.038717,-0.0552,-0.0080493
0.0096554,0.011373,0.023547,0.0082025,0.013259,0.037382,0.011745,0.027955,0.010528,0.014975,0.6,-0.01245,-13.3,-0.0047107,0.004136,0.0097576,0.02303,0.0065819,0.009095,0.01162,0.010153,0.012322,0.0096033,0.012829,0.014649,0.023659,0.0055242,0.023329,0.038954,0.0088787,0.0091547,0.016342,82.537,81.435,0.0076718,0.0082861,0.0043759,0.0081015,0.0059466,0.0073912,0,0.011716,0.0089699,0.0093543,0.0082855,0.011736,0.0097028,0.001604,0.003006,0.0087651,0.0046728,0.0089323,0.0075874,0.003287,0.0019177,0.0061152,0.0069259,0.2334,-0.0666,-0.024326,-0.039014,-0.2667,-0.0667,-0.0666,-0.11426,0.03286,0.097787,-0.022321,-0.090066,0.31835,-0.16296,-0.32984,-0.26495,0.0092316,0.0043149,0.0060237,41.333,-0.0333,0.1667,3710,-0.030212,0.084849,-0.025661,-0.12091,-0.1034,-0.028382,0.074462,0.016574,0.019244,0.032714,0.028447,-0.012676,0.0072394,0.0062564,-0.0021682,-0.00061606,-0.00074968,0.0033982,-0.0014401,-0.006399,-0.0042776,0.00030243,-0.0075329,0.00045054,-0.0070499,-0.0051308,-0.00023801,-0.00092453,-0.0070114,-0.012589,-0.035711,0.0057812,0.0019504,0.0025352,-0.00062637,-0.0025754,-0.0013537,-0.0046803,0.0012085,-0.0032439,-0.0013514,0.00535,0.0036374,0.0054421,-0.0061318,0.0030842,0.003142,0.017551,-0.16285,-0.10948,0.0026297,0.0025481,0.0044583,-0.030553,-0.0085658,-0.0099227,0.005836,0.0030746,0.002397,-0.009419,-0.03348,-0.0087191,0.022998,0.2233,0.1833,0.25,0.3833,0.46,0.25,0.3167,0.2934,1.78,1.23,0.21,0.67,2.82,0.27,0.018779,-0.042546,0.0072144,-0.0021776,0.001021,0.0060847,0.021343,0.021959,0.0056612,0.027194,0.023832,29.3,0.0014907,0.0027234,-0.0038584,0.0012847,495.39,0.0005789,0.0039731,-6.3775e-05,13.425,0.0017685,0.0001899,NaN,0.0040645,NaN,-0.010547,-0.006082,-0.0024838,0.012452,93,5.0147,0,0.1,-0.36152,34318,0.012044,0.031148,-0.026452,0.5334,-0.0334,-0.069286,-0.072808,0.5034,0.03,2.2633,3.9467,-0.01148,0.098209,-0.0094684,-0.012707,-0.0012471,-0.0065737,-0.0060196,0.00054737,-0.002548,-0.0047112,-0.0030794,0.00047071,0.044287,-0.011425,0.011196,0.0379,0.028829,0.0084831,-0.02,0.0017,0.17,0.3,-0.31274,-0.079606,-0.013857,0.11532,0.054991,0.027121,0.0034184,0.0041237,0.0103,0.01139,0.011897,-5.84,-0.00044529,2.6838e+05,0.011071,0.016186,-0.85,0.017571,0.011167,0.027645,-0.0071,-0.022653
0.013459,0.0077506,0.01072,0.0071073,0.0078678,0.04801,0.020009,0.0059979,0.015449,0.031935,1.1,0.004937,-1.7,0.030017,0.011335,0.033197,0.036582,0.010021,0.016946,0.016217,0.021258,0.01795,0.013529,0.015013,0.022312,0.03766,0.015298,0.022983,0.012276,0.012011,0.015209,-0.031241,83.353,82.58,0.0091947,0.0101,0.0057329,0.0091223,0.0094856,0.0082627,0.0020365,0.024934,0.011133,0.0031308,0.0072397,0.017295,0.0089144,0.0077543,-0.011572,0.0097788,0.004755,0.01125,0.0095022,-0.0070253,0.0069758,0.0069637,0.0049225,-0.0667,-0.3667,-0.3253,-0.064825,0.1333,-0.5333,-0.3,-0.044331,-0.040053,-0.13234,-0.048582,-0.12099,0.0037498,-0.043803,-0.038477,-0.0076078,0.017325,0.010582,0.016405,41.8,0.1333,0.1666,3861,0.052969,0.28768,0.035358,0.13578,0.18325,0.051863,-0.068533,0.013377,0.01912,0.030994,0.0064143,-0.0052065,0.052146,0.016109,0.0019866,0.0021932,-0.00035363,-0.003017,0.00093889,0.004545,0.0036419,0.00048844,0.0049997,0.00037677,0.0051824,0.004023,0.0037742,-0.0022099,0.0023361,0.017924,-0.0013387,0.002045,-0.0014224,-0.0017599,0.0022994,-0.0072551,0.0037609,0.012702,-0.0031331,0.00065306,0.0003855,-0.0037492,0.0016515,-0.00408,-0.0099824,0.0078097,0.00055337,-0.088998,0.20682,0.17551,-0.0016801,-0.001099,-0.0033677,0.0072588,0.0023623,0.00056615,0.010686,0.00053442,-0.0011209,0.007313,0.0022145,0.0074623,0.00010484,0.7267,0.7434,0.96,1.2233,1.0166,1.14,0.7867,0.75,1.5133,1.35,0.43,1.15,3.1,0.41,0.014353,-0.0087307,0.00060248,-0.0036775,-0.0017748,0.017825,0.024479,0.024123,0.0036316,0.035895,0.028359,29.1,0.0017774,0.012323,0.0023019,8.2209e-07,490.46,0.00080834,0.004406,1.081e-06,13.368,-0.00068291,-0.00085482,NaN,-0.016358,NaN,-0.031189,-0.041345,0.010963,0.03018,92.2,9.2383,0.2,0.3,-0.19993,63339,0.022635,-0.049153,0.019595,0.2333,0.4334,0.013593,0.0095632,1.19,0.0467,2.7267,4.0067,-0.00744,0.045244,0.0099681,0.0037716,0.0024492,0.0040176,0.0048321,-0.0025416,0.00064508,0.0016072,0.00067217,-0.0037811,-0.021417,0.016218,-0.00041298,0.0462,-0.00043135,0.016847,-0.0033,0.0013,0.89,0.46,0.2356,0.045487,0.021284,-0.021833,0.046285,-0.078701,-0.0029268,0.0068353,0.0097,0.012381,0.016226,-55.36,0.0036934,2.5075e+05,0.011268,0.014586,-33.77,0.071611,-0.040145,-0.043408,0.1392,-0.080079
0.0058281,0.0075962,0.010506,0.006649,0.0085695,-0.01647,0.0082491,0.025622,0.01695,-0.014808,0.7,0.016716,10,0.0026449,0.011687,0.036741,0.027732,0.0058146,0.0060163,0.0059315,0.012841,0.012691,0.0094788,0.0080421,0.01702,0.02636,0.010453,0.021097,0.01224,0.003141,0.021992,0.0015507,83.637,82.969,0.0087513,0.0098841,0.006208,0.009029,0.007635,0.0084572,0.0029021,0.013761,0.012426,-0.0021182,0.0069449,0.018355,0.0066011,0.010396,-0.0030411,0.011495,0.0031632,0.01186,0.01077,-0.0071859,0.0097576,0.0032503,0.0052798,0.0333,-0.2,-0.071022,-0.092955,-0.7666,-0.0667,-0.2,-0.010845,-0.019116,0.048927,-0.071813,0.0017921,-0.082721,-0.0091629,0.012627,-0.087592,0.010929,0.0098401,0.011574,41.7,0.0333,0.0334,3962,-0.0084447,-0.0074684,-0.0050792,-0.050465,-0.037919,-0.010368,0.047147,0.016657,0.020584,0.013761,0.013315,0.0020561,0.015536,0.010942,0.0015853,-0.0011415,0.00055874,0.00081584,0.0011667,0.0056709,0.0010772,-0.0008244,0.0081446,-0.0010118,0.0040517,-0.0032426,-0.0028312,0.0069469,0.007084,-0.0096665,0.068473,-0.0011155,-0.0011861,0.00097326,-0.0035726,0.0025629,-0.0033751,-0.0081253,0.0037861,0.0035568,0.00059059,0.0050406,0.0021772,0.0067629,0.0015611,0.0045914,0.0092652,-0.089579,0.089647,0.034292,0.0011961,0.0030236,0.0010832,-0.0020381,-0.0077196,-0.0071992,0.0030033,-0.0055566,-0.0049904,0.0053732,0.0025249,0.0054102,0.0074749,0.5467,0.49,0.4767,0.4667,0.25,0.15,0.2266,0.2433,1.5067,1.26,0.41,1.12,2.86,0.39,0.0083751,-0.01017,-0.0023689,-0.008406,-0.013447,0.021225,0.035653,0.020676,0.013417,0.042539,0.028628,21.4,0.0085181,0.01392,0.0081057,0.0075995,491.33,0.010153,0.0040773,0.010211,12.422,-0.0014477,-0.0023783,NaN,-0.034798,NaN,-0.071619,-0.041542,0.03109,-0.0079155,90.7,-6.8322,0.3,0.4,-0.0954,19277,0.014766,0.0025482,-0.0005797,-0.2667,-0.0334,-0.0051496,-0.0068092,0.29,-0.01,2.47,3.6867,-0.015403,0.020707,-0.0082205,0.015599,-0.00062044,0.0069411,0.0023285,0.00077168,0.0026405,0.0043338,0.0038784,0.002089,-0.038873,-0.0036722,-0.017302,0.0238,-0.033441,0.022816,-0.0034,0.0015,0.47,0.38,0.034766,-0.026375,0.0039761,-0.018402,-0.0013621,0.015855,0.00094943,0.0013615,0.0097,0.0089087,0.015137,13.25,0.0031352,2.5114e+05,0.004681,0.0053531,2.16,0.0015977,0.021671,0.027825,-0.038,-0.04443
0.01139,0.010753,0.034587,0.0059119,0.010572,0.040317,0.02387,0.058426,0.038271,-0.015516,1,-0.0087389,-10.1,0.012456,0.0036551,0.022824,0.027748,0.014247,0.014656,0.014204,0.022032,0.020539,0.019735,0.013394,0.022949,0.038546,0.010795,0.022787,0.017302,0.0098367,0.037019,-0.01933,84.53,84.107,0.0079304,0.0089895,0.0063249,0.0081403,0.0070853,0.009458,0.001689,0.011207,0.0094489,-0.0054122,0.011469,0.015895,0.0082558,0.011105,-0.0055995,0.01081,0.0026714,0.011366,0.010983,-0.0054514,0.0057083,0.0035518,0.0097271,0.1667,-0.3667,-0.313,-0.06888,-0.7667,-0.4333,-0.3,-0.068188,-0.08835,0.010102,-0.054067,-0.051906,-0.049758,-0.10026,-0.048627,0.013847,0.004462,0.011356,0.0040936,41.767,-0.0333,0.1,4214,0.012074,0.17932,0.00218,0.043551,0.054067,0.0062338,-0.023777,0.020803,0.020769,0.030259,0.016921,0.0066003,0.0267,0.01543,-0.0024729,-0.00051147,0.00025382,0.00056091,-0.00080656,-0.0078821,-0.0053195,0.00073869,-0.0092567,0.00060296,9.8792e-05,-0.011767,-0.0055054,-0.010687,-0.0090956,-0.003515,-0.042812,-0.00089016,0.00073187,-0.001117,-0.0041875,0.0037589,0.0026645,0.006052,-0.0022043,-0.0034172,-0.001109,-0.0053141,-0.0038963,-0.0054155,0.01159,-0.008055,0.0017445,-0.070737,-0.093213,-0.051583,0.0025356,0.0025483,0.002101,0.0041547,0.0034069,0.0024385,0.01065,0.010566,0.0097419,-0.0029351,-0.0021398,-0.0027875,0.017592,0.68,0.8033,0.8833,0.9967,0.5034,0.51,0.3967,0.3667,1.37,1.26,0.49,1.32,2.56,0.58,0.0071558,0.035479,-0.0061852,-0.006011,-0.012357,0.021538,0.034971,0.033531,0.016573,0.035763,0.034349,25,0.0053027,0.020709,0.0064615,0.002651,485.67,0.0062633,0.0026815,0.0062562,14.576,-0.0059333,-0.0020976,NaN,-0.0069703,NaN,-0.010818,-0.0019544,0.021107,-0.002555,93.1,-2.9192,0.1,0.1,0.37408,1.204e+05,0.024481,-0.032686,0.01537,-0.4666,0.0334,0.015645,0.023152,0.6766,0.1133,2.4667,3.4033,0.0070184,0.014776,-0.0052791,-0.011554,0.0014163,-0.0075056,-0.004322,0.0001482,-0.0027298,-0.0046414,-0.0041832,0.00072965,0.044703,0.013686,-0.020756,0.0655,-0.024181,0.020027,-0.0133,0.0021,0.99,0.69,-0.0091532,0.044646,0.011274,-0.048057,-0.045002,0.018045,0.00052843,0.014855,0.0097,0.011025,0.018657,7.82,0.0042357,2.4951e+05,0.0092429,0.011412,0.38,0.010753,-0.0018752,0.012948,0.0478,-0.07389
0.0035413,0.0024857,-0.020871,0.0068725,0.0036122,0.010447,0.020959,0.049774,0.036289,-0.023061,0.8,0.0034921,-1.1,0.011599,0.0077678,0.019085,0.021705,0.0085121,0.0054877,0.0030734,0.0074756,0.01021,0.0084342,0.0050687,0.012901,0.022388,0.0066244,0.0060503,0.010335,0.0047076,0.019226,0.021592,84.535,84.05,0.0074882,0.0085326,0.0047031,0.0083347,0.0040716,0.0074381,0.00062662,0.0035165,0.010067,-0.0037866,0.010864,0.015227,0.015861,0.0083405,-0.0082009,0.0086129,0.0022694,0.0076847,0.011786,-0.0062668,0.0050309,0.0033414,0.003201,0.0667,-0.1666,-0.0071908,-0.13418,-0.0333,-0.1667,-0.1334,0.037332,0.0066515,-0.16407,-0.12595,-0.029862,-0.043399,0.061875,-0.017914,0.0013444,0.0049828,0.00014573,0.0047084,41.667,-0.0667,-0.0334,4120,-0.10596,-0.10843,-0.094053,-0.17148,-0.13451,-0.075264,-0.090605,0.0084224,0.00035827,0.006067,0.011238,-0.0050872,0.016199,0.015377,0.00020273,0.00016908,0.00010932,0.0021848,0.00023108,-9.3352e-05,0.0022819,0.00033177,-0.0013544,0.0012244,-0.0040514,0.0092255,0.0037217,0.0076152,0.0047206,-0.0019691,-0.020538,-0.0012597,0.0021731,0.0033932,0.0061027,0.00083491,-0.0010687,-0.003455,-0.0010195,0.0015141,0.0020527,0.007629,0.012486,0.007232,0.0017513,0.010758,0.0067975,-0.03208,0.025192,0.033627,0.0005751,-0.0031717,0.0013378,-0.012743,-7.3673e-05,0.00058089,0.0073268,0.00078951,-0.0019132,0.0084869,-0.014087,0.0051392,0.0024507,0.6433,0.4567,0.27,0.13,-0.3534,-0.29,-0.29,-0.33,1.3933,1.33,0.31,0.99,1.75,0.44,0.005162,0.026608,-0.0091532,-0.0058457,-0.019448,0.036061,0.021454,0.02676,0.021536,0.044151,0.033174,16.1,0.013259,0.0010946,-0.0074175,0.015357,489,0.017894,0.0004769,0.018897,11.73,4.0482e-05,-0.0048797,NaN,-0.0073703,NaN,-0.042144,-0.027543,-0.0015787,0.028108,94.3,4.1017,0.2,0.3,0.27687,56798,0.010668,0.0236,0.016564,-1.2334,-0.1,-0.036601,-0.036457,-0.24,-0.0733,1.5833,2.47,0.037329,-0.017243,0.0052407,0.0004102,-0.002161,-0.00050834,0.0020596,0.0023489,0.0012844,0.0024669,0.0017895,-0.0029097,-0.027605,-0.02092,0.004313,0.0004,0.026955,0.025251,0.0133,0.0017,0.31,0.36,-0.13781,-0.11978,-0.071438,-0.09234,-0.09227,0.040675,-0.0018502,0.0066801,0.0098,0.010905,0.011733,12.71,0.0078216,2.5171e+05,0.0087186,0.0091041,5.87,-0.00098449,0.042775,0.039819,-0.1006,-0.044085
0.002979,0.0087285,0.010164,0.0098891,0.0049158,-0.020989,-0.00067316,-0.001577,0.0095292,-0.031358,0.4,0.0033545,-1.3,0.015315,0.0078517,0.013928,0.0094524,0.0028315,0.0032264,0.0027402,-0.0010789,0.0031717,0.0038562,-0.00061313,0.0036341,0.0074739,-0.0068363,-0.0094842,-0.01212,0.0027522,0.01781,0.01442,83.922,83.2,0.0037118,0.0042255,-0.00011586,0.0045209,0.00043218,0.00251,-0.0040558,0.0034406,0.0076159,-0.0010706,0.0096893,0.0063027,0.0084421,0.0047663,-0.0093072,0.003837,0.0011328,0.0038323,0.0059958,-0.002923,-0.0014348,0.0031612,-0.0017583,-0.1334,0.2,0.18188,0.014703,0.7,0.1667,0.1667,0.020387,0.061218,0.070443,0.015252,0.018291,0.052165,0.10866,0.021345,0.0023856,-0.00045581,-0.011965,-0.0014563,41.1,-0.1666,-0.5666,3943,-0.028085,-0.0070079,0.019219,-0.029853,-0.048267,-0.048623,0.01879,-0.0015187,0.015374,-0.012318,-0.0010136,-0.0013457,0.018935,0.011018,0.00092529,0.00069422,-0.00078485,-0.0027974,-0.00038804,0.00086866,-0.0050794,0.00093135,0.0040407,0.00033225,-0.0042048,-0.0039607,-0.0077546,-0.0041467,0.0028753,0.0052317,0.010109,0.0023299,-0.001187,-0.0061433,0.015512,0.0013911,0.0048225,0.0031325,0.0024422,0.00082362,-0.00027709,-0.0039806,-0.0042567,-0.0037858,-0.012769,-0.0010514,-0.0092344,-0.01877,0.086999,0.04648,0.00071084,0.004339,-0.0015711,0.0095609,0.00056469,-0.00049435,0.010908,0.0046787,0.0031969,0.0038947,0.0062577,0.0034684,0.0054197,0.21,-0.14,-0.4233,-0.7567,-0.8633,-0.86,-0.62,-0.6434,1.6133,1.33,0.02,0.37,1.02,0.44,0.010245,0.073742,-0.010078,0.0012524,-0.0074801,0.023688,0.018714,0.019511,0.015787,0.044168,0.028725,18.5,0.01375,0.013238,0.010407,0.013837,494.41,0.017786,0.0024334,0.019494,12.969,0.01027,-0.011188,NaN,-0.057477,NaN,-0.072914,-0.12965,0.0089342,-0.025626,91.7,-17.336,0.1,0.2,0.65023,82208,0.0017376,0.025833,-0.016331,-0.3,-0.5,0.010568,0.005713,-0.9933,-0.4233,0.38,1.64,-0.01987,-0.15133,-0.00051747,0.0049385,-0.0023971,0.0029257,-0.0029266,-0.00049231,0.00060201,-5.5744e-05,0.0013033,0.00205,0.026348,0.0068205,0.039653,-0.0437,0.071709,0.022551,0.02,0.0015,-0.13,0.02,-0.026739,0.021378,-0.0066446,0.082031,-0.11367,0.099112,0.0021052,0.010596,0.0093,0.0086394,0.017403,-39.08,0.0063933,2.3929e+05,0.0057832,0.0055211,-29.32,0.057032,0.086892,0.0898,-0.2046,-0.0012891
0.0084708,0.0090215,0.02785,0.007276,0.0035496,-0.0059785,0.013868,0.0018175,0.0063541,0.036333,0.1,-0.0026274,-3.2,0.00077447,0.0009686,0.042366,0.0034297,0.0091209,0.011347,0.010662,0.0055575,0.00912,0.012172,0.0091362,0.005795,0.017377,-0.014958,0.0044694,-0.0070039,0.010888,0.022604,0.034652,83.757,82.763,0.0042139,0.0050533,-0.0015267,0.005037,0.00086379,0.00080315,-0.0050444,0.0094955,0.0066882,0.0028686,0.0069139,0.011792,0.0087819,0.0063441,-0.0057307,0.0030814,-1.7152e-05,0.0032195,0.0039712,-0.0068915,-0.0041727,0.0033197,0.0024389,-0.0333,0,0.041073,-0.057036,0.3333,-0.0667,-0.0333,0.017063,0.033311,-0.027217,-0.056565,-0.0072762,-0.012788,-0.010981,0.013042,0.0073445,0.0099696,-0.00057601,0.011538,41.167,0.0333,0.2,4073,0.094792,0.077117,0.081586,0.090339,-0.050715,0.13675,0.073739,0.0099284,0.014543,0.015233,-0.001616,-0.00025479,0.024405,0.00703,-0.0017408,-0.0011623,-0.00042637,-0.00079912,0.00026941,-0.0017873,-0.0021334,-0.0016847,-0.0015956,-0.0018275,-0.0079838,0.0097923,-0.0081907,0.0069076,-0.0056694,0.0037781,-0.013152,0.0041413,0.00020744,-0.0012187,-0.0096102,-0.0024117,-0.0034815,0.00094881,-0.0051222,-0.0031134,-0.0015063,-0.0028828,-0.0099466,-0.0034667,0.0096025,-0.016496,-0.010469,-0.081099,-0.10572,-0.084977,0.0038264,-8.7351e-06,0.0046976,0.0054597,0.00065022,0.0013218,0.0061119,-0.0001964,0.00068699,0.0053669,0.0040709,0.0055803,-0.00044931,-0.2233,-0.23,-0.26,-0.3167,-0.2967,-0.25,-0.2267,-0.18,1.73,1.38,-0.01,0.29,0.96,0.42,0.0016973,0.064222,-0.0067456,0.012439,0.0164,0.020702,0.020904,0.016099,0.016364,0.045649,0.02733,7,0.017658,0.018403,0.0092825,0.017531,498.59,0.021802,0.0058576,0.023962,13.23,0.010602,-0.0049589,NaN,0.030138,NaN,0.020557,0.1092,-0.014384,-0.011513,93.2,1.5531,0.3,-0.2,-0.57388,3394.4,0.0076017,0.043923,0.0085958,-0.5333,0.2,0.010489,0.0095703,-0.3167,-0.43,0.2867,1.6367,-0.024782,0.04122,0.0073323,-0.016547,0.0018858,-0.0039338,-0.0036619,-0.0022505,-0.0028793,-0.0034043,-0.0036391,0.0022622,0.020656,-0.0019093,-0.019971,0.0177,0.0027128,0.011893,-0.0033,0.0009,-0.26,-0.01,-0.0081633,0.086619,0.10681,0.066156,0.083223,0.15746,-0.00066263,0.013089,0.0092,0.0096309,0.016411,-12.77,0.0081781,2.3419e+05,0.0094525,0.010002,-10.83,0.029718,0.076073,0.074691,-0.1509,0.0030686
0.0067673,0.0069515,0.017205,0.0055443,0.0051353,0.024531,0.019247,0.027937,0.019203,0.019241,0.2,-0.010518,-12.9,0.0075494,0.0052204,0.014174,0.0127,0.0058273,0.0080497,0.0087408,0.009553,0.0085425,0.0039959,0.0011591,0.012014,0.030635,-0.0062132,0.0095891,-0.0031414,-0.0020323,0.016511,-0.010174,83.463,82.472,0.0046335,0.0052203,-0.00094813,0.0053312,0.0017828,0.0021493,-0.0056566,0.011464,0.0081251,0.0050366,0.0087205,0.011833,0.0027424,0.0053646,-0.0052383,0.0040195,0.0016625,0.0021207,0.0025547,-0.0080815,0.00021626,0.0046236,0.0022999,-0.1,-0.1,-0.070377,-0.01588,-0.0667,-0.0333,-0.1,-0.0020713,-0.020497,-0.0024554,-0.015604,0.014405,-0.031162,-0.014297,-0.03264,-0.010701,0.001762,-0.0011178,0.0023594,41.133,-0.0333,-0.0334,4155,0.0014121,-0.037139,0.026327,0.011013,-0.056478,0.0086537,-0.0019232,0.013376,0.010922,0.019376,-0.0010748,0.0098118,0.061712,0.0031196,0.00032939,0.00023947,0.00024272,-0.0037287,-0.0011768,-2.2944e-05,0.0010023,0.00049833,-0.00056568,0.00079753,0.0069867,-0.0077396,0.0035845,-0.0068537,0.0018497,0.00036716,-0.004399,-0.0028785,0.0010782,0.0026,-0.0085805,0.0033307,-0.00090812,0.0030646,-0.00075657,0.00040825,0.00036538,0.0044062,-4.5377e-06,0.0047572,0.0066106,-0.0015924,-0.0045192,0.077703,-0.00029986,0.011848,0.0020994,-0.0020683,9.4136e-05,0.0027069,0.003257,0.0038444,0.01069,0.0056949,0.0069804,0.001871,-0.0029572,0.0025548,0.0021867,-0.0767,-0.1067,-0.12,-0.21,-0.43,-0.35,-0.4466,-0.4133,1.7467,1.46,-0.02,0.18,0.63,0.47,0.0015817,0.023978,-0.015392,0.0042112,0.0064441,0.0075579,0.0081544,0.021457,0.0049815,0.040455,0.028786,5.5,0.018553,0.013909,0.0080819,0.019346,505.38,0.023436,0.0044028,0.025666,13.28,0.0027318,-0.0033197,NaN,0.01793,NaN,-0.02472,0.074775,-0.0085514,0.00029499,89.8,10.16,0,-0.1,-0.55624,-9990.7,0.010642,-0.012299,-0.002681,-0.0667,-0.0334,0.003613,0.007232,-0.3966,-0.46,-0.0333,1.2667,0.048824,-0.045494,-0.0025312,0.00095022,-0.00085238,0.00048056,0.0015544,0.00073127,0.00083842,0.00042945,0.00087042,-0.004407,-0.018861,0.007244,-0.0030117,0.0188,0.021652,0.0092823,-0.0067,0.0016,-0.05,0.01,0.045402,0.0085839,0.020486,0.045505,0.071409,0.024443,0.0014671,0.018042,0.0092,0.0074271,0.017184,2.11,0.0090176,2.328e+05,0.0097123,0.01001,-2.69,0.014976,0.056071,0.044416,-0.0949,-0.00012301
0.0074616,0.0091806,0.010806,0.0098736,0.0064162,0.015931,0.025231,0.02485,0.025029,0.025698,0.1,0.0065744,8.1,0.01941,-0.0018072,0.011963,0.03199,0.0094244,0.0081587,0.0094519,0.0036899,0.0067164,0.0025648,-0.00038442,0.011504,0.024496,-0.011022,-0.01517,-0.028649,0.0050321,0.0099604,0.048709,82.938,81.605,0.004278,0.0048707,-0.00050346,0.004842,0.001966,0.0023365,-0.0048531,0.0099781,0.0064921,0.0055399,0.005196,0.010486,0.005744,0.0067015,0.0010498,0.0027124,0.0012665,0.0034143,0.0022599,-0.0051561,-0.00072105,0.0036,0.0025575,0.0333,-0.0334,-0.037254,0.010876,-0.4333,0.0667,-0.0334,-0.020579,-0.033434,0.041535,0.014001,0.0032152,-0.0083502,-0.057205,0.023585,-0.039158,0.0020936,-0.011056,0.0018687,40.7,-0.1334,-0.0666,4083,0.030116,0.14328,-0.0065759,0.043928,0.10168,-0.021517,0.088374,0.0019957,0.014858,-0.010993,-0.01772,0.022662,-0.024748,0.00057148,0.0011506,-0.0010788,-0.00011836,-0.0011951,0.0006111,0.0063943,0.0029764,-0.0018621,0.0082664,-0.0020832,0.0047637,0.0031857,0.0050669,-0.0072831,0.0028555,0.0012524,0.065237,-0.0011699,-0.00026477,-0.0030219,-0.014642,-0.00068035,-0.00038875,-0.0064438,0.0029767,0.0034163,-0.00025137,0.0027869,0.0044917,0.0057131,-0.0077583,0.0087352,0.001329,0.26174,0.10378,0.081157,0.0039736,0.0050433,0.0035507,0.00012928,0.003283,0.0028001,0.014742,0.0062899,0.0073684,0.0030345,-0.007021,0.0045968,0.0008531,-0.3567,-0.33,-0.3567,-0.32,0.0167,-0.11,0.0633,0.07,1.8,1.33,-0.05,0.19,0.98,0.36,-0.0013555,0.049153,-0.019037,0.0034042,0.0098968,0.014338,0.010453,0.019237,0.0076807,0.035668,0.025645,5.4,0.015319,0.010026,0.0006012,0.016218,508.82,0.017836,0.0079193,0.018874,17.149,0.0073269,-0.0012722,NaN,0.022444,NaN,0.034843,0.041321,-0.019218,0.00954,90.5,-5.4519,0,0.2,0.85889,1.3945e+05,0.0048047,0.058449,0.022013,0.3667,-0.4333,-0.026696,-0.024051,-0.1167,-0.4333,0.2067,1.6867,0.028235,-0.017304,0.0012579,0.013811,-0.00053439,0.0069957,0.0012813,-6.0476e-05,0.0031791,0.0044035,0.0037275,0.0037779,-0.003913,-0.023972,0.00074993,-0.0084,0.021457,0.0049862,0.0134,0.0005,-0.44,-0.08,-0.090102,0.031548,-0.028689,0.025619,0.10353,0.029639,-0.0025692,0.015209,0.0091,0.0073723,0.011946,-16.89,0.015815,2.2957e+05,0.0088949,0.005904,-12.76,0.029761,0.063741,0.065932,-0.098,0.032892
0.016541,0.0107,0.031323,0.0057245,0.012748,0.046932,0.030541,0.02891,0.026283,0.042677,0.4,0.012378,3.8,0.032428,0.014295,0.01612,0.022133,0.0091273,0.018983,0.019551,0.022231,0.02124,0.023021,0.013841,0.021225,0.032404,0.010835,0.043636,0.071018,0.0027573,0.045035,-0.0087294,83.573,82.241,0.0066451,0.0075954,0.00042602,0.0071448,0.0045915,0.0040519,-0.0051731,0.017726,0.0084696,0.0074663,0.0088288,0.01339,0.0096866,0.0077977,0.0047108,0.0057206,0.0017943,0.006283,0.004932,-0.0046057,-0.00064937,0.0042808,0.0058613,0.1667,-0.0333,-0.15439,0.07915,-0.5,-0.1,-0.0333,-0.023302,-0.0062405,-0.078153,0.086031,-0.0069159,0.039512,-0.11003,-0.025916,0.017865,0.0085797,0.014819,0.0094902,41.367,0.1667,0.2,4063,0.023679,-0.098359,0.02444,-0.005255,0.10977,0.042085,-0.013304,0.015711,0.019421,0.025287,0.030186,0.021725,-0.0071919,0.0045176,0.0011315,0.00081828,-0.00051403,0.00036746,0.00096492,-0.0022358,-0.0073676,0.0030727,0.00057032,0.0028089,-0.010235,-0.0038419,-0.0091255,-0.0010791,0.002411,-0.0042822,0.0058343,-0.0012221,-0.00039766,0.0012765,0.02386,0.0013702,0.0044673,0.005798,0.00023777,-0.00029122,-0.00085252,-0.00084422,0.0054474,-0.0016843,0.00097793,0.0015379,0.0055744,-0.027893,0.099081,0.09116,0.0050362,0.00014845,0.0084412,-0.0058342,0.00066992,0.0012379,0.0074193,0.0094944,0.010967,-0.0013114,-0.0048356,-0.00040935,0.010867,-0.12,0.09,0.26,0.54,0.81,0.87,0.56,0.5867,1.5767,1.39,0.12,0.64,1.7,0.4,0.0023709,0.029883,-0.01089,0.003505,0.0098337,0.012015,0.0057093,0.01459,0.0040839,0.026602,0.019315,-4,0.010063,0.014686,0.0055588,0.0092779,508.9,0.011465,0.0059076,0.012592,17.48,-0.0030267,-0.00039177,NaN,0.01031,NaN,0.042556,0.015695,-0.0041245,-0.0032187,91.5,-6.4508,-0.1,0,-0.79201,12307,0.023878,-0.012115,0.0011058,0.8,0.5667,0.013809,0.0069053,0.92,-0.2233,1.2467,2.3667,-0.028957,0.068631,-0.0080699,0.0042854,-0.0015458,-0.0012899,-0.0036233,0.00013143,-0.00092928,0.00035973,-0.00095559,0.0026792,0.0028911,0.0162,0.0048468,0.0027,-0.08404,0.0026372,-0.0367,0,0.13,0.18,0.17275,-0.0125,0.062787,-0.062433,0.066334,0.10457,-0.00062057,0.0075188,0.0094,0,0.0074403,33.06,0.018063,2.4019e+05,0.0042703,-0.0017827,13.57,-0.027147,0.033888,0.044864,-0.0412,0.019037
0.0089299,0.0060359,0.0071097,0.0054339,0.0070946,0.044424,0.022457,0.03936,0.030979,-0.0020768,0.6,-6.567e-06,-5.2,0.0036754,0.008468,0.0080492,0.031908,0.0080648,0.011934,0.011031,0.016666,0.012879,0.010465,0.0008985,0.014549,0.029387,0.008662,0.014428,0.011262,-0.0042695,0.033419,-0.039762,83.494,82.442,0.0061272,0.0071674,0.001509,0.0065052,0.0045705,0.0033376,-0.0013346,0.014853,0.0071444,0.0083098,0.012817,0.013875,0.0052864,0.0066762,-0.0020909,0.0058666,0.00078505,0.006695,0.0062796,-0.005671,-0.0039051,0.0041244,0.0074031,0.1333,-0.2333,-0.14079,-0.07001,-0.2,-0.3334,-0.0667,-0.01982,-0.019998,-0.055042,-0.066175,-0.094237,-0.022881,0.072925,0.015055,0.0021346,0.007293,0.0037423,0.0081685,41.5,0.0667,0.0666,4097,0.0037815,0.063812,-0.021851,0.062297,-0.0099508,0.0039644,-0.043803,0.010543,0.007549,-0.00371,0.0042326,0.009571,0.0061847,0.0070663,-0.0024224,-0.00018246,0.00077447,0.0047357,-0.002953,-0.0062895,0.004004,-0.00019866,-0.011896,7.5733e-05,0.0029794,0.0046466,0.0041423,0.0060528,0.00086731,-0.0097121,-0.084896,-0.0011961,-0.00077158,-0.00064951,-0.0018573,-0.00046807,-0.0016045,0.0030969,0.0028237,-0.0028235,0.00056802,-0.0046179,-0.0094624,-0.0057363,0.01017,-0.0078826,-0.0063678,-0.03422,0.01885,0.025479,0.0040258,0.0051613,0.0035364,-0.0012893,0.0027238,0.0041925,0.012912,0.0037638,0.0037278,0.0054987,-0.0091632,0.004014,0.0027698,0.0634,0.0767,0.08,0.12,0.06,0.05,-0.02,-0.0034,1.5133,1.38,0.13,0.69,1.68,0.39,0.010209,0.055787,-0.019668,0.0036608,0.0099223,0.013955,0.006093,0.016754,0.0017066,0.022122,0.018877,-6.1,0.0063677,0.014138,0.0060737,0.0050388,507.36,0.0066607,0.005496,0.0067893,17.197,-0.00011811,-0.0020593,NaN,-0.0024615,NaN,-0.016381,0.013814,0.019361,0.0040948,94.9,5.1489,-0.1,0.1,0.00499,56780,0.018608,-0.056789,0.0039904,-0.4667,0.0666,-0.028198,-0.027291,0.0533,-0.21,1.2367,2.2833,-0.02448,-0.14301,0.00073015,-0.016887,8.9451e-05,-0.0067197,0.0012875,0.0010826,-0.0032259,-0.0046451,-0.0020212,-0.0023415,-0.016541,0.0075034,-0.0061654,0.024,-0.033443,0.0064951,-0.0033,0.0011,0.07,0.18,0.026098,-0.0010487,-0.05132,-0.0067537,-0.038138,-0.04005,0.00052055,0.012407,0.0095,0.0020964,0.0055459,2.68,0.018858,2.4408e+05,0.0082029,0.0034434,0.36,0.0027931,0.0023897,-0.0024148,0.043,-0.00079132
0.01033,0.0079336,0.019326,0.0055603,0.0080724,-0.0013196,0.015833,0.012124,0.025065,-0.011418,0.4,0.006877,-1.9,0.026889,0.014164,0.060473,0.019532,0.0053121,0.0122,0.012373,0.01138,0.013933,0.012212,0.0088698,0.015128,0.023571,0.011499,-0.004293,-0.018777,0.013901,0.022376,0.031285,83.472,82.293,0.0059438,0.0068566,0.001912,0.0062372,0.0047335,0.0037692,-0.0009897,0.013812,0.0078841,0.0065985,0.010315,0.011845,0.0063621,0.0053653,0.0010461,0.0056822,0.0012275,0.007397,0.0073309,-0.010149,-0.0041387,0.005949,0.0048773,0.1667,0.0666,0.13792,-0.086854,0.0667,-0.0666,0.1667,0.041378,0.032871,0.032475,-0.09076,0.0063519,0.0071571,0.10979,0.0057306,-0.028504,0.010963,0.0045905,0.011386,41.533,0.0333,0.0334,4259,-0.057812,-0.03956,-0.017544,-0.093332,0.012423,-0.045014,-0.076551,0.013482,0.018341,0.018777,0.0086374,0.018505,-0.0030798,0.0068386,0.0025258,0.0011232,-0.00063413,-0.0039214,0.0031248,0.0063349,-0.0017286,0.00035754,0.010742,0.00020896,0.0023925,-0.0069751,-0.00012439,-0.0085211,-0.0024196,0.018246,0.068235,0.0004572,-0.00039207,0.0010718,0.0046189,5.8052e-05,0.0013314,-0.0030213,0.00016358,0.002913,-4.1858e-05,0.0047749,-0.00052675,0.006608,-0.0051629,0.0086134,0.0039731,0.22155,0.10588,0.089754,0.0031016,0.00023789,-0.0007552,-0.0073295,-0.0024194,-0.0025036,0.0067819,0.00080995,0.0014221,0.0042414,-0.0059652,0.0049055,0.0054599,-0.0267,-0.12,-0.15,-0.3033,-0.4367,-0.45,-0.36,-0.3766,1.5733,1.37,0.1,0.5,1.37,0.47,0.0046771,0.035764,-0.026874,0.0034103,0.0072653,0.022916,0.015878,0.0046343,0.016696,0.025992,0.013149,-3.8,0.01884,0.012884,0.0075719,0.01986,514.79,0.0234,0.0051507,0.025679,18.786,0.0021238,0.0013734,NaN,0.0056126,NaN,0.051391,0.03516,0.052274,-0.014702,97.5,-8.9553,0.3,0,0.19228,84890,0.014585,0.034709,0.022936,-1,0.1334,0.011182,0.016243,-0.44,-0.3033,0.8233,1.95,0.016974,0.12251,0.0091337,0.011116,-0.00020147,0.0075735,-0.0015467,-0.0012142,0.0027036,0.0049507,0.0021223,-0.0027841,-0.015994,-0.02967,0.00043644,0.0132,0.017008,0.0050171,-0.0134,-0.0004,-0.04,0.17,-0.0070506,-0.027661,0.0021691,-0.048596,-0.014477,0.10038,-0.00061084,0.0085943,0.0094,0.011452,0.020682,2.32,0.016699,2.4369e+05,0.013705,0.012355,-3.22,0.018305,0.095579,0.089013,-0.16,0.086165
0.0064349,0.010486,0.026726,0.0088418,0.0060323,0.019991,0.018506,0.019366,0.022954,0.0051056,0.6,-0.0052108,-5.5,0.0092701,0.00028522,0.01882,0.041827,0.0094793,0.0063147,0.0069083,0.018546,0.018916,0.017076,0.0090427,0.021214,0.034623,0.017108,0.023454,0.048157,0.0034308,0.0384,-0.019492,83.823,82.751,0.0062046,0.0070418,0.0023896,0.0066306,0.0044438,0.0044477,-0.00084203,0.0094921,0.007371,0.0066952,0.012636,0.017819,0.0061392,0.0063867,0.015046,0.0031898,0.0018555,0.00088118,0.0046918,-0.0011731,-0.0015291,0.003837,0.0051131,0,-0.1,-0.051268,-0.034819,0.2,0.0666,-0.2667,-0.013688,-0.0085156,-0.0039203,-0.037133,-0.0069788,-0.0086213,-0.038544,0.039221,-0.017309,0.0089893,0.0065116,0.0085393,41.6,0,0.1333,4408,0.010996,-0.049105,0.019423,-0.015334,0.064539,-0.026738,0.082132,0.024121,0.016504,-0.0014454,0.014284,0.001467,0.03417,0.0054724,-0.0023705,-0.0017594,0.00025263,0.0010318,0.00081487,-0.0032826,0.00047758,-0.0018876,-0.0052931,-0.0020983,-0.0024857,0.0054403,-0.0033654,0.0080687,-0.0075786,-0.0017766,-0.020732,0.00084627,0.0021348,-0.0024095,-0.015851,-0.00097925,-0.0021873,-0.0010961,-0.0060973,-0.0025774,-0.00063484,-0.0070739,-0.0015587,-0.0097149,-0.019946,-0.0041987,-7.7852e-06,0.11968,-0.088594,-0.082916,0.0061386,0.0099696,0.0053509,-0.0057394,0.0060315,0.0052442,0.012029,-0.0022253,-0.0020894,0.012594,-0.012503,0.013526,-0.0061588,-0.0033,0.0833,0.0667,0.1667,0.22,0.08,0.1967,0.1533,1.5067,1.23,0.08,0.59,1.5,0.28,0.0085183,0.044242,-0.011587,0.0062453,0.012322,0.017662,-0.00026116,0.0043345,0.01763,0.021619,0.011306,-2,0.0059663,0.0037852,-0.005694,0.006338,513.18,0.0034961,0.013413,0.0030935,21.752,0.0043124,0.0036205,NaN,0.048395,NaN,0.10929,0.071104,-0.0038547,0.0064954,99,9.7664,0.1,0.3,-0.10269,46007,0.022427,-0.026859,-0.0045738,-0.1666,-0.1,0.0050985,0.0051176,0.2534,-0.2167,1.08,2.15,-0.01738,0.10368,0.0032582,-0.0069719,-0.0009147,-0.0052435,-0.0010299,-6.0683e-05,-0.00047307,-0.0041568,-0.0019948,0.0043639,-0.0038142,0.0097675,0.011745,0.0285,-0.049563,0.0050845,-0.0166,-0.001,-0.11,0.06,0.13648,-0.034013,0,0.050531,-0.12866,0.050185,0.00051298,0.0048781,0.0091,0.050465,0.057585,21.47,0.021477,2.4021e+05,0.028599,0.031801,-2.18,0.035848,0.077793,0.073058,-0.1294,0.048067
0.016483,0.0044918,-0.003161,0.0075042,0.00046053,0.059392,0.018887,0.032642,0.020543,0.013874,1,0.012875,9.2,0.017403,0.0073623,0.039199,0.033013,0.0088232,0.019458,0.020018,0.012819,0.014185,0.011933,0.0012608,0.016517,0.032367,0.0063987,0.0018918,-0.019714,0.0010581,0.036522,0.01021,83.709,82.68,0.007165,0.0083243,0.0027871,0.0076574,0.0051246,0.0054929,-0.0014877,0.011711,0.0079774,0.0098441,0.014543,0.020263,0.0056779,0.0083601,0.0092261,0.0046979,0.0011048,0.003366,0.0071543,-0.0088428,0.0005828,0.0036043,0.0065468,0.1,-0.2333,-0.21516,-0.033855,-0.5334,-0.2666,-0.2,-0.049372,-0.071024,0.030623,-0.037947,-0.044457,-0.049983,-0.023608,-0.062343,-0.0093717,0.0043992,0.00068334,0.0047431,41.7,0.0667,0.0333,4361,0.029798,0.24334,-0.0061177,-0.0011043,-0.12825,0.089885,0.0055504,0.014644,-0.0021696,0.029909,-0.0019228,0.00050721,0.035727,0.023278,-0.0019099,0.0012826,0.00050471,0.00015073,-0.0053498,-0.0065744,-0.0058207,0.00077099,-0.006994,0.0011978,-0.0091954,0.0013519,-0.0080864,-0.0031464,0.00067029,0.0094093,-0.083915,0.0021442,-0.0035869,0.0022234,0.012064,0.00041359,-0.0003178,0.0035519,0.00435,-0.003779,0.00055824,-0.01059,-0.010687,-0.013011,0.0061388,-0.017968,-0.010051,-0.37299,-0.14969,-0.14059,0.0034149,0.0014492,-0.00085722,0.0059779,0.0065845,0.0067042,0.01215,0.014718,0.015616,-0.006366,-0.0036146,-0.0055851,0.017242,0.2466,-0.0133,0.1267,0.2033,0.1334,0.14,0.1466,0.1167,1.49,1.23,0.22,0.8,1.65,0.54,0.011173,0.039415,-0.014324,0.0089313,0.013535,0.019636,-0.0050652,0.013938,0.024665,-0.000153,0.0082499,0,0.033207,0.012294,0.0034711,0.036722,527.7,0.041973,0.0064421,0.046601,22.305,0.0031636,0.0048719,NaN,0.013827,NaN,0.0065924,-0.012542,0.0026326,0.019742,103,-3.4275,0.2,-0.1,-1.2352,-24432,0.016927,0.0065708,0.017513,-0.2667,0.2,-0.010796,-0.017412,0.2133,-0.4767,1.0467,2.05,-0.088808,-0.071928,-0.0030539,-0.01429,0.00067096,-0.0070602,-0.0018044,-0.0013628,-0.004812,-0.0047324,-0.0038792,-0.004459,-0.0063492,0.014036,0.014553,0.0214,-0.0029149,0.0095202,0.0033,0.0008,0.25,0.06,-0.18976,0.0066741,0.022497,0.0096154,0.068016,0.0041921,0.00031918,0.0060643,0.009,0,0.0080346,-15.04,0.029508,2.4173e+05,0.012584,0.0049183,-9.73,0.023211,0.048265,0.053712,-0.0703,0.010495
0.012431,0.016894,0.04364,0.011877,0.015889,0.013904,0.034858,0.052274,0.043063,0.0096114,0.8,0.004619,-1.7,0.019561,0.010014,0.022898,0.036183,0.011698,0.014114,0.014505,0.020084,0.022687,0.023869,0.019168,0.024296,0.034357,0.013043,0.033447,0.040709,0.013423,0.038069,-0.013952,84.183,83.135,0.0057872,0.006507,0.0039845,0.005829,0.0056138,0.0079503,-0.0023351,0.01072,0.0075867,0.010526,0.010367,0.013368,0.0023286,0.0087035,0.0035652,0.0025164,0.0020026,0.0036787,0.0073457,-0.013953,0.0026184,0.0054093,0.0047103,0.0667,-0.1333,-0.1129,-0.0039753,0.2,-0.1667,-0.1333,-0.017014,-0.017266,-0.058841,-0.0015482,-0.038884,-0.05483,0.063333,-0.011765,-0.027164,0.0050898,0.0040215,0.0057567,41.667,0.1,0.0334,4519,-0.012499,-0.16932,0.033878,-0.0066519,0.10008,-0.024086,-0.037598,0.019688,0.021622,0.029118,0.013609,0.0095262,0.059931,0.015723,0.00014102,-0.0028741,-0.0020205,0.00035921,0.0033251,0.0025875,0.0029523,-0.001307,0.0023916,-0.0018971,0.0029439,-0.0071259,0.011852,0.0038732,0.0021899,-0.022419,0.077151,-0.0092583,0.0024532,-0.002474,-0.0054837,-0.0017388,-0.00047834,-0.0069491,-0.0055025,0.002693,-0.0020002,0.0075581,0.010168,0.0099428,-0.003734,0.016961,0.0060816,0.082336,-0.03255,-0.0085594,0.0078097,0.0053466,0.0042837,0.0043177,0.0056932,0.0071635,0.01606,0.0083532,0.0094191,0.0021068,-0.0073627,0.0017155,0.0063186,0.01,0,-0.1334,-0.31,-0.4534,-0.46,-0.4033,-0.43,1.5133,1.23,0.09,0.49,1.2,0.46,0.009972,0.056853,-0.00070163,0.010526,0.01757,0.014907,0.0016976,0.004995,0.019875,0.018306,0.010367,8.3,0.028942,0.019215,0.0075164,0.030548,537.74,0.034113,0.012695,0.036971,24.972,0.011361,0.010443,NaN,0.014029,NaN,0.029106,-0.013797,-0.0066254,-0.00086599,105.8,-9.5104,0,0.2,-0.62198,30493,0.024947,-0.014,-0.013483,0.6,-0.0334,0.029242,0.028704,-0.44,-0.4867,0.5967,1.6367,0.079257,-0.04287,-0.0055171,0.012929,-0.0024583,0.0051756,-0.0044115,0.00051496,0.0024767,0.0027805,0.0021251,0.0011729,0.052393,-0.014519,-0.0098725,0.0371,-0.010916,0.01021,-0.01,-0.001,-0.08,-0.03,0.031826,-0.0022199,0.026138,0.078201,-0.019804,0.18046,0.00085829,0.009627,0.0089,0.023347,0.032174,15.87,0.023334,2.4346e+05,0.017937,0.015453,-0.38,0.016171,0.12032,0.11961,-0.1979,0.085821
0.0085515,0.011881,0.025291,0.010922,0.0069662,0.014809,0.0073699,-0.0023038,0.0063665,0.010429,0.9,0.0050061,-0.6,0.0103,0.008963,-0.0013936,0.021345,0.01462,0.0097064,0.0091678,0.02239,0.024762,0.027927,0.024016,0.022949,0.042596,0.010373,0.040457,0.052699,0.017344,0.041214,0.038617,84.699,83.621,0.0078998,0.0084894,0.0066881,0.0080014,0.0074779,0.010196,0.001044,0.010381,0.0061585,0.011049,0.010048,0.014531,0.0035581,0.0073321,0.0025386,0.008731,0.0047866,0.0068277,0.0064298,0.0058672,-0.0013083,0.0068083,0.004249,0,-0.2,-0.10955,-0.067824,-1.8,0,-0.1667,0.023766,-0.063062,-0.090876,-0.087716,0.002383,-0.018363,-0.17168,-0.0541,-0.025969,0.0035216,0.0087036,0.0046136,41.867,0,0.1333,4701,0.049737,0.2,0.0093109,0.03605,0,0.030862,0.1148,0.0077398,0.0045413,0.013105,0.0031882,0.022526,0.04394,0.016229,0.00048688,0.00083217,0.00061944,-0.0020058,-0.0016444,0.0014837,0.0011415,-4.7136e-05,0.0017223,-0.00018985,0.0032598,0.0022552,0.0010322,-0.0082572,-0.0016307,0.0064107,-0.0070207,0.0057068,-0.00012483,-0.0018153,0.0071328,-0.0033393,0.0029223,-0.00035794,-0.0017996,0.00038791,0.0013483,0.0043105,0.0023557,0.0059051,0.012168,0.00051468,0.002659,0.24103,0.0053925,0.0035786,0.0092397,0.0088745,0.0099348,0.012033,0.01279,0.014104,0.013684,0.0050905,0.0056552,0.013657,0.0035371,0.012896,-0.014316,-0.0266,0.0433,0.0334,-0.0567,-0.3366,-0.27,-0.2933,-0.32,1.53,1.29,0.08,0.39,0.82,0.54,0.012433,0.04315,-0.0050256,0.010188,0.017814,0.016885,-0.021849,0.0093868,0.013347,0.017461,0.012667,10,0.012546,0.013665,-0.00095539,0.012362,536.53,0.011352,0.016325,0.011795,27.86,0.009669,0.014136,NaN,0.0093353,NaN,-0.038278,0.060209,0.021796,0.017037,105,17.309,-0.2,0,0.28323,96456,0.02708,0.061701,-0.012196,-0.3,0,0.016967,0.026245,-0.2967,-0.4167,0.3267,1.37,0.055636,-0.039207,-2.3229e-06,-0.0020858,0.0030779,-0.00023978,0.0030883,0.00050468,0.00059339,0.00083853,0.00082709,0.0051944,-0.054064,-0.00038756,0.020369,0.0529,-0.029262,0.011167,0.0067,-0.0007,0.12,0.12,0.021455,0.0011104,0.0061729,0.016674,-0.15349,0.014635,-0.001154,0.0059702,0.0089,0.038666,0.044102,35.72,0.024066,2.4716e+05,0.029564,0.032093,12.32,0.0089876,0.022298,0.0117,-0.0182,-0.0035376
0.0099452,0.010065,0.0081106,0.011476,0.0071481,0.042679,0.029111,0.051045,0.03194,0.020411,1.2,-0.0035849,-9.6,0.017055,0.0090878,0.0046707,0.03681,0.020834,0.012083,0.011254,0.0098631,0.011177,0.011383,0.0024352,0.011445,0.021291,0.00083906,0.010838,0.0010719,-0.0010231,0.028004,-0.053694,84.002,83.019,0.0060875,0.0069713,0.0042827,0.0060272,0.0063379,0.0079299,-0.0016411,0.01284,0.0057046,0.010884,0.010475,0.014144,0.0040252,0.0087687,0.0025323,0.0034098,0.0013995,0.00082695,0.0072106,-0.008874,-0.0010916,0.0046204,0.002133,-0.0667,-0.0334,-0.020301,-0.022137,-0.2333,-0.2,0.1334,0.047539,-0.018896,-0.063949,-0.029525,-0.020034,-0.0052874,0.080294,0.0031181,-0.011609,0.0057198,0.0028437,0.006334,41.733,-0.0334,-0.0667,4854,0.017257,-0.1721,0.083029,0.10192,0.14389,-0.01311,-0.050799,0.014749,0.0070572,-0.022127,-0.015416,-0.0020616,-0.068228,0.023059,-0.0030472,-0.00022023,-0.0025587,-0.0032142,-0.0016715,-0.0064486,-0.0017888,-0.0011615,-0.009098,-0.0010799,-0.0066076,0.0040644,-0.0041567,0.0087218,0.0011982,-0.0067232,-0.090053,0.0047206,-0.0035356,0.0036344,-0.0073446,0.0039765,-0.0033651,-0.0058863,0.0029702,-0.0033159,0.0003555,-0.010416,-0.021892,-0.014405,-0.011419,-0.022095,-0.011745,-0.28715,-0.29851,-0.22628,0.0061935,0.0054189,0.0018005,0.0067319,0.015107,0.014782,0.0070341,0.0057495,0.0055233,0.0108,0.0012387,0.010898,-0.015758,0.0133,-0.0367,-0.12,-0.17,-0.32,-0.15,-0.21,-0.1834,1.6667,1.47,-0.01,0.26,0.53,0.41,0.014383,0.04849,0.0041731,0.016077,0.02466,0.022608,-0.017044,0.0052552,0.013162,0.0041459,0.0048036,0,0.039027,0.0068641,-0.01397,0.044216,549.22,0.044729,0.020795,0.048619,21.455,0.011881,0.020743,NaN,0.025058,NaN,0.029845,0.021838,-0.0088314,0.015075,107.8,2.486,-0.1,0,-0.26044,52833,0.014812,-0.07077,-0.012902,-0.6333,-0.1,-0.019365,-0.021366,-0.3266,-0.4667,-0.0133,1.1467,-0.15934,-0.010888,0.0022577,-0.012801,-5.9454e-05,-0.0049312,0.0031207,-0.0015146,-0.004329,-0.0049004,-0.0036145,-0.0055682,0.011688,-0.018733,0.0083607,0.0291,0.01833,0.012597,0.0133,-0.0014,-0.17,-0.06,0.14875,0.12894,0.076486,0.030851,0.0046505,0.044047,0.001029,0.02353,0.01,0.039007,0.047245,154.58,0.03807,2.8147e+05,0.031931,0.029104,69.35,-0.091923,0.07152,0.072108,-0.094,0.064957
0.0092155,0.017456,0.049353,0.012865,0.012069,-0.006195,0.033431,0.028704,0.033238,0.03402,0.4,0.01735,8,0.012919,0.016231,-0.011099,0.022661,0.013656,0.010677,0.0104,-9.6966e-05,0.0067134,0.0068054,0.0055937,0.0047354,0.0042725,-0.00080412,-0.0064176,-0.014135,0.010296,0.011378,0.032003,82.974,81.683,0.0063104,0.006794,-0.00026477,0.0069083,0.0038246,0.0019499,-0.0038897,0.017507,0.0064997,0.010988,0.010783,0.012601,0.0067821,0.0074169,-0.012214,0.0044885,0.0037337,0.0036854,0.004674,-0.0031367,0.0040692,0.0051326,0.0036406,-0.1,-0.2333,-0.13553,-0.088029,0,-0.2,-0.3,-0.016875,0.021758,-0.20667,-0.13363,-0.039989,-0.056072,-0.10058,-0.012531,-0.033082,0.0060318,-0.004289,0.0052166,41.4,-0.0666,-0.2666,4878,0.0087299,0.025975,-0.032776,-0.080689,-0.14867,0.05838,0.056759,0.010202,0.022265,-0.00063261,-0.01531,-0.0064328,0.027558,0.0075802,0.0017195,0.00011922,0.0015844,0.0023415,-0.00025291,0.0038032,-0.00011541,0.00052761,0.0060387,0.00049395,0.00032768,0.0029633,0.00035472,-0.0079383,-0.00087144,0.0060673,0.041683,0.00093753,0.0034476,0.00081638,-0.0046296,-0.0012878,0.00093384,-0.0092525,0.0052953,0.001227,-0.00042133,0.00737,0.018736,0.010298,0.0054601,0.0179,0.0042215,0.0095587,-0.10996,-0.086638,0.0070232,0.0037861,-7.5112e-05,0.015775,0.0096929,0.0091421,0.0041779,0.0054614,0.0043825,0.0075632,0.014397,0.0070164,-0.0097842,-0.02,-0.0766,0.06,0.0967,0.01,0.04,-0.03,0,1.6567,1.5,0.13,0.43,0.62,0.52,0.0087812,0.074862,-0.0023107,0.015236,0.028336,0.015165,0.0009197,0.020482,0.014389,0.035733,0.026715,4,0.014325,0.020737,0.0070801,0.013306,549.03,0.01308,0.018342,0.013615,21.581,0.0059441,0.019775,NaN,0.012383,NaN,0.011452,0.056868,0.0046674,0.01147,106.9,-10.969,-0.3,0,-0.65792,-5958.9,0.0053107,0.048338,-0.010404,-0.6667,-0.2666,0.00073648,-0.0035839,0.08,-0.5233,0.0867,1.1367,0.089663,0.045979,-0.0022573,0.004574,0.0020166,0.0018773,-0.0010444,0.0010553,0.0026608,0.0023395,0.0014729,-0.0016855,0.04431,0.017508,-0.034734,0.0418,0.0052219,0.0070517,0.0067,0.0007,0.03,-0.01,-0.11855,-0.087633,-0.0023782,-0.0076239,-0.061081,0.077395,0.00029074,0.02299,0.01,0.0017778,0.0030236,-15.82,0.03944,2.8803e+05,0.014662,0.0029869,-8.11,0.016402,0.082977,0.083503,-0.102,0.084866
0.012448,0.012956,0.028011,0.011852,0.0072019,0.025384,0.018982,0.015107,0.015687,0.028803,0.6,0.0075044,-1.5,0.016748,0.013969,-0.0046603,0.013421,0.010024,0.014638,0.014779,0.0044829,0.0073668,0.0061333,0.00096643,0.0066389,0.01853,-0.0044388,0.0043511,-0.004547,-0.00023112,0.016878,0.02202,82.172,80.776,0.005636,0.0057382,-0.0062043,0.0070208,-0.00015052,-0.006688,-0.0054108,0.018765,0.0074387,0.00973,0.0095338,0.010413,0.0073573,0.0065618,-0.01548,0.0050636,0.0050903,0.0052843,0.0022767,0.0051823,0.0075854,0.0041509,0.0023514,0.0667,0.1333,0.1061,0.0083779,0.3667,0.2,0,-0.00012795,0.0010084,0.12095,0.017371,0.018837,0.029829,0.075265,-0.080726,-0.044182,0.0006002,-0.012329,0.0011171,41.367,-0.0334,-0.1,4826,0.036837,0.093401,0.039824,-0.01056,0.025976,0.056467,0.041569,0.0030323,0.00043247,-0.0088398,-0.0091579,-0.0071675,-0.0060231,0.0090727,0.0012988,0.00048759,0.0012671,0.0013055,0.0022203,0.0036992,-0.00017866,-5.3995e-05,0.0060025,0.00028411,0.010165,-0.0085241,-0.0084195,-0.0026155,0.0013299,0.011205,0.040808,-0.0025419,-0.0008767,-0.0019897,0.0085787,-0.00020905,-0.00058485,0.0093598,-0.0044302,0.0018279,0.00035178,0.00025571,-0.0042819,-0.00025857,0.0027321,-0.0045373,0.00023372,-0.089336,-0.076058,-0.039906,0.0043921,0.0055055,-0.0025585,0.014502,0.011957,0.011642,0.016803,0.013524,0.014172,0.0017733,0.0019975,0.0027585,0.0035322,0.0333,-0.1534,-0.2367,-0.3167,-0.3934,-0.22,-0.1467,-0.1266,1.9233,1.66,0.05,0.27,0.38,0.62,0.0073623,0.071849,-0.005446,0.011737,0.02514,0.02726,-0.01565,0.01933,0.0051422,0.0031418,0.012715,9.8,-0.017126,0.015842,0.0058186,-0.022488,531.46,-0.029069,0.020378,-0.032676,33.508,0.010336,0.022335,NaN,0.01583,NaN,-0.016206,0.031366,-0.00012096,0.045665,103.5,29.402,-0.3,-0.2,-1.265,-51726,0.0081089,0.031531,-0.005271,-0.4333,0,-0.011328,-0.012208,-0.47,-0.71,-0.4167,0.9567,-0.032097,-0.028621,0.0097538,0.010354,-0.0006414,0.0044658,0.0018271,-0.0013104,0.0012082,0.0019041,0.001459,-0.00025598,0.0038275,0.014934,0.0078416,-0.0315,-0.011103,0.0048016,0.0066,0.0009,-0.05,-0.09,0.087583,0.0021278,0.061409,0.011835,-0.017604,-0.015801,-6.963e-05,0.013544,0.0101,0.018478,0.013205,5.02,0.035861,2.9589e+05,0.021442,0.014448,3.32,0.0089426,-0.023454,-0.012225,0.0595,-0.013456
0.01603,0.014344,0.057342,0.005552,0.013537,0.030396,0.027367,0.043459,0.028746,0.02325,0.6,0.0058834,2.5,0.011934,0.0056522,0.036335,0.031885,0.0078851,0.019958,0.019819,0.017649,0.014295,0.010094,0.0048309,0.020026,0.044475,-0.0050073,0.055566,0.10706,-0.015483,0.02248,-0.039844,82.12,80.966,0.0060157,0.0063616,-0.0022102,0.0068714,0.0024192,0.00052076,-0.0067038,0.017522,0.0075422,0.0074642,0.012504,0.013545,0.0052769,0.0052584,-0.018898,0.004696,0.0041667,0.0046519,0.0028314,0.0040787,0.0019413,0.005006,0.0054978,0.1,-0.1,-0.091339,-0.0072303,-0.1334,-0.2333,0.0333,0.013474,-0.041151,-0.062286,-0.0074643,-0.0041422,-0.018361,-0.062948,0.069949,-0.056182,0.011511,0.0052976,0.012236,41.433,0.0334,0,4816,0.054282,0.030321,0.058569,0.1614,0.093401,0.039305,-0.0214,0.023774,0.029095,0.012587,0.012626,-0.018375,-0.041271,0.0096938,-0.00047295,-0.00037691,-0.001178,0.0015197,-0.0024478,-0.0014872,0.00020216,0.00014648,-0.0024336,0.00046751,-0.0029959,-0.0017204,0.0039973,0.0060202,0.0019297,-0.013843,-0.01784,0.0035434,3.5673e-05,0.0012022,-0.0070962,0.0019488,0.0032993,-0.0020031,0.0031486,-0.00043293,-0.0004161,0.0040792,-0.0016445,0.0049073,-8.8577e-06,-0.0016424,-0.00085701,0.0099448,-0.087721,-0.09883,0.0059737,0.0062061,0.0044917,0.001908,0.0014775,0.0023829,0.012362,0.0077223,0.0083073,-0.0017619,-0.0062929,-0.0020825,0.001343,-0.6733,-0.57,-0.58,-0.7033,-0.5333,-0.1,-0.1567,0.1233,2.58,2.1,0.04,0.14,0.42,0.84,0.017411,0.097295,0.0091606,0.021026,0.039275,0.032593,0.0073997,0.012423,0.018897,0.015152,0.013534,5.8,0.048558,0.020733,0.012848,0.053097,556.04,0.05743,0.020875,0.062025,27.555,0.0085758,0.014764,NaN,-0.052434,NaN,-0.076362,-0.15846,0.013218,0.018709,100.2,-6.4375,0.1,0.1,-0.17997,97327,0.019225,-0.057763,0.0089732,0.1333,0.1333,0.022915,0.028017,-0.7267,-0.6067,-0.47,1.4733,0.034635,0.021211,-0.019262,-0.0044806,-0.00076102,-0.0018844,-0.0044481,0.0012246,-0.00083402,-0.0010683,-0.00022987,0.0046203,0.0076316,-0.0097835,0.024855,0.0123,-0.0073978,0.0083295,-0.0133,0.0004,-0.35,0.23,0.099684,0.13406,0.010247,0.068208,-0.082299,0.032104,-0.00041982,0.054539,0.0106,0.017287,0.042194,44.25,0.036016,3.0511e+05,0.020314,0.012524,4.34,0.0053501,0.034786,0.049829,-0.0408,0.050391
0.0094202,0.009656,0.0020682,0.0081628,0.018347,0.027089,0.017359,0.029013,0.021914,0.0039196,0.9,0.0067758,-0.3,0.010418,0.010978,-0.0012816,0.025542,0.0089989,0.011601,0.011365,0.012088,0.011002,0.0074232,0.0099884,0.015498,0.025731,0.0090026,0.0095463,0.0055434,0.010093,0.0059244,0.032802,81.917,80.74,0.0059146,0.0061762,-0.0045117,0.0074455,-0.00055985,-0.0034052,-0.0063418,0.012956,0.0063845,0.0062427,0.015363,0.013832,0.0070902,0.005429,-0.027944,0.0063623,0.0045138,0.0074537,0.0048009,-0.005763,0.0060869,0.0061897,0.0048988,-0.0334,-0.1333,-0.069409,-0.075766,-0.2,-0.1334,-0.1333,-0.054355,0.022671,0.039326,-0.12903,-0.044996,-0.035793,0.052728,-0.049651,0.022508,-0.0032628,-0.010193,-0.001514,41.333,-0.1,0.0333,5148,-0.0075765,0.054121,-0.0031219,-0.14665,0.023086,0.04865,-0.015088,0.014951,0.018488,0.028526,0.023975,-0.010184,0.025301,0.017457,-6.8749e-06,7.0987e-05,0.00055979,0.00057196,0.0020643,0.00075935,-0.00097079,-0.00045224,0.0018083,-0.00051602,-0.0037267,0.0037774,0.0039935,-0.010152,-0.001618,-0.0053322,-0.0076409,0.011522,-0.00062639,0.00048091,0.001791,0.00051023,-0.0046908,0.0016399,-0.0022169,-0.0010326,-0.0011692,-0.00026783,-0.00031795,-0.00027853,0.0017153,0.00049273,0.0002292,-0.13669,-0.050182,0.012633,0.0055702,0.0016177,0.0036262,0.016932,0.014119,0.016277,0.022282,0.013119,0.014628,0.005094,-0.0018967,0.0044572,-0.0016032,-0.1267,0.1534,0.1233,0.2733,0.3133,0.11,0.0867,0.1533,2.42,1.89,0.01,0.26,0.58,0.42,0.019606,0.045995,0.0010516,0.013992,0.02579,-0.0013035,-0.0027564,0.019494,0.013549,0.014507,0.017466,13.5,0.0080238,0.010685,0.0016865,0.0075958,555.26,0.0058477,0.014908,0.0057338,27.504,0.0072247,0.015414,NaN,0.0062223,NaN,0.046864,-0.025368,-0.025694,-0.02056,105.9,-15.735,-0.2,0.1,-0.39362,29952,0.012494,0.029694,0.04183,-0.6667,-0.2333,0.015203,0.012201,0.4933,-0.3267,0.15,1.6867,-0.01282,-0.034718,-0.0011357,-0.0028474,-0.00060771,-0.00023629,-0.0023907,-0.0014718,-0.00082459,0.00083547,-0.00085097,-0.003537,-0.014266,-0.010762,-0.033205,0.0792,-0.012974,0.0067489,-0.0133,0.0012,-0.27,0.09,-0.03279,-0.059348,0.039118,-0.021421,0.03108,0.24369,-0.001978,0.029291,0.01,0.0042753,0.0093403,-89.4,0.028688,2.8833e+05,0.01026,0.00088348,-49.18,0.085232,0.11493,0.123,-0.147,0.12738
0.0076622,0.014475,0.046623,0.0094158,0.0093924,0.00062396,0.023497,0.034873,0.026197,0.015521,0.4,0.0037549,-0.4,0.0092078,0.0064112,0.0094593,0.027845,0.0022501,0.0081519,0.0084533,0.0093891,0.0095556,0.003603,0.0017654,0.016613,0.028886,0.0061542,0.016766,0.018513,-0.0043426,0.013302,0.015912,81.705,80.505,0.0063534,0.0064852,-0.0041858,0.0075533,0.0012422,-0.0018147,-0.0081253,0.018332,0.0055168,0.0043985,0.018287,0.013161,0.0078516,0.0049399,-0.025388,0.0067118,0.0056467,0.0074521,0.0043206,0.002165,0.0041322,0.0069603,0.0020389,-0.0333,-0.0333,-0.03441,-0.0011578,-0.6333,0.0667,-0.0667,0.040753,-0.077166,0.042468,-0.00044869,-0.0090972,-0.010064,0.077738,-0.12164,-0.017126,0.0060594,-0.0038668,0.0056925,41.333,-0.0334,0.0333,4986,-0.082272,-0.22192,-0.034798,0.091881,-0.057647,-0.19647,-0.019617,0.012514,0.020675,-0.012635,0.0046826,-0.011818,-0.001291,0.0052262,0.0028346,-1.9306e-05,0.0011057,-0.00059622,-0.0011344,0.0081848,0.003449,-0.00019149,0.010989,-0.00060888,0.0023804,-0.0027956,0.0037635,0.018377,-0.0014316,0.018796,0.14118,-0.016071,-0.0003016,-0.0014755,0.0059754,0.00099084,0.0021915,-0.0036421,-0.0028017,0.0038105,0.00035956,0.0025105,0.022423,0.00406,-0.01185,0.026345,0.016454,0.17153,0.43044,0.29956,0.0062555,0.0094175,0.0084412,0.0014296,-0.0036235,-0.0038954,0.013262,0.0024501,0.002399,0.0012638,-0.0042703,0.0014699,0.0050031,0.0134,0.0466,0.17,0.2167,0.5567,0.32,0.5133,0.3367,2.2,1.66,0.13,0.43,1.09,0.44,0.014628,0.037957,-0.0033088,0.0069849,0.016387,0.0042935,-0.0033663,0.023206,0.010891,0.0041148,0.015497,14.5,0.022424,0.021032,0.018782,0.022648,566.71,0.023966,0.017549,0.025076,24.91,0.010071,0.022557,NaN,0.022997,-0.060396,0.059738,0.036707,-0.016362,-0.025935,106.2,-13.132,0,0.4,-0.80828,-57454,0.01097,0.014039,0.019728,0.1334,0.0666,-0.050258,-0.050177,0.56,-0.2933,0.6967,2.1867,0.085502,0.10109,0.017991,0.024935,0.0007434,0.0081388,0.0028748,0.00068031,0.0052117,0.0041747,0.0037127,0.0072751,-0.014964,0.01515,-0.00034681,-0.0214,-0.028727,0.01155,-0.01,0.002,0.07,0.14,-0.017805,0.011765,-0.076143,-0.0048232,0.14512,0.062884,-3.4601e-05,0.027455,0.0101,0,0.014434,-5.79,0.03255,2.9211e+05,0.015058,0.005911,-7.57,0.019555,0.054703,0.051356,-0.0751,0.054933
0.013012,0.011224,0.023604,0.010932,0.004585,0.027069,0.023023,0.033226,0.02823,0.0075663,0.4,0.012057,6.5,0.012018,0.0099851,0.028708,0.036221,0.0067994,0.015715,0.015206,0.0043125,0.0088701,0.0012702,-0.0015331,0.016617,0.027638,0.0011448,0.012568,0.015041,-0.0072282,0.011656,0.019681,81.513,80.095,0.0057938,0.0057112,-0.0018489,0.0067581,0.0016629,-9.236e-05,-0.0047833,0.011548,0.0041734,0.003522,0.019119,0.012182,0.0054021,0.004981,-0.0050434,0.0055956,0.0062369,0.0055345,0.005838,-0.0022854,0.0061665,0.0081027,0.0026688,-0.0667,-0.0334,0.016017,-0.020714,0.0333,0.0333,-0.0333,-0.0016653,0.0058976,-0.048622,-0.037033,-0.015264,-0.0098309,-0.028077,0.079228,-0.032936,0.0058783,0.0041791,0.0061917,41.433,0.0334,0.0334,4925,0.047347,0.18212,-0.0077189,-0.024144,0.08426,0.077537,0.040512,0.01145,0.021201,0.024913,0.012888,-0.0016156,0.058513,0.0099267,-0.0001733,0.00022353,-0.00065943,-0.0019032,0.0013284,-0.0022279,0.00037433,0.00099288,-0.0037126,0.00092216,0.0073654,0.00047111,-0.0059956,-0.01149,0.0010303,-0.010086,-0.035455,0.002081,0.0010827,0.00090569,-0.0049198,-0.0014824,0.0002868,0.0046002,0.0012937,-5.5828e-05,0.00054099,0.0037139,0.0034525,0.0049625,0.012108,0.0014364,0.0047528,0.19769,0.23908,0.20417,0.0061881,0.0050924,0.007128,0.0027867,0.0014375,0.0013938,0.00013322,0.0095241,0.0093219,-0.00043246,0.010144,-0.00059228,0.0076651,0.3466,0.1967,0.1934,0.28,0.3433,0.6,0.3934,0.36,2.2167,1.92,0.13,0.51,1.23,0.6,0.010347,0.011993,-0.0105,0.0074029,0.010777,0.018583,-0.0074387,0.018625,0.019439,0.020401,0.019339,7.5,-0.0028219,0.021051,0.014252,-0.0067124,559.1,-0.011512,0.024233,-0.013808,24.813,0.010579,0.023299,NaN,-0.0094164,-0.0074074,0.0088767,-0.065739,-0.0028052,0.0091238,105.9,3.8499,0.2,0.4,-0.78371,-16150,0.0078856,0.019974,0.018251,-0.4,0.1,-0.012814,-0.016195,0.33,-0.4433,0.68,2.2333,0.015172,0.049993,-0.0098967,-0.0026737,0.00098922,-0.0010089,0.0052916,0.00049201,-0.00066691,0.00015053,0.00015258,-0.0028666,0.0042576,0.0094899,0.0076817,-0.0118,-0.02901,0.010469,-0.01,0.0009,0.36,0.15,-0.038662,-0.0088106,0.020488,-0.045331,0.054381,0.078176,-3.5232e-05,0.028672,0.0106,0.02361,0.020018,49.73,0.032258,3.0874e+05,0.03025,0.029185,29.6,-0.023127,0.009299,0.025412,-0.0043,-0.00513
0.016853,0.014546,0.01184,0.013126,0.020174,0.026444,0.0051784,-0.0065471,0.0044287,0.0073492,0.9,0.015488,8.4,0.020174,0.012871,0.024379,0.023835,0.014908,0.019315,0.019476,0.015814,0.017547,0.016121,0.02166,0.019409,0.026185,0.017788,0.024811,0.022749,0.02051,0.01056,-0.030115,82.062,80.74,0.0068647,0.0070041,-0.00080995,0.007758,0.0030189,-0.00015396,-0.0019094,0.013365,0.005796,-0.00012864,0.01857,0.015103,0.0093483,0.0054766,-0.0011241,0.006245,0.0061169,0.0061395,0.0049278,0,0.0084436,0.006574,0.0052593,0.0334,-0.1666,-0.14887,-0.01632,-0.1333,-0.1666,-0.2,-0.007722,-0.038589,-0.074108,-0.028823,-0.049642,-0.00050247,0.019361,-0.019761,-0.025952,0.0052304,-0.0073825,0.0041643,41.4,0.0333,0.0333,5054,0.0024203,-0.11158,0.020186,0.10213,-0.12006,0.0031411,-0.041373,0.015039,0.022396,0.013107,0.015819,0.010058,-0.0030318,0.018761,0.00060898,0.0010539,0.0014055,0.0044931,0.0017562,-0.0015127,-0.0013437,0.0018145,-0.0016796,0.0018269,-0.0057051,-0.0021747,0.0042231,0.0048633,0.0018441,0.0054403,-0.022615,-0.0034672,0.00042714,0.00083328,0.003491,0.0019101,-0.00087282,0.0071532,0.0026006,-5.441e-05,0.00034627,-0.00034242,-0.010459,-0.001913,-0.0019894,-0.01146,-0.0039256,0.010031,0.11409,0.11779,0.0035832,0.0045542,0.00098444,0.012674,0.01218,0.010525,0.023188,0.015159,0.014237,0.0039875,-0.0028042,0.0047284,0.0047841,0.2134,0.3933,0.43,0.4467,0.2567,0.03,0.16,0.14,2.1,1.69,0.16,0.56,1.1,0.86,0.049262,0.05496,0.0051122,0.0062027,0.012398,0.021625,0.0037971,0.013712,0.039115,0.0051337,0.010273,7.8,0.055387,0.021012,0.0061048,0.060955,585.45,0.066837,0.019534,0.0722,23.42,0.005782,0.021638,NaN,-0.018549,-0.010541,0.0098363,-0.08044,0.017574,-0.0094634,105.3,3.1342,0,0.2,-0.07333,1.1225e+05,0.020743,-0.047388,0.0040231,-0.2334,0.0667,0.037925,0.042386,0.29,-0.2633,0.7567,2.18,-0.033246,-0.033694,0.0040575,-0.0027684,-0.00048209,-0.0014389,-0.0031771,0.001007,-6.0094e-05,0.00035267,-5.4489e-05,-0.0030026,-0.012687,-0.016319,-0.0024996,0.0531,-0.031931,0.017651,-0.0067,-0.0004,0.65,0.6,0.014418,0.062878,0.016093,-0.0076175,0.025029,0.1806,-3.4303e-05,0.025025,0.0109,0.020619,0.043239,49.05,0.031941,3.1798e+05,0.020228,0.013946,6.73,0.0024413,0.022843,0.034129,-0.0192,-0.015114
0.0036111,0.015246,0.054248,0.015467,-0.0087902,-0.0070575,0.028208,0.044133,0.036,0.0050201,0.2,-0.0071026,-12.5,0.032192,0.0071617,0.014296,0.038423,0.018964,0.0039311,0.0050784,0.0059768,0.010054,0.0059057,-0.002256,0.013144,0.027901,-0.0049794,0.012731,0.010743,-0.0082166,0.030402,-0.0067,82.031,80.626,0.0058837,0.0057417,0.00071356,0.0063234,0.003984,0.0027675,-0.0027415,0.012745,0.0041982,-0.00051471,0.015808,0.011836,0.005238,0.0051234,0,0.0053001,0.0066453,0.0058696,0.003687,0.017192,0.0022396,0.0059948,0.017309,0.2333,-0.0334,-0.003726,-0.029423,-0.4333,-0.0334,0.1,0.023621,0.038589,-0.053645,-0.044103,0.028575,0.0083417,-0.018087,-0.12109,-0.0057092,0.0056228,0.00028657,0.0053438,41.467,0,-0.0333,5420,0.0026154,0.1688,0.013103,-0.11294,0.097586,0.038669,0.00086161,0.0043644,0.023092,-0.0056303,0.012249,0.012841,-0.013929,0.0028925,0.0024291,0.00097121,0.0017201,0.0028546,-0.00097416,0.0043303,0.0012945,0.0013182,0.0061997,0.0018731,-0.0054496,0.00982,0.0037303,0.003368,3.7509e-05,-0.0078651,0.059985,0.0017215,0.0024632,0.0017449,0.001438,0.0011423,0.0019029,0.0055998,-0.002347,0.0024975,0.00089736,0.0018702,0.0048286,0.0023206,0.0012169,0.005247,0.0056571,-0.028329,0.1946,0.15388,0.0042361,0.0052439,0.0035243,0.028062,0.024812,0.024125,0.005696,-0.0014148,-0.00053508,0.034598,0.032296,0.036158,-0.052025,0.37,0.4767,0.4833,0.58,0.34,0.43,0.2266,0.09,1.85,1.78,0.17,0.67,0.96,0.39,-0.010407,0.055815,-0.0091801,0.0056795,0.010828,0.016748,0.02242,0.012464,0.038603,0.0085051,0.010883,3.8,0.022763,0.013134,-0.0058307,0.024283,588.57,0.021699,0.026167,0.022426,25.814,0.013433,0.024574,NaN,0.021344,-0.050579,0.0548,0.024581,-0.014519,-0.012919,110.1,5.2554,0.1,0.7,-0.63059,-65629,0.011009,-0.0044437,-0.012118,-0.2333,0.0667,0.032117,0.032722,0.5234,-0.1567,0.91,2.0367,0.0025552,0.002182,-0.0061124,0.0051071,0.00135,0.0040171,-0.0023939,0.0016756,0.0030675,0.0015662,0.0023681,0.0028281,0.044332,-0.0055438,-0.0048163,0.0557,0.0073193,0.016356,-0.0033,-0.0014,0.01,0.24,0.1029,0.023724,-0.035662,0.054559,0.070489,0.30332,0.0035359,0.029042,0.0118,-0.001634,-0.00033197,60.93,0.029299,3.4381e+05,0.013773,0.0052685,32.64,-0.048803,0.032709,0.052342,-0.0266,-0.030197
0.018146,0.0096121,-0.018671,0.012139,0.019666,0.057515,0.021872,0.036238,0.030752,-0.0050992,0.9,0.0097284,12.9,0.0011697,-0.0013754,0.028021,0.030572,0.010998,0.021906,0.021821,0.0083858,0.01203,0.013375,0.009639,0.011798,0.022304,-0.0017785,0.0056122,0.0075505,0.01139,0.028935,0.030604,82.186,80.599,0.0059048,0.0042067,3.8558e-05,0.0070633,0.00087868,0.0024536,-0.0040484,0.0024117,0.0046417,-0.00064376,0.014182,0.0087207,0.0087633,0.00096984,0.0078431,0.0028815,0.01496,0.004723,-0.0012745,0.080807,0.0023741,0.0047904,0.0023931,-0.1333,-0.1,-0.070621,-0.030321,-0.7,-0.1333,-0.0334,-0.034925,0.012236,-0.017691,-0.065742,-0.067529,-0.00066477,-0.024491,0.044067,0.0074674,0.00088644,0.0030284,0.001845,41.367,-0.0667,-0.1,5155,-0.04458,-0.10398,-0.073228,-0.011929,-0.090775,-0.06684,-0.01126,0.0086838,0.00074305,0.040878,0.0070145,0.014153,0.067103,0.014384,-0.0038448,-0.0022967,-0.0009964,-0.0022596,0.0021591,-0.0031322,0.0025506,-0.0042401,-0.0065085,-0.005255,0.008285,-0.0055278,0.0076022,-0.012085,0.0012325,-9.8742e-05,-0.081868,0.0064123,-0.00097075,-0.0032103,0.0025579,-0.0037837,-0.0017042,-0.026897,-0.0032919,-0.0020389,-0.00022704,-0.0042451,0.0051438,-0.0050284,0.0070304,0.0025216,-0.0072363,0.2768,-0.018085,-0.0039848,0.0071604,0.0078188,0.0043372,-0.019398,-0.0052916,-0.0041641,0.0053492,0.020059,0.020934,-0.0174,-0.017055,-0.017654,0.042205,0.5966,0.1933,0.27,0.03,-0.3033,0.06,0.0534,0.2633,2.4167,2.14,0.25,0.5,0.46,0.72,-0.013163,0.02915,-0.012356,0.008826,0.0096525,0.030263,0.02136,0.022394,0.040671,0.019252,0.021142,-3.7,-0.00646,0.018162,0.0071639,-0.010382,576.12,-0.018093,0.029794,-0.021205,26.814,0.013012,0.035613,0.030958,0.029152,-0.055306,0.027837,-0.0028668,-0.046692,0.018405,108.8,7.5531,0.2,0.1,-2.2323,-1.4535e+05,0.011811,0.046964,-0.0012964,-0.3667,-0.1334,-0.058376,-0.063586,-0.17,-0.56,0.1433,1.4933,0.018857,-0.09156,-0.0008066,-0.0055919,0.00015194,-0.003921,0.0061087,-0.000942,-0.0026278,-0.0017067,-0.0020924,-0.0016323,-0.032748,0.010155,0.0073019,-0.0234,-0.01416,0.016924,0.01,0.0011,0.53,0.16,-0.1029,-0.12162,-0.048491,-0.062235,-0.090812,-0.16691,-0.0024439,0.0327,0.0122,0.0032653,0.0015754,12.17,0.032429,3.5794e+05,0.015239,0.0055803,8.37,-0.0078298,0.019802,0.0052309,-0.0194,-0.050031
0.0013347,0.0097717,0.016867,0.0094185,0.0066277,-0.0098609,0.0043546,0.003384,0.010817,-0.015684,0.6,-0.0043396,-7.5,0.0036069,0.0038283,0.024125,0.0343,0.011545,-0.00015005,0.00023717,-0.0037839,-0.00097307,0.00041105,-0.0036993,-0.0011368,0.0098969,-0.023079,-0.019963,-0.040417,0.0027514,0.010498,0.0072462,81.303,79.57,0.0019018,0.0034478,-0.00065566,0.0022298,0.00047282,0.002142,-0.0054234,0.0027001,0.0068897,0.00193,0.0045914,0.0072361,0.0066483,0.0025172,0.0077822,0.00085265,-0.0063381,0.001971,-0.0047968,-0.068221,0.002925,0.0041855,-0.001837,-0.2667,0.0667,0.038716,0.043482,0.9,0.1,0.0334,-0.0044526,-0.008385,0.0066073,0.093899,0.059578,-0.044883,0.036306,0.036285,-0.011013,0.00073334,-0.0041122,0.00060151,41.2,-0.0666,-0.1334,4930,-0.053729,-0.14885,-0.010239,-0.080126,0,-0.08058,-0.0034906,0.00011502,0.0088276,-0.047618,-0.010211,0.035773,-0.0047071,0.0087365,0.0016895,0.0013398,0.00024724,0.00046893,-0.00043386,-0.0019684,-0.0040255,0.0037877,-0.00084078,0.0048848,-0.0073892,0.00020937,-0.0065108,0.0044938,0.0025533,0.0043292,-0.0028861,-0.0065194,0.0029026,0.0065376,-0.0015905,0.0066336,0.0018452,0.014286,0.0014848,0.0012896,0.00032742,0.00043335,-0.0053014,-0.00031657,-0.016302,0.00043023,-0.00033973,0.1968,0.11741,0.08956,0.004765,0.0048325,0.0031731,0.01088,0.01005,0.010157,0.00032891,-0.00075958,-0.00049805,0.019883,0.01977,0.020024,-0.018999,0.2467,0.3034,0.0567,-0.0867,-0.2834,-0.29,-0.16,-0.2733,2.4267,2.14,0,0.11,-0.12,0.48,-0.0051238,0.066466,-0.015021,0.0025691,0.0089907,0.015315,0.019048,0.036013,0.026449,0.030801,0.033941,1.9,0.014042,0.020787,0.0092416,0.012948,576.93,0.0077693,0.032889,0.0075613,22.565,0.013495,0.024566,0.020394,0.017976,-0.032212,0.019444,0.0095038,-0.037743,0.0012151,107.5,-15.28,0.2,0.5,-0.50184,-59789,-0.0010372,0.009938,0.0014686,0.4,-0.1333,0.01164,0.011114,-0.36,-0.5033,-0.4633,1.0867,-0.019875,0.077191,0.0027998,-0.0055792,0.001036,-0.00094147,-0.0039867,0.0028232,0.00089353,0.0013398,0.0013314,0.0003613,0.03387,0.025984,-0.0030366,-0.0576,0.072029,0.013162,0.0166,0.0026,0.06,-0.02,-0.012346,-0.058717,0.0048123,0.003419,-0.07793,0.048437,0.00062174,0.031665,0.0122,0.05471,0.057233,32.57,0.020785,3.5378e+05,0.034682,0.042511,6.34,0.032485,0.019322,0.0010481,-0.0399,-0.038204
0.0062096,0.0085641,0.0069706,0.0085063,0.0096065,0.0019139,0.0030383,-0.001969,0.0037524,0.00098453,0.5,0.0060007,0.9,0.0040532,0.0079891,-0.0085108,-0.00019566,0.003568,0.006792,0.0065808,-0.0069057,-0.0021084,0.0006847,-0.0008148,-0.0031068,-0.00652,-0.014138,-0.028984,-0.040071,0.0096204,0.0021078,0.034255,80.356,78.201,0.0020289,0.002801,-0.0046211,0.0031301,-0.0027861,-0.0030614,-0.0072949,0.0012739,0.0077514,0.0056827,0.01383,0.0050521,0.00086635,0.0039245,0.0038684,0.0019698,-0.0021163,0.0029839,-0.0044439,-0.040189,0.0032631,0.0039916,0.0047147,0,-0.1,-0.065571,-0.046256,-0.4667,0.0667,-0.3334,-0.017611,-0.02296,0.071354,-0.097651,-0.0065643,-0.0055798,-0.030234,-0.02709,0.032581,-0.0055754,-0.016535,-0.0040169,40.867,-0.1,-0.2666,4840,0.02647,0.035177,0.014897,-0.055694,0.10717,0.040622,0.032677,-0.0026662,0.0068421,-0.028843,0.0058329,0.0074321,-0.032085,0.010567,-0.00065869,0.00027604,-0.00079845,-0.0025491,-0.00089393,-0.001561,0.003728,-0.00013392,-0.0046338,-0.00071559,0.0070521,-0.0028442,-0.0010357,0.015128,-0.0054464,0.0017311,-0.01616,-0.0031529,0.00051636,-0.0042437,0.0016367,-0.0069497,-0.0020847,0.0010555,0.003471,-0.0019937,-0.00058982,0.0047147,7.7054e-05,0.0068227,0.013824,-0.0053833,0.00017888,0.25913,-0.0020583,0.0065503,0.0065145,0.0059794,0.0046813,-0.0034062,-0.0012817,0,0.0096332,0.010815,0.012157,-0.0053567,-0.0062269,-0.0052839,0.018899,-0.0467,0,-0.09,-0.23,-0.3266,-0.39,-0.2034,-0.1067,2.6467,2.07,-0.09,-0.12,-0.45,0.44,0.001616,0.046046,-0.014346,0.0076204,0.013205,0.0046528,0.018086,0.025731,0.0074821,0.025117,0.025487,1.8,-0.012284,0.014718,0.01115,-0.016751,565.33,-0.02639,0.028437,-0.030102,29.323,0.010511,0.026365,0.020354,0.031256,-0.040053,0.021712,0.020013,-0.020732,0.028858,103.9,34.609,-0.2,-0.2,-0.74244,-54862,-0.0060119,0.057968,-0.01163,-0.3,-0.2667,0.0013929,0.011366,-0.5067,-0.4567,-0.9233,0.93,0.052382,-0.04505,0.004382,-0.0045789,-0.0020173,-0.0031392,0.0018605,-0.0014665,-0.0017934,-0.0026662,-0.0022431,0.0016506,-0.052609,0.016279,-0.022516,0.0051,0.077637,0.011438,0.01,0.0025,-0.04,-0.02,-0.0083158,-0.041903,0.010981,0.073193,-0.10551,-0.26207,0.00093873,0.023108,0.0129,0.022884,0.067872,137.32,0.026487,3.7441e+05,0.024928,0.024059,35.4,-0.030209,-0.076842,-0.10407,0.0773,-0.11792
-0.0028559,0.003995,0.016423,0.0049103,-0.0059166,-0.046431,-0.0058201,-0.0077668,-0.0089973,0.0042133,-0.3,0.015236,8.8,0.00046759,0.012155,-0.01491,-0.016114,0.0090208,-0.0048681,-0.0051714,-0.014866,-0.013279,-0.00711,-0.0087639,-0.018991,-0.023054,-0.021982,-0.029801,-0.030476,-0.0012763,-0.012175,9.7692e-05,78.556,76.185,0.0015579,0.00071839,-0.010324,0.0032065,-0.0057045,-0.010944,-0.0092605,0.0050794,0.010392,0.005354,0.0069335,-0.0014437,0.0049044,0.0018604,0.003304,-0.0019952,0.0060644,0.00093554,-0.0095166,0.0050977,0.0047713,0.0067344,0.0027848,0.2667,0.3333,0.26232,0.049319,0.7667,0.3333,0.3,0.088658,0.079192,0.080623,0.1136,0.14287,0.014926,0.064863,-0.07358,0.0019195,-0.00051711,-0.01562,-0.00051763,40.533,-0.0667,-0.2334,5023,0.038747,0.10727,0.057463,0.12273,-0.15111,0.060935,0.0059046,-0.0063632,0.0063868,-0.050455,-0.021611,-0.014964,-0.079302,-0.0098503,0.001255,0.00096284,0.0010963,-0.0012287,0.0010841,-0.0011642,-0.0020844,0.002542,-0.00055811,0.0025,-0.00096494,0.00012594,-0.0062186,-0.0019297,0.0053756,0.002,-0.03857,0.0051385,0.0060442,0.0026989,-0.012652,0.00094876,0.0016437,0.00063644,0.0042918,0.0024168,0.0012303,-0.0013239,0.0032242,-0.00093028,0.0061256,0.0034165,-0.0033665,0.28831,-0.17221,-0.11016,0.0033384,0.0022951,-0.0032299,-0.0012347,0.012935,0.013316,0.00075025,-0.0043511,-0.0046604,0.027559,0.0075966,0.026871,-0.034265,-0.88,-1.2,-1.28,-1.3033,-0.5167,-0.63,-0.3266,-0.3333,2.83,1.96,-0.17,-0.22,0.23,0.35,0.0033184,0.11791,-0.0013291,0.016509,0.037626,0.0055286,0.0093571,0.017963,0.0075881,0.024752,0.020662,-5.6,-0.015423,0.00043247,-0.0085883,-0.018112,550.19,-0.029852,0.024028,-0.033703,29.585,0.018606,0.029836,0.025125,-0.0039773,0.059656,-0.048524,0.072391,0.0081251,0.0013755,92.3,4.4542,-0.2,-0.3,0.88955,92069,-0.015518,-0.0035948,0.0068574,0.2334,-0.3333,0.027916,0.028245,-0.7533,-0.7767,-0.7967,1.4833,0.0018835,-0.0023436,0.0020605,-0.0038802,0.003645,-0.00067395,0.0015945,0.0050587,0.0024019,0.0029158,0.0026897,-0.005023,-0.04892,-0.041508,0.023513,-0.0382,0.11283,-0.0020225,0.01,0.0006,-1.29,-0.42,0.036889,0.11478,0.038654,0.054777,-0.11526,-0.25061,0.00058628,0.0059047,0.0116,-0.0015094,-0.01392,-171.49,0.012683,3.3965e+05,0.01184,0.011369,-63.04,0.11014,-0.068629,-0.08632,0.0698,-0.079576
0.0058285,0.0023615,-0.00082336,0.0021699,0.0047233,0.001426,-0.011781,-0.042453,-0.020913,0.01532,-0.1,0.017265,6,-0.012666,0.018702,-0.033511,-0.031056,-0.0017479,0.0071384,0.006039,-0.014426,-0.012699,-0.0091204,0.0011485,-0.014432,-0.01276,-0.023627,0.019647,0.048958,-0.0054654,-0.043193,-0.030046,76.886,74.488,-0.0026751,-0.0045875,-0.021614,4.3095e-05,-0.014792,-0.02492,-0.015969,0.00029226,0.010201,0.0039756,-0.013824,-0.013068,0.0058206,0.0066433,0.0043884,-0.0068418,0.0075014,-0.0066436,-0.0088942,0.0039872,0.0094065,0.0075348,-0.004631,-0.4,0.1667,0.18883,-0.0079866,0.0666,0.2333,0.1667,0.036136,0.047479,0.078636,-0.019362,0.087097,-0.02671,-0.035468,0.13353,0.059936,-0.011086,-0.025382,-0.010904,40.367,-0.1,-0.1,4544,0.015456,-0.066396,-0.011433,0.0080728,0.039403,0.0049515,0.032274,-0.013322,0.010315,-0.029297,-0.0075474,-0.017807,-0.076928,-0.0014345,-0.002086,-0.0019708,0.00027319,0.0023694,-0.00014643,0.0016883,-0.0026222,-0.0041813,0.0041303,-0.0038782,-0.0045963,-0.0020725,0.0029106,-0.0086627,-0.0028786,-0.016064,0.064561,0.00075459,-0.0089367,-0.0017914,-0.0013012,0.0017271,7.9265e-05,-0.0037894,-0.0033653,-0.0025335,-0.0011296,-0.0078321,-0.027537,-0.011316,-0.0027982,-0.031413,-0.010663,-0.41568,-0.0037976,-0.036499,0.0056891,-0.0022941,0.0064839,0.00015039,-0.0034636,-0.0028242,0.010963,0.018047,0.017132,-0.012624,-0.0034676,-0.014184,0.0364,-1.2666,-1.1567,-1.0067,-0.8167,0.22,0.12,0.1466,0.1567,2.7667,1.86,-0.02,0.12,1.61,0.38,0.0091404,0.11148,0.0094241,0.017979,0.043292,-0.014507,0.0075513,0.016884,0.018762,0.016023,0.016541,0,0.023012,0.022066,0.023814,0.023174,564.08,0.02382,0.020857,0.025564,25.895,0.01287,0.016352,0.015865,0.034157,-0.054031,0.051098,0.037328,-0.025772,0.0086677,91,-9.6227,-0.6,-0.9,-1.0927,-92697,-0.013292,-0.049679,0.0067118,-0.3667,-0.1333,-0.0068674,-0.015932,0.0366,-0.6667,0.5067,2.8967,-0.23064,-0.024557,-0.016835,0.010487,-0.0017656,0.0037407,-0.0069188,-0.0067678,-0.002711,-0.0034116,-0.0024097,0.0033784,0.11478,0.00016121,-0.0055224,-0.1072,0.07875,-0.010089,0.0067,0.0021,-1.13,-0.29,-0.073025,0.020865,0.013612,-0.056364,0.018046,-0.12458,0.00187,0.0033585,0.011,-0.0037836,-0.00014983,-71.22,0.015603,3.2611e+05,0.0096347,0.0062802,-29.61,0.056263,-0.0341,-0.042451,0.0184,-0.0075587
-0.004159,0.0034213,0.011416,0.0013821,0.0045974,-0.021876,-0.0071921,-0.026347,-0.011889,0.0061901,-0.3,-0.00098852,2.4,-0.098272,-0.0046307,-0.049957,-0.020154,0.022812,-0.006814,-0.0070241,-0.016734,-0.013883,-0.014093,-0.0056704,-0.0151,-0.022653,-0.0048045,-0.005846,-0.0013325,-0.0055778,-0.039827,0.0035725,75.241,72.862,-0.0030054,-0.0050388,-0.025268,0.00032315,-0.018092,-0.028104,-0.020465,-0.0023404,0.010643,0.0015184,-0.017345,-0.011089,0.0022085,0.0084319,-0.0010953,-0.0050979,0.0076812,-0.0035708,-0.0068281,0.0048118,0.012023,0.0066887,-0.0026929,-0.0667,0.4333,0.33109,0.07633,1.2334,0.3334,0.4,-0.0042538,0.10397,0.2162,0.15037,0.09164,0.10584,0.059488,0.010007,0.059864,-0.011152,-0.020385,-0.010857,40.4,-0.1,0,4222,-0.018785,-0.017311,-0.036779,-0.041032,0.04879,-0.011289,-0.039872,-0.004047,-0.0067917,-0.043856,-0.0059685,-0.02475,-0.081155,-0.0067881,-0.004084,-0.0011018,-0.0035124,1.5148e-05,-0.0029176,-0.0066833,0.00048666,-0.0026667,-0.010917,-0.0026608,-0.0014104,0.0025894,0.0015466,0.0010311,0.0018442,0.0044972,-0.11156,0.0017452,-0.0018321,-0.0015044,-0.0025261,-0.0047489,-0.00035633,-0.01822,0.0057972,-0.0041681,0.00067623,-0.012487,-0.010074,-0.015921,-0.012053,-0.011096,-0.0079884,-0.54789,-0.050928,-0.04985,0.0039769,0.0030827,0.0086172,-0.0015156,-0.0013033,-0.00087551,0.0036602,0.0040443,0.004123,-0.0023075,-0.0024914,-0.0026461,0.0081692,-0.83,-0.49,-0.5167,-0.4767,-0.29,-0.16,-0.1166,-0.0867,2.97,1.99,-0.05,0.13,1.81,0.13,0.032212,0.053148,0.03607,0.019365,0.034696,-0.023345,-0.0004833,0.021453,0.0058018,-0.0060573,0.010589,0,-0.018438,0.030046,0.0072345,-0.026969,536.68,-0.034638,0.023565,-0.038969,32.346,0.012674,0.014186,0.0136,-0.0093048,0.020171,-0.034877,-0.0093216,0.012239,0.0033039,88.6,21.663,-0.5,-0.4,0.7689,96786,-0.014872,0.0010326,0.010572,0.7333,-0.0667,0.16521,0.15357,-0.35,-0.3267,0.9867,3.61,-0.0045233,-0.026979,0.0050773,-0.023991,-0.0013433,-0.010144,-0.00029746,-0.0005518,-0.005082,-0.0066753,-0.0048702,0.0013944,-0.036364,0.0057006,0.018562,-0.1068,0.035176,-0.015325,-0.01,0.0031,-0.74,-0.2,0.017168,-0.029942,-0.046112,-0.046331,-0.17528,-0.10293,-0.00011857,0,0.0103,0.0068002,0.00030941,-77.8,0.015399,3.1008e+05,0.012163,0.010332,-31.17,0.06581,-0.076183,-0.079379,0.1006,0.0076816
0.00272,0.014842,0.079978,0.0034199,0.0083998,-0.050796,-0.023077,-0.0040779,-0.029153,-0.0064505,-0.8,0.016378,4.9,0.049582,0.018727,-0.032163,-0.014124,-0.012718,0.00106,0.0027036,-0.010304,-0.010525,-0.0089094,0.0039081,-0.011768,-0.019813,-0.0061973,0.0017848,0.010324,0.0046612,-0.038505,-0.017915,73.96,71.778,-0.0060736,-0.0081838,-0.025417,-0.0031992,-0.019329,-0.029354,-0.018812,-0.0054824,0.0091401,0.0030299,-0.017463,-0.016806,-0.0082237,0.0066069,-0.013793,-0.0085071,0.0048746,-0.0043229,-0.007534,-0.0072263,0.0082039,0.006129,-0.0036173,0,0.6667,0.54371,0.17412,1.2333,0.7,0.6667,0.089751,0.16042,0.18254,0.27828,0.23597,0.066943,0.042972,0.058698,0.16305,-0.010624,-0.035033,-0.01165,40.133,-0.1,-0.2666,3634,-0.01872,-0.0081823,0.024601,0.06976,-0.010882,-0.031368,-0.07476,0.015225,0.033316,-0.01319,-0.011425,-0.019673,-0.065469,-0.01783,3.7205e-05,0.0023712,0.00028922,-0.0012706,-0.0013966,-0.0057184,0.0016925,0.0032358,-0.010229,0.0039212,0.0060315,-0.0027689,0.00064834,-0.0036562,-0.003968,-0.00033836,-0.069995,-0.0062042,-0.00085536,1.1614e-05,0.0034244,0.0021073,-0.002827,0.038306,-0.0033625,-0.0035695,-0.00022262,-0.0063281,-0.0089277,-0.0059188,-0.0047095,-0.0037817,-0.005413,-0.19358,-0.35695,-0.27015,0.0024447,0.0021308,0.0016457,0.020665,0.010178,0.009504,0.024709,0.012702,0.013337,-0.0048599,-0.0050816,-0.0035573,0.011913,-1.3634,-1.2633,-1.1966,-1.06,-0.21,-0.19,-0.1834,-0.0267,3.1533,2.01,0.02,0.34,2.86,0.13,0.018448,0.10686,0.0079484,0.023523,0.051653,-0.030117,0.004801,0.032583,0.012992,0.00013806,0.020002,-7.1,0.02563,0.010705,0.023423,0.028308,559.16,0.032026,0.0093355,0.034228,26.913,0.0072582,0.015194,0.011354,0.008213,0.003807,-0.025644,0.018961,0.0025686,0.022194,85.1,15.492,-0.4,-0.6,0.94649,1.6565e+05,-0.0095987,-0.034375,0.016616,0.9,-0.1333,-0.24532,-0.20306,-0.3933,-0.2267,1.9567,4.79,0.023003,0.016421,0.00018139,-0.010741,0.001585,-0.0073581,0.0040097,-0.0011886,-0.0039285,-0.0049128,-0.0036756,-0.0019762,0.094439,0.0071438,0.016393,-0.1562,0.088605,-0.029682,-0.0367,0.0043,-1.27,-0.1,0.057867,0.018073,0.053744,-0.037293,-0.074493,-0.02662,0.0013149,-0.00083857,0.0101,-0.014411,-0.0055236,-30.46,0.019036,3.0937e+05,0.0072168,0.00044791,-11.3,0.021333,-0.022539,-0.014353,0.0283,0.12874
0.0087071,0.0030559,-0.011106,0.0057309,0.0041495,0.029076,-0.0086828,-0.023502,-0.024272,0.032279,0,0.017158,13.8,-0.078158,0.0090493,0.021723,0.029011,0.022292,0.01262,0.0099538,0.010599,0.0073569,0.0036451,0.01179,0.012832,0.019523,0.010595,0.029352,0.03384,0.0054253,-0.011164,0.023836,74.112,72.148,-0.0032342,-0.0046,-0.020479,-0.00065774,-0.0153,-0.024672,-0.013519,-0.0037867,0.0092837,4.2013e-05,-0.018637,-0.0068272,-0.00094576,0.0071241,-0.01005,-0.0059774,0.0037767,-0.0046845,-0.0062756,-0.00060457,0.0054099,0.0040652,-0.00088373,-0.0667,0.2,0.028114,0.13931,0.0667,0.2333,0.1,-0.014831,-0.018926,0.11586,0.17641,0.0091592,0.048095,0.0086776,0.025167,-0.050305,-0.00809,-0.018331,-0.0088527,40.3,0,0.2,3577,0.092991,0.054808,0.049014,0.047674,0.049103,0.11413,0.11055,-0.00051127,-0.014588,0.0027687,-0.011927,-0.02453,-0.012238,0.00076356,0.0012372,-0.0021436,-0.00069462,-0.00054808,0.00038726,0.0063558,-0.0038652,-0.001621,0.01258,-0.002393,-0.0080841,-0.00066766,-0.0020328,0.0012672,0.0010573,0.0065013,0.10031,4.084e-05,0.0017906,-0.003619,0.00055429,-0.00083086,0.0027014,-0.018045,-0.0014592,0.0039383,-0.0011012,0.01335,0.026323,0.015679,0.01317,0.024837,0.010302,-0.014695,0.081099,0.054372,0.0029688,0.0058731,0.0072943,-0.0041498,0.0012373,0.0002539,0.028949,0.021479,0.018037,-0.014469,-0.029773,-0.016925,0.026692,-0.4,-0.1867,-0.0767,0.0767,0.3067,0.19,-0.3,0.0334,2.88,1.89,0.13,0.6,3.36,0.08,0.021611,0.016505,0.012229,0.014139,0.024153,-0.022303,0.0043289,0.017862,0.012204,0.0048718,0.012895,-5.7,0.01004,0.013385,-0.0089072,0.0094434,552.02,0.0075943,0.016312,0.0075562,22.799,0.011346,0.016221,0.014218,0.023928,-0.020321,0.01983,0.067486,-0.011366,0.0086286,93.1,-44.359,0,0.2,-0.0847,64353,0.0089429,0.026861,0.019403,1,0.0666,0.088791,0.061838,0.37,-0.0133,2.7267,4.89,0.13996,0.080694,0.0042018,0.015808,-1.4467e-05,0.0063992,-0.010562,0.0030202,0.0048634,0.0051067,0.0042538,0.0013783,-0.12509,-0.021394,-0.022642,-0.0212,-0.095207,-0.013745,-0.0133,0.0022,-0.23,0.06,0.067922,0.045706,0.053549,0.034794,0.01055,0.030122,-0.0018742,0.0058553,0.0094,0.0038124,0.00063104,-81.28,0.014103,2.9079e+05,0.010596,0.0085635,-34.92,0.076049,0.012888,0.012713,-0.019,0.17981
0.0060391,0.0051214,0.0062168,0.0064195,0.00066244,0.016298,-0.0011163,-0.0047882,-0.011338,0.024494,0.2,0.0076502,8,-0.0027179,0.0013279,0.027561,0.033116,0.0067473,0.0041022,0.006214,0.014019,0.015427,0.0059896,0.007622,0.024204,0.031727,0.023815,0.029169,0.042086,-0.00080972,0.0038798,0.047309,75.004,73.013,-0.00095368,-0.0020805,-0.011191,0.001167,-0.011019,-0.012114,-0.0096708,-0.0099528,0.0090556,0.00021007,-0.016256,0.00024908,-0.0045745,0.0025498,-0.018692,-0.0012809,0.0047862,-0.00076997,-0.0036012,0.002778,0.0069035,0.0044138,0.0018694,0.0334,0.1333,-0.070249,0.21002,0.3,0.1,0.2333,-0.070076,0.045921,0.0026414,0.22063,0.038988,0.017996,0.020451,0.028371,-0.012233,0.002183,-0.0049423,0.0027967,40.633,0.1,0.3333,3500,-0.018747,0.015436,0,-0.076402,-0.021053,0.0029222,-0.011513,0.011815,0.0097225,0.0069696,0.016778,-0.018414,0.0027227,0.0073631,0.0057289,0.0028023,0.0013544,-0.0037463,0.00090604,0.011423,0.0037635,0.0025779,0.016085,0.0028112,0.0032144,0.0063823,0.0045756,-0.00071136,-0.0047433,0.001761,0.15842,0.0052467,-0.00043303,0.0037716,0.011804,0.0041596,-0.00266,0.013193,-0.00099952,0.0046439,-0.00038042,0.0057808,0.018759,0.0081788,-0.029987,0.025993,0.018713,0.3064,0.22965,0.18969,0.00057728,0.0010062,0.0022017,0.004845,0.00072895,0.00099383,0.018956,0.0013034,0.0040287,0.0048315,-0.0062287,0.0072997,-4.0984e-05,0.0167,-0.0067,0.0067,0.0233,0.0233,-0.16,0.09,0.0666,2.9233,1.71,0.14,0.63,3.39,0.09,0.010676,0.0043512,-0.0092582,8.684e-05,0.0056789,-0.027462,0.0031097,0.012693,0.012338,0.011284,0.012156,0,-0.013675,0.017132,0.010385,-0.019278,537.84,-0.026565,0.018512,-0.030173,27.02,0.011156,0.02937,0.023676,-0.038138,0.047769,-0.052776,-0.043589,0.025,-0.025469,94.1,-6.4678,0.2,0.5,0.57284,92577,0.01417,0.065467,0.0069879,1.6334,0.2,-0.060558,-0.061498,-0.0167,-0.0367,2.6933,4.9633,0.043325,-0.027253,0.002925,0.029616,-0.0002502,0.013417,0.0047978,-0.0018375,0.0061197,0.0084396,0.0049877,-0.0029538,-0.0053539,0.00026282,0.0024652,-0.021,0.002083,-0.0022793,-0.03,0.0011,0,0.05,-0.022771,-0.024051,-0.0085142,0.046444,0.069952,-0.13454,-0.0013498,0,0.0093,0.003798,0.00082641,-7.1,0.015122,2.9295e+05,0.013207,0.012092,2.2,0.0076989,-0.057432,-0.073893,0.1025,0.091072
0.0044359,0.0072191,0.02959,0.0044343,0.0016546,-0.0014814,-0.0014762,0.0096207,-0.0032663,0.002885,0.2,0.0053256,4,-0.0032312,0.002904,0.0051898,0.012515,-0.0008722,0.0042075,0.0048485,0.0065698,0.0058547,0.0056244,0.0045101,0.0064948,0.013861,0.0054238,0.015048,0.033845,0.00014012,0.0065264,-0.0083639,75.328,73.491,-0.00063034,-0.0012834,-0.010505,0.00079263,-0.0074536,-0.011591,-0.0087206,-0.00019907,0.0087924,0.0022659,-0.015137,-0.0041386,0.0019551,0.00080712,-0.010923,-0.0017409,0.0026783,-0.0033901,-0.0012608,-0.00048259,0.0027085,0.0033037,0.0032703,-0.0667,-0.1,-0.1271,0.012747,0.0333,-0.0667,-0.2,0.012181,-0.075798,-0.02035,0.013817,-0.012294,-0.026973,-0.092077,0.073517,0.033834,-0.0037909,-0.010744,-0.003347,40.467,-0.0333,-0.0333,3427,0.0037383,0.066656,0.017921,0.079192,0.065867,-0.033054,-0.014161,0.0035773,0.011877,0.0096274,0.0067241,-0.015782,0.022458,0.0060334,-0.0027188,-0.00071878,0.00018055,0.0022086,0.0012626,-0.0071676,3.2843e-05,-0.00026883,-0.011498,0.000394,0.0046529,-0.0051661,-0.0008043,-0.0046226,-0.0014765,-0.003378,-0.088774,-0.0047157,-0.0011004,0.0032858,-0.012584,-0.003517,0.0013319,-0.0036508,0.0081621,-0.00246,0.0001485,-0.0019298,-0.0085373,-0.0016979,0.019372,-0.015585,-0.0027063,-0.077321,0.028378,0.070432,0.0039264,0.0040131,0.0022082,0.0019777,-0.00035913,6.3402e-05,0.017305,0.0075534,0.008643,-0.0031522,-0.0099046,-0.0024898,0.010032,-0.01,-0.07,-0.2267,-0.53,-0.84,-0.52,-0.3633,-0.3966,3.3667,2.03,-0.01,0.17,2.62,0.09,0.0085962,-0.019288,-0.0017613,0.013373,0.011617,-0.025354,0.0090566,0.011159,0.034275,0.010294,0.01083,5.6,-0.021406,0.020489,0.021361,-0.029361,522.73,-0.038568,0.019298,-0.043787,39.892,0.014663,0.036466,0.028554,-0.04192,0.06768,-0.069405,-0.060872,0.058317,0.0059009,87.3,27.296,0.1,0.2,0.42008,88639,0.0076149,-0.0088618,-0.0031235,0.3333,-0.1666,0.039814,0.03623,-1.0966,-0.0967,1.6067,4.61,-0.054248,-0.044424,-0.0045723,-0.013784,0.00091779,-0.0064912,0.0046298,0.00026301,-0.002835,-0.0033658,-0.0029156,0.0015818,0.027528,0.0028104,0.011033,-0.0013,-0.03011,0.011497,0.0033,0.0017,-0.06,0,0.0095508,0.025951,0.0063925,0.035969,-0.14266,-0.22822,-0.0011604,-0.0058553,0.0092,0.0045386,0.00010127,-14.51,0.012563,2.9245e+05,0.013222,0.013606,-0.34,0.014278,-0.17748,-0.17933,0.2811,-0.089674
0.001547,0.0057305,-0.0090409,0.0066658,0.011916,-0.0006175,-0.0042015,-0.019146,-0.013545,0.017762,0.3,0.0076816,7,-0.00066318,0.0025641,-0.016478,0.016377,0.0059201,0.00052469,0.0010472,-0.0016436,-0.00022195,0.00014125,-5.6786e-05,-0.0024883,0.00032539,-0.0027138,0.0023665,-0.0029528,-0.0010859,-0.0033031,0.026633,75.312,73.405,8.1686e-05,-5.198e-05,-0.012861,0.0018573,-0.0085121,-0.015092,-0.009207,0.00054736,0.0054437,0.0063089,-0.013059,-0.0023577,0.012533,0.0050761,0,-0.002059,0.0007573,-0.0017939,-0.002425,0.0064951,-0.0063534,0.0022045,-0.0011336,-0.1667,0.1334,-0.014688,0.13379,-0.3333,0.2334,0.0667,-0.0043166,0.011637,-0.0078625,0.11607,0.033838,0.029895,0.029426,-0.053378,0.014686,0.001578,-0.012607,0.00099027,40.4,-0.0667,-0.0334,3315,0.01887,-0.080982,0.042989,-0.00092884,-0.10935,-0.012137,0.13918,-0.0026651,0.0040791,-0.033237,0.015242,-0.02477,-0.032781,0.0073149,-0.00025697,-0.0014931,0.0014651,0.0063509,0.00080689,-0.00020389,-0.0016613,-0.00031445,0.00070909,-0.00039411,-0.0065326,4.349e-05,0.0017483,0.0051077,0.0031975,-0.0020371,0.018638,-0.0058162,0.0018116,-0.0011223,0.0072028,0.0014175,-6.0486e-05,0.0020453,-0.0098146,0.00052297,-0.00072258,0.0062123,0.004227,0.0064021,0.0038302,0.0069319,0.0053425,0.30264,-0.0098351,-0.0087567,0.0055595,0.0040004,0.0062343,0.0040588,-0.003132,-0.0033977,0.010965,-0.00046356,-0.00053648,0.0029101,-0.0011451,0.0031168,0.0045208,-0.2967,-0.31,-0.2733,-0.2833,-0.2533,-0.21,-0.07,-0.0267,3.5933,2.07,0.02,0.2,2.67,0.13,0.0079288,0.012721,0.008326,0.014465,0.019302,-0.015323,0.028728,0.0043109,0.053902,0.0093548,0.0062322,5.6,0.023613,0.025003,0.019083,0.023342,531.92,0.025533,0.019173,0.027585,33.042,0.010566,0.033333,0.02588,-0.002119,0.016628,-0.01456,0.026025,0.013904,0.003766,83.8,2.343,-0.2,0.2,1.1965,1.8258e+05,-0.00076537,0.04055,-0.010494,0.9667,-0.0667,0.014829,0.020596,-0.3367,-0.11,1.5667,4.8367,0.056323,0.044325,-4.1804e-05,0.0027386,0.00088285,0.00021739,-0.0038744,0.0010419,0.00014582,0.00036561,0.00073652,0.00094439,-0.066956,-0.018493,0.019905,-0.0212,0.020682,0.010023,0.0067,-0.0001,-0.27,0.02,-0.03089,0.041808,0.033009,0.089568,-0.12056,0.024042,-0.00036681,0.0016764,0.0088,0.011257,0.016031,-20.31,0.012094,2.8548e+05,0.014565,0.016,-10.05,0.036224,-0.0075585,-0.0013706,0.0259,-0.0094157
0.0055323,0.0046922,0.0011345,0.0042052,0.0080623,0.0076626,0.0090335,0.0037444,0.0049456,0.018145,0.2,0.001167,4.5,0.00038888,-0.0044101,0.0010118,-0.0050906,0.0023489,0.0051348,0.0051955,0.0039545,0.0062216,0.0091357,0.011802,0.0042438,0.0065954,-0.0057317,0.0041147,0.012198,0.014871,-0.0031658,-0.0024235,75.853,73.793,-0.0011749,-0.0018118,-0.013344,0.00068291,-0.010263,-0.01649,-0.0082295,-0.0038378,0.0067732,0.0042807,-0.024788,0.00029241,0.0033286,0.00043215,-0.0052159,-0.0032743,0.0020372,-0.0032648,-0.0017315,0.0033513,0.0017247,0.0018857,0.0057839,-0.0666,0,0.0079476,0.015867,1.0333,0.0333,-0.0334,-0.0079822,0.020045,0.0027097,0.018991,0.0028799,0.0024976,-0.050221,0.12186,0.084211,-0.0055238,-0.015323,-0.0053129,40.333,-0.0667,-0.0666,3247,0.0036549,-0.03962,-0.0086358,-0.064291,-0.020203,0.036399,0.0072727,-0.00016381,0.0087988,0.026215,0.027097,-0.0064766,0.0094185,0.0060722,0.0024087,-0.0010947,-0.00078796,-0.0021789,-0.00045767,0.0059422,-0.0062689,0.00050647,0.013061,0.00056656,-0.011875,-0.00042147,-0.0032434,-0.0045702,0.0030593,-0.0031892,0.09965,0.0016104,0.0021815,-0.00031214,0.0012862,0.0018196,-0.0023018,-0.0069986,0.0061744,0.0043378,-0.0012313,0.011462,0.026068,0.015723,0.021031,0.02618,0.016657,0.44471,0.23857,0.18887,0.004609,0.0020361,0.0059553,-0.00082721,-0.0040991,-0.0040371,0.019278,0.010451,0.010724,-0.0045562,-0.0098984,-0.0043641,0.016333,-0.1933,-0.1766,-0.1867,-0.23,-0.0867,-0.25,-0.2767,-0.48,3.2,1.91,0.01,0.14,2.76,0.09,0.0099707,0.00013446,0.0090989,0.0061057,0.0083498,-0.02047,-0.0026551,0.013508,0.038564,0.0083216,0.011533,5.3,0.0050096,0.018559,0.01621,0.0023463,531.92,-0.0021559,0.021431,-0.0029131,33.709,0.0097279,0.025819,0.021978,-0.047629,0.070325,-0.070583,-0.029192,0.019533,-0.038777,80,23.938,-0.1,0.1,-0.08725,12086,0.0051115,0.0011958,-0.0089361,0.4,-0.0667,0.059117,0.062513,-0.1,-0.0933,1.66,4.7533,0.10776,0.021259,-0.0049671,0.018205,-0.0062944,0.0094576,-0.0022751,0.00039174,0.0046751,0.0072666,0.0046737,-0.0018821,0.029296,0.0043003,-0.019435,-0.0122,0.015894,0.01006,-0.0067,0.0012,-0.23,-0.01,-0.021805,-0.059034,-0.011575,0.037896,-0.036005,0.0072988,-0.00096876,-0.0025157,0.0092,0.025784,0.025867,74.56,0.0022661,2.997e+05,0.018481,0.027769,37.86,-0.046345,-0.032136,-0.032382,0.0819,-0.06514
0.0085658,0.011168,0.044516,0.0055166,0.0079738,0.0068777,0.023739,0.038672,0.027282,0.015729,-0.1,0.0094161,14.5,0.0092272,-0.0049355,-0.0014854,0.014036,0.012115,0.0099989,0.010431,-0.0053418,-0.0075017,-0.0070528,-0.0083379,-0.0075314,-0.0034191,-0.010198,-0.0091535,-0.016781,-0.0080167,-0.0076356,-0.035962,75.374,73.416,-0.0017649,-0.0018335,-0.016109,-0.00018453,-0.0095747,-0.017657,-0.013609,0.0046334,0.0074217,0.0059953,-0.014505,0.00022969,-0.0031357,-0.00043215,-0.0081681,-0.0031133,-0.0014194,-0.0017784,-0.0024471,-0.010088,-0.0043174,0.0013758,0.0015364,0.0666,0.2666,0.16208,0.11573,0.8,0.3333,0.1334,0.023643,0.035074,0.047559,0.093934,0.043576,0.073197,0.017562,0.060462,-0.010191,-0.0048383,-0.016807,-0.0025059,40.2,-0.0666,-0.0334,3314,0.010125,0.034056,0.017198,0.033142,0.044353,-0.014401,0.023632,0.0083893,0.010027,-0.0072294,-0.02249,0.0047389,-0.0010107,-0.0030811,-0.006769,0.00053551,-0.0020153,-0.0044159,-0.0023031,-0.019451,0.0020085,7.7828e-05,-0.032133,0.00065347,0.0090002,-0.0044262,-0.0041746,0.0037019,0.0010573,0.00028391,-0.2863,0.0014713,-0.002527,0.0029434,0.0019968,-0.0045324,0.0012689,0.0089798,-0.0023388,-0.01187,-0.0015662,-0.021456,-0.042942,-0.028482,-0.0085414,-0.048677,-0.037079,-0.1318,-0.17631,-0.16428,0.00098445,0.0037707,0.0011083,0.020724,0.018701,0.020661,0.011459,0.012503,0.015267,0.0039066,0.0077728,0.0047159,-0.0051262,-0.0033,-0.1167,-0.1233,-0.1467,-0.3,-0.32,-0.6933,-0.6467,2.8533,1.89,0.01,0.11,2.58,0.11,0.017337,-0.042434,0.026955,0.021286,0.015115,-0.021833,0.00046191,0.019082,0.029483,0.0037387,0.013275,3.7,0.037916,0.039604,0.027489,0.037581,545.64,0.046395,0.018443,0.050586,22.843,0.0091532,0.018508,0.016383,-0.047632,0.056941,-0.021982,-0.0034985,0.010243,-0.076858,89.3,-31.71,-0.1,-0.2,1.1899,2.5323e+05,-0.0056318,-0.045946,-0.013813,1.0666,-0.0333,-0.062778,-0.069785,-0.3367,-0.2067,1.3267,4.0633,-0.22632,-0.048446,0.001254,-0.055604,0.00017947,-0.025791,0.0013274,-0.0022416,-0.013809,-0.016336,-0.012256,-0.0010421,0.037912,0.0036174,0.0068347,-0.0115,0.038647,0.00016757,0.0134,0.0015,-0.09,-0.1,0.041223,0.059034,0.038341,-0.058472,-0.013076,0.11864,-0.003684,-0.004207,0.0088,0.0014535,0.0091149,-34.35,0.0039225,2.8858e+05,0.015253,0.021605,-10.57,0.041735,0.087008,0.082323,-0.1535,0.039805
0.01684,0.014562,0.043303,0.0073687,0.018289,0.03579,0.031907,0.032123,0.020983,0.055701,0,0.002343,-0.1,-0.044225,0.003942,0.027435,0.016402,0.016756,0.023724,0.022077,0.0051563,0.0066093,0.0081563,0.0071853,0.0061039,0.015039,-0.0070601,0.026947,0.042397,-0.00072539,0.012,0.013245,75.943,73.924,0.0001024,0.00035287,-0.012307,0.0012602,-0.0056663,-0.012548,-0.011918,0.0079216,0.0025935,0.0020179,-0.008384,0.004936,0.0063164,0.00037042,0.0023405,-0.0011634,-0.0011587,0.00041807,-0.004142,-0.0030221,-0.005808,0.00089203,-0.00081153,-0.3,0,-0.053296,0.0075396,-0.7333,-0.0333,0.0333,-0.054764,-0.0026163,0.096312,0.0041887,0.0010738,-0.044241,-0.023347,0.041196,-0.00078826,0.0030707,-0.017404,0.0012688,40.267,-0.0334,0,3120,0.074692,0.090632,0.052816,0.15264,0.13948,0.10019,-0.058283,0.01775,0.027492,0.01303,0.029613,0.0012954,0.0083927,-0.00058561,0.0059067,0.0011593,0.002545,0.0011763,0.0030133,0.018611,0.00076573,-0.00096419,0.029322,-0.0018404,-0.00080322,0.00016512,0.0022511,0.0038804,0.0016071,0.015576,0.21893,0.0033052,-0.002556,-0.0024235,0.0016415,0.0018812,0.0022762,-0.0052397,-0.0022991,0.0090747,0.0022385,0.010972,0.012838,0.013596,-0.0029308,0.015587,0.013252,-0.056579,0.033118,0.035676,0.0017582,-0.0014633,0.0028918,0.011731,0.007533,0.005553,0.022568,0.022451,0.019009,-0.0060429,-0.0034295,-0.007503,0.018089,-0.23,-0.11,-0.05,0.07,0.6133,0.5,0.3867,0.3334,2.5733,1.78,0.07,0.29,3.3,0.12,0.00049566,0.005177,0.01378,0.012649,0.017623,-0.020639,0.0086953,0.012382,0.033599,-0.00039821,0.007587,14.5,0.017827,0.023185,0.0064291,0.01676,545.64,0.015902,0.022297,0.016667,20.587,0.011094,0.025326,0.020804,-0.001789,-0.0090162,0.026511,-0.0097035,-0.0053257,-0.012668,89.3,-13.515,0.1,0,-0.31836,87208,0.0060994,0.018184,0.0042226,0.0334,0.1,0.074035,0.074957,0.5667,-0.0867,2.1233,4.68,0.060591,0.039731,0.01545,0.042364,0.0044276,0.02208,-0.0048896,0.00010707,0.0099471,0.011864,0.0090031,-4.4009e-05,0.10056,0.033222,-0.034225,-0.0184,-0.060117,-0.0082452,-0.0467,0.0005,-0.1,0.03,0.090052,0.05143,0.048047,0.048278,0.19029,0.14829,0.0019619,-0.0059197,0.0089,-0.0050965,-0.0024756,8.37,0.00060994,2.9181e+05,0.013712,0.020918,16.6,-0.010527,0.064512,0.065148,-0.0846,0.0020946
0.011416,0.0067577,0.014245,0.0055641,0.0057145,0.033134,0.017942,0.017352,0.012497,0.029323,0.3,0.0060654,7.6,0.047653,-0.0014077,0.042117,0.030206,0.0026315,0.014364,0.013238,0.0085488,0.0097304,0.0047245,0.0014395,0.015031,0.02768,0.0069702,0.011415,0.0087545,-0.0024224,0.017599,0.0015365,76.73,74.805,0.0023395,0.0029683,-0.0040662,0.0029048,-0.00049157,-0.0013914,-0.0083911,0.0063414,0.0070928,-0.002389,-0.0047471,0.0056971,0.0091293,0.00055537,0.0081491,0.0016521,-0.00083506,0.0018334,0.00022855,-0.0060716,0.0013381,-0.00057852,0.0052861,-0.1,-0.3,-0.26443,-0.022357,-1.1,-0.3333,-0.1333,-0.037787,-0.058965,-0.07818,-0.014314,-0.062269,-0.024945,0.03981,-0.043275,0.033555,0.0052436,0.0097226,0.0047888,40.733,0.0667,0.3,3276,0.074423,0.057441,0.017905,-0.0024722,-0.034552,0.074356,0.17756,0.0065585,0.0046309,0.039863,0.0046289,0.024595,0.018565,0.0054358,-0.0015806,-3.8386e-06,5.4429e-05,0.0061766,7.7541e-05,-0.0054791,0.00099217,0.00054923,-0.0094535,0.0002596,-0.0043272,0.006767,0.0087469,-0.0094347,0.003499,-0.0057694,-0.068676,-0.0057754,0.00036711,-6.8888e-05,-0.0041186,-0.0021902,0.00086497,0.00052464,0.0026924,-0.0036491,-0.001389,0.00061682,0.0018741,0.0005694,0.017532,-0.0045657,-3.5821e-05,-0.090938,0.013126,0.027663,-0.001287,-0.0028653,0.0017988,0.014257,0.0098607,0.0091049,-0.00116,0.0095736,0.0079896,0.0050401,0.019366,0.0041998,0.00058823,-0.02,-0.0133,0.0066,0.0767,0.0534,-0.09,-0.04,-0.1434,2.3767,1.63,0.09,0.38,3.37,0.15,0.009044,-0.045248,0.0018515,-0.0047387,-0.0096978,-0.033347,0.036314,0.011611,-0.0058635,-0.0032041,0.0061007,14.3,0.036703,0.021862,0.019231,0.039643,566.21,0.041716,0.025005,0.045079,17.214,0.023803,0.038408,0.031564,-0.058518,0.055692,-0.04937,-0.075923,0.058076,-0.047921,92,-9.61,0.3,0.3,0.81752,2.2134e+05,0.010857,-0.0050721,0.015049,0.2,0.2333,-0.11189,-0.10765,0.11,-0.08,2.2533,4.66,0.043635,0.060359,-0.0071816,-0.019328,-0.0011239,-0.0079646,-0.0033353,-0.00050488,-0.0043512,-0.0051771,-0.0032064,-0.0020025,-0.096255,0.025754,0.0051401,0.0348,-0.090043,0.0077488,-0.0067,0.0002,0.02,0.07,0.036242,-0.013926,0.021133,0.029612,0.035782,0.091367,0.0019348,-0.0059549,0.009,-0.007326,0.0026601,24.14,0.0017304,2.9828e+05,0.0097931,0.014156,18.72,-0.020189,0.054386,0.052948,-0.0233,-0.018856
0.0053233,0.0088584,0.017128,0.0075812,0.0076247,0.0019822,-0.0028184,-0.013003,-0.0099348,0.011599,0.4,0.0044994,4.5,-0.0018133,0.0005883,0.02687,0.03154,0.0045952,0.00076311,0.0038211,0.0026126,0.0069967,0.0072913,0.0065401,0.0070492,0.014597,-0.00066264,0.010431,0.007248,0.0051666,0.015698,0.028883,77.309,75.374,0.0031083,0.0036089,-0.002191,0.0034704,0.0012898,0.0010907,-0.0075389,0.0081016,0.0057358,-0.00028871,-0.0039201,0.0048017,0.007567,0.0011714,0.0069324,0.0041775,0.00057225,0.0034234,0.0047159,-0.0019508,-0.0034158,0.0025045,0.0015609,0,-0.1333,-0.10294,-0.033303,0.4,-0.3,0.0333,-0.022086,-0.042991,-0.038751,-0.025074,-0.057822,0.021033,-0.0031911,0.026189,-0.030191,0.0032048,0.0045243,0.0043074,40.933,0.0333,0.1,3477,-0.059367,-0.046291,0.01126,-0.13968,-0.045962,-0.035744,-0.046939,0.0073693,0.018099,0.00041407,0.0078122,0.022682,0.011797,0.0078164,0.0036826,0.0020504,0.0019998,0.0027558,0.0052182,0.0088964,0.0082954,0.00084504,0.0091831,0.0014104,0.013136,0.0059479,0.00028391,0.014376,-0.0072161,-0.0038398,0.078809,0.0079414,0.0012413,0.0027217,-0.0046879,0.0029435,-0.00027916,0.0036532,0.0004234,0.0046387,0.0022179,-0.0014533,0.01267,-0.00057222,-0.03655,0.02506,0.017067,0.18001,0.1164,0.1164,-0.0009825,0.001189,-7.623e-05,-0.030564,-0.010348,-0.0085243,-0.0019164,-0.0035402,0.0006244,-0.00072792,-0.020234,0.0016309,0.022343,0.0066,0,-0.02,-0.0767,-0.2667,-0.32,-0.2,-0.39,2.2533,1.58,0.07,0.31,3.1,0.12,0.0014722,-0.02581,0.0050622,-0.00074435,-0.0034954,-0.018251,0.037187,0.0095132,0.015189,0.0035169,0.0072974,11.3,0.034899,0.014315,0.0097201,0.038891,585.97,0.037635,0.02843,0.04039,16.445,0.009336,0.039412,0.03232,-0.029395,0.049642,-0.040787,-0.015185,0.074928,0.0015945,98,9.3714,0.2,0.5,0.36395,89758,0.0064893,0.036961,0.01398,0.2666,0.1334,0.077715,0.074837,-0.2567,-0.0867,1.99,4.4533,0.026064,0.051115,-0.0022201,0.024165,0.0014248,0.011176,0.012894,0.00056455,0.0060651,0.0073544,0.0046109,0.0029198,-0.011035,-0.05991,0.028145,0.0332,-0.037211,0.011475,-0.0133,0.0007,-0.04,0.03,-0.0085109,-0.046645,0.03016,0.027471,0.05572,0.052741,-0.0015388,0.0042571,0.0086,0.018215,0.021941,-23.15,0.018972,2.9095e+05,0.022761,0.024792,-10.47,0.043844,0.070233,0.069407,-0.0493,-0.068689
0.0075919,0.0062025,0.0024705,0.007724,0.0040034,0.039168,0.026906,0.041735,0.024699,0.031229,0.6,0.0026653,2.4,0.017947,0.00066067,0.015283,0.039899,0.011394,0.010325,0.0084559,0.0050122,0.0057005,0.002615,-0.00081267,0.0081792,0.013118,0.01082,-0.019095,-0.037898,0.0063291,0.011408,-0.016186,77.79,76.059,0.005474,0.0060861,0.0030986,0.0053395,0.0061499,0.0058471,-0.001416,0.011502,0.0059554,0.003418,-0.0021254,0.011752,0.0071894,0.0017238,0.017689,0.0047362,0.0023628,0.0049351,0.0052774,0.0023161,0.0011399,0.0028101,0.0029777,-0.0333,-0.1,-0.022532,-0.070342,0.1333,-0.0334,-0.2,0.054387,-0.010275,-0.10653,-0.053401,-0.045652,-0.005149,0.03494,0.023047,-0.028775,0.0015538,-0.0046012,0.00095689,40.867,-0.0333,0.0334,3573,0.0098557,-0.13353,0.041891,0.012259,0.069129,0.0096083,-0.011255,0.0087929,0.010478,-0.00049649,0.015604,0.024041,-0.0025112,0.010268,-0.0014332,-0.00030034,0.00068958,0.0012042,-0.0022301,-0.0025312,4.3144e-05,-0.00085243,-0.0040915,-0.0015613,0.0023514,-0.0042986,0.00054591,0.00054283,0.006479,0.0093845,-0.062635,-0.001476,0.0014948,-0.0037973,-0.004748,-0.0015086,0.0028156,-0.0015857,-0.0058858,-0.00060172,0.0015071,0.0060387,0.0071136,0.0054186,0.041589,-0.0017756,0.0037357,0.063653,0.086086,0.077761,0.00035612,-0.0034099,0.00018554,0.014815,0.011394,0.010854,0.0095931,0.0093785,0.0069002,0.011704,0.01296,0.0097629,-0.0012404,0.0067,0.16,0.35,0.5534,0.58,0.53,0.47,0.39,2.0633,1.53,0.26,0.7,3.52,0.13,0.0048916,0,0.0053655,0.013194,0.014233,-0.014993,0.0014217,0.0081545,0.047512,-0.00058011,0.0049419,17,0.013681,0.024962,0.013569,0.011505,586.04,0.0049509,0.034113,0.0044647,16.246,0.018132,0.04671,0.039078,0.031121,-0.038118,0.018255,0.023954,-0.0186,0.030999,93.3,-7.0103,0.1,0.6,0.2503,1.1215e+05,0.008222,-0.033362,0.013825,0.0334,-0.2,-0.0025877,-0.0042092,0.73,0.0667,2.7133,4.9167,-0.023544,-0.10884,0.0099578,-0.013928,-0.00013694,-0.0042272,0.001156,0.0011536,-0.001489,-0.0034564,-0.00080127,-0.0023819,0.0008194,0.010165,-0.018441,0.0177,-0.028147,0.0225,0,-0.0005,0.17,0.19,0.040206,0.01005,0.051203,0.047868,0.045586,-0.026752,0.0020558,0.0025456,0.0089,0.035465,0.042055,79,0.017643,3.0539e+05,0.038529,0.049518,45.52,-0.030803,-0.009148,-0.003797,0.0677,-0.15104
0.0094089,0.010998,0.025406,0.0094055,0.0071105,0.015394,0.021019,0.03411,0.028172,0.0071183,0.5,0.001828,4.5,0.022801,-0.0038609,0.0075704,0.013189,0.0065079,0.010514,0.011055,0.0077885,0.005553,0.0044285,-0.0023622,0.0058127,0.013202,0.01689,-0.010123,-0.023339,0.0005893,0.021321,-0.01387,78.231,76.791,0.0024985,0.0028737,0.00039537,0.0022896,0.0035473,0.0036185,-0.004941,0.0094692,0.0044531,0,-0.0080107,0.0056125,0.0031758,-0.001539,0.01013,0.0024968,0.00058598,0.0008979,0.0039458,-0.0031707,0.0020084,0.00081513,0.0045731,-0.0333,-0.1667,-0.055016,-0.10028,0.1333,-0.1333,-0.2,0.0070654,0.0080623,-0.027547,-0.081772,-0.031118,-0.042743,-0.0023175,0.039811,-0.013996,0.0059041,-0.00041857,0.0059599,40.8,0,0,3762,0.020268,-0.023311,-0.0049803,-0.0046971,0.035617,0.0033046,0.061955,0.008924,0.015356,0.0045506,0.00495,0.021462,0.052842,0.0085644,-0.0018063,-0.0021348,-0.0017818,-0.0019752,-0.0023565,-0.0048408,-0.0068362,-0.00014086,-0.0036746,0.00063005,-0.0067948,-0.0034766,-0.0075328,-0.011202,-0.0063728,-0.0083884,0.009734,-0.0037428,0.00047271,-0.0016743,0.011886,-0.00019619,-0.00093396,-0.0017119,0.004036,-0.0014681,-0.0020667,-0.010237,-0.018446,-0.013144,-0.049248,-0.005688,-0.0078464,-0.018272,0.11692,0.13103,0.0028781,-0.002844,0.0041354,0.018624,0.011367,0.011214,0.008219,0.0045479,0.0051526,0.012312,0.016653,0.013064,-0.0028702,0.4233,0.41,0.4167,0.3033,-0.2967,-0.24,-0.2834,-0.2133,2.1467,1.59,0.26,0.59,2.82,0.17,0.0088255,-0.025034,0.005757,0.0047703,0.00025744,0.015876,0.0052009,0.0075878,0.021382,0.010483,0.0086509,9.1,0.019187,0.022404,0.015896,0.018561,593.14,0.012811,0.033741,0.013547,15.348,0.033833,0.040336,0.034106,-0.017574,0.014997,-0.015945,0.0015967,0.0075035,-0.038844,95.6,0.5666,0,0.1,-0.09784,80475,0.0098106,-0.029333,0.0093801,-0.9667,0.1333,-0.026722,-0.02926,-0.2166,0.0533,2.0733,4.21,-0.05773,-0.0026951,-0.0096744,0.0014,-0.0016287,-0.0030609,-0.0011686,-0.00051267,-0.00093059,-0.00022879,-0.0016947,0.0011396,0.021459,0.0087279,-0.01737,0.0345,-0.01212,0.024099,0.0067,-0.0004,0.46,0.22,-0.052244,0.026907,-0.010381,0,-0.033609,-0.058562,-0.0013789,0.0042283,0.0091,0.036268,0.039496,68.31,0.01957,3.1755e+05,0.039549,0.04974,42.27,-0.019486,-0.016898,-0.023331,0.0791,-0.12885
0.0099669,0.010818,0.018706,0.0094539,0.010108,0.02065,0.018057,0.030259,0.020332,0.013693,0.6,-0.00055021,-0.7,0.0071991,0.00021312,0.022024,0.021647,0.012551,0.010192,0.011236,0.014694,0.014131,0.012137,0.012477,0.017732,0.021937,0.016786,0.013859,0.0099072,0.011923,0.0086701,0.036494,79.279,77.667,0.0042845,0.0045988,-0.0018619,0.0045183,0.0031106,0.00093049,-0.0065224,0.013052,0.0081958,0.0018482,-0.0062393,0.0076686,0.0076446,-0.0023438,0.0050265,0.00361,0.0026788,0.0033677,0.0038062,-0.00097765,0.0022714,0.0035405,0.0035102,-0.0334,0,-0.056843,0.012119,0.1,-0.1333,-0.0333,-0.012213,-0.044301,0.049155,0.013643,-0.0073777,-0.0051173,0.014969,0.016522,0.028233,0.0025394,-0.0040924,0.0053436,40.567,0.0667,-0.0667,3755,-0.0059187,0.098735,0.0078608,0.019581,-0.012975,0.0043892,-0.038921,0.014115,0.024999,0.017567,0.047278,0.010738,0.0012066,0.011138,0.0034859,0.0016859,0.0012314,0.0011944,0.003317,0.010763,0.0090411,-0.00050024,0.011812,-0.0012563,0.015363,0.010239,0.00082866,0.0047319,0.0022397,0.0018056,0.067672,0.0044935,-0.0025449,-0.00036935,-0.00045031,0.00055797,-0.0022252,-0.0042143,0.0020192,0.0043231,0.0018329,0.01662,0.0092496,0.021684,0.034549,0.0056001,0.0041819,0.12221,0.079941,0.091325,0.00093981,-0.0024491,0.00096377,-0.0053475,-0.0064274,-0.0036461,0.018784,0.0048458,0.008699,-0.0014983,-0.013275,-0.00041982,0.023725,0.5167,0.52,0.4833,0.3867,-0.13,-0.16,-0.1566,-0.2633,2.0133,1.56,0.23,0.46,2.17,0.18,-0.00016132,-0.035497,0.0027498,0.0025516,-0.0051422,0.011602,-0.00083899,0.015335,0.029053,0.0058254,0.011851,13,0.037347,0.028771,0.016219,0.03901,609.04,0.040166,0.030949,0.042792,13.864,0.01569,0.02698,0.024611,-0.055423,0.058992,-0.060093,-0.038698,0.025185,-0.068758,93.9,1.6834,0.2,0.4,0.68431,1.8054e+05,0.013331,0.037448,0.03146,0.5333,-0.1667,-0.014238,-0.0080643,-0.0134,0.0567,1.5433,3.5367,0.051612,0.047716,0.0022056,0.025858,-0.00041641,0.013211,0.011623,-0.00064932,0.0051829,0.0071305,0.0052038,0.00035285,0.0073792,0.00051133,0.0063496,0.0016,-0.032855,0.01744,-0.0167,0,0.52,0.23,-0.0034664,-0.024184,0.013474,0.023702,-0.012138,0.091644,-0.0013554,0.0075662,0.01,0.01136,0.01997,121.2,0.016859,3.4874e+05,0.024834,0.028816,70.42,-0.076826,0.050883,0.052243,-0.052,-0.038132
0.011009,0.0058178,0.0047965,0.0048273,0.009336,0.027725,0.017413,0.009191,0.014417,0.023322,0.8,0.0049842,4.5,0.061084,0.0012293,0.02313,0.0095655,-0.011794,0.013246,0.012635,0.017262,0.014214,0.015729,0.0096877,0.012603,0.017865,0.011628,0.0026756,-0.0032764,0.012032,0.029165,0.01462,80.25,78.605,0.0034696,0.0036135,-0.002963,0.0039965,0.00081777,-0.00044653,-0.0071927,0.0067425,0.0050647,0.0024181,-0.0084526,0.0073913,0.0067202,-0.0010503,0.020403,0.0038433,0.002733,0.0033959,0.0027966,0.0010998,0.0040622,0.0025757,0.002843,-0.0666,-0.1333,-0.068095,-0.037073,-0.2,-0.1667,0,-0.033868,0.0087891,-0.055749,-0.031115,-0.037984,0.016536,0.0091013,-0.023687,-0.05721,0.0030054,-0.0037647,0.0020076,40.567,-0.0334,0.0333,3916,0.052692,0.033617,0.0090671,0.0073598,0.066751,0.070792,0.046402,0.012439,0.0089346,0.0045223,0.0116,0.0083914,0.028008,0.016933,-0.0028304,0.0015607,-5.8219e-05,0.00040989,-0.00052287,-0.013345,-0.0035385,0.0029103,-0.019177,0.0025461,-0.0067479,-0.0025348,0.00022882,-0.0026857,-0.0088697,0.0017224,-0.11774,-0.0023192,0.0016928,0.0050526,0.003401,-0.00047108,0.002166,0.0039884,3.6686e-05,-0.0056422,0.0001303,-0.01233,-0.0088662,-0.016213,-0.015028,-0.013667,-0.008513,-0.076783,0.031879,0.021399,-0.00087079,-0.0057515,-2.8837e-05,-0.0015145,0.0020995,0.00098648,0.021022,0.011243,0.0096225,-0.0036637,-0.017577,-0.0041755,0.027024,0.52,0.53,0.56,0.5966,0.1234,0.03,-0.1667,-0.22,1.67,1.46,0.26,0.53,1.76,0.19,0.0038626,-0.020586,-0.0058815,0.00059942,-0.0067015,0.031596,0.0041819,0.0063835,0.026613,0.0013472,0.0045469,11.5,0.010721,0.012087,0.02388,0.010458,622.75,0.0013355,0.031796,0.00069573,12.742,0.015792,0.035987,0.033605,-0.0066266,0.010507,-0.001099,-0.0119,0.013152,0.0049839,94.1,-29.369,0.1,0,0.28109,1.6029e+05,0.015889,0.010146,0.01534,-0.1666,-0.1333,0.041411,0.041168,0.39,0.0667,1.4133,2.85,-0.0555,-0.014616,0.0019398,-0.033663,0.0014811,-0.016463,-0.0064004,0.0008325,-0.0063308,-0.0098064,-0.0065556,-0.0013803,-0.07972,-0.02954,0.047457,0.0293,-0.00085968,0.020729,0.0033,0.0014,0.55,0.26,0.0017344,-0.056892,0.042002,-0.0048164,0.051137,0.0015807,0.0021737,0.013311,0.0094,0.0053015,0.0014946,-90.1,0.027901,3.3352e+05,0.020816,0.017281,-37.76,0.072541,0.025657,0.02786,0.0086,-0.023046
0.004605,0.011282,0.026291,0.0094283,0.0078707,-0.013396,0.016855,0.024663,0.016026,0.018346,0.2,-0.00057004,-0.4,0.0061048,-0.00027763,0.017677,0.013234,0.009455,0.0036423,0.003909,0.0051134,0.0050535,0.0094499,0.004886,-0.00029091,0.0026823,-0.0070265,-0.012372,-0.027612,0.010445,0.019522,0.0096793,80.399,78.631,0.0054636,0.0062924,-0.0015433,0.0052512,0.0065333,0.00037212,-0.004782,0.021422,0.0067448,0.0017995,-0.00021769,0.0089756,0.0094892,-0.00024729,0.018924,0.0060079,0.0012106,0.0059698,0.0059037,0.00048842,0.0015274,0.0012378,0.0077862,0.2333,-0.2,-0.078278,-0.099035,0.3667,-0.3667,-0.0334,0.029311,-0.012995,-0.11187,-0.087601,-0.071921,-0.0008414,0.017587,0.018053,-0.00015352,0.0081917,-0.0066441,0.0061452,40.4,0,-0.1333,4062,-0.0098635,-0.028289,0.015399,-0.035452,-0.0070051,0.020529,-0.050967,0.012408,0.019698,0.051125,0.02146,0.018906,0.10167,0.0020734,0.00030397,-0.0023717,-0.00057458,-0.00040903,-0.00026218,0.0054434,0.00074952,-0.0024887,0.0082091,-0.0018913,-0.0017551,0.0015815,0.004734,-0.0016012,0.012186,-0.004545,0.035741,-0.00014894,0.00087786,-0.0037187,-0.00019467,-0.0008746,-0.0029224,-0.0052832,-0.001916,0.0016972,-0.0015339,0.00015455,0.0059554,0.00056409,-0.00086995,0.0075876,-0.0050551,0.087932,0.074199,0.060473,0.0022945,7.0426e-05,0.0008794,0.0039069,-0.0012021,-0.0034824,0.011769,-0.0025113,-0.0042815,0.0077223,-0.00092199,0.0082371,0.0070856,0.4733,0.3266,0.2934,0.2734,-0.1367,-0.04,-0.1733,0.0066,1.8133,1.56,0.22,0.47,1.3,0.29,-0.0015271,0.0027586,-0.0078018,0.00024967,-0.006038,0.031602,-0.0053996,0.010475,0.030173,0.0038987,0.0080858,15.7,0.023509,0.024446,0.014991,0.023328,631.45,0.018149,0.035262,0.01879,12.21,0.026844,0.035807,0.034583,0.027359,-0.039608,0.036706,0.02829,-0.018042,0.013679,90.2,9.7363,0.1,0.2,-0.24054,14917,0.005721,0.006791,0.0094204,-0.6667,0.1333,-0.063811,-0.068667,-0.01,-0.08,0.93,2.2033,0.030439,-0.049175,-0.0047228,0.0083009,-0.00032785,0.0046447,-0.0037539,8.5419e-05,0.0013467,0.0039798,0.0021197,0.0024536,0.0033871,0.014852,-0.046954,0.0334,-0.01141,0.011731,-0.01,-0.0001,0.43,0.21,0.076705,0.033038,0.0094974,-0.0072684,-0.025671,-0.020554,-0.0013499,0.013136,0.0093,0.018986,0.021086,-6.74,0.027977,3.3397e+05,0.031795,0.033705,4.73,0.026608,-0.0087012,-0.0041168,0.0765,-0.051189
0.0088738,0.0096599,0.019375,0.0097542,0.0037332,0.01313,0.017396,0.035696,0.020633,0.011029,0.1,0.0033014,3.1,0.010076,0.00061951,0.0024005,0.0065535,0.0029521,0.010096,0.010147,-0.0034384,-0.0045959,0.0039486,0.0072274,-0.015291,0.0075591,-0.03122,0.010736,0.0068356,0.0060828,-0.0056759,0.0010535,79.722,78.015,0.0055058,0.0057826,-0.0030233,0.0061031,0.0024934,-0.0017502,-0.0051853,0.012212,0.0083722,0.0062323,0.00076168,0.011551,0.0047758,0.0018532,0.01383,0.0048189,0.0040806,0.004762,0.0052633,-0.0001221,0.0031801,0.00522,0.0053651,0.0333,-0.1333,-0.070854,-0.069884,-1.4,0,-0.1,-0.024998,0.012277,0.025264,-0.067698,-0.0097823,0.0085214,-0.072284,-0.13111,0.040696,0.0013458,-0.0026996,0.0022448,40.567,0,0.0667,4291,0.023447,-0.019314,0.041539,0.06347,0.042999,-0.027353,0.083355,0.0050092,0.018289,-0.016506,0.037469,0.043359,-0.040516,0.0033697,0.004641,-0.00084549,0.002323,0.00072537,0.0020014,0.012823,-0.0058192,0.00015947,0.023776,0.0001811,-0.011399,-0.011446,-0.00051715,0.0099229,-0.0088023,-0.00201,0.1784,0.0027462,0.0012962,-0.001043,0.00076158,0.0044935,-0.0024029,0.0041591,-0.0038687,0.0082974,-0.0013465,0.0093399,0.010516,0.013214,-0.013939,0.015461,0.011649,0.20294,0.18005,0.16952,0.0041255,0.0019175,0.0014984,-0.0060069,-0.002521,-0.0018786,-0.0007497,0.0078619,0.0088015,0.0042134,0.009623,0.0045043,0.01786,0.5167,0.4967,0.4966,0.45,0.0533,0.04,-0.0534,0.0067,1.7667,1.55,0.22,0.43,0.85,0.3,-0.0068606,0.027491,-0.0098627,-0.0008491,-0.0028186,0.024812,0.01242,0.011202,0.037454,0.0038112,0.008529,21.2,0.024662,0.025933,0.022981,0.024416,645.15,0.02078,0.033048,0.022164,12.166,0.026042,0.027225,0.027361,0.01197,-0.032922,0.038706,0.034323,-0.040001,-0.034598,87.5,1.6277,-0.1,0.1,-0.34337,14331,-0.0018685,0.036131,-0.029047,-0.7333,0.0334,0.028414,0.026255,0.1634,-0.1,0.5767,1.6333,0.063672,0.020372,-1.9007e-05,0.048904,-0.0021664,0.020507,-0.0026089,-0.00035069,0.010305,0.01298,0.0089416,-0.001564,-0.003387,-0.004645,-0.0056585,0.0437,0.046986,0.00010371,-0.0266,0,0.5,0.2,0.0032048,0,0.049597,0.067005,0.084404,0.065521,0.00040614,0.0065041,0.0096,0.011606,0.016925,64.76,0.024612,3.5446e+05,0.028847,0.030954,45.58,-0.034916,0.035327,0.035537,-0.0119,-0.0013653
0.0062948,0.0029652,-0.030378,0.0057266,0.013955,0.031991,0.004553,0.013733,0.0077022,-0.0017705,0.6,0.00077733,0.1,0.021932,0.0010759,0.028483,0.031452,0.012728,0.007389,0.0073164,0.013261,0.0096599,0.013699,0.0039031,0.0026445,0.025721,-0.010862,0.020231,0.017536,-0.0013504,0.043017,-0.011926,80.173,78.787,0.0035607,0.0042444,-0.00075138,0.0031812,0.0054756,0.0017502,-0.0050212,0.015891,0.0058975,0.0082901,-0.0031592,0.0088327,0.00023301,-0.0011733,0.022461,0.0017291,3.0505e-05,-3.2584e-05,0.00483,0.0019515,0.0016523,-0.00092337,0.002195,-0.1,0,0.0076776,-0.019253,0.1,-0.0333,-0.0333,0.028572,-0.020156,-0.020651,-0.01863,-0.023078,-0.0055796,0.041396,0.04256,-0.073632,0.0051906,0.01195,0.0065106,40.9,0.0667,0.1333,4161,-0.015033,0.0043242,-0.026834,-0.09433,-0.10274,0.073252,-0.099166,0.0085161,0.0048131,0.072209,0.0059685,0.048021,0.13467,0.012655,-0.0028493,0.0027337,-0.0014644,0.0010236,-0.0017678,-0.015446,0.0049028,0.0040291,-0.027466,0.0040295,0.013852,0.0061877,-0.0055425,-0.00049596,0.004336,0.0042709,-0.20516,0.0011454,0.0065531,0.0031635,0.0084326,0.0012303,0.0055362,0.00072049,0.0016911,-0.0057508,0.0032874,0.00095699,0.0080724,0.0023438,0.025512,0.0049033,0.021337,0.29789,-0.043311,-0.055893,0.0025563,-0.0028895,-0.0012632,-0.014365,-0.0030397,-0.0018924,0.00132,0.00086104,0.0021299,0.0053989,-0.0062676,0.0055145,0.012144,0.52,0.4667,0.5234,0.5,0.2767,0.46,0.2867,0.3567,1.8467,1.73,0.28,0.46,0.66,0.39,-0.00016208,0.0182,-0.0090948,0.0039794,0.0028186,0.022187,-0.0072262,0.00074273,0.02136,0.0032941,0.0016641,3.8,0.019517,0.017781,0.005053,0.019853,649.76,0.015619,0.027837,0.016558,11.89,0.015938,0.027477,0.027167,0.014067,-0.024834,0.020651,0.052484,-0.01993,-0.023663,82.4,0.6367,0.2,0.6,0.92527,1.9994e+05,0.015539,-0.016528,-0.0078529,-0.3334,0.3333,-0.027421,-0.018993,0.3533,-0.1533,0.41,1.4,0.028482,0.10678,0.0022241,-0.057739,0.0028768,-0.023736,0.0049221,0.0068071,-0.007107,-0.010729,-0.0064758,-0.00059576,0.02,0.00098734,-0.013393,-0.0172,-0.036893,0.020056,0,-0.0019,0.56,0.24,-0.0064204,-0.030163,-0.009662,-0.064576,0.16419,0.013465,0.00054301,0.0088746,0.0094,0.022188,0.025921,-10.4,0.02657,3.5181e+05,0.027852,0.028487,-3.98,0.034069,0.0051523,-0.0044514,0.0467,-0.026394
0.013215,0.011089,0.038928,0.0060196,0.010257,0.014738,0.018711,0.043416,0.032987,-0.0091314,0.6,0.012618,10.8,0.032369,0.0045505,0.037299,0.021034,0.019267,0.016918,0.016325,0.0051715,0.009353,0.0010602,-0.005136,0.01797,0.012213,0.026041,-0.0082755,-0.022194,-0.0040904,0.022877,-0.023903,80.605,79.139,0.0059327,0.0068966,0.0014318,0.0054907,0.0081576,0.0033429,-0.0018495,0.019222,0.0077911,0.0062628,-0.00065488,0.0098085,0.0085065,0.0056685,0.026002,0.0038064,0.00092991,0.0016214,0.0081997,-0.0017073,-0.00013209,0.0018223,0.0059407,0.0667,-0.2334,-0.15986,-0.07391,-0.5,-0.1667,-0.2333,-0.046192,-0.083356,0.030223,-0.080023,-0.040972,-0.057282,-0.034245,0.0097262,-0.026859,0.0086973,0.0064722,0.0095815,41.067,0.0333,-0.0333,4457,0.024669,0.10924,-0.0057015,-0.025795,0.082336,0.016722,0.053018,0.015721,0.027416,-0.00018703,0.0051884,0.04814,-0.042871,0.0084465,-0.0027161,-0.00083843,-0.00099278,-0.0024613,-0.00185,-0.001849,-0.0018743,-0.0032319,-0.0018238,-0.0034793,-0.0040163,0.0016534,0.00023963,-0.0063058,-0.00072442,-0.0013083,-0.0081528,-0.00042295,-0.0075539,-0.0032347,-0.0094548,-0.004385,0.0001465,-0.0031586,0.0045255,-0.0040875,-0.00037028,-0.018964,-0.044055,-0.026875,-0.023751,-0.046717,-0.036947,-0.33387,0.01989,0.048074,0.0043233,-0.0018945,-0.0042383,0.013188,0.014865,0.015312,-0.0013088,0.0073501,0.0076235,0.012825,0.01963,0.012649,-0.0034967,0.4767,0.5666,0.3766,0.3466,0.08,0.02,0.01,-0.03,1.7367,1.67,0.09,0.24,0.18,0.24,0.011757,0.017114,-0.0016845,0.0077734,0.004812,0.027286,-0.0052494,0.017006,0.02018,0.06326,0.033973,11.5,0.028967,0.0231,0.0038328,0.030097,656.84,0.03514,0.015744,0.037643,11.48,0.010127,0.018941,0.019181,-0.010211,0.011705,-0.0043123,-0.0033349,0.0028554,-0.016323,88.9,-3.4436,0.3,0,0.25205,1.8028e+05,0.0094344,-0.073292,0.017789,-0.3666,0.1333,0.026009,0.023747,0.1567,-0.0633,0.09,0.9333,-0.20851,-0.0097923,-0.00056642,-0.0022388,-0.0027436,-0.0022553,-0.0020292,-0.0055565,-0.0049059,-0.006379,-0.0043967,-0.0013392,-0.043498,-0.016612,0.023735,0.0674,-0.10425,0.021468,0,-0.0006,0.41,0.18,0.0096155,-0.017375,-0.00094,-0.013431,0.11159,0.049311,0.0022418,0.0064051,0.0097,0.01617,0.017065,57.85,0.028332,3.7199e+05,0.014642,0.0077993,25.5,-0.027441,0.041839,0.040386,-0.025,0.0017519
0.0023343,0.0050533,0.00042375,0.0069996,0.0020779,-0.0064689,-0.0053632,0.011332,0.017346,-0.05116,0.5,-0.00029742,-2.7,0.0061809,0.0038344,0.019359,0.010841,0.0024425,0.0015104,0.0023347,-0.00091742,0.0059967,0.010425,0.0049666,0.0057376,0.0022131,-0.0069761,-0.0039581,-0.0043464,0.0078552,0.026469,0.030129,80.742,78.937,0.003828,0.0041566,0.00021108,0.0038491,0.0037223,0.0035904,-0.0056335,0.0079841,0.0052281,0.004791,-0.0041576,0.0091066,0.0058352,0.00092118,0.029261,0.0010831,0.0021158,-0.0024016,0.0062546,0.0012198,0.004218,0.0015357,0.0043012,0.0333,-0.1,-0.057969,-0.0073288,-0.7,0,-0.1,0.019391,0.019862,-0.12207,-0.0052369,0.022776,-0.042515,0.0067075,-0.11257,0.0048785,0.0036743,0.0035181,0.0026538,41.233,0.0334,-0.1,4682,-0.13369,-0.16013,-0.11466,-0.081635,-0.076755,-0.15796,-0.14039,-0.0030399,0.004023,-0.016087,0.0061736,0.044762,-0.026106,0.0098236,0.0029429,0.0014561,0.0014231,-0.0027948,0.0016387,0.008468,-0.00045137,-2.1422e-05,0.01344,0.0002207,-0.0048882,-0.00091577,0.00057531,0.0099513,-0.0046898,0.01359,0.085159,-0.00048359,-0.0024201,0.0021125,-0.00084655,0.0021144,-0.00045029,0.0045776,-0.0013491,0.0037893,0.001911,0.0091589,0.025425,0.01146,0.0070378,0.027958,0.0089416,-0.24234,0.11844,0.10029,0.0043752,0.0042041,-0.0035046,-0.017636,-0.0088352,-0.010022,-0.0044313,-0.0011435,-0.0013385,0.00048313,-0.0040284,0.001477,0.017791,0.45,0.31,0.3534,0.3867,0.5,0.36,0.5033,0.43,1.6667,1.53,0.13,0.32,0.37,0.38,-0.0019232,0.026358,-0.0082707,0.0016382,-0.0012758,0.03329,0.011234,0.00071539,0.022064,0.0069014,0.0030223,14.5,-0.0055584,0.019736,0.017293,-0.010489,648.4,-0.0069741,-0.0025032,-0.008037,14.178,0.0030525,-0.0023083,-0.0010924,-0.033621,0.043588,-0.040234,-0.020719,0.04084,-0.02802,83.8,4.6648,0.2,0.2,-0.29729,-20635,0.0020254,0.046759,0.017382,-0.4667,0.0667,0.0088415,0.0044797,0.4433,-0.2033,0.0833,0.9867,0.050198,0.094625,0.01343,0.025144,0.0027158,0.011412,-1.3459e-06,-0.0010577,0.0054241,0.0045131,0.004445,0.0033436,0.022152,0.013532,0.011375,0.0381,0.058594,0.024121,0.0166,-0.0005,0.45,0.17,-0.18137,-0.18096,-0.095655,-0.087291,-0.0035314,-0.023436,0.0033125,0.010322,0.0101,0.024377,0.0234,69.61,0.025843,3.9243e+05,0.01223,0.0052841,24.66,-0.027645,-0.00097995,-0.0056235,0.0511,-0.053891
0.0015451,0.0060528,0.014234,0.0045982,0.0057443,-0.0038656,-0.0064268,0.0080016,0.016989,-0.056896,0.6,-0.0014354,-3.6,0.010043,0.0032288,0.00032874,0.0093624,0.0025838,0.0022719,0.0013453,0.0025495,0.0037935,0.0045275,-0.0017046,0.0059194,0.0015301,0.0081142,-0.021124,-0.047103,0.0043985,0.018658,0.026798,80.618,78.735,0.0031431,0.0028758,-0.0039947,0.0041381,-0.0018742,-0.0034421,-0.0049554,0.00051849,0.0052559,0.00091566,-0.0029646,0.0075385,0.0062326,0.0011043,0.015038,0.0021753,0.0045361,0.000539,0.0040608,0.0002438,0.0034796,0.0057438,0.0033239,0,0,-0.019573,0.0073712,1.2667,-0.1666,0,0.0021455,0.0028055,-0.0047202,0.012004,-0.051359,0.069261,-0.019457,0.078375,0.022774,0.005472,-0.0084113,0.0054008,41.233,-0.0334,-0.0667,4661,-0.085885,-0.1192,-0.11562,-0.12778,-0.17603,-0.029753,-0.1406,0.00020529,0.006186,0.0045669,-0.029102,0.034124,0.045978,0.0091793,-0.00082125,-0.0017112,-0.00099627,-0.00047512,-0.0014631,-0.0018275,0.00019601,-0.0002828,-0.0030222,-0.00026562,0.00099144,0.00078613,-0.00026721,-0.0020173,0.0064501,-0.013318,-0.017947,-0.0023575,0.0041289,0.00037283,-0.004402,-0.00042633,-0.0021645,-0.0090544,-1.1504e-05,0.00041234,-0.0013549,-0.0070829,-0.0082199,-0.0072424,0.018772,-0.013532,-0.0062295,-0.011864,0.0064715,-0.0065123,0.003973,0.007796,-0.0026029,-0.0048494,-0.0076298,-0.0074935,0.010969,-0.0031375,-0.0041263,0.0058317,-0.0066176,0.0047097,0.0051195,0.34,0.2034,0.1366,0.07,-0.1733,-0.04,-0.2133,-0.1434,1.6967,1.67,0.07,0.18,-0.01,0.4,-0.011537,0.0423,-0.017837,0.0049966,0.0037165,0.032324,-0.0076434,0.00014922,0.019199,0.0019972,0.00084007,7.7,0.0083153,0.019801,0.017218,0.0060266,650.63,0.014477,-0.0050838,0.015184,12.167,0.0028487,-0.018092,-0.015687,-0.0057252,0.013515,-0.0051551,0.015833,0.025617,-0.0012479,84,-3.2308,0.1,0.2,0.10729,29251,0.0024933,0.01825,0.034713,0.3,0,-0.044658,-0.044916,-0.1467,-0.34,-0.4033,0.4333,0.05036,-0.20591,-0.012294,-0.0051314,-0.0021974,-0.0017283,-0.0011657,0.0011917,-0.00091939,0.00079745,0.0002568,0.00031551,0.052815,0.023502,-0.020785,-0.0025,0.0078272,0.019803,0.02,-0.0005,0.22,0.06,-0.040981,-0.072583,-0.10655,-0.18838,-0.03228,-0.043401,-0.0001364,0.005514,0.0101,0.023208,0.024305,32.11,0.025712,4.02e+05,0.018513,0.01478,10.09,0.0016088,0.0051307,0.0019799,0.0414,-0.031958
0.0084826,0.009631,0.014032,0.0073356,0.013811,-0.019591,-0.0071601,0.0052506,0.010548,-0.047697,0.3,0.0081767,6,0.006838,0.0043257,0.041034,0.0012878,0.01311,0.011786,0.011294,0.0040828,0.0022007,0.0056605,0.0012315,0.00056879,-0.0018683,0.0098637,-0.0050709,0.010455,0.003186,0.013912,-0.011009,80.269,78.544,0.0027005,0.0027169,-0.0080612,0.0044845,-0.0063719,-0.0072933,-0.0093989,-0.0050668,0.0081234,0.0017096,-0.0014305,0.0038887,0.0075289,0.0040387,0.013391,0.0040581,0.0026152,0.0034878,0.00388,-0.0018298,0.002422,0.0035381,0.0072973,0.1667,-0.2,-0.063698,-0.12547,-1.2,-0.0334,-0.2334,-0.026702,-0.0098538,0.014427,-0.15484,-0.019105,-0.040017,-0.058622,-0.081229,0.0091548,0.0039255,-0.011002,0.0034295,41.067,0.0334,-0.2333,4547,-0.080924,0.086905,-0.080383,-0.15663,0.041176,-0.11129,-0.016821,0.0081693,0.0025925,0.018616,-0.010871,0.055218,0.014685,0.0037472,-0.0088778,-0.0010997,-0.0035695,0.0016126,-0.0048146,-0.023139,-0.0019363,-0.0012357,-0.034829,-0.0011336,-0.0030358,0.00049051,-0.0034628,-8.8333e-05,-0.0019814,0.0023985,-0.21594,-0.0030022,-0.0024865,-0.0026806,-0.0056299,-0.0042205,0.00029858,0.0084743,-0.0018796,-0.013506,-0.0016487,-0.0087177,-0.023346,-0.013446,-0.00842,-0.026554,-0.018814,-0.020466,-0.19622,-0.1633,0.0051837,0.0074078,0.0032243,0.026406,0.021532,0.020908,0.015088,0.0083669,0.0073644,0.009517,0.0072936,0.009147,-0.012235,0,-0.0034,-0.0566,-0.1033,-0.2667,-0.32,-0.2933,-0.3133,1.65,1.61,0.01,0.08,-0.27,0.34,0.0089665,0.047314,0.0037012,0.020654,0.023379,0.018708,0.016206,0.0042395,0.058036,0.011251,0.006868,1.9,0.017209,0.015931,0.0028206,0.017465,653.47,0.025729,-0.0017589,0.027522,10.572,0.0058665,-0.007902,-0.0074893,0.0002081,0.01287,-0.0025066,0.012379,0.022789,0.015927,92.5,-10.348,0.3,-0.4,0.49235,2.0954e+05,0.0037884,-0.016403,-0.0063097,-0.9,0.1333,0.013936,0.021018,-0.2433,-0.3433,-0.6467,0.14,-0.00223,-0.015181,0.0016699,-0.067872,-0.0014528,-0.03037,-0.0049778,-0.0015947,-0.014899,-0.019897,-0.01432,0.0028759,-0.042138,-0.0065674,0.010527,0.0072,0.017233,0.011425,0.0167,-0.0007,-0.06,-0.01,-0.063742,-0.10439,-0.065819,-0.10311,0.052685,0.10954,-0.0019226,0.013266,0.0103,0.012277,0.014121,22.33,0.030478,4.1501e+05,0.020856,0.015804,13.35,-0.0013642,0.075547,0.076323,-0.0818,0.049483
0.0023522,0.0055801,0.013405,0.0048283,0.003365,-0.0069041,-0.00089332,0.013772,0.017841,-0.046268,0.2,0.001472,-2.4,0.016119,0.0059328,0.013875,0.011902,0.0084837,0.0029615,0.0031351,0.011652,0.0087777,0.0049425,0.002137,0.012556,0.017047,0.018976,0.00074618,0.022965,0.0025761,0.0044409,0.028632,80.411,78.742,0.004019,0.0043964,-0.0037096,0.0051069,-0.0015621,-0.0047168,-0.0019557,0.0010414,0.0067044,-0.00059605,0.0011006,0.0078253,0.0083217,0.0030488,0.012745,0.0057922,0.0020511,0.0062812,0.0060427,0.00048827,0.0015679,0.0025229,0.0036265,0,0.0667,0.0011396,0.069396,0,0.2,-0.0666,-0.037063,0.032628,-0.0050092,0.096081,0.033248,-0.034357,0.019786,0.048545,0.0018053,0.00060694,-0.0026305,0.00019914,41.067,-0.0667,0,4765,-0.071726,-0.097188,0.016104,-0.15996,-0.054539,-0.047525,-0.078489,0.0090369,0.012243,-0.0061918,0.019005,0.038836,0.010488,0.0018013,0.011109,0.0029399,0.0064573,-0.0022687,0.007946,0.024314,0.0011715,0.0039955,0.037179,0.0036193,0.0026098,-0.0029275,0.0012154,0.0050077,0.0084681,0.0012546,0.21196,0.0053484,0.0027969,0.0099094,0.0062719,0.0033482,0.0032383,-0.0011992,-0.0021134,0.013867,0.00069671,0.0236,0.031034,0.030852,0.021927,0.031183,0.019841,0.065802,-0.034028,-0.040475,0.0025432,0.0046581,-0.00055169,0.0094046,0.014455,0.014466,0.01428,0.0027588,0.0025345,0.021644,0.004833,0.021397,-0.011914,0.01,0.08,0.0166,0.0233,0.05,-0.02,-0.0234,0.0167,1.6167,1.54,-0.05,0.03,-0.3,0.25,-0.00064363,0.022711,-0.011344,0.0044112,0.0060903,0.020718,0.0021873,0.0012595,0.0093589,0.0095699,0.00439,1.8,0.0074867,0.00557,-0.0029136,0.0078701,653.07,0.015622,-0.011122,0.016633,12.444,-0.0035595,-0.0066879,-0.0054291,0.0033847,0.01561,-0.0014583,0.013944,0.019472,0.028215,92.2,5.585,0.1,0.1,0.44683,96618,0.0097943,0.03108,0.026609,0.7333,-0.2,0.029903,0.027893,0.0467,-0.2733,-0.61,0.1067,0.058411,0.013187,0.0024872,0.06372,0.0047136,0.031199,0.0013836,0.0022002,0.014706,0.021084,0.014438,-0.0015539,-0.02493,-0.021343,3.159e-05,0.0186,-0.017075,0.008106,-0.0133,-0.0017,-0.01,-0.03,0.043621,0.020676,-0.026159,0.089253,0.053208,0.022439,-0.0015031,0.013092,0.0116,0.018423,0.014571,191.25,0.021262,4.7278e+05,0.0047593,-0.004081,86.86,-0.10907,0.025455,0.025984,0.0023,-0.017389
0.0057124,0.0018517,0.010427,0.0016042,-0.0021382,0.010969,0.0046858,0.013862,0.021956,-0.040393,0.3,0.0090397,6.7,-0.0003668,0.0046908,0.015251,0.0062559,0.0025574,0.0081691,0.0069665,0.015325,0.012203,0.010519,0.0015749,0.015419,0.023847,0.015485,0.02475,0.05342,-0.0057369,0.027535,-0.0036985,80.882,79.253,0.002622,0.002548,-0.0045368,0.003615,-0.0025045,-0.0042868,-0.0049715,-0.0004772,0.0082551,-0.0023081,0.0023073,0.0041214,0.0032397,0.003707,0.01536,0.0027267,0.0030087,0.0018702,0.0052667,0,0.0035188,0.0034005,-0.0019476,-0.3333,0,0.0029084,-0.031817,1.1666,-0.1333,0,0.0038892,-0.011938,0.10358,-0.04329,0.012758,-0.0010881,-0.033485,-0.025374,0.029059,0.0015252,0.00419,0.0039084,41.3,0.0333,0.0333,4800,-0.0070963,0.016656,-0.098011,0.14684,0.079697,-0.060182,-0.026966,0.0051702,0.0095407,0.018556,0.033756,0.038401,0.021623,0.00622,-0.0013378,-0.0035131,-0.0041021,-0.0048294,-0.002421,0.0038328,0.00044313,-0.004055,0.0055495,-0.0037993,0.0024972,0.0018889,0.0030457,-0.01268,0.00054547,-0.0089845,0.054089,-0.0050132,-0.0037035,-0.010655,-0.001177,0.0015436,-0.00030804,-0.0056858,0.0038399,0.0015055,-0.00099983,0.0033623,0.020615,0.0058411,-0.015411,0.026075,0.015175,0.065421,0.10857,0.10757,0.0073089,0.0093079,0.0071801,-0.012368,-0.011575,-0.0087245,0.011136,0.0042557,0.005433,-0.00302,-0.012357,-0.0046794,0.022142,-0.0067,-0.2466,-0.1333,-0.0767,0.1667,0.15,0.2134,0.1966,1.6467,1.52,0.06,0.2,0.11,0.5,-0.0071065,0.062583,-0.0048944,0.0054773,0.014701,0.029325,0.0046013,0.010062,0.00071205,0.012764,0.011083,7.8,0.0026135,0.01814,0.015582,-0.00051871,651.07,0.013752,-0.023694,0.014283,13.964,-0.0044002,-0.02042,-0.018527,-0.031512,0.028434,-0.0091221,0.011609,0.015883,-0.064686,86.9,1.4568,0.2,0.2,-0.62739,-58965,0.014266,-0.0038363,-0.004401,-0.2666,0.1334,0.014364,0.011736,0.1166,-0.5133,-0.4867,0.3267,-0.023368,0.11204,-0.010357,0.017096,-0.0023823,0.0059331,0.0021284,-0.0016339,0.0021407,0.0031885,0.0018428,0.0033274,0.044852,0.013525,-0.007719,0.0105,-0.010272,0.014119,-0.0167,0.0003,0.01,-0.01,-0.073796,-0.094356,-0.078291,-0.15033,0.018005,0.044245,-0.0028009,0.018947,0.0114,0.025902,0.025679,-25.73,0.022542,4.6392e+05,0.0029553,-0.0078334,-41.91,0.04145,0.048626,0.058249,-0.0403,0.0015959
0.005418,0.0056201,0.012103,0.0052829,0.003136,-0.010145,-0.0056875,0.0052674,0.015566,-0.065896,0.3,0.0045135,3.5,-0.007043,0.0020161,0.029589,0.0040521,0.00088781,0.006364,0.0058372,0.002576,0.0027515,0.0030468,-0.0033782,0.0059257,0.0075723,0.0028577,-0.010616,-0.026913,-0.0010278,0.0067183,0.014109,80.776,78.915,0.00058201,0.00040293,-0.0066753,0.0020212,-0.0069048,-0.0072238,-0.0057216,-0.0086724,0.0076011,-0.0027927,-0.0017575,0.001592,0.0026091,0.00012131,0.0073631,0.00085293,0.0015159,-0.00013316,0.0026929,0.00097586,-0.00045544,0.0023224,0.00063744,-0.0334,0.1667,0.093906,0.06788,-0.3333,0.1667,0.2666,0.026679,0.023735,-0.019199,0.087945,0.075698,-0.025358,0.056967,0.037285,0.028461,-0.0039457,-0.0068187,-0.0033017,41.3,0,0,4645,-0.11839,0.050785,-0.10282,-0.04659,-0.21387,-0.10026,-0.16235,0.0039792,0.0077202,0.0090519,0.0045024,0.036331,-0.0099103,0.007435,-0.0024513,0.0011757,-0.0019333,-0.00028092,-0.0021272,-0.0086662,-0.0021295,0.00084864,-0.012381,0.00047342,0.00062902,-0.0058338,-0.0056514,0.0052877,-0.002618,-0.00085552,-0.084668,0.0040559,-0.0023274,0.0012277,0.0073943,-0.0072755,0.0016879,0.0081782,-0.0016887,-0.0049517,0.00030019,-0.012882,-0.031321,-0.017346,-0.011336,-0.032392,-0.014899,-0.20561,0.16877,0.14529,0.0044931,0.0016441,0.00071047,-0.0041839,-0.0026887,-0.0020203,0.0093856,0.0096753,0.0097816,-0.0053326,-0.0071167,-0.0058955,0.018243,-0.1767,-0.4334,-0.38,-0.41,-0.1167,0.18,0.1766,0.1367,1.9,1.82,0.12,0.22,0.43,0.94,-0.0035724,0.10279,-0.0070338,0.0092921,0.029307,0.048414,0.025793,0.01091,0.013933,0.014638,0.012322,0,0.00087086,0.012729,0.011841,-0.0015611,649.47,0.012194,-0.026916,0.012924,21.877,-0.016137,-0.037327,-0.035026,-0.029628,0.019826,-0.019749,-0.025722,0.017616,-0.049933,85.7,12.898,0.3,0.1,0.31553,98158,0.0026921,0.020657,0.0077596,0.1666,0,-0.019465,-0.037827,-0.26,-0.77,-0.57,0.68,-0.055922,-0.14557,0.00027964,-0.02259,0.0034979,-0.010809,-0.00029983,-0.0012002,-0.0058183,-0.0073235,-0.0055266,-0.0063463,0.012528,0.018195,0.010567,-0.0476,0.0073698,0.011576,0.0033,0.0013,0.01,0.17,-0.04475,-0.10087,-0.13835,-0.057944,-0.04533,0.020662,0.00075505,0.017858,0.0115,0.020903,0.018511,23.43,0.023759,4.7312e+05,0.0054644,-0.004915,-7.47,0.0041394,-0.0036869,0.017624,0.0578,-0.027689
0.00606,0.0028441,0.0073408,0.0033096,-0.00084268,-0.01238,-0.0095331,0.0062011,0.015301,-0.087062,0.2,0.0077161,6.8,-0.0027285,0.0023991,0.029558,-0.0091103,0.00067964,0.0054126,0.0057829,0.002321,0.0030398,-0.0021381,-0.011596,0.0090997,0.012839,0.0041518,-0.010294,-0.019663,-0.011953,0.014271,-0.018467,80.946,78.789,0.0016813,0.0010526,-0.0057989,0.0034026,-0.0073615,-0.0071234,-0.0035017,-0.011844,0.0069084,-0.0060108,-0.002091,0.0029368,0.0070969,0.0016362,0.0095826,0.002004,0.004952,0.0025593,0.0012628,0.0038939,0.0027296,0.0059441,0.0022426,0,0.1333,0.10301,0.039197,0.4333,0.1333,0.1,0.030167,0.068,-0.024293,0.05003,0.03332,0.048874,-0.051808,0.099802,-0.005196,-0.00049431,-0.010356,-0.0024573,41.2,-0.0333,-0.0667,4538,-0.10029,0.09553,-0.10078,-0.158,0.012739,-0.070478,-0.17922,0.0054248,0.013028,0.002814,0.062319,0.032206,0.01081,0.0066098,0.0041479,0.0015913,0.00040144,-0.00075271,-0.0020132,0.010084,0.0027076,0.001026,0.013959,0.0020547,0.0002436,5.066e-05,0.0081903,0.002167,-0.00057069,0.014448,0.067226,0.0025067,0.0029639,0.0043424,0.0017798,0.0090192,-0.0044907,-0.0023782,0.0016033,0.0058818,0.0018722,0.018036,0.016646,0.02252,0.021239,0.016622,0.015419,0.11031,0.15847,0.17862,0.00073522,0.0023653,-0.0020615,-0.001031,-0.000985,-0.0030784,0.012689,0.0078697,0.0062888,0.00268,-0.0016682,0.0031812,-4.5366e-05,-0.5766,-0.9133,-0.8533,-0.9033,-0.47,-0.32,-0.2233,-0.12,2.25,1.97,0.18,0.23,0.87,1.42,-0.010301,0.13556,-0.012276,-0.0016041,0.027593,0.054322,0.01809,0.0058758,0.023943,0.019711,0.011145,-6,-0.016251,0.0083977,0.007718,-0.021419,635.28,-0.0097978,-0.032587,-0.011013,24.444,-0.0096285,-0.044686,-0.042816,-0.049496,0.052267,-0.044714,-0.039868,0.010873,-0.062493,77.5,17.089,0.4,0.3,0.89045,1.4377e+05,0.0029499,-0.023582,-0.013179,0.1334,0.0333,-0.019013,-0.10427,-0.7166,-1.1067,-0.71,1.0333,0.13038,-0.004198,0.013637,0.021814,-0.001046,0.011666,0.0048384,0.0021435,0.0069157,0.0085335,0.0063531,0.00067303,-0.038409,-0.016291,-0.0057192,-0.0355,0.067198,0.015146,-0.0133,0.0003,-0.44,0.31,-0.056486,-0.10665,-0.079346,-0.16091,-0.053065,0.036911,0.001974,0.016094,0.0116,0.0081323,0.009309,4.39,0.025497,4.8212e+05,-0.00016332,-0.015235,-17.79,0.0066414,0.0021932,0.022945,0.0482,0.0040012
-0.0057636,-0.0026612,-0.033027,0.0046839,-0.0078024,-0.026663,-0.015456,-0.0051168,0.0039623,-0.083189,-0.1,0.0022002,6.1,-0.017151,-0.0056101,0.0084584,0.0031157,0.0027738,-0.011124,-0.010264,-0.0092794,-0.0036965,-0.0020991,-0.01107,-0.0029402,0.0011103,-0.0197,-0.036078,-0.054384,-0.0032746,0.015903,0.014297,80.754,78.163,0.00037593,-0.00024436,-0.0045418,0.0015439,-0.0058158,-0.0055971,-0.0027173,-0.010821,0.0073168,-0.0027772,-0.0013229,-0.0014027,0.00078818,0.0047721,0.02112,-0.00090132,0.0035902,-0.00094743,-0.002057,0.00036428,0.0024632,0.0046014,-0.0004422,0.1667,0.2,0.17574,0.0082516,0.7,0.2,0.1,0.01531,0.026886,0.079946,0.010951,0.052252,-0.019945,0.034973,-0.007824,0.086565,-0.0027707,-0.0081085,-0.003054,41.2,-0.0667,-0.1,4347,-0.091544,-0.016602,-0.14786,-0.21418,-0.062684,-0.079439,-0.051712,-0.012062,-0.0076798,-0.0034223,0.0063562,0.047339,0.018311,-0.0014604,-0.0014223,-0.00093173,-8.4939e-05,0.0017061,-0.00038948,-0.0019886,0.0013958,-0.0011226,-0.0041071,-0.0020137,-0.0080515,0.009597,0.0033848,0.0059979,0.0026888,-0.0070946,-0.026317,-9.8021e-05,-0.0012323,-0.0050338,-0.0011358,-0.0019811,0.0026832,-0.0059319,0.0015132,-0.0014183,-0.00041321,-0.0070872,0.014159,-0.0090504,-0.0017429,0.012581,0.0091695,0.17768,0.10623,0.0697,0.0042383,0.0069566,0.0032226,-0.0074609,-0.0012175,-0.0017288,-0.0011811,-0.0080762,-0.0074927,0.016692,0.0046493,0.017798,-0.020221,-1.32,-1.3467,-1.4767,-1.52,-0.5967,-0.35,-0.0733,0.24,3.0867,2.22,0.05,0.06,1.62,1.1,-0.0077545,0.090001,-0.0052712,0.007976,0.028335,0.035383,0.011752,0.0046647,0.008388,0.014638,0.0084906,-15.1,-0.031914,0.0029129,0.00013906,-0.039485,608.99,-0.026416,-0.046129,-0.029299,27.436,-0.012807,-0.060442,-0.056823,-0.018246,0.034587,-0.070965,-0.072655,-0.032271,0.022364,72.9,21.454,0.4,0.7,1.5533,1.4041e+05,-0.0066363,0.023218,0.0046204,0,-0.0667,0.052095,-1.483,-1.04,-1.1333,-0.43,2.28,-0.0022896,0.099296,-0.0054324,-0.0073664,-0.0035024,-0.0031642,-0.002194,-0.00010137,-0.0017777,-0.001913,-0.001286,0.0043387,0.0075689,-0.019572,-0.02501,-0.049,0.035369,0.019052,0.0067,-0.0003,-1.67,-0.03,-0.14571,-0.16622,-0.094236,-0.25881,-0.18798,-0.14727,-0.0016401,0.0043447,0.0116,-0.024045,-0.039794,-72.46,0.020691,4.8964e+05,-0.024798,-0.053093,-45.55,0.0052098,-0.10127,-0.088445,0.2428,-0.058605
0.0051506,0.0016202,-0.0072326,0.003226,0.001538,-0.018303,-0.0081596,-0.011929,0.0020274,-0.0465,-0.2,0.0084639,8.7,-0.010382,0.00069681,0.03146,-0.0090478,0.018135,0.0047118,0.0042747,-0.020611,-0.014849,-0.017299,-0.021199,-0.0089503,-0.013799,-0.028423,-0.04756,-0.083114,-0.013303,-0.014892,-0.0065539,79.707,76.642,-0.0034271,-0.0046744,-0.010104,-0.0014866,-0.013816,-0.011367,-0.0079289,-0.023603,0.0078897,-0.0028657,-0.0048657,-0.0058719,-0.0030824,0.00042176,0.014567,-0.007833,0.0029993,-0.010237,-0.0075261,0.0041192,0.0033609,0.0026591,-0.0019238,-0.0667,0.3333,0.23822,0.099908,1.2,0.3667,0.1667,0.059701,0.098004,0.11895,0.10983,0.068802,0.10187,0.063762,0.080609,0.090883,-0.0056125,-0.0040389,-0.0050629,41.033,-0.0333,-0.1,4070,-0.051425,0.078324,0.034519,-0.022574,0.20189,-0.11432,-0.078415,-0.0070656,0.0046764,-0.031129,0.046064,0.026515,-0.066328,-0.0037513,0.0018842,-0.00076562,-0.00058411,0.00014946,0.003039,0.0021427,-0.0037299,0.001784,0.0048503,0.0018786,-0.0022376,-0.0089684,-0.0039273,0.0014613,0.0068782,-0.0032058,0.01858,-0.0018864,0.0057634,-0.00024028,0.0087997,-0.00070887,-0.0031481,-0.0036288,0.0046962,0.0021518,-0.0022657,0.0066233,0.028287,0.0077349,-0.0066787,0.03643,0.016305,0.24621,0.23908,0.23068,0.0049123,0.0075687,0.0022211,-0.0082667,-0.011891,-0.01126,-0.016577,0.0097783,0.0098811,-0.0082102,0.02123,-0.0087484,0.025752,-1.09,-0.4166,-0.2567,-0.0267,0.2234,0.21,0.1433,0.24,3.1033,2.2,0.21,0.45,2.26,1.05,-0.0086502,0.07532,-0.0025687,0.003983,0.023378,0.022024,0.0066158,0.0074131,-8.4601e-06,0.0010484,0.0049687,-22.6,-0.026991,-0.0093493,-0.027484,-0.03095,579.82,-0.017947,-0.051,-0.01975,21.836,-0.030284,-0.060516,-0.055747,-0.017243,0.040561,-0.033824,-0.0052475,-0.0039496,0.0060585,59.6,-24.588,0.5,0.5,-0.305,-45249,-0.021379,-0.0081124,-0.0049281,-0.1,-0.2,0.0051273,5.3916,0.4133,-0.46,1.0733,3.5133,0.0028987,-0.0081489,-0.0028451,0.0038188,-0.0038317,0.0021326,-0.0050089,0.0019207,0.0018168,0.0048262,0.002549,-0.002884,-0.0032779,-0.0047052,0.011154,-0.0692,0.056213,0.009638,-0.0167,-0.0018,-0.46,0.59,0.44841,0.010835,-0.097862,0.075536,0.038607,0.038262,-0.0011865,0.0036062,0.0112,-0.021242,-0.033188,-117.97,0.014869,4.7525e+05,-0.024405,-0.050593,-68.98,0.044716,0.015767,0.030857,0.001,0.081202
-0.0054283,-0.007516,-0.034316,-0.00047663,-0.014691,-0.020253,-0.025631,-0.031979,-0.018846,-0.052067,-0.1,0.0078033,5.1,-0.026015,0.0048817,-0.0068606,-0.012975,-0.02124,-0.0085306,-0.0088589,-0.035839,-0.033498,-0.032413,-0.0239,-0.036401,-0.032839,-0.060137,-0.055029,-0.077448,-0.014934,-0.062115,-0.036419,77.066,74.053,-0.0051579,-0.0068114,-0.014964,-0.003089,-0.016377,-0.016782,-0.011843,-0.023,0.0076037,-0.0059595,-0.011147,-0.0097449,-0.0053985,-0.0033186,0.020816,-0.0088113,0.0032859,-0.0091544,-0.0088678,0.0036206,0.0058545,0.0023096,-0.004501,0.0334,0.6667,0.46563,0.22336,1.4334,0.8666,0.5333,0.049661,0.067123,0.17345,0.20898,0.14812,0.10247,0.11718,0.11254,0.11096,-0.01101,-0.021781,-0.010939,40.8,-0.0667,-0.2666,3583,-0.15872,-0.21825,-0.21159,-0.049133,-0.099504,-0.18612,-0.21862,-0.033727,-0.0098361,-0.058413,-0.023753,0.0091342,-0.077672,-0.0044623,7.4796e-05,-8.7221e-05,0.0037212,0.0036156,0.0018782,0.0042517,0.0033256,-0.0020967,0.0043358,-0.002183,0.0011743,0.011775,0.004854,-0.0093474,0.0025016,0.011638,0.006911,0.00013521,-0.0019817,0.0002426,-0.0060085,0.0019285,0.0048857,-0.0078351,-0.0077044,0.0023755,0.0020805,-0.0011277,-0.04137,-0.0018454,0.0024935,-0.046139,-0.009607,-0.10186,-0.03799,-0.053911,0.0052724,0.0076547,0.0020733,-0.0023863,-0.0064396,-0.006635,-0.01406,0.0023975,0.0021469,0.0064573,0.026922,0.0064056,0.010089,-0.1467,-0.1334,-0.0133,0.05,-0.0234,0.22,0.0533,0.2167,3.3433,2.45,0.33,0.63,2.37,1.3,0.022876,0.014972,0.0086053,-0.0030185,-0.0033053,0.012398,0.02134,-0.0011896,-0.0061051,-0.0076808,-0.0036726,-34,-0.034934,0.0051761,0.026416,-0.044262,566.62,-0.032002,-0.04289,-0.035316,33.422,-0.036657,-0.055017,-0.052006,0.036865,-0.039428,0.040174,0.027757,-0.041488,0.030907,64.8,34.121,0.1,0.2,3.4631,4.5595e+05,-0.037818,-0.033671,-0.040935,0.9,-0.2,0.30734,-3.4646,-0.0533,-0.4467,1.1667,3.7133,-0.1461,-0.13235,0.0089895,0.0089781,0.00081173,0.005684,0.00087996,-0.0001075,0.0020254,0.0027345,0.0024749,0.0037226,0.0071433,-0.0017597,-0.0038971,-0.1114,0.15456,0.010472,0.0267,0.0023,0.12,0.86,-0.71302,-0.11402,-0.085828,-0.24441,-0.077702,-0.057134,-0.00017637,-0.0072255,0.0104,0.012911,5.2993e-05,-94.07,0.011879,4.4983e+05,-0.012529,-0.0297,-63.47,0.066837,-0.091336,-0.074289,0.2179,0.025041
-0.021876,-0.0093501,-0.07639,0.0012963,-0.0095835,-0.10115,-0.068423,-0.12392,-0.060001,-0.10223,-0.4,0.0065227,5.2,-0.035017,0.002703,-0.057057,-0.037462,0.0086734,-0.031258,-0.03001,-0.056673,-0.043715,-0.034822,-0.020001,-0.045028,-0.1011,-0.060938,-0.086269,-0.087004,-0.0018121,-0.079864,0.047374,73.579,69.915,-0.011733,-0.014038,-0.026097,-0.0084573,-0.029807,-0.03039,-0.01879,-0.040054,0.0043216,-0.011615,-0.01468,-0.01911,-0.0091045,-0.0065487,-0.00085878,-0.016395,-0.00010344,-0.016933,-0.0158,0.002887,-0.0014122,-0.00020559,-0.008156,-0.1667,0.8667,0.52874,0.33315,0.8,1.0667,0.6334,0.085745,0.12893,0.15039,0.2463,0.23203,0.02815,-0.016023,-0.035424,0.20599,-0.023651,-0.041188,-0.02496,40.133,-0.2333,-0.5,3207,-0.26287,-0.34991,-0.296,-0.29651,-0.72529,-0.15769,-0.20822,-0.04867,-0.083905,-0.1694,-0.18959,-0.016586,-0.18906,-0.013264,-0.025433,-0.0042238,-0.0050717,0.013711,-0.0068064,-0.062318,-0.0039417,-0.006999,-0.089822,-0.0064103,-0.0046838,-0.0058971,-0.0015413,-0.0049266,-0.011045,-0.014332,-0.5025,0.00041541,-0.0095777,0.00024912,-0.0055738,-0.013248,-0.0034465,-0.01808,-0.0010867,-0.038469,-0.0039707,-0.074157,-0.14121,-0.097517,-0.025359,-0.14864,-0.13813,-0.47639,-0.75089,-0.70432,0.0081261,0.013079,0.0073645,0.046716,0.033677,0.032684,-0.015475,-0.0062909,-0.0063574,0.015874,0.039023,0.016788,-0.0206,-1.4333,-1.1966,-1.09,-1.13,-0.61,-0.45,0.1634,1.6333,5.5867,2.6,0.43,0.7,2.96,1.64,0.49571,0.025184,0.090677,0.055309,0.045324,0.034938,0.045564,-0.002806,0.047848,-0.0061983,-0.0040997,-47.2,-0.053191,-0.021375,-0.030049,-0.060927,528.53,-0.053967,-0.051078,-0.059263,59.092,-0.0097129,-0.052473,-0.053256,0.10307,-0.13107,0.075205,-0.11332,-0.18719,0.15135,57.7,30.452,-1.3,-2.3,5.916,8.7979e+05,-0.061663,0.030956,0.069602,1.8,-0.5333,1.8471,-0.72544,-0.9267,-0.21,1.6733,5.31,-0.32706,-0.26695,-0.01397,-0.17839,0.0010438,-0.080599,-0.0056681,-0.0088691,-0.043223,-0.056358,-0.041074,-0.001155,-0.031022,-0.027561,0.039431,-0.0837,0.18556,-0.028442,0.1366,0.001,-0.86,1.43,-0.28041,-0.29577,-0.32755,-0.23046,-0.38189,-0.35613,0.00030696,0.0079451,0.0091,-0.031155,-0.055694,-244.17,0.017967,3.9741e+05,-0.027709,-0.061854,-115.43,0.14187,-0.31921,-0.30549,0.8414,-0.13022
-0.01129,-0.0022612,0.0019061,-0.0035391,-0.00034307,-0.1228,-0.083032,-0.11848,-0.078317,-0.10167,-1,0.010986,5.2,-0.11584,0.0099499,-0.084248,-0.10405,-0.0042995,-0.016701,-0.015774,-0.061162,-0.057788,-0.048381,-0.040617,-0.059466,-0.12925,-0.042782,-0.14488,-0.23203,-0.014531,-0.059868,-0.0002826,69.222,65.491,-0.016789,-0.020324,-0.049419,-0.010558,-0.052264,-0.05984,-0.032029,-0.059185,0.0050896,-0.016341,-0.018136,-0.027961,-0.0092134,-0.013227,-0.039427,-0.018196,0.00073866,-0.018008,-0.020302,0.0063462,0.00057798,-0.00027418,-0.018143,-0.2,1.4,1.0161,0.40372,1.4666,1.6667,1.1333,0.067256,0.17759,0.28946,0.23119,0.25842,0.074643,-0.083443,0.10385,0.16519,-0.02574,-0.056879,-0.026108,39.533,-0.2,-0.4334,2697,-0.23211,-0.19663,-0.17029,-0.21511,-0.18736,-0.23442,-0.26028,-0.037174,-0.021849,-0.21128,-0.08886,-0.05407,-0.22234,-0.022037,0.0091172,0.00045089,-0.0018898,-0.026638,-0.00023128,0.027877,0.0017676,-0.00045858,0.040067,-0.00035358,0.0094965,0.00366,-0.0071451,0.0011946,-0.014671,0.014985,0.19915,0.0058033,0.0016556,0.0022001,-0.0088015,0.0050957,-0.00337,-0.0061573,-0.0026632,0.016266,0.0017431,0.030733,0.069756,0.044433,-0.021099,0.073675,0.04064,-0.26099,-0.40837,-0.30748,0.0063359,0.0060801,0.0061143,-0.0098667,-0.019665,-0.019478,-0.0042915,0.0094108,0.0099751,-0.036262,-0.012387,-0.035884,0.055869,-0.3234,-0.0834,-0.34,-0.4266,-0.5166,-0.8,-0.5434,-0.6267,5.4767,2.32,0.18,0.35,2.52,0.58,0.15559,0.068383,0.036453,0.038131,0.052422,-0.029239,0.019457,-0.0021806,-0.0023566,-0.01509,-0.0070789,-16,-0.020825,-0.0080179,-0.0037183,-0.024026,518.2,-0.01668,-0.032189,-0.018138,44.999,0.0064043,-0.05139,-0.055862,0.017532,-0.010991,-0.0081499,-0.025709,-0.08863,0.026868,58.3,13.736,-1.2,-2.6,3.8097,5.2664e+05,-0.069901,-0.008907,0.01164,0.7333,-0.4667,-1.8999,-2.8678,-0.4167,0.03,1.58,5.09,0.20217,0.13827,0.014041,0.089478,0.0016436,0.037298,0.0086649,0.001322,0.020739,0.024413,0.017206,-0.0038079,-0.034959,-0.025235,-0.030706,-0.0914,0.18467,-0.045303,0.0434,0.0038,-1.14,0.61,-0.06486,-0.15415,-0.13873,-0.31559,-0.095787,-0.078387,-0.00031069,-0.014493,0.0076,-0.027415,-0.021937,-183.27,-0.00055436,3.3944e+05,-0.030214,-0.053912,-97.19,0.15712,-0.11704,-0.072323,0.2789,0.14577
-0.0014409,-0.0040584,-0.0071692,-0.0030011,-0.0059888,-0.059387,-0.037046,-0.040553,-0.030899,-0.063218,-1.4,0.014285,9.7,0.0020812,0.0085261,0.0030235,-0.042449,0.010693,-0.0021293,-0.0022006,-0.02162,-0.02891,-0.031021,-0.01711,-0.027512,-0.058407,0.011135,-0.024563,0.010287,-0.015123,-0.056906,-0.010955,67.108,63.97,-0.014058,-0.017423,-0.042086,-0.0084253,-0.047453,-0.053738,-0.0232,-0.05538,0.0036513,-0.016017,-0.023084,-0.021948,-0.0077177,-0.0067419,-0.068897,-0.015115,0.0022864,-0.011436,-0.020554,0.025688,-0.0019922,-0.00073151,-0.0084835,0,1.0333,0.32142,0.66694,1.7,1.2666,0.6,-0.073629,0.076202,0.24949,0.29851,0.1481,0.094139,-0.010745,0.080217,0.039906,-0.022475,-0.04218,-0.022568,39.467,-0.1667,0.0334,2478,0.016352,-0.41773,0.037649,0.073251,0.1198,-0.060926,0.099941,-0.019933,0.0032265,-0.017391,0.0014543,-0.061565,-0.025901,-0.028444,0.010489,0.0035837,-0.0017489,-0.007763,-0.0048679,0.028843,0.0027753,0.0018229,0.041103,0.001411,0.0082702,-0.0020262,0.00096999,0.0025471,-0.0058842,0.00018154,0.30511,0.013278,-0.0030968,-0.0021337,-0.0071217,-0.0024635,-0.0037779,0.032779,-0.00045614,0.012206,0.00089658,0.026611,0.059483,0.0349,0.027358,0.060996,0.052502,-0.29132,0.4201,0.32186,0.00018765,0.002452,-0.00026551,0.018839,0.019278,0.018903,0.020565,0.020429,0.020264,0.003952,0.0036048,0.0041701,-0.017825,-0.0033,-0.04,-0.07,-0.0467,0.5766,-0.03,0.24,-0.23,4.67,1.72,0.15,0.35,3.14,0.23,0.053538,0.0099415,0.02799,0.0064322,0.014359,-0.047171,-0.033787,-0.0078329,0.0060979,-0.030951,-0.016507,-5.9,0.010375,-0.0059401,-0.016633,0.014444,520.15,0.020757,-0.018887,0.023308,30.388,-0.03129,-0.032625,-0.033246,-0.041142,0.044285,-0.032291,0.039399,0.07702,-0.063853,68.2,-41.456,0.1,-0.4,3.1392,3.9315e+05,-0.028031,-0.013482,-0.0075565,2.3667,-0.1333,-0.18977,4.1159,0.47,-0.0067,2.0533,5.3333,0.17165,0.15095,-0.00050475,0.08105,0.00044686,0.034618,0.0072314,-0.0028624,0.014976,0.018956,0.013001,-0.002559,0.038049,0.024658,0.016533,-0.0388,-0.020063,-0.039277,-0.0434,-0.0016,-0.4,0.22,-0.047502,0.051672,0.040822,0.066894,0.16027,0.15553,-0.00056842,0,0.0078,-0.07043,-0.059964,-40.87,0.0012939,3.451e+05,-0.032539,-0.061182,-18.58,-0.015248,0.097534,0.083031,-0.4862,0.46211
0.0036345,0.0068752,0.047518,0.0018599,0.0031698,-0.0022854,0.0036441,0.024914,-0.005847,0.045553,-1.4,0.0026312,3.7,-0.00025048,-0.0015254,0.035706,0.040862,-0.011372,0.0035898,0.0043529,0.023696,0.014914,0.012532,0.013072,0.021065,0.039936,0.02107,0.093749,0.22404,-0.0068566,0.0094812,-0.016022,68.163,65.511,-0.0073989,-0.0078289,-0.020794,-0.0041697,-0.027147,-0.025717,-0.012986,-0.038511,0.004842,-0.0075491,-0.014447,-0.0069182,-0.0015303,-0.0020501,-0.037059,-0.0080353,-0.0053332,-0.0055764,-0.012051,-0.01394,-0.0070366,-0.0030461,-0.0064401,-0.3667,0.3333,-0.41498,0.7372,1.6334,0.2334,0.3667,-0.083848,-0.12096,-0.061729,0.24643,0.040412,0.016973,0.0080692,0.12292,-0.010332,-0.01182,-0.010771,-0.011573,39.967,0.0667,0.2666,2370,0.096274,-0.26001,0.081234,0.17048,0.052367,0.12063,0.0054195,0.014528,0.019892,0.065228,0.034842,-0.03608,0.079827,-0.028966,0.0023997,-0.00095955,0.0016755,0.0024686,0.005132,0.0012038,-0.0050875,0.0028975,0.0041954,0.0028615,0.0051041,-0.016454,-0.0074841,-0.0057988,0.0034109,-0.0051592,0.069831,-0.017756,0.00010335,0.00023977,0.016804,0.010397,-0.0014571,0.011604,0.001434,0.0032638,-0.0021091,0.0034337,0.0041167,0.0047552,-0.008974,0.012269,0.022973,0.015931,0.11132,0.13233,0.002732,-0.0036805,0.0068686,-0.005068,-0.0023833,-0.001608,0.034472,0.015166,0.01618,-0.0093178,-0.031083,-0.009076,0.014272,-0.0233,-0.0166,-0.0733,-0.0733,0.2034,0.13,-0.2466,-1.3233,3.1433,1.64,0.09,0.29,3.36,0.13,-0.018118,-0.035734,0.011637,-0.0050437,-0.0057056,-0.07437,-0.017049,-0.0074965,-0.016966,-0.02211,-0.012915,-6,0.0226,-0.0031784,0.0081934,0.028863,541.51,0.033302,-0.008824,0.037192,24.241,-0.030305,0.01276,0.010783,-0.054798,0.049489,-0.046374,-0.040654,0.057112,-0.06236,68.4,7.5603,0.4,0.9,2.1517,3.0192e+05,0.019377,-0.022392,-0.0068702,3,0.2667,-0.12149,-0.4051,0.2334,0,2.31,5.11,0.009425,0.19679,-0.00493,0.023727,-0.0013134,0.0049861,-0.0064677,0.001895,0.0035051,0.0061116,0.0035765,0.00014932,0.0075974,0.0094427,0.013087,-0.0126,-0.093941,-0.033696,-0.09,0,-0.12,0.13,0.097764,0.1407,0.046884,0.10859,0.08515,0.13501,-0.0038314,-0.0036563,0.0078,-0.054772,-0.039322,-30.63,-0.0038085,3.4532e+05,-0.023898,-0.041783,-14.48,-0.0044409,0.11073,0.099831,-0.4742,0.5587
0.010924,-0.0014842,-0.023816,0.00038289,0.0031835,0.088435,0.0050276,0.045161,0.0066384,-0.0020189,-0.4,0.0018493,6.2,0.027303,-0.0069025,0.057362,0.047376,-0.00024645,0.014082,0.013525,0.017408,0.015573,0.010666,0.0070212,0.022274,0.039628,0.024156,0.024336,0.052825,0.0026273,0.018129,0.019395,69.499,66.95,-0.0038573,-0.0047561,-0.01046,-0.0018148,-0.016586,-0.013206,-0.0061479,-0.029332,0.0052066,-0.0045054,-0.0068787,0.0036164,-0.0064786,-0.0064261,-0.012497,-0.0082636,0.00044429,-0.0074854,-0.0090331,0.0045901,0.0015536,-0.00075724,-0.007457,-0.4666,0.3,-0.18759,0.49631,1.8666,0.3,0.2,0,-0.068407,-0.0066329,0.13456,0.0073027,0.021593,0.055456,0.12482,0.015716,-0.00037953,-0.0016968,0.00049542,40.433,0.0333,0.3334,2448,-0.035759,-0.049226,0.027102,-0.048163,-0.063179,0,-0.099372,0.012005,0.006229,0.022507,0.050722,-0.041595,-0.021426,-0.0025976,0.00082639,0.0026776,0.0031641,0.0099886,0.0028881,-0.0042148,0.011118,0.0032074,-0.011378,0.0037611,0.019312,0.0033267,0.0071215,0.012034,0.0057905,-0.0038525,-0.093328,-0.0035688,0.00093154,0.003254,0.0017977,-0.0090784,0.0064032,0.018459,0.0033442,-0.00076829,0.0021259,0.0075078,0.0026176,0.0096498,0.029478,-0.004728,0.0011619,0.22119,0.12122,0.10294,0.0014368,0.006807,-0.0027696,0.0063432,-0.0020104,-0.0020983,0.019096,0.013585,0.013903,-0.0082431,-0.0049783,-0.0078337,0.014434,-0.0367,-0.1,-0.0867,-0.0967,-0.0567,-0.24,-0.0667,-0.3333,2.8667,1.46,0.1,0.29,3.4,0.15,0.1336,-0.084577,0.0047803,-0.0025058,-0.013209,-0.064885,-0.017357,-0.0057844,-0.014825,-0.03368,-0.01599,-1.9,0.0028027,-0.0065474,-0.006301,0.0050257,544.37,0.0047853,-0.0031654,0.0051599,21.155,-0.013701,0.010287,0.0092833,-0.033545,0.031502,-0.038693,-0.039828,-0.0039686,-0.038368,70.2,-16.254,0.7,0.9,1.5721,3.2541e+05,0.01723,0.046402,-0.018499,3.0333,0.2333,0.28839,0.30233,-0.1667,-0.0633,2.18,5.08,0.091825,-0.039022,-0.0015359,-0.013566,0.00043268,-0.0043426,0.016565,0.0017489,-0.0015961,-0.0016001,-0.00085153,0.0011509,0.0014444,-0.029402,-0.025138,0.0008,-0.10601,0.0023915,-0.04,-0.0009,-0.08,0.08,0.17082,0.042819,0.020508,-0.057003,-0.015903,0.086591,-0.0021566,-0.0051414,0.0073,-0.0026846,0.014143,-37.19,-0.0066821,3.2363e+05,-0.0075112,-0.0082644,-24.46,0.058182,0.088293,0.093967,-0.3565,0.44292
0.0038404,0.0049323,0.012193,0.0037177,0.0052752,0.022499,-0.00038843,0.068356,0.0069635,-0.032823,0,-0.0038626,4.7,0.027836,-0.014258,0.014903,0.023867,0.0056063,0.0046822,0.0040306,0.015852,0.019471,0.010643,-0.00082577,0.029981,0.049932,0.011237,0.0057059,-0.0012513,-0.0024039,0.028378,0.018538,71.287,68.403,-0.001337,-0.0014496,-0.0045291,0.00014567,-0.010696,-0.0044251,-0.0046919,-0.026662,0.0041223,-0.0037916,-0.0080244,0.0030204,-0.0031649,-0.00056347,0.017452,-8.1622e-05,-0.00079986,0.0034514,-0.0072746,0.01619,-0.0018128,-0.0037948,0.0016031,0,-0.1,-0.35743,0.28295,-0.9666,-0.0334,0.0333,-0.048359,-0.038174,-0.079683,0.072032,-0.026375,0.066794,-0.029765,-0.038861,-0.01826,0.00068517,0.0051978,-6.3231e-05,40.767,0.1,0.1666,2721,0.084954,0.11676,0.053617,-0.016583,0.10318,0.079693,0.17232,0.010476,0.014882,0.10391,0.019267,-0.012644,0.15593,0.0023034,-0.0042955,-0.0033201,-0.0014268,-0.00088345,0.0013321,-0.0065764,-0.0088437,-0.0032061,-0.0055482,-0.0038101,-0.019419,0.0017054,0.00073006,-0.018755,0.0040267,0.0015239,-0.048082,-0.00077772,-0.00071412,-0.0035604,-0.0072325,-0.002386,-0.0043945,-0.01258,-0.0029322,-0.0062151,-0.0049522,-0.0032803,0.011493,-0.0044342,0.0069375,0.011338,0.0038553,0.24516,0.05314,0.030184,0.0031151,0.0040605,-0.00018451,-0.024251,-0.0081927,-0.0089395,0.010667,0.0047479,0.003347,-0.01071,-0.033348,-0.011375,0.025465,0.0133,0.05,0.0233,0.0167,0.2567,0.08,0.0933,-0.04,2.57,1.28,0.08,0.26,3.61,0.1,0.035907,-0.078836,0.0052705,-0.0014604,-0.011205,-0.053523,-0.0029211,-0.00036418,-0.015333,-0.028251,-0.010387,9.6,0.010583,-0.012356,-0.017963,0.015929,550.02,0.01572,-0.0051058,0.017634,18.493,-0.014961,0.0089752,0.0052663,0.027367,-0.06504,0.034919,0.0087573,-0.046007,-0.013924,73.9,14.705,0.2,0.5,2.6032,4.3995e+05,0.016654,0.046196,-0.021854,1.8667,0.3333,-0.21681,-0.55876,0.1233,-0.0267,2.29,5.16,-0.03286,-0.10541,-0.0016031,-0.026421,0.0021109,-0.0088611,-0.0084454,-0.0042587,-0.0077918,-0.0066066,-0.0067936,-0.0015185,0.10089,0.029711,-0.00065088,0.0192,-0.047004,0.0082658,-0.0233,-0.0013,0.01,0.07,-0.072838,-0.030397,0.047976,0.21078,0.052943,0.052961,-4.5798e-05,0.00073611,0.0072,-0.019682,-0.012492,-20.56,-0.0077933,3.1706e+05,-0.006716,-0.0057376,-6.52,0.01272,0.029766,0.03273,-0.1357,-0.3816
0.009178,0.0079222,0.031039,0.0052285,0.0054666,0.051149,0.035791,0.063171,0.032272,0.050628,0.2,0.0034117,5.4,0.018909,-0.0033827,0.023379,0.045301,0.016342,0.011172,0.01151,0.024046,0.019449,0.013053,0.0026421,0.02439,0.0493,0.015797,0.027086,0.026355,-0.0037755,0.03752,-0.01856,73.178,70.49,0.0048953,0.0033832,0.0056003,0.0049903,0.0042922,0.0085943,0.00089539,-0.0016864,0.0039549,-0.0027666,-0.0079662,0.0079104,0.0057307,0.00075122,0.030667,0.0017127,0.012078,0.0014581,-0.00096032,0.1029,-0.0014266,-0.0022145,0.004581,0.0333,-0.2,-0.4005,0.22032,-0.0334,-0.3666,0.0333,-0.037899,-0.072231,-0.14026,0.054707,-0.029218,-0.023619,0.04021,0.0084555,-0.0037149,0.0086871,0.008422,0.0082285,41.167,0.1334,0.3,3016,-0.026231,0.22884,-0.092324,0.036128,0.057158,-0.0031529,-0.18736,0.02058,0.016884,0.032058,-0.0025138,0.0060318,0.048929,0.0046188,-0.0022812,-0.00067115,0.0020716,0.004582,-0.00042712,-0.0073387,-0.0035121,0.00015865,-0.009103,0.00043892,-0.012655,-0.0026986,-0.0030559,0.012356,-0.0010074,-0.005915,-0.048794,-0.002174,0.00094132,-0.00057504,0.0005757,0.0078489,0.0025568,-0.0051257,0.00079256,-0.0019367,0.0011047,-0.012985,-0.016959,-0.018491,-0.026155,-0.016184,-0.01306,-0.26543,-0.0037308,-0.011593,0.002521,-0.00078283,0.0029969,0.017301,0.011435,0.010819,0.015611,0.0029371,0.002821,0.0076762,0.0013646,0.0081825,-0.001092,0.06,0.04,0.0334,0.0133,-0.2267,-0.09,-0.25,-0.11,2.6867,1.42,0.07,0.23,3.34,0.25,-0.026319,-0.097831,0.011219,0.010643,-0.0046817,-0.02375,0.31124,0.0021532,-0.010326,-0.022477,-0.0065509,14,-0.010934,-0.0065473,-0.022889,-0.011945,534.68,-0.013881,-0.001894,-0.014735,27.079,-0.011212,0.0016287,0.00065634,0.036641,-0.083215,0.046365,0.015597,-0.045072,-0.013147,73.9,3.0407,0.2,0.4,1.6817,4.3371e+05,0.024747,-0.052484,0.031224,3.3666,0.6334,-0.11029,-0.20635,-0.17,-0.0467,2.06,4.85,-0.11114,-0.013721,-0.0021539,-0.020012,-0.0025147,-0.010914,-0.011792,0.0038542,-0.0019043,-0.0057669,-0.0019067,0.0004756,0.010984,-0.0036745,-0.017083,0.0225,-0.033209,0.014265,-0.01,-0.0017,0.19,0.21,-0.040822,-0.028171,-0.071761,-0.22201,-0.015849,0.026614,0.0013885,0.0014706,0.0071,0.040959,0.039347,18.04,-0.0060512,3.0978e+05,0.017152,0.037737,7.26,0.017193,0.012097,0.0067336,-0.0285,-0.49144
0.0073451,0.0069691,0.015575,0.0067105,0.0037256,0.043631,0.0053942,0.052471,0.026716,-0.09281,0.7,-0.0068337,-1.7,0.021897,-0.0086471,0.02732,0.03601,0.007094,0.010975,0.010879,0.009434,0.012977,0.010309,0.0073801,0.018364,0.023404,0.0088503,0.023922,0.054246,0.0029122,0.021872,0.027674,74.57,71.595,-0.00019423,0.0030694,0.0034086,-0.00058877,0.0023079,0.0059865,-0.00067147,-0.0033814,0.0034561,-0.0028611,-0.0030809,0.0064421,0.0061565,6.257e-05,0.028823,0.00255,-0.015774,0.0017049,0.0011894,-0.078923,-0.0014287,-0.0073941,0.00079934,-0.2667,-0.1666,0.055476,-0.23976,-0.2,-0.2667,-0.0666,0.013959,0.046083,-0.031477,-0.058135,-0.015394,-0.030282,-0.079774,0.03854,-0.0020321,0.004773,0.012093,0.005431,41.233,0.1,0.0667,3021,-0.037804,0.28117,-0.043745,-0.056399,0.022885,-0.1124,0.1305,0.014065,0.0048595,0.040443,0.013709,0.01054,0.040881,0.01994,0.00062607,-0.00088496,-0.00087084,0.00046096,-0.0020141,0.0056266,0.0014958,-0.0017562,0.0075458,-0.0022515,0.0051639,-0.00029699,0.0008972,-0.0029998,-0.0019979,0.0020122,0.049718,0.0019987,0.00059833,-0.0010519,-0.0057226,-0.0025147,-0.00065208,-0.012911,-0.0013985,0.0032801,0.0011637,0.0026041,-0.009661,0.0039016,-0.010642,-0.011491,-0.011182,0.045078,-0.029213,-0.023745,0.0032086,0.0038381,0.0045689,-0.0017353,0.0011612,0.0016679,-0.0026597,0.0055468,0.0061002,-0.0014055,0.003948,-0.0013608,0.0049926,-0.0066,0.01,-0.0234,-0.11,-0.7033,-0.46,-0.4633,-0.4,2.99,1.66,0.04,0.11,2.63,0.14,-0.018072,-0.011491,0.015973,0.0068931,0.0096307,-0.010163,-0.017513,0.0068651,-0.013293,-0.023823,-0.0037865,22.6,0.022662,-0.0057102,-0.012804,0.029104,546.58,0.035391,-0.017184,0.038878,22.427,0.0080851,-0.0093255,-0.012412,-0.022845,0.01597,-0.072318,-0.071268,0.039161,0.010454,68.3,26.907,0.3,0.3,1.484,3.5184e+05,0.010181,0.04252,0.0076353,-0.2666,0,0.023981,0.0042866,-0.7066,-0.03,1.36,4.3933,0.042064,0.002003,-7.9871e-05,0.019768,-0.0022071,0.0088157,0.0055336,-0.00040416,0.0039735,0.004447,0.0036694,0.0013016,-0.11426,0.01296,0.042358,0.0047,-0.00086437,0.024796,0.0133,-0.0005,-0.1,0.11,-0.047402,-0.065598,-0.050487,-0.005666,-0.10057,-0.045692,0.0012911,0.0095065,0.007,0.0059036,0.011037,-3.57,-0.0038837,3.0387e+05,0.0098974,0.021708,2.27,0.015379,-0.03483,-0.031591,0.0891,-0.412
0.0050065,0.006592,0.027557,0.0030856,0.0074456,-0.0031907,0.018739,0.020055,0.019245,0.016417,0.4,-0.0062634,-0.6,0.0071241,-0.0096739,0.028596,0.0080655,0.0055913,0.0076448,0.0070179,0.0026998,0.0033134,-0.0023138,-0.0035126,0.0080901,0.018296,-0.0046339,-0.015196,-0.026361,-0.00042755,0.0064151,-0.012094,75.095,72.143,0.0025373,0.00425,0.0018727,0.0027397,0.0012549,0.0043612,-0.0020919,-0.0031502,0.0054685,0.00039063,-0.0044532,0.010881,0.0036606,0.0036851,0.02484,0.0034618,-0.0057575,0.0020495,0.0033377,-0.030116,0.0014936,-0.0034025,-0.0013142,-0.2,0.0333,0.036764,0.014658,0.0334,-0.0333,0.1666,-0.0043489,0.0021375,0.031913,0.0028489,-0.0022763,0.015353,0.021878,0.041006,0.0037224,0.0046158,-0.0018637,0.0046569,41.267,0.0666,0.1,3120,-0.066573,-0.4018,0.016129,-0.078054,-0.032188,-0.05446,-0.10654,0.0077092,0.027203,0.00518,0.059429,0.01881,-0.021945,0.0097568,0.0042762,0.0013858,0.0019631,0.0026675,0.0040822,0.011377,0.0043088,0.00084301,0.014629,0.00076081,0.0032713,0.0027742,0.0030908,0.010021,0.0028436,0.0012436,0.088525,-2.7978e-05,-7.4203e-05,-0.00015245,0.0052762,-0.003382,0.00087577,0.0079769,-0.0016568,0.0051376,0.00019499,0.014507,0.015901,0.020911,0.028002,0.013271,0.02576,-0.13376,0.1145,0.10729,0.0037142,0.0058462,0.0026165,0.0053141,-0.0030696,-0.0036272,0.004568,0.0029925,0.0024057,0.0019568,0.0087339,0.0019213,0.0087314,0,-0.02,-0.01,-0.0133,0.0766,-0.04,0.2767,0.1366,3.05,1.55,0.05,0.12,2.73,0.12,-0.010057,-0.012387,0.029909,0.0046917,0.008506,-0.0022651,-0.020824,0.037184,-0.011684,-0.023688,0.016682,20,0.021317,-0.0016813,-0.0072726,0.026377,558.06,0.030875,-0.010033,0.03345,17.791,-0.010011,-0.015203,-0.018099,-0.039325,0.049235,-0.056479,-0.038221,0.018451,-0.024861,71.3,-0.5006,0.5,0.3,2.0922,3.9638e+05,0.0029576,-0.018018,-0.003487,0.5333,0.1666,0.012594,0.010584,-0.06,-0.05,1.3,4.67,0.043147,0.15453,0.0030689,0.026361,0.0024379,0.013562,-0.0011454,-0.00032856,0.0053185,0.0072372,0.0053268,0.0014313,0.048705,0.063177,-0.011162,0.0058,-0.070451,0.029444,-0.0033,0.0036,-0.04,0.07,0.16929,0.033337,-0.078988,0.12282,0.050684,0.1253,0.00071689,-0.0036456,0.0073,0.0071685,0.018648,47.89,-0.0093387,3.1274e+05,0.0037016,0.014603,19.44,-0.038121,0.093629,0.10573,-0.1516,-0.16241
-0.0024073,0.0042445,0.0086293,0.0038569,0.0033527,-0.019032,-0.0017881,0.024382,-0.0013576,-0.0033812,0.2,-0.012267,-5.4,0.015597,-0.011136,0.008456,0.0064709,0.010139,-0.0053891,-0.0052562,0.0092086,0.0055964,0.0068516,0.0052816,0.0063398,0.025545,-0.001532,0.024691,0.037786,0.00048736,0.014334,0.01204,75.605,72.929,0.0025182,0.0036014,0.0059691,0.0025909,0.0020569,0.0095931,0.00014957,-0.0076745,0.0027479,-0.00030381,-0.0053453,0.0095216,0.0044054,-0.0026844,0.012641,0.0044315,-0.0027712,0.0049039,0.0049366,0.0029021,-0.0046178,-0.0032501,0.0019599,-0.2666,-0.4667,-0.32169,-0.16224,-1.0334,-0.6667,-0.2666,-0.071504,-0.074272,-0.046735,-0.043609,-0.077944,-0.027747,0.021409,0.014922,-0.04083,0.0026148,0.0051581,0.0019125,41.3,-0.0666,0.1333,3189,0.071162,0.51521,-0.028399,-0.041436,-0.033257,0.17211,-0.039221,0.0085135,0.022581,0.033976,0.062091,0.014889,0.050272,0.0052822,0.002666,0.0020073,-0.00038973,-0.00056033,0.00073371,0.0043577,0.0032639,0.001814,0.0047789,0.0017755,0.0038291,0.0089564,-0.002667,0.0039562,0.011385,0.0073703,-0.011226,0.0018137,0.0025999,-0.00041731,0.01133,0.0046112,0.00051935,0.0026648,-0.0003512,0.002551,0.0021007,0.0062835,0.023092,0.0054265,0.021126,0.024128,0.013155,0.089455,0.092594,0.095323,0.00063207,-0.0021735,0.0025246,-0.0025704,0.00696,0.0060744,0.0040529,-0.0072962,-0.0078699,0.024619,0.0040621,0.02494,-0.021863,-0.03,-0.01,-0.0133,0.0166,0.5967,0.44,0.2733,0.1767,2.63,1.39,0.04,0.15,3.33,0.12,0.10397,-0.045484,0.020891,0.0018372,-0.0015171,0.0059703,-0.038503,0.056435,-0.018749,-0.019598,0.031976,20.4,0.0096086,-0.007392,-0.01753,0.013259,559.8,0.015676,-0.01098,0.016753,16.973,-0.032639,-0.0155,-0.015887,-0.014924,0.0065997,-0.033827,-0.003136,0.013447,-0.027015,73.1,-15.312,0.4,0.8,1.3313,1.2602e+05,0.0075726,0.0069704,0.016613,3.7,-0.0333,0.20813,0.2473,0.6333,-0.03,1.9633,4.9733,0.030204,-0.076714,0.0073168,-0.0012038,-0.0014133,0.0030281,0.0041566,0.0021051,0.0018296,0.0029737,0.0028325,-0.0019924,0.057449,0.10111,-0.029603,0.0172,-0.046694,0.025702,-0.02,0.0046,-0.01,0.09,-0.21905,-0.067823,0.10623,-0.19649,0.044012,0.077107,0.0013802,0.0036456,0.008,0.012903,0.0095447,91.19,-0.0087138,3.3935e+05,-0.00069874,0.0058749,38.26,-0.090391,0.078823,0.078609,-0.0977,-0.047464
0.0071243,0.0022118,-0.0071435,0.0051131,-0.0020991,0.040097,0.023063,0.013675,0.025523,0.011263,0.4,-0.0067649,-1.4,-0.0033941,-0.0090058,0.016077,0.0059123,-0.0021792,0.010274,0.0092474,-0.0012039,0.0040067,0.00055884,0.00066776,0.007063,0.010566,-0.013035,-0.013011,-0.020577,0.0038689,-0.0033221,-0.0046393,75.8,73.011,0.0052376,0.0068753,0.0055354,0.0046697,0.0088337,0.0089968,-7.4795e-05,0.010583,0.0046838,0.0017348,0.0018679,0.0098934,0.0088031,0.0026844,0.046887,0.0071512,-0.0028241,0.0065984,0.0063411,-0.0030184,-0.0056876,-0.0017581,0.00074324,-0.0667,0.0334,9.526e-05,0.034093,-0.3666,0,0.1333,0.086881,-0.028212,-0.087524,0.0096931,-0.018084,0.028135,0.052129,-0.036935,0.0029668,0.0067789,0.0060954,0.0076853,41.4,0.1333,-0.0333,3337,-0.013833,-0.058575,0.075828,0.21697,-0.11778,-0.14029,0.17201,-0.002782,0.016778,-0.010458,0.017016,0.012468,0.0093327,0.010913,0.0011088,0.0010952,0.0020584,0.0020515,-0.00029207,0.0012306,0.0023864,0.0010166,0.00056897,0.0013885,0.0037358,0.0054061,0.0013484,-0.0026256,-0.00013976,0.0031684,-0.00689,0.0017689,0.00098646,0.0023951,-0.008919,0.001902,0.003222,0.0010516,0.0026079,0.0006899,-5.066e-05,-0.0047678,-0.0021184,-0.0062851,-0.035068,0.0015323,-0.0048996,0.026373,0.11729,0.081631,-0.0013535,-0.0024299,-0.0052995,-0.016726,-0.017261,-0.016281,-0.0073051,0.0025824,0.0024691,-0.0073723,0.0019432,-0.0084552,0.026216,-0.0634,-0.08,-0.0667,-0.0666,-0.25,-0.19,-0.0933,-0.24,2.64,1.45,0.06,0.16,3.16,0.14,0.13577,0.019874,0.020115,0.0075801,0.014518,0.014657,-0.0020717,0.0068402,-0.023116,-0.0069234,0.0025467,28.8,0.0017843,-0.0092738,-0.0070946,0.0041186,563.34,0.0044286,-0.0073622,0.0044568,17.15,-0.02346,-0.014025,-0.014329,-0.033132,0.051078,-0.078734,-0.0084641,0.017816,-0.018941,71.9,-6.7523,0.3,0.3,-0.79639,-69031,-0.00015716,-0.0035025,-0.0045755,1.5,0.3,0.039904,0.029889,-0.2567,-0.0467,1.77,4.9433,-0.037613,-0.071192,0.003089,-0.0019541,0.001674,0.0017937,0.0068746,-0.00017469,0.00062982,0.0010913,0.0006171,-0.0024427,-0.10117,-0.16207,0.011934,0.0094,0.021679,0.029463,0.0133,0.0006,-0.06,0.1,0.059423,0.047955,0.039522,0.199,-0.067978,0.0092591,-7.8745e-05,0.002907,0.0074,0.0070265,0.0059543,-66.82,-0.0078687,3.1137e+05,0.0018986,0.0097805,-27.57,0.07819,0.012429,0.023728,0.0423,-0.070445
-0.00027783,0.003908,0.0088216,0.0056496,-0.0034032,0.0033031,0.041137,0.058385,0.045765,0.017807,-0.1,-0.014352,-8.4,-0.0095249,-0.0091194,0.010544,0.011336,0.0043564,-2.065e-05,0.00017541,0.0083361,0.011624,0.014422,0.0089062,0.01048,0.014058,-0.004145,0.02277,0.046419,0.0055909,0.02505,0.015612,76.403,73.756,0.0031017,0.0050235,0.003834,0.002505,0.0068641,0.0060902,0.00014956,0.0092738,0.0054477,0.00034661,-0.0063651,0.0061149,0.006415,0.004727,0.034914,0.0045666,-0.0064591,0.0048751,0.0042315,-0.0050119,-0.0028888,-0.0080326,0.0025172,0,-0.0667,-0.10499,0.035842,0.3333,-0.1667,0,-0.042871,-0.0085983,0.029496,0.010733,-0.023126,0.006189,0.019561,0.036169,0.022356,0.004715,-0.00021522,0.004285,41.333,0,0,3599,0.075434,0.26717,0.023163,-0.15003,0.098271,0.11912,0.13547,0.011355,0.0088267,0.034717,-0.0027732,0.014483,0.072158,-0.0018491,-0.0049756,-0.0010198,-0.001623,-0.0030423,0.00015977,-0.013281,-0.0041117,-0.00086585,-0.017416,-0.00088008,-0.0051448,-0.002727,0.00011808,-0.01104,-0.0027024,0.01136,-0.096099,-0.0047236,0.0010328,-0.0017313,-0.0041703,-0.0035382,0.0025272,-0.0052837,0.00046808,-0.0048059,0.0021514,-0.015044,-0.03839,-0.019907,0.0094209,-0.041109,-0.028864,-0.02571,-0.10091,-0.13862,-0.00069477,0.0026532,-0.0046344,-0.0019024,0.00020102,-0.00043258,0.0085504,-0.004301,-0.0045399,0.010654,-0.0039004,0.011053,0.00035761,-0.01,-0.0234,-0.0433,-0.0734,-0.7833,-0.35,-0.5734,-0.3867,3.0367,1.88,0.04,0.11,2.4,0.18,0.024731,-0.059627,0.067848,0.038027,0.028158,0.022018,-0.0016837,0.0092803,-0.0094043,-0.002418,0.0056628,26.9,-0.027294,-0.0086795,-0.013036,-0.031241,543.64,-0.034763,-0.0017295,-0.037966,33.25,0.0026411,-0.0092679,-0.0088939,0.0033157,-0.019708,-0.052358,-0.049094,-0.01327,0.012633,59.7,68.632,0.1,0.1,2.3006,3.8343e+05,0.011051,0.0065715,0.024769,1.1333,-0.0333,-0.1823,-0.21916,-0.71,-0.06,1.07,4.38,-0.065535,-0.023408,0.0081188,-0.028168,-0.0014539,-0.014718,-0.0036298,0.0018951,-0.0052991,-0.0082561,-0.0050387,0.0015982,0.029362,0.014536,0.00014129,0.0204,-0.017193,0.01376,-0.0033,0.0006,0.01,0.12,-0.085264,0.070997,0.033865,0.014926,-0.03851,-0.058945,0.0021278,0.005067,0.0072,-0.012812,-0.023108,-47.05,-0.0079938,2.9944e+05,0.001197,0.0084875,-8.69,0.03108,-0.071412,-0.059248,0.2114,-0.12211
0.011526,0.0018258,0.023691,-0.00081772,-0.00024498,0.074247,0.025284,0.022801,0.025211,0.025531,0.7,-0.0007044,1.6,0.0067372,-0.0038837,0.010264,0.01369,0.0031052,0.014118,0.01486,0.0053814,0.0098717,0.0057786,-0.0067684,0.016302,0.017079,0.0013782,0.011233,0.030047,-0.011127,0.031493,-0.035001,76.766,74.26,0.0042128,0.0054319,0.0020671,0.0041882,0.004367,0.0056448,-0.0038207,0.0065123,0.0061016,0.0028981,0.0054938,0.0090934,0.0079798,0.0036543,0.022886,0.0028916,-0.0019095,0.0014179,0.0059304,-0.0035117,-0.0036888,-0.00094647,0.0058141,-0.0333,-0.3667,-0.034608,-0.31622,-0.8,-0.4666,-0.2,-0.016816,0.026351,-0.043058,-0.079944,-0.044582,-0.028058,0.053211,-0.017271,-0.037279,0.0076742,0.012215,0.0075739,41.533,0.0667,0,3599,0.081119,-0.03617,0.099272,0.29663,0.09844,0.055136,-0.029853,0.011158,0.016277,0.030418,0.0078897,0.019961,0.056418,0.012673,-0.0014182,-0.0011116,-0.0039447,-0.00020495,-0.0042252,-0.0011866,-0.0024363,-0.0015619,-0.00057779,-0.001535,-0.0062188,-0.006584,0.00093051,0.004712,-0.0056352,-0.0084407,0.0056446,0.0041303,-0.0013188,-0.0007979,0.0058696,0.002766,-0.0060213,-0.0062127,-0.00070512,-0.0020211,-0.0014948,-0.00036763,-0.015813,-1.9287e-05,-0.0059375,-0.013963,-0.013884,-0.17163,0.060493,0.043535,0.0004017,-0.0032725,-0.00017975,-0.01682,-0.017816,-0.017325,-0.0068285,0.006535,0.0071837,-0.019998,-0.0054717,-0.019858,0.033709,-0.01,-0.01,-0.01,-0.02,-0.38,-0.3,-0.5366,-0.21,3.2067,1.96,0.04,0.1,2.03,0.2,-0.021452,-0.01896,0.030764,0.012272,0.011493,0.022267,-0.00057519,0.0095005,-0.0021251,0.00077218,0.0068204,18.8,0.017283,-0.0029487,-0.0060539,0.021569,553.77,0.022064,0.001018,0.02397,27.222,0.00069888,-0.01762,-0.017671,0.036746,-0.046095,0.099484,-0.0043213,-0.023575,0.042853,64.8,-44.065,-0.2,-0.1,1.5099,3.8641e+05,0.0094323,-0.069182,-0.002293,-0.7666,0.1666,-0.081446,-0.083822,-0.2,-0.06,0.88,3.8533,-0.0075965,-0.10529,-0.006683,-0.0053428,0.003765,-0.0027506,-0.0081509,-0.0014455,-0.0015194,-0.002649,-0.0024319,-0.001134,0.0011989,0.0033682,0.0075709,0.0101,-0.05914,0.012286,0.0033,0.001,0.01,0.14,0.16826,0.0031101,0.1121,0.10758,-0.07472,-0.0021977,-0.00044513,0.013625,0.0071,0.022946,0.02512,-7.74,-0.0032402,2.884e+05,0.011794,0.023465,-4.11,0.034315,-0.002016,0.0053219,0.0879,-0.037756
0.0077994,0.0079976,0.024194,0.0057225,0.0072686,0.020672,0.030786,0.030681,0.025224,0.058617,0.5,-0.004316,0,0.023221,-0.0073656,0.0061896,0.0054221,0.018546,0.01173,0.011039,0.0078434,0.0094855,0.0030359,-0.010701,0.014164,0.021912,0.0050755,0.015679,0.020879,-0.01728,0.036379,-0.050154,77.062,74.937,0.0059266,0.0073582,0.0068783,0.0057347,0.0071332,0.010611,0.0006753,0.0052269,0.0070825,0.0041379,-0.0014953,0.011373,0.010656,0.0046876,0.023559,0.0056528,-0.0013206,0.0042215,0.0074793,-0.0045837,-0.00059412,-0.00092368,0.0079805,-0.3,-0.3666,-0.12576,-0.26548,0.1667,-0.5667,-0.2667,-0.014018,-0.055987,0.0026936,-0.070655,-0.074631,-0.021345,0.008166,0.043004,-0.038599,0.0082788,0.0079572,0.0080195,41.7,0.0666,0.0333,3828,0.05174,0.15178,0.084114,-0.1622,0,0.16479,-0.033179,0.012587,0.020221,0.017449,0.0043706,0.030616,0.043908,0.011945,0.0034201,0.0028525,0.0045503,0.0023343,0.0020907,0.0039574,0.0026653,0.0031733,0.0045933,0.0030104,-0.0010177,0.0095462,0.0041481,-0.0022988,-0.0014802,-0.002637,0.032907,-0.0004735,-0.0010991,0.0010244,-0.0024451,0.0053098,0.0016732,0.022476,0.00047517,0.0011374,-7.6365e-05,0.00153,0.022108,0.0017531,-0.0041078,0.022515,0.014235,-0.25341,0.040619,0.083226,-0.004171,-0.0047329,-0.0047968,0.016631,0.017434,0.017577,-0.0001094,0.0037223,0.002767,0.020685,0.022617,0.019606,-0.015418,0.03,0.0534,0.06,0.0434,-0.01,-0.09,-0.03,-0.0533,3.1633,1.88,0.04,0.09,1.97,0.16,0.014399,-0.012214,0.02081,0.011127,0.011504,0.028964,-0.0025961,0.01099,0.0026014,-0.0046982,0.0062136,11.5,0.020152,-0.0096913,-0.028238,0.026286,558.07,0.024215,0.0060561,0.026181,16.314,-0.017168,-0.016607,-0.014132,0.0073627,-0.027294,0.0091644,0.025116,-0.00019086,-0.021247,75.5,-16.667,0,0.1,1.0511,2.8047e+05,0.012618,-0.084755,-0.018509,-0.0334,0.1334,0.047302,0.047609,-0.0566,-0.0367,0.7933,3.7933,0.019752,0.17338,-0.0031374,0.012456,-0.0020896,0.0036946,0.0012305,-0.00041225,0.0016882,0.001739,0.0013776,-1.4121e-05,0.0019733,-0.0035321,0.016682,0.0296,-0.053654,0.016885,-0.0033,-0.0007,0.01,0.12,0.10889,0.12808,0.087244,0.03057,0.080004,0.11132,0.0003401,0.0078042,0.0074,0.01687,0.01637,44,0.0053787,3.0024e+05,0.0088253,0.011458,17.84,-0.034844,0.09473,0.091409,-0.1144,0.063798
0.0042928,0.0014827,0.0019056,0.0023136,-0.0011532,0.022764,0.020004,0.027842,0.022223,0.0084705,0.6,-0.0052432,-3.2,0.0021462,-0.0033058,0.010844,0.0049126,0.0090501,0.0060789,0.0056043,-0.00097957,0.0063447,0.0053059,-0.00086217,0.0063873,0.0054144,-0.009053,-0.0088847,-0.026222,0.0011274,0.025339,0.036972,77.125,74.759,0.0031331,0.0039387,0.0051279,0.0031378,0.0031037,0.0066255,0.0026218,-0.0021944,0.0043831,0.0036496,0.0023666,0.0072198,0.0041188,0.00043064,0.0098174,0.0027751,-0.00097258,0.0011492,0.0055774,-0.0018866,0.0014517,-0.00166,0.0023897,-0.0334,-0.0667,-0.074426,-0.007895,0.1666,-0.0333,-0.1333,0.01642,0.016944,-0.08799,-0.00075245,-0.023554,0.019956,-0.080585,0.010899,-0.0095861,0.0012344,0.0049601,0.0013554,41.667,-0.0666,0.0667,3885,0.044247,0.011015,0.028836,0.040067,0.047939,-0.028735,0.22555,0.0049245,-0.0016149,-0.027021,-0.01715,0.0084253,-0.086297,0.011231,-0.0044466,-0.0024364,-0.0020718,0.00074649,-0.00016154,-0.0094215,-0.0045313,-0.0019937,-0.011649,-0.0018153,0.00070901,-0.0062957,-0.0054158,-0.011888,-0.0036767,0.0028572,-0.057046,-0.0031354,0.00087056,0.00018897,-0.0024469,-0.0071897,0.0016897,-0.014944,0.00011631,-0.0035073,-0.00034137,-0.010001,-0.0087646,-0.01308,-0.0025405,-0.0097188,-0.011107,-0.22077,-0.098191,-0.099958,0.00046552,-0.00047731,-0.0011395,-0.00024932,0.0033925,0.003665,-0.0059353,0.0047158,0.0043654,0.0012825,0.0076737,0.00064594,0.0093745,0.05,0.02,0.0367,0.03,-0.2134,-0.13,-0.0967,-0.1067,3.27,1.97,0.06,0.1,1.74,0.12,-0.016009,-0.0090717,0.019105,0.01239,0.01349,0.027403,0.0047678,0.017264,-0.0028541,-0.0061838,0.010222,23.6,-0.00099574,-0.0064109,-0.015461,9.3968e-05,553.1,-0.0064499,0.017868,-0.0069476,19.675,-0.0082396,0.011759,0.014061,0.014605,-0.021808,0.0168,0.0097643,0.0069744,0.0089491,76.3,8.0975,0.1,-0.2,0.73945,2.1168e+05,0.0014105,0.08854,-0.011386,-0.0333,-0.0334,-0.049983,-0.049921,-0.11,-0.0667,0.6333,3.6467,-0.056883,-0.096138,0.00019597,-0.020943,0.0012145,-0.0092906,0.0014451,0.00018062,-0.00403,-0.0053235,-0.0038946,0.00046927,0.0081273,-0.00043083,-0.013334,0.007,0.023952,0.01389,0.0133,0.0014,-0.02,0.05,-0.0079686,-0.030516,0.019418,0.11371,-0.029351,0.0066153,5.7631e-05,0.0070423,0.0078,-0.0012399,-0.0027019,34.84,0.0066144,3.1503e+05,0.011465,0.015143,22.97,-0.041468,0.0021918,0.0018259,0.0664,-0.020398
0.0013486,0.0016304,0.012908,0.00027919,0.00048532,0.0045276,0.0014771,-0.0029047,-0.0033615,0.025336,0.5,-0.0015376,0.8,-0.0022222,-0.0040414,0.0051964,0.0053352,-0.007184,0.0023375,0.0015784,-0.002764,0.00010197,-0.00086472,-0.0035253,0.0022314,-0.0056,0.0011408,-0.012502,-0.026636,-0.0013002,0.0036729,0.019385,76.739,74.272,0.0030588,0.0037098,0.0027632,0.0030101,0.0033651,0.0029405,0.0024657,0.0058016,0.0035793,0.0014561,-0.001494,0.0063372,0.0071492,0.002948,-0.0043079,0.0017453,-0.00027371,-0.00013712,0.0030594,-0.0018901,0.0018445,-0.00071228,0.0026483,-0.1333,-0.1667,0.0010627,-0.17021,-0.3666,-0.1334,-0.1333,0.0079221,-0.0087842,0.006405,-0.050099,-0.022216,-0.0044778,-0.027164,-0.060686,0.026265,0.0043435,0.0015082,0.0047545,41.567,0,-0.0333,3830,0.053972,0.042885,0.12036,0.16146,0.025211,0.017514,0.072321,0.00095775,0.0079903,-0.01941,0.0061253,0.0044487,-0.01811,0.01457,0.00047413,-0.0012774,0.0020295,-0.00037007,0.00075857,0.0031005,0.00012557,-0.00083468,0.0044417,-0.00078768,-0.0014233,0.0011474,0.00091176,0.00076131,-0.00059283,-0.014985,0.037176,0.0012136,0.00047975,0.0001363,-0.0078911,0.0029468,-0.0030243,-8.4711e-05,-0.0033855,0.0023957,-0.00039034,0.01205,0.0047843,0.01598,0.0068776,-0.00033686,0.0023039,0.22639,-0.016579,-0.015959,0.0003731,0.0045328,-0.0026616,-0.0070566,-0.0041166,-0.0037153,-0.0042913,-0.0024151,-0.0027649,0.0037975,0.0019692,0.0030525,0.0069317,-0.01,0.0166,-0.0034,-0.0034,-0.18,-0.24,-0.3433,-0.22,3.23,1.91,0.04,0.08,1.54,0.1,-0.0042087,-0.0015007,0.035098,0.015946,0.016885,0.027684,-0.0001133,0.015499,-0.0050516,-0.0022515,0.010245,21.7,0.023033,0.00022433,0.0074084,0.027546,572.64,0.024171,0.019135,0.026164,14.947,0.010015,0.019124,0.021604,0.0014718,-0.024687,0.02666,-0.018796,-0.00082172,-0.015161,75,7.5803,-0.1,-0.3,0.66579,1.6565e+05,-0.0028731,0.027939,0.011486,-0.1333,-0.1333,0.034927,0.035091,-0.12,-0.04,0.5233,3.3133,0.09332,0.037073,-0.012453,0.016541,0.00094072,0.0044747,-0.0032281,0.001009,0.0029054,0.0039016,0.0025033,-0.0011237,0.0083683,0.0053345,0.0044123,0.002,-0.0061008,0.016727,0.02,0.003,0,0.06,0.031499,0.10677,0.12038,0.16912,-0.015637,0.033623,-0.00047595,0.0090814,0.008,0.018439,0.014195,30.33,0.0052548,3.2256e+05,0.020609,0.032045,21.58,-0.018381,0.037658,0.04002,0.0063,0.028402
0.0011381,0.0044719,0.022438,0.0031926,1.7045e-05,-0.0089333,0.017776,0.01975,0.010817,0.05081,0.2,-0.0099196,-7.8,0.024249,-0.0027807,-0.0012742,-0.0096772,0.027326,0.0016947,0.0014264,0.0047421,0.0052306,-0.00062554,-0.00057522,0.010621,0.0075746,0.011168,0.014356,0.032747,-0.0043343,0.0021434,0.0045755,76.769,74.228,0.0039,0.0048975,-0.00019512,0.0041932,0.0020569,0,-0.00052254,0.0082886,0.0046037,0.0035884,-0.0012467,0.0078013,0.0086558,0.0025113,-0.0078802,0.0046435,-0.0012326,0.0054702,0.0022736,-0.0021307,-0.0025701,-0.00057019,0.0057525,0.1,-0.2333,-0.062562,-0.14062,0.1,-0.3333,-0.1,0.0033761,-0.0090963,-0.014701,-0.040512,-0.047197,0.017988,0.064199,0.027116,-0.016926,0.0043844,7.984e-05,0.0051096,41.567,0.0333,0.0333,3812,0.15152,0.28054,0.046989,0.26098,0.083548,0.15638,0.087309,0.010287,0.014283,0.032443,0.0091217,0.0057949,0.031206,0.0049624,0.0027385,0.0015731,-0.0018323,-0.0026228,-0.00073177,0.0045992,0.0023256,0.0018082,0.0056713,0.0013083,0.0030734,-0.0034974,0.0026577,0.0080975,0.0030906,0.015046,0.02273,-0.003747,0.0020996,-0.0025773,0.0078589,-0.0023094,-0.0013177,0.0070653,0.0035535,0.0021228,0.00013449,-0.0009122,-0.0036276,0.00039702,0.0035756,0.00032256,0.010817,0.16307,-0.034508,-0.04995,-0.00037145,-0.0019199,-0.002143,0.0040499,0.019676,0.020295,0.0046614,-0.003423,-0.002953,0.029843,0.0059737,0.029681,-0.030102,0.0167,-0.0166,-0.0066,-0.01,0.0634,-0.19,0.0833,-0.3,2.8667,1.65,0.05,0.09,1.62,0.1,-0.0046618,-0.008644,0.027782,0.014965,0.015173,0.020273,-0.0021008,0.016202,0.00014587,-0.00056056,0.0113,12.7,0.010438,-0.00097116,-0.028297,0.012649,564.3,0.0091973,0.014686,0.0097899,16.475,0.0036696,0.014583,0.016333,-0.011863,0.035612,-0.032658,0.03367,0.015685,-0.0037255,79.4,11.25,0,-0.1,1.6259,2.7454e+05,0.002891,-0.0087778,0.018713,-0.8334,0.0667,-0.0052303,-0.0057522,0.0266,-0.0733,0.5333,3.38,-0.010316,0.074705,0.015305,0.0049017,-0.0060512,0.004259,-0.0012775,0.00067077,0.0023024,0.0025568,0.0027492,0.00094608,-0.013807,0.0059631,-0.0023871,0.0052,0.0010637,0.010316,-0.0033,-0.0019,-0.01,0.03,-0.0038831,0.18443,0.048472,-0.032952,0.035612,-0.008261,0.00067784,0.014498,0.0093,0.0012173,-0.0086626,129.83,0.0060335,3.7224e+05,0.012299,0.016879,73.12,-0.13721,0.011339,0.0064743,0.0843,0.015082
0.0088178,0.005172,0.025286,-0.00071062,0.01321,0.036608,0.016974,0.017525,0.012838,0.035724,0.5,-0.0090004,-8.9,0.07158,0.000521,0.01134,0.0029195,-0.040844,0.010089,0.011959,0.01156,0.0077969,0.0040789,0.0071984,0.0098033,0.011028,0.0034568,0.029137,0.034176,0.0015684,-0.0029914,0.0097312,77.031,74.533,0.0047117,0.0057775,0.0029785,0.0043269,0.0071301,0.0040402,0.001194,0.014529,0.0034707,0.0040003,0.0053499,0.009104,0.010976,0.0011005,0.015699,0.0030491,-0.00080736,0.0024407,0.003835,-0.0039181,-0.0019154,0.00021386,-0.00028835,-0.2333,-0.0667,0.070429,-0.13141,0.3333,-0.0667,-0.1334,-0.0070149,0.023618,0.015612,-0.043943,-0.010137,-0.030735,-0.0075034,-0.027116,-0.010793,0.0029883,0.0050966,0.0042135,41.8,0.0333,0.1,3992,0.04872,0.056151,0.039291,-0.31106,0.094616,0.13325,0.083316,0.012491,0.017031,-0.01893,0.015285,0.0094372,0.0057787,0.012312,-0.0020493,-0.00045403,-0.00035431,-0.0015046,-0.001801,-0.0059763,-0.00040609,-8.6761e-05,-0.0085349,0.0004869,-0.0033349,0.001323,0.0021974,-0.00089335,-0.00015659,-0.0068963,-0.04016,-0.0020695,-0.0012799,0.0038662,-0.00010689,-0.001238,0.00055671,-0.0036248,0.0021409,-0.0026159,0.00040263,-0.0022481,0.007229,-0.0032459,-0.0016089,0.011055,-0.0015324,0.0043619,0.045216,0.063937,0.0032428,-0.0013326,4.6331e-05,-0.013537,-0.01866,-0.017131,0.0064797,0.0058779,0.0089621,-0.021892,-0.015808,-0.02033,0.030763,-0.0167,0,-0.0234,-0.02,0.2433,0.14,0.3367,0.2367,2.86,1.55,0.03,0.07,1.86,0.08,0.071505,0.011816,0.012528,0.010467,0.01386,0.017647,0.00052786,0.017357,-0.0011147,-0.00084454,0.0121,11.1,0.028933,-0.0069018,0.033942,0.035687,609.18,0.031194,0.021174,0.033628,12.932,0.0011881,0.020799,0.021483,0.022092,0.017114,-0.00042983,0.12691,-0.035354,0.0175,76.7,-49.711,0,-0.2,0.76629,2.7746e+05,0.0070782,0.0015549,0.018806,-2.4,0.2,0.11884,0.12425,0.1334,-0.0567,0.6833,3.7333,-0.019105,-0.071194,-0.0071581,-0.011081,0.00078142,-0.0069027,0.0035911,0.00033772,-0.0028503,-0.0036331,-0.0028775,0.0017273,-0.0044287,-0.011288,-0.010968,0.0181,-0.06492,0.012013,-0.0067,0.0071,-0.02,0.02,0.11388,-0.047422,0.018195,0.11834,0.21851,0.056577,-0.00035154,0.0061497,0.0081,0.0084798,0.015333,-127.48,0.0043728,3.2457e+05,0.012395,0.018188,-59.36,0.1414,0.065701,0.058382,-0.0633,0.065666
0.0012332,0.00071945,0.0045039,0.00072702,-0.0010495,0.011125,0.0080346,-0.0021354,0.0026862,0.031423,0.5,-0.0017685,-3.2,0.081646,0.0024364,0.01195,0.014342,0.0074225,6.9022e-05,0.0015648,0.0025914,0.004291,6.9685e-06,0.002056,0.0072931,0.00052873,0.0031499,0.017258,0.038807,-0.0019188,-0.0053983,0.020506,77.076,74.352,0.00431,0.0052746,0.0007224,0.0044559,0.0033945,0.0016381,-0.00082069,0.0085029,0.0043452,0.0041959,0.0068015,0.0097775,0.0086056,0.0024413,0.0062112,0.0031046,-0.0007165,0.0040487,0.0012987,-0.0078825,0.00052876,0.00026133,0.0035892,-0.0667,-0.2,-0.044358,-0.16769,-0.3333,-0.0333,-0.3666,-0.014434,-0.04087,0.058059,-0.056462,-0.041661,-0.0024272,-0.021454,0,-0.0019561,0.0031671,-0.0050068,0.0034073,41.8,-0.0333,0,4139,-0.093773,-0.20747,0.036117,0.10265,-0.071974,-0.1573,-0.081678,0.0028472,-0.00086659,0.046735,-0.028092,0.0079452,0.076424,0.007399,-0.0028091,-0.00085837,-0.00087262,0.00318,-0.0008668,-0.0079077,-0.0034406,-0.00030107,-0.01,-0.0013741,-0.0017841,-0.0045192,-0.0065,-0.00039303,-0.0030536,-0.011095,-0.054297,0.004468,0.0014461,-0.0073239,-0.0081141,-0.0031393,0.0026888,0.0073394,-0.0034422,-0.0051068,-0.0027779,-0.0096757,-0.0047707,-0.013964,-0.016595,-0.0069329,-0.015556,0.17056,0.01306,-0.0044995,0.0015617,-0.0025454,-0.00032289,0.009979,0.0084473,0.0086073,0.0076023,-0.0033346,-0.0016009,0.0092333,0.0014008,0.010803,-0.0074436,-0.0266,-0.0367,-0.0266,-0.0266,0.0467,0.18,0.0866,0.0267,2.84,1.69,0.04,0.08,1.95,0.1,0.091101,-0.0029987,0.021293,0.012853,0.01371,0.010959,0.0077359,0.014263,-0.005047,0.00066385,0.010379,22.2,0.01048,-0.002406,-0.0098285,0.012839,612.49,0.0058234,0.026379,0.0063525,14.455,0.012438,0.039089,0.037868,0.021327,-0.010126,0.012178,0.066659,-0.0090047,0.014173,81.7,-19.832,0,0,-0.61443,-45041,-0.00026685,0.024444,0.016715,0.2334,-0.0334,0.024877,0.027717,0.09,-0.0667,0.8,3.8467,-0.0013664,-0.090701,-0.0098727,-0.026253,-0.0024537,-0.0096658,-0.0041027,-0.0022549,-0.0058169,-0.0076559,-0.005312,-0.0014391,0.0025334,0.0068486,-0.00076496,0.0211,-0.017356,0.00083211,0.01,0.0012,-0.02,0.03,0.083242,0.019673,0.042097,0.013304,0.17357,0.058582,0.00060882,-0.00068143,0.0092,0.025016,0.030566,166.44,0.0062061,3.7233e+05,0.023059,0.034971,81.75,-0.13106,0.060997,0.057697,-0.0585,0.059955
0.0078036,0.004059,0.0084348,0.0025341,0.0065422,0.037957,0.017096,7.7426e-05,0.016933,0.017756,0.8,-0.0053949,-5.7,-0.060663,0.00053099,0.0062482,0.0071895,0.004314,0.0099483,0.010175,0.00061976,0.0035612,-0.0054823,-0.0040235,0.0097882,0.0082589,0.00033053,0.00787,0.013284,-0.0071821,-0.0082794,-0.011066,77.122,74.236,0.0038476,0.0048492,0.00072188,0.0038848,0.0036141,0.00097273,0.0002985,0.0095084,0.0024497,0.0027032,0.00036966,0.0065431,0.0083459,0.0045007,0.0038626,0.0057551,-0.001404,0.0080354,0.0036744,-0.0086706,-0.0009255,-0.00014253,0.0034516,-0.1333,-0.3,-0.17283,-0.10496,-1.6,-0.0333,-0.4334,-0.034909,-0.029391,-0.09936,-0.037442,-0.052409,-0.033148,-0.011964,-0.017162,-0.013632,0.0062454,0.0045201,0.0051629,41.833,-0.1,0.0333,4054,0.016378,0.05884,0.001013,0.14926,0.11612,-0.037974,-0.011523,0.0056268,0.0089834,-0.036708,0.019161,0.014047,-0.094994,0.015577,0.0032966,0.00075489,0.0024058,-0.00041632,0.002559,0.010614,0.0018014,-0.00031561,0.014755,0.00047159,0.0060234,-0.0036546,0.0051263,-0.0058199,0.00074106,0.012039,0.078444,-0.00041256,-0.0020059,0.0045347,0.013702,0.0060831,-0.0021479,-0.0066996,-0.0013501,0.0064892,0.0030614,0.008151,-0.00081939,0.011437,0.0095233,0.0013069,0.010436,-0.11663,0.09037,0.11226,0.0014456,-0.0050934,-0.0010864,-0.0041148,-0.0080755,-0.0091289,-0.0039127,0.0047788,0.003933,-0.0076088,0.0052531,-0.0074011,0.021117,-0.0334,-0.0167,-0.0267,-0.0034,0.7133,0.76,0.5434,0.5666,2.6933,1.73,0.03,0.09,2.68,0.09,0.079329,0.0013274,0.0083251,0.0096279,0.011219,0.010422,0.0021834,0.015566,-0.0084201,-0.0014125,0.01077,13,0.024817,0.0018299,-0.0024842,0.028937,627.76,0.025023,0.024119,0.027017,13.997,0.011565,0.03161,0.030959,0.00024837,0.014208,-0.011104,0.0026426,0.0101,0.014746,81.6,1.1938,0,-0.2,-1.2596,-66903,-0.00024112,-0.035419,0.0097446,0.8666,0,-0.0075902,-0.0086811,0.59,-0.05,1.4233,4.4233,-0.0057714,0.086163,0.010177,0.035522,0.0054853,0.013508,0.0022415,0.0019269,0.0075217,0.0095156,0.0065688,-0.0023698,0.0059121,0.0059269,-0.022813,0.0059,-0.045458,0.0077738,0,0.0019,-0.03,0.04,0.094439,0.056798,-0.046267,0.01891,0.035911,0.077907,-8.1794e-05,0.010173,0.0084,0.028988,0.030907,-76.34,0.0034558,3.3745e+05,0.022853,0.036149,-33.96,0.10182,0.039909,0.039594,-0.0124,0.031174
0.0079508,0.0085798,0.010718,0.0081716,0.0087536,0.0036217,0.013433,0.037381,0.020272,-0.015858,0.7,-0.007884,-6.7,0.049218,-0.0018532,0.028865,0.0054579,0.0039431,0.011212,0.010496,0.0065674,0.006821,0.0055181,0.010087,0.0079099,0.016331,-0.0061826,0.021205,0.038148,0.0070887,0.002022,0.039787,77.452,74.503,0.0046152,0.0054556,0.0052043,0.0042838,0.006695,0.0056408,0.004467,0.010092,0.0031206,0.0011803,0.0063859,0.0063407,0.007584,0.004118,0.0042315,0.0061323,0.00018324,0.006904,0.0014448,-0.0050928,0.0030377,0.00019004,-0.00049434,-0.3667,-0.3,-0.15446,-0.15239,-1.2667,-0.4667,-0.0333,-0.001586,-0.04738,-0.030273,-0.061527,-0.0099356,-0.047807,-0.091882,-0.049403,-0.008397,0.0038714,0.0092157,0.0037692,41.9,0.0333,0.1,4089,0.13415,0.26093,0.039052,0.099883,-0.010017,0.1609,0.17011,0.015997,0.007761,0.031896,0.005952,0.012178,0.068728,0.016404,3.283e-05,0.00089985,8.7513e-05,0.00214,0.00063734,-0.0030646,-0.00057616,0.0015307,-0.004208,0.0016163,-0.0034765,0.0023844,0.001615,-0.0019112,-0.0018412,-0.0032106,-0.018293,-0.00042063,0.0010383,0.0014117,-0.0032486,-0.00064715,-0.003721,0.0088749,0.0037852,-0.0017029,-0.00089896,0.0021857,-0.012144,0.0023574,0.0035836,-0.012642,-0.00016687,0.018146,-0.11559,-0.088255,0.00084778,0.00019709,0.00058694,-0.0038686,0.0032601,0.0026754,-0.0026468,0.0074467,0.0066193,-0.00015934,0.0025613,-0.00039733,0.015301,0.0034,0.03,0.0333,0,0.0367,-0.14,0.0866,-0.0466,2.61,1.55,0.03,0.06,2.68,0.06,0.069656,-0.00034612,0.025545,0.014085,0.013753,0.011726,-0.0014946,0.014941,-0.0055389,-0.00062774,0.010594,14.5,0.02312,0.0011795,-0.0027635,0.026951,642.37,0.025043,0.016591,0.027086,12.663,0.0036278,0.02229,0.022483,-0.0098513,0.026797,-0.031077,0.015415,0.042318,0.010728,76.9,8.106,0.2,-0.2,1.0835,3.4319e+05,0.0043273,0.072346,0.0046298,-1.3666,0,-0.021424,-0.024065,-0.0667,-0.0233,1.3533,4.5067,-0.025476,0.015836,-0.0025246,-0.0090574,-0.0044272,-0.0029735,0.0019592,-0.00089053,-0.0019051,-0.0026609,-0.0014943,0.003759,-0.0068743,-0.0065239,0.019584,0.0204,0.038799,0.016101,0.0034,0.0017,0.01,0.04,-0.035507,-0.04176,0.060133,0.084246,0.05666,0.083276,0.0011799,0.017392,0.009,0.011929,0.020331,71.82,0.0029982,3.5458e+05,0.01522,0.023378,36.23,-0.046516,0.055234,0.059929,-0.0649,0.038768
-0.0025208,0.0038646,0.014946,0.0025549,0.0025734,-0.010153,0.0089782,0.0071132,0.013145,-0.0090087,0.3,-0.0035068,0.4,0.0027686,-0.0063367,-0.0052513,0.012371,0.015115,-0.0039076,-0.0043634,-0.00084057,0.0076745,0.00058118,-0.0016045,0.014733,0.0059886,-0.0090657,-0.0040216,-0.002274,-0.00094025,0.0081202,0.012177,77.843,74.343,0.0036798,0.0044346,0.0024543,0.0033875,0.00551,0.0023264,0.0026706,0.011379,0.0035344,0.0017258,-0.00048976,0.0063184,0.0064715,0.0044621,0.0076483,0.0032246,-0.0003207,0.0012772,0.0050756,-0.0037756,-0.00013187,0.00028499,0.0072244,0.0667,-0.2666,-0.13681,-0.18847,-0.2333,-0.4,-0.2333,-0.037466,-0.024493,-0.015786,-0.072568,-0.075734,-0.03588,-0.060794,-0.0084294,-0.063786,0.0038468,-0.0041919,0.0047184,41.7,-0.1,-0.0333,4289,-0.077595,-0.085881,0.0038873,-0.44522,0.11105,-0.012179,-0.078415,-0.00060196,0.0070749,-0.017101,0.0062264,0.010616,-0.078441,0.0093185,0.00063825,-0.001398,-0.0018359,0.0021177,-0.0020245,0.0031662,-0.0021225,-0.00058683,0.0056007,-0.0011571,-0.0048876,4.1244e-05,-0.00081972,-0.0013966,0.0052883,-0.0006936,0.022234,0.00079443,0.0036856,-0.002546,-0.0098431,0.00026613,0.0054981,-0.010155,-0.0033297,0.0025174,-0.00057093,0.0081599,0.028838,0.01011,0.0078591,0.026561,0.012721,0.29909,0.010821,0.01092,0.0046607,0.0072968,0.0012737,0.018321,0.015749,0.016455,0.0033593,-0.0086318,-0.0082066,0.031123,0.021422,0.030835,-0.0336,-0.0134,-0.0166,-0.0166,0,0.0166,0.06,-0.1533,-0.24,2.3533,1.6,0.03,0.08,2.72,0.08,0.039096,-0.0062507,0.027014,0.0085996,0.0077358,0.030081,0.0004624,0.0162,0.0020424,0.0042665,0.012902,15.5,0.011089,-0.0058973,-0.021012,0.013987,641.64,0.011939,0.0081818,0.012947,13.789,0.0054793,0.013229,0.012728,0.014689,0.0065156,-0.011361,0.022715,0.021806,0.049987,80.9,-29.859,0,0.5,2.4863,3.5571e+05,-0.0020336,0.036768,-0.017358,-0.4334,-0.1333,-0.054099,-0.058572,0.1633,-0.0267,1.53,4.3667,0.085378,-0.015972,-0.002243,0.0023341,0.0018541,0.0030348,-0.0056816,0.0022401,0.002279,0.0029718,0.0025726,0.0013728,-0.010096,-0.0099897,0.011848,0.0365,-0.049321,0.013139,0.0133,-0.0002,-0.01,0.05,0.072601,-0.015038,0.011734,-0.032304,0.00051296,0.062053,0.00018288,0.009241,0.0096,0.0016925,-0.0032938,61.37,0.011449,3.7973e+05,0.0044316,-0.0002323,31.38,-0.057074,0.035433,0.035012,-0.0132,-0.0035239
0.012461,0.010683,0.03575,0.0073624,0.0088909,0.038565,0.024956,0.022457,0.022967,0.033682,0.6,-0.00010223,-3.8,0.0023543,0.0058116,0.019943,0.024629,0.011936,0.015654,0.015723,0.011076,0.013285,0.006353,0.00246,0.020409,0.018627,8.9142e-05,0.023266,0.034928,-0.0033584,0.012147,-0.044392,78.639,75.176,0.0058264,0.0066109,0.0039309,0.0054185,0.008374,0.0060756,0.00029631,0.016284,0.0050365,0.0036523,0.00012245,0.0082755,0.0094816,0.0043824,0.015123,0.0058468,0.0016482,0.004862,0.0049512,-0.001221,0,0.0027981,0.0041366,-0.1334,-0.4667,-0.16426,-0.24341,-1.1667,-0.3667,-0.4,0.019716,-0.057127,-0.12662,-0.10833,-0.073913,-0.060034,0.044757,-0.10649,0.0070112,0.0077268,0.0082094,0.0073065,42.033,0.1667,0.0667,4812,0.055213,0.058721,0.0054813,0.49347,-0.074801,-0.024812,0.006024,0.010986,0.024502,0.022948,-0.0043919,0.013242,0.0027686,0.0096457,0.00022098,0.0016083,0.0023744,-0.0038133,0.0038,0.00022979,0.0027871,0.00020809,-0.00091259,0.0004612,0.0052784,-0.0034223,0.0030658,0.0053191,0.0053332,0.0024137,-0.027264,0.0037897,-0.0031466,0.00051204,0.010088,-0.0020731,0.0033381,0.003413,0.0007249,-0.00091181,0.0012981,-0.0079307,-0.0046204,-0.0091611,0.010033,-0.0095831,-0.012069,-0.090404,0.04374,0.040573,-0.0008984,-0.0019801,-0.0041081,-0.011131,-0.012709,-0.013019,0.0028649,0.0083551,0.0079998,-0.015832,-0.0088118,-0.015876,0.034299,0.02,-0.0134,-0.0234,-0.02,-0.14,-0.13,-0.2233,-0.2967,2.1967,1.61,0.02,0.07,2.59,0.08,0.02377,-0.020056,0.021916,0.010217,0.0075122,0.025871,0.011251,0.01583,0.0053724,0.0084314,0.013799,11.6,0.012289,0.0045889,-0.0073469,0.013584,642.7,0.014439,0.0048919,0.015443,11.126,0.013936,0.0043524,0.0048526,-0.007075,0.00080236,-0.0041533,-0.0062859,0.016895,-0.01176,82.8,-4.4786,0,-0.1,-1.7265,-54079,0.010562,-0.07662,-0.0013448,-1.2333,0.3,-0.021444,-0.022392,0.0534,-0.06,1.5633,4.1233,-0.040473,0.024999,0.0024244,-0.0032001,0.0012924,-0.001311,-0.00012294,-0.00082903,-0.0018011,-0.0012404,-0.0010935,-0.00406,0.0081293,0.008535,0.0022721,0.0819,-0.034097,0.012183,-0.01,0.0008,-0.01,0.02,-0.022664,0.12019,-0.011079,-0.023531,-0.020524,-0.0034733,-0.00054716,0.0058959,0.0092,0.013438,0.016292,-37.84,0.0085643,3.6464e+05,0.0079088,0.0074698,-23.16,0.049109,0.035384,0.036059,-0.0055,-0.0069151
0.012017,0.010923,0.017848,0.010859,0.007788,0.018288,0.019767,0.034425,0.02079,0.015353,0.5,0.0068865,4.7,-0.0047999,0.0039809,0.0034704,0.0015096,0.010985,0.015507,0.015498,0.0037066,0.0059109,0.0014502,-0.0019341,0.009634,0.010169,-0.0008567,0.01759,0.03329,-0.0075684,0.0046257,-0.038816,78.799,75.585,0.0053668,0.0061617,0.004735,0.0048089,0.0088395,0.0063421,0.0019977,0.016452,0.0060973,0.0049742,0.0025683,0.0078257,0.0049675,0.0015562,0.012307,0.0054213,0.0011125,0.0043903,0.0024027,0.0019529,-0.0047594,0.00305,0.0044858,0.0334,-0.1333,0.064778,-0.20153,0.2333,-0.2666,0,0.021182,0.027546,-0.0020337,-0.096195,-0.06477,0.038058,-0.0071231,0.020196,-0.026769,0.0077443,0.0054358,0.0063713,42.067,0,-0.0334,5059,0.041362,0.05825,0.024143,-0.063573,0.12744,0.049687,0.063975,0.0079588,0.008436,0.0789,-0.018705,0.054861,0.22576,0.0095649,-0.0019317,-0.0009648,-0.0010738,0.0029363,-0.0029204,-0.0034345,0.00097804,-0.0012022,-0.0055206,-0.0011537,-3.2032e-05,0.0077383,-0.0047375,0.0034206,-0.0035172,-0.0050467,-0.020242,-0.0014586,-0.00070698,0.00028389,-0.0047599,-0.0018745,-0.0023246,-0.0033092,-0.00027986,-0.0027415,-0.0010308,-0.0064711,-0.01819,-0.0091255,-0.017724,-0.010511,-0.0027901,-0.13962,-0.078468,-0.059324,0.0013422,-0.00089124,0.00026509,0.0016365,0.0025925,0.00075762,-0.0017377,0.0091381,0.0077506,-0.0042364,0.0061381,-0.0037754,0.016511,-0.0033,-0.0066,-0.0033,0.0067,-0.1266,-0.09,-0.1,-0.08,2.2433,1.64,0.02,0.08,2.47,0.1,0.023219,-0.0077303,0.009734,0.010605,0.0095039,0.023665,0.010348,0.016611,0.004209,0.0050247,0.013453,15.7,0.00082891,0.0037176,-0.0072676,0.00034438,635.9,-0.0023986,0.011907,-0.0028282,12.606,0.010326,-5.5681e-05,6.0509e-05,0.019228,-0.034795,0.028718,0.018806,-0.0088311,-0.0011928,83,-10.091,-0.2,-0.4,-0.59874,1.3424e+05,0.0040682,-0.044494,-0.030641,-2.2,0.1333,0.0047915,0.0049178,0.0433,-0.0633,1.61,4.0267,-0.063761,0.020621,-0.001953,-0.0091594,-0.0024057,-0.004214,0.0038345,-0.0017084,-0.0025702,-0.0037753,-0.0027693,0.0027715,0.008541,0.0066689,0.002433,0.0353,-0.05551,0.0083593,0.0067,0.0009,0.02,0.04,0.063822,-0.013527,0.044224,-0.012685,0.059477,0.06615,-0.00014967,0.019406,0.009,0.012711,0.0070667,-38.04,0.011204,3.5387e+05,0.020413,0.02653,-7.93,0.041179,0.039001,0.04096,-0.018,0.011817
0.0047074,0.011437,0.01932,0.01048,0.01059,-0.00075877,0.010633,-0.014283,0.0049106,0.034719,0.5,-0.00095697,-5.9,0.0021901,0.0079173,0.011552,0.026154,0.012187,0.0053963,0.0057411,0.0015981,0.0065403,0.010364,0.010077,0.0054737,-0.0048249,-0.0021183,0.0054391,0.00031185,0.011435,0.0092984,0.02855,79.001,75.84,0.0057855,0.0064568,0.005772,0.0055956,0.0069644,0.0060008,0.0053813,0.010359,0.0060295,0.0046591,0.0010987,0.0076443,0.0080228,0.0026281,-0.00037068,0.0065975,0.0021758,0.006542,0.0019573,0.0020707,0.0043636,0.0014154,0.0062098,0,-0.3667,-0.25431,-0.11586,-2.3333,-0.3334,-0.3,-0.033238,-0.047005,-0.082723,-0.059581,-0.064088,-0.039509,-0.04883,-0.052735,-0.038704,0.011695,0.011497,0.010991,42.167,0.0667,0.0334,4922,0.01958,-0.047492,0.016498,-0.041385,-0.10504,0.025567,0.10423,0.0049333,0.0039373,-0.1163,-0.050317,-0.0049478,-0.29877,0.0076031,-0.004037,-0.0012175,-0.0039716,-0.0020516,-0.0035046,-0.01035,-0.0034601,-0.0009938,-0.013661,-0.001666,-0.0036962,-0.0019451,-0.00044315,-0.010234,-0.0018653,-0.0033273,-0.086565,-0.00031202,-0.00024304,-0.0031479,0.0037616,-0.0020259,0.00032388,-0.004998,-0.0022794,-0.0050426,-0.00015773,-0.01117,-0.027744,-0.014672,0.0013438,-0.033353,-0.02079,-0.035009,-0.28842,-0.29278,0.00092519,0.00099196,-0.00023169,0.01013,0.012273,0.011355,-0.009901,-0.0055969,-0.0059597,0.01522,0.017931,0.015771,-0.018715,0.01,-0.0034,0.0267,0.0367,-0.2167,-0.17,-0.24,0,2.46,1.69,0.05,0.12,2.26,0.11,-0.030108,0.021554,0.024296,0.015144,0.018152,0.020585,0.0069194,0.014622,0.0013667,0.0031007,0.011507,8.7,0.018287,0.0024562,-0.0097305,0.020922,641.48,0.018733,0.016766,0.020011,14.903,0.0054096,0.0093112,0.010653,0.058922,-0.058527,0.05238,0.096267,-0.052603,0.041718,89.8,13.903,-0.2,0,1.1103,3.2586e+05,0.0012238,0.060139,-0.019727,0.3667,0.0667,-0.085538,-0.084826,-0.0967,-0.0767,1.5033,3.7767,-0.023272,-0.067007,-0.0035107,-0.02737,0.0025182,-0.012433,-0.0012541,-0.00048019,-0.0058117,-0.0074082,-0.0056668,-0.0027887,-0.0090294,-0.0023845,-0.0044799,0.0183,-0.038449,0.0049938,0.0266,0.0008,0,0.03,-0.075349,-0.091621,0.02538,0.11257,0.068758,0.026025,0.00014954,0.024677,0.0092,0.023339,0.019777,18.41,0.015205,3.5818e+05,0.025727,0.032601,16.07,0.0031182,0.018097,0.010006,0.0163,0.0048167
0.0081935,0.0086245,0.01595,0.00761,0.0082388,0.030094,-2.5936e-06,0.0109,-0.0044352,0.018079,0.9,0.0056136,2.2,0.024681,0.0057697,-0.010808,0.015975,0.012277,0.0099755,0.010065,-0.0090639,-0.0076721,-0.0042638,0.0070222,-0.010157,-0.01383,-0.01106,-0.0029409,0.002218,0.0098547,-0.011852,0.023624,78.141,75.474,0.0048317,0.0054088,0.0020069,0.0050919,0.0032164,0.0020209,0.001983,0.010043,0.0074938,0.0047201,0.0024373,0.0068166,0.0075135,0.0028592,-0.028584,0.0041577,0.001716,0.0023594,0.0030096,0.0026735,0.0030959,0.0010367,0.0042379,-0.1334,-0.1667,-0.058875,-0.12039,0.1,-0.0333,-0.3334,-0.013031,-0.0229,-0.026894,-0.066238,-0.050057,-0.026488,0.092349,-0.10738,-0.032825,0.0035122,-0.0030794,0.0027196,41.967,-0.0667,-0.1,5337,-0.066023,-0.037666,0.0076888,-0.25795,-0.21056,0.012223,-0.061498,0.0059911,-0.0062117,-0.014756,-0.059609,-0.011766,0.01621,0.013796,-0.0034452,-0.0010024,-0.0015748,-0.0040769,-0.0036268,-0.0092666,0.00024628,-0.00080167,-0.013964,-0.00022108,0.00050341,-0.0031208,0.0014012,0.0024833,-0.0042078,-0.000803,-0.10623,-0.0022349,0.0012,-0.00096383,-0.0095111,0.0042578,-0.0016387,-0.00025773,0.00071953,-0.0041562,-0.0005359,-0.014674,-0.012539,-0.020968,-0.027237,-0.0085768,-0.019445,-0.30712,-0.47463,-0.41214,0.0036727,0.0061222,0.0019451,0.016106,0.01929,0.018411,-0.005976,0.0072601,0.0065557,0.0054277,0.015664,0.0056031,-0.010474,0.01,0.0034,0.01,0.0766,-0.3133,-0.25,-0.3067,-0.24,2.5333,1.75,0.06,0.2,1.94,0.12,0.021825,0.010577,0.035333,0.024844,0.025918,0.031921,0.0049503,0.018904,0.012337,0.0055374,0.015323,4.4,0.015835,-0.0033731,-0.01565,0.018968,645.79,0.015252,0.017824,0.016081,15.361,0.0081645,0.014513,0.015327,0.080026,-0.10382,-0.01116,0.039247,-0.044368,0.088998,95.5,16.248,-0.6,-0.5,-0.68778,89422,-0.0072514,0.034815,0.0092673,-1.3667,-0.2333,0.054607,0.053369,-0.15,-0.0833,1.3433,3.46,-0.10093,-0.007261,-0.0036423,-0.025906,-0.0024026,-0.012189,-0.002781,0.00067846,-0.0042593,-0.0065893,-0.0043138,0.0018332,-0.0050537,-0.0049031,0.012285,0.0641,0.0081772,0.002093,0.0467,0.0015,0.02,0.04,0.0086581,-0.025919,0.0018321,0.038538,0.08984,0.047605,0.00064986,0.023472,0.0098,0.041508,0.038295,88.65,0.012606,3.7686e+05,0.024895,0.032774,40.7,-0.038234,0.025235,0.028903,0.0102,0.025083
0.0082123,0.0083776,0.022439,0.0068033,0.0064193,0.0050135,0.0092241,0.002052,0.0049907,0.026048,0.8,0.0097704,1,0.010999,0.014158,0.0093447,0.0079909,0.007625,0.010133,0.009974,-0.0032571,-0.013518,-0.013214,-0.0047277,-0.01676,-0.011907,0.0016836,0.020485,0.034599,-0.011959,-0.010545,-0.047152,76.921,75.402,0.0049828,0.0055583,0.0021652,0.0052657,0.0032231,0.0012449,0.003735,0.013063,0.0074988,0.0037107,0.0034022,0.0075859,0.0080322,0.0026138,-0.055297,0.0042027,0.0018645,0.0041401,0.0007899,0.0032713,0.0007889,0.0019762,0.0038927,0,-0.1,0.056305,-0.16245,0,-0.2333,-0.0333,0.032866,0.053745,-0.060609,-0.09796,0.0069897,-0.029382,-0.079093,-0.0065194,-0.024619,0.0037635,0.00035766,0.0045885,41.8,-0.0667,-0.0334,5524,0.16318,0.25691,0.15284,0.17623,0.77379,0.013969,0.15819,0.0038536,0.017947,-0.0030045,0.012921,-0.013444,-0.026395,0.014407,0.0093438,0.0025913,0.0064648,-0.00080026,0.0086323,0.026119,0.0059348,0.0013864,0.036055,0.0013705,0.0057407,0.0095435,0.0060535,0.00059654,-0.0035115,0.0046473,0.28226,0.0019301,-0.0015148,0.004173,0.0032484,0.0036498,-0.0024452,0.0065564,-0.0015472,0.013497,0.0025073,0.033023,0.053221,0.045606,0.0092129,0.05389,0.038354,-0.14578,0.22006,0.171,0.0018477,0.0045304,0.0023707,-0.0014472,0.0023612,0.0030423,-0.0036109,0.0055468,0.0062121,0.0035541,0.0088742,0.0035136,0.0075436,0.0133,-0.0067,0,0.0267,0.2,0.11,0.3267,0.3333,2.6667,1.66,0.07,0.23,2.15,0.13,-0.0041968,-0.004403,-0.00018409,0.0044437,0.0054505,0.02461,0.010833,0.014982,0.0097345,0.010883,0.013891,8.3,-0.0010854,0.0053626,-0.0022624,-0.0021292,639.52,-0.0040866,0.0090695,-0.0049082,14.194,0.013068,0.0064494,0.0071668,0.0049865,-0.016926,-0.012985,0.018357,0.012469,-0.0097143,94.2,-1.0277,-0.1,-0.3,-1.3911,-85843,-0.0029335,-0.072933,-0.010694,-1.2,-0.2,-0.0072423,-0.0073131,0.07,-0.1033,1.4,3.7733,0.18193,0.027876,0.0046001,0.084654,0.0050937,0.034863,0.0085421,0.00025788,0.016143,0.019976,0.014198,0.0024174,0.011126,0.0029158,-0.009425,0.0322,-0.04654,0.0091529,0,0.001,0,0.03,0.77452,0.1058,0.041237,0.014528,0.095776,0.041588,0.0010024,0.016349,0.01,0.0030833,0.0051454,15.74,0.0048401,3.8167e+05,0.0093541,0.012209,12.03,-0.0078501,0.018521,0.023788,0.0153,0.011288
0.0023983,0.007076,0.012289,0.0054397,0.0096842,-0.0031391,0.0076836,0.0177,0.0026769,0.02691,0.7,0.0045853,-0.6,-0.0030045,0.0082869,-0.0087927,0.010052,0.0084092,0.001583,0.0018808,0.0014695,-0.00017868,0.0050685,0.012038,-0.0042416,-0.0026795,-0.0045765,0.0235,0.03642,0.0086866,-0.010968,0.012698,76.811,75.49,0.0045009,0.0049865,0.0016478,0.0048001,0.0026356,0.00042892,0.0037211,0.010123,0.0064628,0.0054995,0.0036324,0.0063989,0.0080778,0.00083021,-0.041999,0.0035653,0.001861,0.0026063,-0.00040929,0.00096721,0.0010509,0.0023241,0.0017583,-0.2,-0.3333,-0.13846,-0.17425,-1.1,-0.2334,-0.2,-0.066134,-0.061056,0.013319,-0.12227,-0.058929,-0.074916,-0.015343,-0.090851,-0.047173,-0.00014123,-0.0038443,-3.768e-05,41.767,0.0334,-0.0666,5705,0.0034552,-0.04965,-0.10236,0.0086955,-0.33252,0.13045,-0.066691,0.0047823,0.010122,-0.00022479,-0.023469,-0.0094879,-0.011416,0.011548,-0.0018687,-0.00075393,-0.0029147,0.0015137,-0.0021973,-0.0065107,-0.0037726,0.00032079,-0.0078701,0.00048181,-0.0045443,-0.0088998,-0.0028451,0.0036718,0.0071931,-0.00028132,-0.07612,-0.0030594,0.0013916,0.00020276,8.7483e-05,-0.0032126,0.0017353,-0.0031669,0.0033359,-0.0029601,-0.00096644,-0.0068635,-0.01508,-0.0094258,0.010124,-0.016435,-0.0039052,0.043863,-0.23193,-0.22367,0.0011412,-0.0077185,0.0040787,0.0069239,0.0010487,0.0012047,0.0052961,0.0016222,0.0020266,0.0031774,0.0056235,0.003444,0.0025851,0.0134,0.02,0.0866,0.1,0.0533,0.12,0.19,0.41,3.0233,1.73,0.13,0.31,2.18,0.2,-0.00033567,0.014125,0.0076778,0.0082782,0.01239,0.016746,0.01348,0.015207,0.0085293,0.010082,0.013847,10.4,-0.01271,0.00090953,-0.0074996,-0.01494,624.76,-0.020449,0.012875,-0.02227,20.233,0.011763,0.0043124,0.0056036,0.019079,0.0044158,0.025286,0.0066704,0.010316,0.062971,90.7,15.907,-0.3,-0.2,-0.6042,-53936,0.00045375,0.0070166,0.022828,-2.5333,-0.0667,0.0039837,0.003954,0.03,-0.0967,1.4167,3.95,-0.05874,-0.057776,0.0031409,-0.023432,-0.0078576,-0.0086532,-0.0053822,0.00057569,-0.0042373,-0.0048263,-0.0025487,-0.0033705,0.0054251,0.0060014,-0.015206,0.0627,-0.012513,0.0064713,0.01,0.0013,0.09,0.1,-0.80367,0.025269,0.013376,0.013135,-0.029513,-0.021265,2.8147e-05,0.014312,0.0102,0.0091931,0.010693,17.81,0.0068037,3.8574e+05,0.012795,0.016552,12.46,-0.0038105,-0.036607,-0.039925,0.1167,-0.019152
0.0009986,0.0056388,0.0072819,0.0055065,0.0052156,-0.014871,-0.0048308,-0.011156,-0.0099317,0.014197,0.5,0.0017269,2.3,0.016568,-0.00072033,-0.0056168,-0.00096018,0.0023064,0.00016456,0.00018241,-0.0032922,-0.013144,-0.016579,-0.010015,-0.015896,-0.011966,0.0053732,-0.016998,-0.03588,-0.0079741,-0.030936,-0.022122,75.753,74.884,0.0050409,0.005743,0.00080939,0.0051887,0.004118,-0.0018027,0.0052299,0.016209,0.0077845,0.0042068,0.00012084,0.0072967,0.010359,0.0029004,-0.045159,0.0031201,0.0012085,0.0037407,-0.00074982,0.0026551,0.0022295,0.0005626,0.0046819,0.0667,-0.0667,-0.052732,-0.019469,-0.9,0,-0.1333,0.019506,-0.004265,-0.014661,-0.010529,-0.018301,0.008105,-0.0037681,0.010687,-0.035128,0.0082893,0.0051096,0.0079472,41.8,0.0666,-0.0667,5696,-0.025915,-0.099176,0.057725,0.081041,0.039414,-0.048182,-0.075435,0.0016415,-0.00040181,-0.014369,-0.035325,-0.010368,-0.051252,0.0065569,-0.003447,-0.0010086,-0.0026507,-0.0024592,-0.0040401,-0.0081964,-0.00020281,-0.0012358,-0.012212,-0.0012467,-0.0033345,0.0014563,0.0054283,-0.0048348,-0.0049403,-0.0026385,-0.092117,0.0010902,-0.00084414,-0.002029,0.0010342,-0.0024479,0.0019253,-0.0066282,0.00173,-0.0038556,0.00064541,-0.013622,-0.02489,-0.017047,-0.010538,-0.022965,-0.014088,-0.19252,-0.14481,-0.10375,0.0040159,0.009266,0.0012203,-0.0049491,-0.0025804,-0.0029999,-0.0083944,-0.007785,-0.0081118,0.0055053,0.0038339,0.0055904,-0.008327,0.0233,0.0833,0.1334,0.1133,-0.03,-0.05,-0.0934,0.1767,3.23,1.71,0.18,0.34,2.07,0.24,-0.0085093,0.0018874,0.0090171,0.013784,0.015023,0.017635,0.015202,0.001131,0.014483,0.00079945,0.0010433,7.7,0.013788,-0.00078268,-0.0030891,0.016174,633.48,0.014362,0.011921,0.015139,18.059,0.006424,0.011232,0.013816,0.01434,-0.015678,0.026581,-0.0058458,-0.020806,0.019889,91.3,-24.333,-0.3,-0.3,4.0781,7.5439e+05,-0.0071194,-0.044392,0.011432,0.2666,0.2667,-0.01966,-0.019405,0.0334,-0.0367,1.4267,3.8333,-0.036678,0.036742,-0.0024025,-0.026344,0.0087637,-0.011387,-0.00066066,0.00055543,-0.0040718,-0.005213,-0.0049209,0.004815,-0.051953,-0.067058,0.0089631,0.0068,-0.015633,0.00057959,0.0267,0.0002,0.12,0.2,0.2523,0.057798,0.047386,-0.0095354,-0.022817,0.014878,-0.0011084,0.018188,0.0111,0.001524,0.0070664,97.27,0.010741,4.1761e+05,0.012789,0.014065,53.3,-0.06864,0.020588,0.01748,0.0115,0.054709
0.0038393,0.0059728,0.0080375,0.0048305,0.0086636,-0.0045871,0.0046306,-0.016491,-0.0030283,0.032037,0.3,0.0083933,0.2,-0.016059,0.013155,-0.0061814,0.0012721,0.0067232,0.0038502,0.0039774,0.004575,-0.0051892,-0.0043491,0.0047444,-0.0081668,-0.0068225,0.0072967,0.0048835,0.010328,0.0047026,-0.015289,0.009701,75.299,74.652,0.0041051,0.0042713,0.00045837,0.0046367,0.00077763,-0.0014187,0.0036159,0.0085085,0.0058807,0.0041079,0.0056637,0.0036285,0.0086624,0.0040111,-0.063571,0.0034184,0.0031956,0.0046764,0.0003346,0.0042095,0.00039293,0.0039994,0.0083448,0.2,-0.1,-0.12758,0.012464,0.0667,-0.2666,-0.0334,-0.043631,-0.015596,-0.078455,0.016452,-0.045124,0.017227,0.0016764,-0.054199,-0.0046597,0.0029652,-0.0030065,0.0026227,41.767,-0.1,0.1,5958,0.012022,-0.058813,-0.044127,0.037223,-0.090972,-0.0040733,0.082797,0.003884,0.0010909,-0.020326,-0.035987,-0.0073366,-0.02813,0.0055666,0.0010155,0.001691,-0.00086606,-0.0023839,-0.001031,-0.00033676,0.00097631,0.0015564,-0.0010269,0.0013828,0.0015851,0.003179,-0.013457,0.021343,-0.0045111,0.0062724,-0.019695,0.0013274,9.5039e-06,0.00050947,0.0047168,0.0041216,-0.00090958,0.010286,-0.0030073,-0.00042173,-0.00010716,0.0033131,0.012762,0.0035117,0.0098991,0.0092424,-0.003076,-0.1122,-0.32864,-0.23887,0.0024348,0.0013244,0.0021539,-0.0051504,0.00088658,0.00072428,0.0075822,0.0012317,0.0010151,-0.0004004,-0.012828,-0.00044646,-0.0014043,0.2,0.1634,0.1366,0.1134,-0.27,-0.16,-0.0666,-0.1133,3.3867,1.82,0.16,0.29,1.63,0.27,-0.02726,-0.045832,0.020332,0.021586,0.015051,0.020054,0.014592,-0.014158,0.014786,-0.01078,-0.013263,13.2,0.0043926,-0.0039492,-0.010672,0.0057401,632.86,0.0038274,0.006232,0.0037402,19.856,0.0049424,0.0081049,0.010281,0.0020749,0.00719,0.0026196,-0.052267,-0.058559,0.028712,91.6,14.498,-0.2,-0.3,1.5553,3.2113e+05,-0.00077236,-0.0080466,0.039587,1.1334,-0.1667,-0.032987,-0.031843,-0.2134,-0.0733,1.0133,3.5667,0.028054,0.041447,0.0044905,0.001922,-0.0020355,-0.00036077,-0.0014739,-0.00043299,8.155e-05,-0.0010834,-0.00033245,-0.002757,-0.060085,-0.082914,0.00082045,0.0449,0.00086715,-0.0034357,0.0133,-0.0022,0.19,0.19,-0.29769,0.014389,-0.056672,0.05476,-0.12237,-0.079927,0.00062005,0.01271,0.0109,-0.01123,-0.012648,-63.07,0.018971,4.1065e+05,0.011578,0.0069532,-19.08,0.035781,-0.060154,-0.046041,0.1461,-0.010624
0.0056401,0.0084127,0.015916,0.0068817,0.0096247,-0.0025334,0.0067762,0.00028871,0.0094019,-0.0025332,0.1,-0.0021067,-1.6,-0.0062459,-0.00099625,0.00838,0.0019272,-0.001536,0.0062003,0.0064376,-0.0027328,-0.005787,-0.0034433,0.0027603,-0.0088762,-0.0066106,-0.0099121,0.0015093,0.0032874,0.0031428,-0.011402,0.036582,74.772,73.967,0.0038152,0.0041245,-0.0016187,0.0045509,-0.00081146,-0.0045275,0.0032431,0.0071932,0.0073986,0.0063523,0.0022805,0.0037152,0.0066242,0.0028804,-0.063882,0.00364,0.0021197,0.0034588,0.00074957,0.0049087,0.0017009,0.0017258,0.00096926,-0.0667,-0.0333,0.061702,-0.086749,0.3333,0.0333,-0.0666,0.059187,-0.019195,0.019558,-0.065668,0.015797,-0.082376,0.043031,0.089778,0.013037,0.0045796,-0.00047451,0.0038236,41.8,-0.0333,-0.0333,5808,0.016763,0.11864,0.019352,0.11436,-0.1697,0.036638,-0.012301,0.0020503,0.014115,-0.0063539,0.01876,-0.0068528,0.012829,0.0024917,0.0053003,0.00087533,0.0071085,0.0081148,0.00942,0.013381,-0.0017884,0.0015853,0.021062,0.0016453,-0.0032051,-0.0035906,0.00099359,-0.000474,-2.342e-05,-0.0012346,0.20392,0.00039733,0.0019547,0.0016991,-0.0022596,0.0036234,-0.0012815,0.0061262,-0.00018856,0.007533,9.8923e-05,0.018515,0.037737,0.024676,-0.013746,0.042635,0.034548,-0.067196,0.39447,0.30842,0.0010509,0.0077885,0.0054908,-0.0031956,-0.0049634,-0.005877,-0.0022495,0.0023712,0.0018519,-0.00099217,0.0057924,-0.00059876,0.01877,0.0133,-0.03,-0.05,-0.01,-0.1667,-0.15,-0.3367,-0.64,2.9133,1.84,0.14,0.31,1.5,0.3,-0.0070049,0.015669,0.024761,0.010396,0.012374,0.022625,0.015173,0.012,0.011839,0.012459,0.012122,13.8,0.0076434,0.0050978,0.0066338,0.008052,638.96,0.0071973,0.0090924,0.0075133,15.122,0.014228,0.0035286,0.0049878,-0.04,0.02419,-0.024034,-0.065808,0.0025823,-0.064461,92.4,-2.9696,0,-0.1,-0.67442,3271.4,-0.0059968,0.054595,0.006665,-1.1334,-0.0667,0.036627,0.035371,-0.13,-0.1167,0.87,3.2167,0.11151,0.032283,-0.0022516,0.044667,0.00073256,0.01769,-0.0008619,0.0013656,0.0088342,0.011135,0.0081347,0.0060612,0.084333,0.13505,0.005369,-0.0157,-0.0076225,0.0068669,-0.0067,0.0019,0.01,0.18,0.039459,-0.036368,0.025332,0.034544,-0.027031,0.048956,0.0012363,0.022141,0.0111,0.0056309,0.008121,1.77,0.0065215,4.1056e+05,0.010123,0.012383,3.69,0.0067329,0.063227,0.063382,-0.1119,0.088099
0.0047677,0.0065451,0.024714,0.0058105,-0.00026351,-0.00097273,0.0077878,0.00026658,0.011169,-0.0041485,0,0.0024424,1.6,0.0089929,0.0014779,0.014859,0.011924,0.0037936,0.0054063,0.0054544,0.0042273,0.0045807,0.0044125,0.0048957,0.0036857,0.0037073,0.00069561,0.020689,0.037066,0.0001008,-0.00064268,0.028804,74.996,73.951,0.0049117,0.0050502,0.00064779,0.0053843,0.0019261,-0.0015137,0.0042362,0.0071418,0.0069042,0.0063122,0.0095455,0.0055056,0.0070899,0.0042759,-0.027357,0.0035779,0.0041513,0.0028862,0.00047253,0.0044092,0.0049553,0.0038141,0.0042985,0.1334,0,0.034062,-0.034017,-0.2,0.0667,-0.1334,-0.015556,0.047387,-0.012611,-0.022997,0.0085047,0.0056789,0.048924,-0.057471,-0.021188,0.0018612,0.0030852,0.0024298,41.9,0,0,5879,-0.011241,-0.030345,0.029986,-0.19024,0.11813,-0.025044,0.078518,0.0079865,0.0094326,-0.0027373,0.0018261,-0.015361,-0.020907,0.0013508,-0.0015547,-0.00010452,-0.0030826,-0.0027119,-0.0043643,-0.0051725,-0.0023297,9.4279e-05,-0.0065843,0.00014197,0.0026535,-0.0036167,0.0010707,-0.017961,-0.00070528,-0.0036968,-0.079103,0.0056392,0.0012722,0.001461,-0.0026069,-0.0052463,0.00073533,-0.0034274,0.0015169,-0.0025041,-0.0002794,-0.0028282,-0.0092001,-0.0032231,0.010152,-0.0077345,0.00045114,0.37421,-0.00070777,-0.017322,0.00034604,0.0025067,-2.193e-05,-0.00054181,0.00059033,0.001281,0.0011354,0.0029779,0.0035966,0.0023072,0.0029304,0.0022316,0.0055204,0.0234,0.04,0.0367,-0.01,-0.19,-0.14,-0.2533,-0.41,2.6933,1.88,0.13,0.26,1.27,0.4,-0.025091,5.8888e-05,0.016262,0.011546,0.011577,0.0049528,0.018799,0.01163,0.011981,0.011379,0.011563,6.1,0.017728,0.0081186,0.0043251,0.01926,648.92,0.01823,0.016099,0.019484,12.462,0.012794,0.0027825,0.004344,0.0083263,-0.012201,0.0057554,-0.052432,-0.089022,0.012877,90.3,-11.773,0.2,0.2,0.14161,1.0356e+05,0.0030974,0.032696,0.021055,-0.4,0.0334,-0.019207,-0.018768,-0.1166,-0.1,0.73,2.94,-0.037772,-0.0048116,0.00035705,-0.021282,0.0055792,-0.0072765,-0.00046343,0.00034102,-0.0029068,-0.0039298,-0.0032577,-0.0057058,0.023705,0.0074845,0.007877,0.0059,-0.034881,0.0019633,-0.0133,0.0013,0.14,0.3,0.082786,0.039933,0.042299,-0.02103,0.0064557,0.064564,7.9513e-05,0.012831,0.0114,0.032642,0.038389,75.38,0.013594,4.2423e+05,0.021714,0.026762,30.83,-0.019153,0.040778,0.043562,-0.0567,0.060623
0.0043662,0.0063589,0.01715,0.0061849,0.0014181,0.019407,0.0041505,0.0022062,2.5511e-06,0.018525,0.2,0.00037672,0.5,0.00085478,-0.00010737,-0.0092578,0.015088,0.0067779,0.0057711,0.0053444,0.0058208,0.0032815,0.0025408,-0.0024661,0.003014,0.0031418,0.012292,0.003921,-0.0026795,-0.0043926,0.0064083,-0.032478,75.123,74.211,0.003711,0.00435,-0.00064779,0.0038446,0.0028654,-0.0014293,0.00064463,0.0099332,0.0067112,0.0037603,0.0023722,0.0048667,0.0063656,0.002685,-0.0041174,0.0026384,0.00019441,0.0010309,0.0021006,0.0014259,0.0022738,-0.00078954,0.002813,-0.1334,-0.1333,-0.10035,-0.041294,-0.9667,-0.1334,0,0.0054443,-0.041605,-0.0011545,-0.032795,-0.045182,-0.016544,0.062914,-0.073025,-0.028948,0.00049942,0.00043444,0.0023593,41.933,-0.0333,0.0666,5770,0.085513,0.074611,0.035469,0.26936,-0.072182,0.029531,0.14066,0.008611,0.010112,0.01596,0.018843,0.00066603,0.015916,0.005332,0.00050553,-0.0014469,0.002061,0.0036872,0.0011865,0.0041544,-0.00020073,-0.0011752,0.0064034,-0.0014392,-0.0015653,0.0050378,-0.0050833,0.0037009,0.0026787,0.0025449,0.075543,-0.0071814,1.2669e-05,-0.0013105,0.0016226,-0.0015244,-0.0012961,-0.0042987,-0.0036299,0.0018302,-0.00018977,0.0034202,-0.0091292,0.0045461,-0.0036325,-0.0088537,-0.0010052,0.056149,0.10096,0.08764,0.0023757,0.0028736,-5.6695e-05,0.0061005,0.0049219,0.0069873,0.0053883,0.003405,0.0048494,0.0088927,0.007479,0.0082752,-0.00034058,0.0533,0.1333,0.1267,0.2,0.5667,0.36,0.4733,0.3833,2.51,1.68,0.13,0.33,1.7,0.34,-0.062022,-0.040069,0.0079002,0.0091783,0.0043305,0.0095363,0.0086823,0.013186,0.010009,0.013336,0.013226,12.5,0.0075955,0.0036276,-0.0031504,0.008223,649.85,0.0055775,0.01413,0.0057814,13.24,0.0055411,0.010846,0.013253,0.036965,-0.034272,0.025597,0.066533,-0.055613,0.021824,93.1,27.815,-0.2,0.1,1.1401,2.9428e+05,0.0061978,-0.045035,-0.010302,-1.2333,0.0333,-0.06258,-0.058515,0.4833,-0.02,1.16,3.36,-0.0062619,-0.0034887,0.0017079,0.016892,-0.0086575,0.0070443,0.0017779,-0.0012164,0.0019507,0.0025598,0.002805,0.00011797,-0.0073645,-0.0052143,-0.009694,0.0074,-0.022538,0.0059323,-0.01,0.0009,0.07,0.32,-0.0054948,0.015887,-0.0071098,0.14355,0.084336,0.026913,-3.7562e-05,0.006079,0.011,0.0059113,0.012308,-45.14,0.0084888,4.0846e+05,0.0095456,0.010198,-24.4,0.046368,0.010825,-0.0026235,0.0054,0.016164
0.0044232,0.0044287,0.0046012,0.0043182,0.0047006,0.011886,0.023598,0.021702,0.022826,0.026279,0,-0.0019096,0,0.011428,-0.0030184,0.012132,0.011716,0.010899,0.0047676,0.0045964,0.0053365,0.0058427,-1.0066e-05,-0.0073921,0.0098842,0.011235,0.007366,0.0011686,-0.004255,-0.0099727,0.012582,-0.049216,75.476,74.629,0.0040425,0.0045551,0.0030194,0.0037504,0.0058904,0.0015159,0.0054983,0.010417,0.0053773,0.0063285,-0.0001185,0.0046958,0.006451,0.0034333,0.012811,0.0018647,0.0012104,0.00075724,0.0012525,0.0011867,0.0045968,0,0.0024686,0.1667,-0.1667,-0.066743,-0.08771,-0.5666,-0.1666,-0.1666,0.0031969,-0.052964,-0.040365,-0.075797,-0.013425,-0.052273,-0.1207,0.0094787,-0.030406,0.0050081,0.0042188,0.0037357,41.867,0,-0.1333,5782,-0.017448,-0.057159,0.017792,-0.17821,0.05249,0.086778,-0.15216,0.0044047,0.014401,-0.0055322,0.018793,-0.010704,0.025666,0.00047468,0.00030868,0.00040708,-0.00061822,-0.0026338,0.0001041,0.0036148,0.0094125,-0.001181,0.00065243,-0.0010985,0.0056971,0.006605,0.017441,0.0085638,0.0038737,0.0066043,-0.015686,-0.00062416,-0.0011497,-0.001315,0.002574,0.0086346,2.7863e-05,-0.0085047,-0.0005489,0.00038086,-3.4305e-05,0.00622,0.022204,0.0069715,0.019989,0.016666,0.009694,0.10366,0.045908,0.048123,0.0014773,0.0006595,-0.0019273,0.0041732,0.0040544,0.0025585,0.0011181,0.0010357,-0.0004153,0.010329,0.010412,0.01037,-0.0061123,0.25,0.16,0.15,0.13,0.3133,0.36,0.15,0.02,2.2167,1.73,0.12,0.3,1.85,0.33,0.038193,-0.0252,0.013736,0.0065944,0.0032563,-0.0073878,0.0063175,0.0092699,0.0049491,0.0088595,0.009161,3.1,0.015983,-0.00036253,-0.011262,0.018538,654.84,0.018345,0.0083312,0.019129,10.796,0.0051775,0.013906,0.014943,0.0074184,-0.011659,0.0021952,0.036927,-0.00096704,-0.0086574,97.2,3.6431,0.2,0.2,-1.6874,-2.2076e+05,0.0073292,-0.077125,-0.0062431,-0.8667,-0.0667,0.15652,0.15376,0.3333,-0.11,1.2433,3.26,0.056984,0.0038402,0.00082191,0.0015367,-0.0023584,0.0014863,0.0018276,-4.763e-05,-0.00017972,0.0013792,0.0006372,-0.0022161,-0.016954,-0.0097299,-0.011411,0.0268,-0.032683,0.0082651,-0.0133,-0.0003,0.15,0.22,0.14347,0.10781,0.046645,-0.14579,0.069554,0.077247,-0.0011968,0.00055081,0.0107,-0.0054174,-0.00031334,-26.52,0.0043154,4.0201e+05,0.002799,0.0018632,-12.07,0.020246,0.058711,0.054094,-0.0957,0.038041
0.0073695,0.0070731,0.020732,0.0041431,0.0098832,0.013788,0.010469,0.023142,0.017673,-0.014137,0.1,0.00012014,2.4,-0.012433,-0.0033456,0.0089512,0.006195,0.0053651,0.0093704,0.0090947,0.0070428,0.013635,0.016515,0.011682,0.0128,0.0020439,0.015154,0.0023699,0.0039422,0.014544,0.02703,0.051389,76.463,75.191,0.003466,0.0039244,0.0021243,0.0032457,0.0048573,0.0017297,0.0027733,0.0074777,0.005853,0.0039993,-0.0027288,0.0048857,0.0074497,0.0039425,0.028609,-0.00049935,0.00092551,-0.0041709,0.00095268,-0.0017805,0.0016781,0.0011841,0.0038026,-0.0667,-0.2333,-0.18723,-0.052476,-0.2667,-0.3334,-0.1,-0.063891,-0.048678,-0.065862,-0.047485,-0.03908,-0.042255,-0.041733,-0.12451,-0.063353,0.0051571,-0.00094238,0.0053348,41.933,0.1,0.1,6116,-0.050253,-0.15502,-0.022025,0.074784,-0.064538,-0.1611,0.099091,0.0041398,0.0059179,0.04169,-0.0027214,0.0021937,0.071118,0.0045787,-0.0031611,-0.0006936,-0.0019751,0.0025291,-0.0023645,-0.012571,-0.0082593,0.001096,-0.014762,0.0011912,-0.0075091,-0.012175,-0.0070369,-0.006312,0.003357,-0.017193,-0.12423,0.00042783,-0.00048467,0.0013491,-0.0001069,-0.0087411,0.00019607,0.016375,-0.0036182,-0.0058928,-0.0030424,-0.012981,-0.012492,-0.016371,0.0056155,-0.014181,-0.012583,-0.089657,-0.053959,-0.073826,0.0024427,0.0032109,0.0043834,0.0064551,0.0030635,0.0031171,0.0079897,0.0040357,0.0039336,-0.00063542,-0.00136,-0.00078239,0.0056202,0.25,0.3,0.3066,0.2333,-0.18,-0.18,-0.16,-0.1633,2.2333,1.72,0.12,0.23,1.37,0.19,0.01521,0.0077017,0.023762,0.01179,0.011161,-0.0039665,0.0028628,0.0084168,0.0061,0.0075045,0.0081748,10.8,0.012173,0.0073216,0.0019566,0.012922,659.8,0.011418,0.014626,0.012172,9.7664,0.022185,0.0040833,0.0064372,-0.014645,0.0314,-0.018205,-0.022114,0.03096,0.016497,96.4,-21.159,0,-0.1,-1.0613,-38583,0.0082827,0.077502,0.0094446,-0.4,0.1,-0.051714,-0.053542,-0.1333,-0.06,0.86,2.85,-0.080865,-0.017367,-0.01343,-0.028958,-0.0029894,-0.012758,-0.0029114,-0.0022599,-0.0070551,-0.008589,-0.006163,0.0040486,0.0032899,0.0050967,0.0017468,0.0891,-0.020283,0.0047588,0,0.0008,0.16,0.13,-0.1828,-0.087012,-0.038446,0.11728,0.01421,0.060723,-0.00099886,0.008226,0.0106,0.021979,0.024867,-0.59,0.011434,3.9646e+05,0.018715,0.023188,-1.39,0.025332,0.033619,0.037804,-0.0273,-0.0057042
0.0069605,0.0055015,0.018649,0.0034382,0.0056712,0.021122,0.0063015,0.023343,0.0084568,-0.0011836,0.3,-0.0026223,-1.3,0.009071,-0.0022663,0.008608,0.0069561,0.0054796,0.008855,0.0085064,-0.0047248,-0.0020112,-0.001873,-0.0010377,-0.0026303,-0.0026942,-0.023211,-0.0091801,-0.020038,0.0014019,-0.0038886,-0.015189,76.273,74.875,0.0036152,0.0040751,0.0030843,0.0034272,0.0048007,0.0035365,0.0023407,0.0068972,0.0059765,0.0042588,0.0029658,0.0056565,0.0038181,0.0030621,0.014735,0.0011688,0.0010588,-0.001203,0.00029251,-0.00083202,-0.00025797,0.0019009,0.004779,0.1334,-0.0667,-0.069747,0.025146,-0.7,0.0667,-0.1,-0.018062,0.0041901,-0.027345,0.027989,-0.017872,0.024681,-0.040031,-0.023091,-0.0052103,0.0017101,0.0076766,0.0033552,41.967,-0.0334,0.1,6319,0.00085385,-0.061446,0.010549,-0.095838,-0.0091325,0.04767,-0.024405,0.013605,0.011348,-0.0050719,0.015371,0.0043114,-0.038523,0.0080773,0.0020141,0.00017671,0.0024077,-0.0001573,0.0028143,0.0087755,0.0019211,-0.0010607,0.012276,-0.00077553,0.0017198,0.00024114,0.0079517,-0.0058855,-0.0035079,0.0096093,0.10244,0.002356,-0.00018795,-0.00076899,-0.0065062,0.0054079,-0.0023011,-0.010454,0.0074213,0.0043624,0.0024648,0.0015165,-0.0050627,0.0022358,-0.024146,0.00029582,-0.0010888,-0.066468,-0.0089651,-0.0051849,0.0029864,0.0087192,0.0036714,0.0010847,0.0070961,0.0083726,-0.012409,0.0054963,0.0067989,0.0068469,0.018765,0.0068715,0.0027983,0.2033,0.1467,0.11,0.1233,-0.02,-0.11,-0.1467,-0.1634,2.09,1.64,0.09,0.21,1.21,0.2,0.0095065,0.015965,0.014335,0.006002,0.0057246,0.0040061,0.0071225,0.0069201,0.0059606,0.0078572,0.0071687,7.4,0.015595,0.0056696,0.00019005,0.017114,667.53,0.016572,0.012419,0.017525,9.1363,0.013379,0.0092279,0.0091478,-0.051705,0.066219,-0.023103,-0.00068621,0.023409,-0.070875,95.1,-2.6059,0,0,0.84568,3.027e+05,-0.0039623,-0.0081686,-0.026249,0.3667,-0.0666,0.014828,0.015019,0.0067,-0.1167,0.6633,2.5,0.01067,0.027977,0.011571,0.019979,0.0065497,0.0087687,-0.0012928,0.0019414,0.0054572,0.0061962,0.0041561,0.0016603,0.0053312,0.0060355,-0.0040576,0.0346,0.046685,0.012123,0,0,0.16,0.09,0.0057146,-0.056452,0.025263,0.022672,0.017903,0.039831,0.0014842,0.0097827,0.0115,0.010094,0.013174,111.81,0.0055802,4.2794e+05,0.0099827,0.012662,56.52,-0.070827,0.029404,0.026758,-0.0199,-0.014043
0.0056633,0.0096052,0.029781,0.0064438,0.0097752,0.0019304,0.0151,0.023531,0.011833,0.026358,0.1,0.0058775,4.1,-0.022121,0.0034175,0.016085,0.027824,0.0056841,0.0073371,0.0071176,0.013438,0.018121,0.011292,0.013176,0.026363,0.01633,0.027703,0.012635,0.026084,0.013312,0.011541,0.042425,77.591,75.821,0.0036633,0.0041786,0.0055013,0.0030512,0.0075118,0.0069929,0.0030418,0.010871,0.0034033,0.0025545,0.00094721,0.0046249,0.0045254,0.0035702,0.009704,0.0028069,0.00078965,0.00027191,0.0016159,-0.001666,-0.00083891,0.001851,0.00089028,-0.2334,-0.1667,-0.10955,-0.091086,1,-0.2,-0.2667,0.0001506,-0.020104,-0.10499,-0.089805,-0.054786,-0.048489,-0.024001,-0.058329,-0.061278,0.010091,0.0035452,0.0083165,41.933,0.1,0.0667,6257,0.072155,0.13447,0.044634,0.058233,-0.0030625,0.082163,0.086385,0.014108,0.02378,0.017451,0.032268,0.0016829,0.024286,0.0028552,0.0027578,0.0015747,0.00081702,-0.0016082,0.0022797,0.0018763,0.00032677,0.0031806,0.0026712,0.0035765,0.0029716,0.0035961,-0.0099812,0.0073919,-0.00032088,-0.0084565,0.051136,-0.0049769,0.0010202,0.0034488,0.014223,-0.0036741,0.0042284,0.012661,-0.00047099,0.0024081,0.001147,0.011691,0.0039039,0.01546,0.0080165,0.00505,0.013795,-0.024223,0.16855,0.13428,0.00017138,0.0004792,0.0036214,-0.0051629,-0.0035179,-0.0053512,0.0098922,-0.00097789,-0.0029766,0.005804,-0.0068731,0.0056383,0.0090875,0.05,0.17,0.23,0.31,0.1267,0.04,-0.0933,-0.0633,1.9,1.55,0.15,0.35,1.16,0.17,-0.007483,0.023119,0.0055539,0.0028563,0.0037441,-0.00076217,0.017642,0.006545,0.0061532,0.014101,0.0085557,14.1,0.018425,0.0084041,0.00272,0.019941,677.11,0.019203,0.015886,0.020354,8.7935,0.0052912,0.014729,0.014762,0.0069334,0.0022099,0.024827,0.016836,0.0135,0.015055,98.4,-2.8451,0.3,0.4,-0.02058,1.0396e+05,0.012822,0.053088,0.02878,-0.4,0.1333,-0.031663,-0.031779,0.2533,0.0033,0.8667,2.3567,0.025475,-0.020408,-0.0058202,0.013982,-0.0038843,0.005179,0.0048036,0.00082371,0.0027648,0.0031526,0.0029944,-0.001363,0.0024098,-0.003095,0.0087994,0.036,-0.046268,0.0077893,-0.03,-0.0001,0.13,0.17,0.074108,0.091839,0.0063492,0.076889,0.10992,0.063411,0.00010472,0.01503,0.0199,0.01707,0.015251,1019,0.011904,7.3968e+05,0.015388,0.017495,520.84,-0.53534,0.054132,0.052634,-0.0702,0.01134
0.0054835,0.0012954,-0.0051315,0.0025756,0.00030741,0.02284,0.019133,0.020402,0.027249,-0.0086555,0.2,0.003825,2.6,-0.035212,0.0022048,0.0087326,0.0073386,0.010883,0.0064041,0.0061026,0.0050094,0.0056437,0.0053389,0.0051632,0.0073771,0.0094496,-0.0077188,0.01371,0.019236,0.0026344,0.0033616,-0.00079331,77.87,76.072,0.0043391,0.0050131,0.005736,0.0034339,0.0099993,0.0084292,0.0012706,0.016251,0.0055802,0.0034871,-0.00023673,0.0054384,0.0037453,0.0020672,0.022913,0.0028958,0.00056578,0.00059837,0.0011501,-0.0020268,-0.0018092,0.0019168,0.0064702,0.1334,-0.0666,0.0922,-0.12321,-0.5,-0.0333,-0.0333,0.052084,-0.0097746,0.02319,-0.12776,-0.0086293,-0.023368,0.063188,0.030101,0.020249,0.0039721,0.0051619,0.005011,42.1,-0.0333,0.1333,6672,0.044774,0.15052,0.019871,-0.13041,0.12119,0.020954,0.14468,-0.0039866,0.0058578,0.01829,0.017805,0.0013844,0.039738,0.0041156,-0.00065864,0.00030752,-0.0012447,0.0029689,-0.002505,0.001856,0.002947,-0.0018125,0.0012939,-0.0024131,0.00014114,0.0084448,0.00019979,0.006205,-2.9371e-05,0.030837,-0.039953,0.0033345,-0.00060841,-0.0022244,-0.014515,0.0004643,-0.0021314,-0.010294,0.0039737,0.00022955,0.001068,-0.0053036,0.0073308,-0.0076126,-0.0019271,0.0043655,-0.0023797,-0.0049598,0.11776,0.12202,0.0023684,0.0058903,0.0040238,0.0052887,0.0020077,0.0033264,-0.00014885,0.0013994,0.0021353,0.009087,0.013341,0.0085032,-0.00090785,0.2434,0.3533,0.3834,0.3867,0.39,0.35,0.1867,0.2,1.71,1.51,0.18,0.38,1.2,0.27,-0.014143,0.010858,-0.00034194,-0.0017259,-0.0015122,-0.00046985,0.0073501,0.0061266,0.0052042,0.0013601,0.004857,9.5,0.0028226,-0.0028349,-0.013717,0.0036711,672.25,0.0010066,0.0087392,0.00065013,17.878,0.0088625,0.014515,0.015593,-0.031702,0.042553,-0.040214,-0.041559,0.047519,-0.0052038,98.9,15.282,0.1,0.3,1.8996,4.3903e+05,0.0039859,0.00081826,-0.0026553,-1.1333,0.1333,-0.01737,-0.017084,0.4667,0.1133,1.09,2.3,0.010324,0.0063011,0.017783,-0.0043297,0.0021914,0.000257,0.00091479,0.00023484,6.4308e-05,0.00063122,5.3053e-05,0.0029015,-0.005473,-0.008481,-0.015758,0.0644,-0.060471,0.013593,0,-0.0002,0.46,0.38,0.043992,-0.056185,0.036255,0.023195,0.0068061,0.070749,-0.00013353,-0.0021333,0.0088,-0.0094474,-0.0064039,-1340.4,0.0068522,3.3207e+05,0.0030396,0.00073374,-679.19,0.80771,0.047819,0.053056,-0.0517,0.0064927
0.010187,0.009324,0.020699,0.0074517,0.0097736,-0.0012986,0.015483,0.011143,0.020904,-0.0033721,-0.1,0.0062046,3.7,0.00058855,0.0045514,0.022185,-0.0014387,0.0043596,0.012209,0.012341,0.0064787,0.011174,0.0034593,0.0011999,0.019581,0.0079173,0.020146,-0.010898,-0.02211,0.0047086,0.0019415,0.018419,78.479,76.357,0.0046812,0.0052019,0.0055716,0.0040442,0.0086419,0.0073913,0.0025363,0.011777,0.004603,0.0037868,0.005077,0.0074656,0.0045087,0.0053205,0.031129,0.002272,0.0017549,0.00083374,-0.00014869,0.00023868,0.0034219,0.0014525,0.0032045,-0.0334,-0.1667,-0.13247,-0.041075,-1.1333,-0.1,-0.1667,-0.095482,-0.0098711,0.019508,-0.047412,-0.073088,0.0115,0.036895,-0.10388,-0.030871,0.0039743,0.0034768,0.0052996,42.167,0.1,-0.0333,7208,-0.043716,-0.1628,-0.027174,0.15741,-0.1845,-0.023074,-0.13195,0.0075778,0.014917,0.017232,0.0095164,0.012504,-0.016651,-0.0014823,-0.0011744,-0.0001719,0.0025475,0.0014904,0.0041502,-0.0045368,-0.0012715,0.00036145,-0.0062369,0.0008179,-0.0020455,0.0064529,-0.0006393,-0.011796,0.0023817,-0.019933,-0.039659,0.00086482,-0.00052696,0.0019058,0.011382,-0.0037358,0.004307,0.0011208,-0.0035516,-0.002648,-0.0020278,-0.0027005,0.0027185,-0.0044272,-0.0041802,0.0033312,-0.00093708,-0.10998,0.080312,0.073415,0.0035128,0.0026774,0.00023193,-0.018127,-0.0055954,-0.0044536,0.0029926,0.0069014,0.008363,-0.0075007,-0.015806,-0.007179,0.029896,0.29,0.28,0.2666,0.31,0.16,0.27,0.19,0.3067,1.8567,1.62,0.16,0.41,1.08,0.34,-0.042454,0.008214,-0.0018713,0.0046455,0.0033196,0.02685,0.015006,0.0058013,0.0011857,-0.0092028,0.0018336,9.2,0.010742,0.00326,-0.0010996,0.011856,677.3,0.010413,0.01181,0.010732,13.875,0.019593,0.0016162,0.0037044,0.024893,-0.030233,0.03849,0.0077284,-0.022228,0.02019,98.3,-4.0719,0.2,-0.3,-1.3955,1726.7,0.0050146,0.026554,0.0091628,-1.8334,0.1667,-0.054094,-0.051346,0.23,0.1033,1.03,2.2,-0.031717,-0.01352,-0.014185,-0.012715,-0.000534,-0.0052845,-0.0020674,-0.0012139,-0.0030879,-0.0043095,-0.0028514,-0.0034644,0.0028141,0.0058445,-0.00091179,0.1279,-0.024717,0.0067495,-0.0134,0.0004,0.35,0.45,-0.12668,0.010453,0.028086,-0.1158,0.00065483,0.013976,0.00030399,-0.010196,0.0087,0.026231,0.025355,19.66,0.0083443,3.3249e+05,0.014623,0.018413,6.23,0.007088,-0.010825,-0.0060289,0.0571,-0.051993
0.0082524,0.0086271,0.0090619,0.0077852,0.011209,0.035381,0.0028359,0.0084543,0.0062285,-0.0090651,0.4,0.0063468,3.5,0.021583,0.0049654,-0.012516,0.022207,0.0064799,0.0097946,0.0096062,0.010665,0.012567,0.0073867,0.0023334,0.021238,0.0093775,0.010002,0.018158,0.023491,-0.0022943,0.02023,-0.018479,79.105,76.888,0.004472,0.0048835,0.0047024,0.004085,0.0068698,0.0065849,0.0015468,0.0097317,0.0064509,0.0034231,-0.0012963,0.0068727,0.0048751,0.0019381,0.015884,0.0022548,0.0021522,-0.0012087,0.0060104,0.00095406,0.0037313,0.0018184,0.0027624,-0.0666,-0.1,-0.15142,0.028061,0.0333,-0.2334,-0.0333,-0.00031458,-0.082497,-0.035756,0.0351,-0.027561,-0.067828,-0.0069431,0.0017002,-0.070618,0.0060836,0.0083029,0.005236,42.167,-0.0333,-0.0667,7392,-0.02165,-0.012435,-0.034712,-0.049145,0.11415,-0.019283,-0.054987,0.0084911,0.01053,0.019747,0.018103,0.0097442,0.0015962,0.011724,-0.0010006,-0.0012962,-0.0030063,-0.0026773,-0.0060439,-0.001814,0.0015851,-0.00065159,-0.003525,-0.0012828,0.011342,-0.013683,0.0051217,-0.0039844,-0.0018325,-0.019017,0.014979,-0.0053313,-0.0010543,-0.0030312,-0.00095768,0.0053026,-0.0057692,-0.0021254,0.0029877,-0.00033938,0.00020679,-0.0016708,-0.012696,-0.0032622,-0.0026093,-0.0074721,-0.0059855,0.045347,0.024704,0.021102,0.0038559,0.0066639,0.00010184,0.0019495,0.0035782,0.0029014,0.0023719,0.0045651,0.0035223,0.0043585,0.0045533,0.0039896,0.0027226,0.1866,0.2,0.1934,0.2167,0.0067,0.03,-0.0267,0.0366,1.8867,1.64,0.16,0.43,0.89,0.16,-0.034289,-0.0037145,0.0032156,0.0055888,0.0024245,0.011563,0.0040998,0.010739,0.0027598,0.011665,0.010983,9.7,0.012481,0.0077178,0.0012379,0.013184,681.86,0.015843,0.0015057,0.016359,12.679,0.012102,0.00019572,0.00052064,0.021288,-0.024707,-0.0015237,0.021772,-0.043461,0.012472,98.1,-2.2985,-0.3,0.2,0.3159,2.196e+05,0.0088993,-0.035018,0.0023675,1.4334,-0.1,0.021209,0.019728,0.0466,0.1167,0.89,1.9867,-0.014861,-0.079585,-0.011933,0.0053067,-0.0038073,-0.00039822,0.0055877,-0.0001796,-0.00024078,0.00018394,-8.354e-06,-5.2711e-05,0.010184,0.004995,0.016575,0.0653,-0.029545,0.013733,0.0067,0.0007,0.02,0.28,-0.077651,-0.062576,-0.021495,-0.031174,0.012291,0.068131,-0.00077978,0.0069874,0.0086,-0.014436,-0.011725,-31.15,0.005982,3.2873e+05,0.0022197,-4.7386e-05,-9.56,0.017372,0.053245,0.059637,-0.0541,0.015188
0.0053584,0.0060809,0.0087743,0.0059488,0.0051694,0.0090106,0.0076923,0.01592,0.013208,-0.012035,0.5,-0.0010347,1.1,0.0019712,-0.0033177,0.0043442,0.0048862,0.010511,0.0076667,0.007768,0.0067725,0.0096908,0.0089656,0.0056415,0.011346,0.011455,-7.8261e-05,0.0089412,0.013802,0.0046651,0.014361,0.04706,79.458,77.007,0.0043366,0.0050845,0.0053584,0.0039935,0.0064566,0.0059602,0.0043463,0.0076546,0.004846,0.0034114,0.00094293,0.0068415,0.0070765,0.0030705,0.013417,0.0031026,0.00010378,-0.00035195,0.0044587,0.0013104,-0.00083512,0.00020695,0.0057422,0.2,0,0.020103,-0.041859,-0.6333,0.0334,-0.0334,-0.0063132,0.076912,-0.046953,-0.045214,-0.0066037,0.034489,-0.073541,0.0022624,0.032951,0.0032858,0.0018689,0.0029899,42.033,-0.0667,0,7566,-0.040248,-0.019437,0.02353,-0.1378,-0.094727,0.03455,-0.12113,0.0013298,0.0024182,-0.023223,-0.015228,0.00041526,-0.034127,0.011307,-0.000208,0.00041824,-0.00030807,-0.0014919,0.0015905,-0.0020081,-0.0013119,0.00058407,-0.0023663,0.00066613,-0.0068548,0.012448,-0.00032551,-0.010884,-0.00041616,0.01644,-0.0415,0.0013716,0.0022078,0.00089426,0.0056561,-0.0016623,-0.00063271,-0.0011809,-0.0011685,-0.0012887,0.00052153,-0.0037549,-0.0096762,-0.0038369,0.028292,-0.018019,-0.0079446,0.3175,-0.15458,-0.1703,0.0045364,0.0060188,0.0062743,0.0067446,0.0058501,0.0051711,0.0049038,0.0046763,0.004489,0.0043762,0.0055341,0.0048577,0.0035735,0.2967,0.2767,0.25,0.2033,0.1066,0.21,0.2167,0.3267,2.1067,1.74,0.13,0.35,0.72,0.22,-0.03962,-0.010272,0.0063777,0.0036673,0.00060925,0.017922,0.0053532,0.0098983,0.0028918,0.01129,0.010265,14,-0.033778,0.0039961,-0.0065145,-0.039469,648.62,-0.045965,0.0052725,-0.049665,23.254,-0.0011524,0.0051728,0.005554,0.014775,-0.019268,0.012125,0.010832,-0.013594,0.011033,98.1,24.38,-0.1,-0.2,1.1623,3.4765e+05,0.0041078,0.080671,0.0058445,-1.3,-0.2333,-0.016487,-0.015275,0.0634,0.0967,0.6567,1.9067,0.044956,0.044362,0.012722,-0.013956,0.0039615,-0.0043522,0.00011492,0.00050777,-0.0014209,-0.0016886,-0.0017867,0.0031103,-0.0027822,-0.0018843,-0.00033279,0.0288,0.03324,0.013292,0.02,0.0002,0.34,0.32,0.074774,-0.066755,0.025937,0.048839,-0.030829,-0.087461,-0.00011951,0.0021402,0.0086,-0.0018779,-0.016818,-17.26,0.0093502,3.3192e+05,0.0051716,0.0026375,1.61,-0.00031064,-0.057381,-0.058307,0.1617,-0.098739
