0.2847,4.1571,7.6605,5.3826,1.5414,-26.705,4.2169,12.819,10.631,-7.565,0.1,3.4057,5.4,-9.9463,0.26363,36.825,3.7333,-0.54052,-0.62869,-0.73809,NaN,-16.705,5.3704,4.429,-43.798,-73.693,1.4735,1.0019,-14.048,5.2801,7.8633,7.7841,NaN,80.499,0.039861,-0.40869,-3.0009,1.9281,-3.3109,-7.0723,2.8141,-2.1195,2.504,2.932,-1.8554,1.0702,2.2159,2.649,-14.013,1.8239,2.529,3.0594,4.8811,0,1.9797,4.0687,0.63557,59.3,5.2667,0.34655,-0.16403,0.7667,0.2667,-0.1333,26.26,67.447,12.019,-83.653,NaN,NaN,NaN,NaN,14.993,-3.7357,NaN,-1.166,40.367,NaN,-0.0667,1655,-6.4999,-47.505,NaN,-2.21,-24.028,6.6925,-16.727,-6.2486,3.2647,-37.293,NaN,-2.2955,NaN,NaN,2.3948,0.0013538,1.7065,-0.0013298,0.002895,0.0019286,-0.0039946,0.0019334,0.0039803,0.0019618,-0.0081267,-0.003402,0.0051345,-0.0011158,0.0079309,0.0014378,-0.0085868,0.0043874,-0.001469,0.00040339,-0.00085039,-0.00040888,-0.0034298,0.0068774,0.013504,2.0606,-0.0011348,-0.004012,-1.2612,-0.0010015,0.0018336,-0.0032841,-0.0064985,NaN,-4.6297,-2.6679,NaN,4.2513,-3.3066,NaN,0.27931,3.0865,NaN,0.53773,2.9957,2.1598,NaN,1.8099,1.3051,3.5767,3.54,0.7567,4.6033,4.5033,NaN,0.12,0.1634,0.6133,NaN,0.59,1.06,0.96,0.65,2.4335,NaN,0.77074,3.3529,3.4012,15.311,16.81,12.535,6.8482,NaN,12.535,NaN,0.93201,9.9813,10.522,0.030776,524.99,-0.24875,4.7923,-0.30941,NaN,NaN,NaN,NaN,NaN,NaN,-0.24087,0.096031,-0.88212,-3.0891,NaN,NaN,0.4,0.1,NaN,NaN,-16.259,13.122,-8.4633,-0.9333,-0.2666,0.0035774,0.010977,0.36,-0.0367,1.1067,0.8967,-0.02031,-0.013231,0.0029397,-0.003437,-8.7348e-05,0.0030015,-0.0026235,0.0013496,-0.0011844,0.0054024,0.0056021,-0.010878,0.027733,0.028334,-0.0007477,-0.0171,36.938,6.3697,0.0516,0.0041,0.59,0.62,NaN,NaN,NaN,NaN,39.816,NaN,NaN,3.7559,0.0088,2.6846,3.9301,-21.13,10.222,2.756e+05,-0.060363,-1.7899,-38.27,7.5951,8.4197,9.4563,-0.0292,-7.0182
1.1385,0.45025,-19.582,4.8179,2.456,12.811,-4.6666,-0.81065,-1.1177,-11.487,0.8,-3.2843,-3.9,1.2438,-2.0267,-20.299,-10.301,2.8389,-1.1902,0.16157,NaN,1.909,-4.4178,-4.1112,9.407,16.159,-3.9268,-21.201,-62.347,2.1533,-8.6128,8.4562,NaN,80.076,1.4869,0.80522,-0.41689,2.981,-1.1956,-0.75725,0.062776,-5.4143,4.9614,3.0718,-0.38764,3.0106,2.439,4.7719,0,1.2597,5.2354,1.9678,2.0717,6.0723,4.1081,5.1711,0.32254,59.333,5.6,0.32465,-0.018279,0.2333,0.3333,0.2,28.308,20.872,43.614,-9.0977,NaN,NaN,NaN,NaN,24.401,-0.3529,NaN,0.068685,40.1,NaN,-0.1666,1572,-13.051,-19.113,NaN,-21.627,6.9381,-8.253,-25.341,-5.6116,-7.4525,2.5124,NaN,5.1032,NaN,NaN,2.1848,-0.00094752,1.5539,-0.0013171,-0.0001148,-0.00049992,-0.00026248,-0.00068824,-0.00051963,0.00019138,0.00039586,-0.0012501,0.00016654,-0.00054117,-0.0031756,-0.0022987,0.022827,-0.0066467,0.0012365,0.0089143,-0.0026927,-0.0037935,-0.0041554,0.0059003,-0.0040806,2.4138,0.0021746,-0.0020242,-1.6886,-0.0050166,-0.0019991,0.0021845,0.0032438,NaN,-6.2566,-2.2931,NaN,3.4746,-1.6563,NaN,1.4245,2.8777,NaN,-1.2599,0.51018,4.7778,NaN,5.0931,-3.5489,3.99,4.23,0.51,4.9167,4.5833,NaN,0.0967,0.1566,0.69,NaN,0.41,0.69,0.35,0.53,-0.058339,NaN,-6.0126,-1.0267,-0.37039,6.0001,14.473,12.742,6.2489,NaN,12.742,NaN,5.0463,11.09,8.2507,4.4316,527.09,5.4187,3.8343,6.1864,NaN,NaN,NaN,NaN,NaN,NaN,1.6646,0.33593,-0.82698,-1.9745,93.8,NaN,-0.2,-0.1,NaN,NaN,1.4342,9.524,6.3263,-0.8667,-0.2334,0.0035637,0.015062,0.1434,0.24,0.8367,0.58,0.0083584,0.034274,-0.0044493,-0.0011503,-0.0016144,0.00098554,-0.0017377,-9.9408e-05,-3.5841e-05,-0.003259,-0.0033801,0.0030758,-0.050167,-0.02326,0.01258,-0.0487,50.324,1.533,0.0035,0.0032,0.57,0.77,NaN,NaN,NaN,NaN,32.802,NaN,NaN,14.681,0.0086,2.6667,0.084357,-134.93,-6.1184,2.5541e+05,-0.91709,-0.036653,-95.22,24.312,-6.6388,-6.6519,0.0852,-24.639
8.8897,3.8085,12.667,3.617,1.0025,38.315,13.142,13.68,13.666,12.122,2.1,-6.8809,-14.2,35.016,6.5958,48.489,14.875,4.5904,11.723,9.8472,NaN,23.418,14.643,15.279,37.323,58.522,11.254,49.02,119.38,3.0569,18.338,2.126,NaN,84.472,5.1171,5.3483,9.6839,4.0829,6.977,15.08,1.962,-6.381,4.9926,3.4211,5.9283,5.2687,4.7176,4.95,4.6125,3.204,3.8503,4.3141,1.5605,4.9259,1.4191,4.0952,1.7581,58.9,5.1333,-0.40558,-0.027543,-0.9667,-0.4333,-0.3333,-33.761,-49.344,-3.7478,-16.736,NaN,NaN,NaN,NaN,-39.982,-1.0535,NaN,2.5027,40.3,NaN,0.1666,1942,-28.435,-3.7209,NaN,-32.05,-37.12,-30.868,-15.461,15.274,6.6443,-3.519,NaN,-24.234,NaN,NaN,0.51378,-0.0025798,0.75049,-0.00073805,-0.0003655,-0.0040769,-0.0010336,-0.0043317,-0.0051362,-0.0029566,-0.0071968,0.0031366,0.0041198,0.0030417,-0.0013465,0.00015086,-0.03381,-0.0023752,-0.0030046,-0.010388,0.0013654,-0.0058649,0.0029817,0.0025517,-0.0073006,0.36347,-0.0022197,0.0090639,1.6886,0.012036,0.024142,-0.0010957,-0.0021632,NaN,-1.2581,-1.2574,NaN,6.9741,8.8564,NaN,8.0713,10.085,NaN,9.2284,10.897,-0.45761,NaN,-0.79322,2.6458,3.9333,3.8733,-0.4233,4.57,4.4867,NaN,-0.0167,0.0367,0.8233,NaN,0.34,0.7,0.61,0.81,-9.074,NaN,-1.4263,1.644,2.108,9.0313,9.6773,8.4875,5.9896,NaN,8.4875,NaN,0.43163,0.54181,-4.0483,0.42047,521.62,-2.1046,8.5934,-2.6131,NaN,NaN,NaN,NaN,NaN,NaN,-0.055375,0.33653,0.071358,0.92544,100,NaN,0.4,0,NaN,NaN,25.406,3.0142,0.45868,0.1667,0.0334,-0.026936,-0.022518,-0.1867,-0.06,0.7067,0.62,0.011951,-0.0094971,0.00072834,-0.009992,0.0029732,-0.0049816,-0.0017306,-0.0028919,-2.8661e-05,-0.0010806,-0.0022312,0.018079,-0.025251,-0.018193,-0.014147,0.1397,-35.485,10.229,-0.0069,0.0012,-0.07,0.75,NaN,NaN,NaN,NaN,20.319,NaN,NaN,-3.6199,0.0089,1.3267,1.0893,119.84,15.061,2.7916e+05,3.6732,1.7251,86.68,-20.501,-10.429,-11.958,0.2278,-22.949
-2.1634,5.0141,9.0003,4.4012,4.3583,-39.135,-7.3367,6.6844,5.8012,-34.169,0.6,4.4663,0.9,-7.1905,9.8389,11.313,2.988,2.5789,-5.5999,-4.5743,NaN,-8.775,0,2.1359,-20.218,-33.372,-3.6896,-6.5783,-8.9323,5.2943,-3.7465,8.2377,NaN,81.318,0.96672,0.44875,-3.9551,3.0578,-2.8079,-6.6239,-0.10412,3.0703,3.5674,2.9697,-1.0714,2.1241,4.3944,3.4986,-2.385,2.8808,3.7978,3.7584,1.4846,3.3793,4.84,3.6708,5.1679,59.567,5.2333,0.13049,-0.065127,-0.2,0.0333,0.0666,36.778,7.3101,-14.751,-37.046,NaN,NaN,NaN,NaN,46.846,3.9241,NaN,0.65164,40,NaN,-0.4,1816,-26.917,-1.6054,-14.155,-16.382,-28.885,-25.872,-37.14,-8.9607,6.3766,-3.4863,NaN,-21.744,NaN,NaN,2.0972,0.00064886,1.4245,0.00020255,-0.00091478,0.006406,0.0002786,0.00099875,0.008514,0.00067612,0.0015145,-0.00027112,-0.00075165,-0.0011846,0.014913,0.0029788,0.011708,-0.0027156,-0.00053035,0.017729,-0.0044178,-0.0017581,-0.0065331,-0.0033112,0.0030687,2.3958,-0.0021973,0.00097229,0.84038,0.0019511,0.0035626,-0.0032709,-0.0010827,NaN,-1.518,-1.5178,NaN,0.51797,-0.89367,NaN,0.22715,-4.0494,NaN,-6.2623,-8.4858,6.8617,NaN,8.8873,-14.109,3.6967,2.9933,-0.9267,3.87,4.26,NaN,-0.1,-0.0633,0.9867,NaN,0.3,0.88,1.27,1.08,-3.4698,NaN,-3.235,0.89149,0.53209,9.4797,6.9462,9.6837,0.13278,NaN,9.6837,NaN,2.9163,11.483,8.9037,2.0269,520.9,3.2192,1.9526,3.342,NaN,NaN,NaN,NaN,NaN,NaN,-0.71132,0.14476,0.44214,9.3438,93.3,NaN,0.2,0,NaN,NaN,-10.582,7.7636,8.1728,-1.0667,-0.1334,0.014286,0.018766,-0.34,-0.7033,0.6033,0.7567,0.0054507,-0.021598,0.0021858,-2.3139e-05,-0.0016113,0.0049697,-0.0060921,-4.906e-05,-0.0056477,0.0031988,0.0033232,-0.019677,0.041375,0.014618,0.0079909,-0.0499,37.125,5.5856,0.0413,0.0022,-0.62,0.38,-35.709,-0.57359,-16.164,-7.7673,28.216,NaN,NaN,7.2074,0.009,2.6403,0.12687,-32.75,7.3283,2.8014e+05,1.2226,0.15001,-22.94,5.9129,-1.4719,-2.7111,0.0876,-9.7394
1.9523,-1.602,-3.212,-0.4695,-2.3519,-1.0176,-8.6662,-17.653,-7.0625,-12.116,0.8,9.6643,12.9,-4.0734,5.8772,8.6244,-11.949,0.76158,0.13808,1.5911,NaN,-6.6316,-5.234,-4.7448,-8.5403,-11.507,-5.2308,-15.783,-14.196,-0.6015,-12.646,5.0836,NaN,78.899,-2.0365,-2.4409,-5.1036,-0.39043,-5.0472,-6.7798,-2.7167,-4.0094,2.6774,3.0002,-3.5405,0.46652,-1.6904,2.777,-7.9381,-2.1018,0.15746,-1.9522,0.89708,-11.472,6.3349,4.1627,-0.22814,59.567,5.5333,0.29748,0.02682,0.3334,0.4333,0.2,-4.5723,49.154,61.961,19.265,NaN,NaN,NaN,NaN,19.865,-0.58932,NaN,-2.2702,39.667,NaN,-0.0666,1681,-18.163,-5.9421,-6.5302,-12.515,-12.679,-23.181,-20.403,-2.9365,-5.6345,6.1716,NaN,-7.7324,NaN,NaN,1.4809,0.00010176,1.7315,-0.0017132,-0.00085827,-0.0035453,-0.0018652,0.00098242,-0.0041311,0.00039605,-0.002217,-0.0015269,-0.0023619,-0.0006413,-0.013497,-0.0015691,0.021032,6.0159e-05,0.0016098,-0.0069838,0.0038315,0.0032566,0.00090153,0.00092943,0.00013085,0.22582,-0.0032641,-0.0050095,-1.2625,-0.005986,-0.016154,-1.4898e-06,2.0733e-06,NaN,-1.5587,-1.5584,NaN,4.9789,0.30469,NaN,2.1741,-0.57958,NaN,2.4127,2.1772,-2.5528,NaN,-0.01765,4.5271,2.9367,2.36,-0.58,3.0733,3.8333,NaN,-0.14,-0.1434,1.27,NaN,0.35,0.71,1.47,1.01,3.2426,NaN,3.4871,6.8427,6.0754,2.8419,8.3946,5.2977,-1.0546,NaN,5.2977,NaN,-1.5637,6.8962,6.1348,-2.4625,516.72,-3.1131,3.332,-3.6127,NaN,NaN,NaN,NaN,NaN,NaN,-1.4636,-1.8715,0.61248,-0.32851,97.2,NaN,0.1,-0.1,NaN,NaN,-7.4221,6.0088,2.8366,0.4334,-0.2666,0.025445,0.022567,-0.6267,-0.5767,0.7367,1.3767,-0.02521,0.0048776,-0.0014825,0.001104,-0.0030633,-0.0049667,0.002584,-5.2524e-05,0.0033727,-0.0042814,-0.0022249,0.005902,-0.014738,0.0076209,0.053934,-0.0654,44.612,2.6943,0.0275,0.0015,-0.7,0.44,28.185,-13.422,-33.931,0.92171,32.173,NaN,NaN,0,0.0086,1.3136,3.0371,-64.58,7.5216,2.7516e+05,3.1807,2.4067,-47.83,14.697,-2.5047,-4.9141,0.0276,0.54762
-5.167,0.51775,-10.18,3.8498,0.27613,-46.964,-0.79955,-14.308,-0.94083,-0.43358,-1.1,2.7641,1.6,-8.4209,4.6209,2.1248,-19.327,-0.1657,-9.0289,-7.7419,NaN,-9.7601,-4.5202,-2.626,-17.153,-26.752,-8.1867,-10.823,-12.339,0.30036,-11.06,2.6745,NaN,75.852,-2.3656,-3.412,-7.1167,0.27675,-7.2729,-9.6163,-3.6018,-8.1414,2.5248,1.9355,-4.9787,-0.21525,-0.34664,2.4141,-7.0331,-2.0287,3.2456,-1.0693,-1.5962,2.7157,3.8557,3.3108,-1.1163,59.633,6.2667,0.51691,0.18429,1.1666,0.6,0.7667,33.907,44.45,77.026,107.64,NaN,NaN,NaN,NaN,28.779,-4.5685,NaN,-3.7407,39.133,NaN,-0.2,1524,-9.2316,54.839,-10.206,-40.583,66.326,-42.958,8.1084,-5.0741,-1.0879,-23.738,NaN,-10.856,NaN,NaN,1.765,-0.00061089,1.7479,-0.00097973,0.00064923,0.0023182,0.0013138,-0.001298,0.0026321,-0.0019027,0.0039548,-6.2168e-05,-0.0026527,-0.00087635,0.010778,-0.0018401,-0.018504,0.00078217,-0.0009743,-0.0092255,0.0026286,-0.0030438,-0.0013708,-0.00073534,-0.0021505,2.5602,0.0065206,0.0059603,0.84253,0.0059045,0.018565,0.0010867,-0.0010873,NaN,-1.3134,-1.313,NaN,2.1633,-0.073002,NaN,-0.80637,1.2375,NaN,-5.2931,-3.179,6.9771,NaN,7.0504,-9.8963,2.2967,2.3067,-0.08,2.9933,3.8867,NaN,0.0067,-0.0066,1.21,NaN,0.32,0.69,1.58,0.96,-3.8903,NaN,-2.7816,3.2311,3.3298,2.5054,6.4927,4.228,1.2754,NaN,4.228,NaN,8.9532,8.5669,8.7327,8.9947,528.69,11.776,-0.025551,13.109,NaN,NaN,NaN,NaN,NaN,NaN,-0.29707,0.52737,0.071158,2.2939,90.1,NaN,0,-0.2,NaN,NaN,-11.237,4.6458,-2.0877,0.7,-0.5667,0.0084734,0.010213,0.0734,0.01,1.45,2.0233,0.025285,-0.020643,-0.0014621,-1.1311e-05,0.0014499,0.0079179,-1.657e-05,-0.0014149,-0.0022521,0.005305,0.003294,-0.0059816,-0.03561,-0.027823,0.022888,-0.0853,30.041,-1.5753,0.0035,0.0014,-0.1,0.97,-41.301,11.12,7.4122,-22.241,45.011,NaN,NaN,10.573,0.0089,0,-2.8519,-15.74,-2.0385,2.7374e+05,1.5374,2.174,8.2,0.040459,-2.7857,-2.6278,0.0257,0.31849
2.691,-0.14874,-22.616,3.9193,2.3805,10.249,-3.4091,-13.238,-5.7488,1.5762,-0.5,5.8958,1.3,-0.29021,12.708,-2.7598,-1.9498,3.7607,2.861,2.2832,NaN,-6.1025,-5.8416,-6.0898,-8.2757,-18.12,3.3206,-30.318,-84.753,1.5014,-6.3465,4.522,NaN,73.828,-2.3449,-3.2222,-7.3446,-0.041691,-6.6989,-11.285,-1.9088,-2.1534,2.6876,1.7704,-4.7245,-0.035893,-0.5784,2.5136,-11.517,-2.3899,2.289,-1.3743,-1.8737,-0.6772,4.7468,2.968,-0.61814,59.633,6.8,0.36974,0.15222,1.4667,0.4334,0.5,13.933,22.939,63.476,71.929,NaN,NaN,NaN,NaN,33.179,-2.1861,NaN,-2.2583,39.4,NaN,-0.0667,1461,18.255,34.092,3.8409,45.995,-79.42,57.028,12.295,-7.0379,-3.1257,-13.042,NaN,-6.4523,NaN,NaN,0.74719,-0.0015921,0.47755,-0.0001654,-0.00030437,-0.0025122,0.0019025,-0.002532,-0.004138,-0.003191,0.005551,-0.0014777,-0.00084041,0.00094371,-0.0072994,-0.0014257,-0.0032297,0.00017907,-0.0015482,-0.012823,-0.00021908,0.0045574,0.0036955,-0.010743,-0.0051631,0.8051,-0.0032706,-0.0079494,1.2598,-0.0098522,-0.029687,0.0032862,0.0010838,NaN,-0.67873,-0.68028,NaN,3.7468,-0.061593,NaN,2.6916,2.9435,NaN,5.1238,4.4693,-0.7197,NaN,-1.616,4.2229,2.0033,2.35,-0.0933,2.8733,3.7867,NaN,-0.05,-0.0334,1.2767,NaN,0.19,0.52,1.44,0.66,-12.425,NaN,1.1824,6.0455,6.0402,1.6317,10.651,3.554,2.6312,NaN,3.554,NaN,8.0804,0.68293,-3.078,8.8668,535.48,11.106,-1.8476,12.485,NaN,NaN,NaN,NaN,NaN,NaN,0.83496,-0.57551,-1.3684,4.3872,91.6,NaN,0,0,NaN,NaN,-6.9625,3.9629,7.1145,0.5333,0.3667,-0.026621,-0.036698,-0.1034,0.3467,1.64,2.2667,-2.7076e-05,-0.018746,-0.00072839,0.0078605,-5.4893e-05,-0.0069263,0.00439,-3.4319e-05,0.0033559,-0.0031999,-0.003311,0.0029827,-0.02976,-0.019502,-0.020526,-0.0416,22.661,-5.6974,-0.0035,0.0001,-0.26,1.01,-15.015,13.06,-0.98029,13.398,64.665,NaN,NaN,-7.0177,0.0089,1.3093,1.4292,62.84,15.21,2.9155e+05,3.68,1.5978,45.34,-10,45.525,44.537,-0.3889,51.594
6.7329,5.9089,8.2135,5.7789,5.3198,27.089,6.5058,18.703,8.8225,1.5964,0.3,0.9999,3.6,7.5419,-2.7213,-19.065,4.8475,6.0307,9.4676,8.1041,NaN,15.551,10.362,14.675,23.226,32.043,16.118,40.154,72.37,6.8322,4.0373,4.1649,NaN,76.354,1.2188,0.8043,2.4394,1.0674,1.5072,3.8178,0.55236,-2.3498,2.5809,2.1245,-0.15843,1.969,-0.57923,2.7242,-2.1968,-1.1882,3.386,-1.8486,-0.70867,2.8702,4.9409,3.1171,-0.80806,59.467,7,-0.078269,0.27851,-0.9333,0.2,0.4333,-33.599,-7.5946,24.25,103.45,NaN,NaN,NaN,NaN,-23.932,-4.6179,NaN,-0.92858,39.733,NaN,0.1333,1526,5.8691,12.863,22.431,-45.493,72.818,20.364,-16.329,6.077,0.16317,31.936,NaN,2.9665,NaN,NaN,-0.048164,0.0015931,0.78672,0.0020845,-0.00085203,-0.005348,0.0045543,0.0017435,-0.008475,0.0018369,0.01129,0.0014358,0.00027436,-0.0035425,-0.0099459,-0.0025792,-0.026331,-0.00078188,0.0027637,-0.0010986,0.0012789,-0.0046939,0.00059242,0.0024416,0.0040539,-0.13407,0.0010757,-0.0079672,-4.2146,-0.0099167,-0.016148,-0.0054734,-0.0021785,NaN,1.6596,-1.3126,NaN,5.4721,4.2013,NaN,5.6768,8.8721,NaN,10.397,12.729,-3.9817,NaN,-4.8524,11.471,1.7333,2.3033,-0.05,2.9367,3.79,NaN,0.0133,-0.0466,1.2267,NaN,0.18,0.63,1.49,0.56,0.13379,NaN,3.0525,7.4398,6.5315,1.0922,1.4876,-3.1876,2.1968,NaN,-3.1876,NaN,3.5403,9.5453,3.5145,2.9031,531.31,2.6052,6.6425,2.7782,NaN,NaN,NaN,NaN,NaN,NaN,0.80547,2.8828,-1.0437,1.5725,92.5,NaN,-0.3,-0.1,NaN,NaN,16.636,9.1998,-10.568,1.9667,0.1666,-0.0052678,-0.0052848,-0.0266,0.57,1.8833,2.55,-0.023197,0.058855,-0.0021752,0.0022049,-5.8468e-05,0,0.0035141,-0.0013881,-0.0033622,-0.0031696,-0.0021965,0.004279,0.01284,-7.876e-06,-0.021105,0.0043,-43.897,-1.7465,-0.0344,-0.0026,-0.15,1.13,64.461,-35.618,33.863,28.162,38.365,NaN,NaN,7.0177,0.0086,1.3051,4.2193,-104.07,7.3856,2.8015e+05,3.8954,3.2498,-77.69,23.331,24.886,25.06,-0.1968,34.182
7.6058,1.9405,9.6476,1.2193,0.31579,29.947,9.4945,5.4098,3.8928,21.255,1.2,8.4534,12.6,6.8953,3.315,17.683,25.651,5.2858,9.0926,8.3406,NaN,12.563,7.5233,7.6632,18.953,29.517,11.24,12.962,7.0977,5.4131,7.8002,6.9967,NaN,78.414,3.5016,3.2832,4.1272,3.3765,3.7397,6.1919,1.2718,2.166,4.9811,2.8323,3.3143,4.4038,2.4656,4.9466,2.0142,1.8414,4.638,2.1818,2.2223,4.6275,4.4693,4.7009,0.37581,59.2,6.7667,-0.29583,0.071475,1.2,-0.2667,-0.4333,2.3249,-22.896,-12.469,22.09,NaN,NaN,NaN,NaN,-23.399,2.8431,NaN,2.3405,39.867,NaN,0.3,1653,30.58,39.732,29.957,8.4422,40.588,34.926,34.917,10.705,6.8011,12.867,NaN,5.2783,NaN,NaN,1.4424,0.0010617,0.83271,-0.00065416,0.0013954,0.0066612,-0.00016182,0.00039572,0.0088141,0.00042,0.00099383,-0.0016948,-0.0012468,0.0021918,0.0039992,0.006732,0.049563,-0.0010811,-0.002489,0.0049996,-0.0031962,0.00277,4.7397e-05,0.011566,-0.0009346,1.5618,0.0010652,0.0089598,0.42308,0.012876,0.031087,-1.0821e-05,-1.068e-05,NaN,-1.7386,-1.7396,NaN,-0.29908,1.9007,NaN,1.4233,1.2899,NaN,6.7531,5.4903,-2.6418,NaN,-3.7717,7.8331,1.6833,2.3033,0.11,3.0133,3.98,NaN,0.1534,0.09,1.1267,NaN,0.29,0.71,1.68,0.59,4.4245,NaN,0.78044,5.1279,4.0319,2.0602,0.46854,1.1478,4.5865,NaN,1.1478,NaN,4.997,5.5725,0.28677,4.9356,530.85,4.8708,5.4143,5.3069,NaN,NaN,NaN,NaN,NaN,NaN,-0.75914,0.57801,0.97233,15.084,99.2,NaN,0.1,0.2,NaN,NaN,13.707,5.0547,11.887,1.0333,0.2,0.020989,0.017655,0.2833,0.62,2.2167,2.7533,0.027693,-0.00044915,0.004342,0.0076594,-4.889e-05,0.0029542,0.0034798,-0.0013712,0.003334,0.0031596,0.0032841,-0.0029475,0.014158,0.015634,0.033456,0.0378,-29.932,2.5816,-0.0275,-0.0013,0.04,1.21,67.727,19.661,24.064,14.641,4.394,NaN,NaN,3.4632,0.0086,2.5974,3.148,7.18,8.8889,2.8516e+05,4.9177,4.1788,9.01,1.798,5.1002,4.3118,-0.0168,11.35
7.7685,7.9658,18.934,7.0422,5.3925,6.5641,12.446,23.371,11.994,13.379,1,8.6753,7.7,13.713,10.609,6.469,9.401,7.7243,8.4321,7.7159,NaN,13.787,13.605,12.02,15.642,16.019,18.286,20.66,37.953,9.1924,11.647,8.6499,NaN,80.641,3.247,3.3785,4.4791,2.6488,4.3827,5.558,2.9729,5.659,5.0928,2.4556,2.5068,4.0763,2.6413,4.9966,-2.7492,1.3635,2.5637,1.9125,1.0991,2.707,1.0685,3.0011,1.8212,59,6.2,-0.38544,-0.19223,-1.4,-0.6,-0.3667,-12.61,-31.72,-71.033,-64.939,NaN,NaN,NaN,NaN,-33.208,3.8899,NaN,5.0817,40.467,NaN,0.2334,1816,8.64,37.185,11.335,24.77,-13.25,2.9324,20.909,9.8532,10.987,19.004,NaN,4.1041,NaN,NaN,0.43171,-0.001944,0.92584,0.00028612,0.0006903,-0.0042301,-0.005792,-0.0005999,-0.0036985,-0.00028035,-0.014028,-0.00029919,-0.00035882,0.00010089,0.00077611,-0.0050365,-0.02847,0.00096106,-0.0018901,0.0024872,-0.0021034,-0.00064959,0.00084094,-0.0005671,0.0015887,0.57794,-0.0010895,0.0010015,0.42263,-0.00099452,-0.0047524,0.0043933,0.0032733,NaN,-0.96238,-0.96214,NaN,4.7466,3.2371,NaN,2.3048,3.989,NaN,3.3572,3.822,0.73171,NaN,-0.48065,1.3651,2.4,2.46,0.15,3.1,3.9733,NaN,-0.0267,0.0066,1.14,NaN,0.29,0.64,1.51,0.6,9.2912,NaN,3.0235,6.4089,6.6894,4.9381,2.8502,6.1358,3.9014,NaN,6.1358,NaN,9.2595,10.948,3.2237,9.0778,532.65,10.367,5.5859,11.484,NaN,NaN,NaN,NaN,NaN,NaN,0.37049,-0.019334,1.7812,1.6243,93,NaN,0,0,NaN,NaN,14.275,9.0303,7.8291,-0.5667,0.4334,0.016681,0.018967,-0.0567,0.06,1.4433,2.01,-0.0033866,-0.039922,-0.0036178,-0.014356,-0.0014953,-0.003937,-0.0061241,0.0040399,-0.0022299,-0.0031596,-0.0032841,0.0056317,-0.0035462,0.0024978,-0.0030929,0.0708,-36.862,4.3312,-0.0345,-0.0003,0.16,0.66,-1.0485,-1.1644,7.5712,33.251,-84.33,NaN,NaN,13.561,0.0088,2.5807,-0.11011,-20.17,-1.0115,2.8183e+05,3.7592,4.6472,3.64,3.6902,20.096,18.856,-0.0763,27.092
7.0715,4.2149,8.5813,3.7219,3.2952,21.005,7.5801,10.165,7.9195,6.8918,1.6,7.6454,15.7,3.6893,-2.8793,-2.3586,11.995,3.9241,8.0011,7.8671,NaN,5.9308,6.1272,2.5897,6.8862,9.9089,2.7835,4.965,2.6441,2.1236,8.5902,7.0205,NaN,81.186,2.9573,3.013,4.1178,2.8828,3.0984,5.5557,2.0951,-0.86192,4.8579,2.4406,2.1807,4.0006,2.8134,4.826,-2.398,2.1384,2.6675,2.4536,3.5908,2.7435,2.2918,2.7568,2.4965,58.9,5.6333,-0.40008,-0.15662,-0.3,-0.6,-0.5,-20.343,-45.829,-58.487,-61.202,NaN,NaN,NaN,NaN,-30.904,4.0985,NaN,1.465,40.333,NaN,0.0333,1889,-8.0517,11.665,1.6265,-34.721,-15.315,3.438,1.9541,6.0808,6.7239,7.3735,NaN,9.6109,NaN,NaN,1.7222,0.0012656,1.9869,0.00044933,0.0013273,0.0046388,0.0013807,0.0017076,0.0057923,0.0017976,0.0017986,0.00095706,0.00076434,0.002469,0.011996,-0.0033269,0.0023874,0.0025183,0.0037621,0.0038435,0.0016002,-0.001161,-0.0031253,0.0024257,0.00082029,1.5535,-0.0010791,0.0039791,2.109,0.00694,0.0178,0.0010981,0.0021845,NaN,-1.4678,-1.4676,NaN,0.88749,2.6889,NaN,4.7727,2.3081,NaN,6.5294,3.7738,0.087019,NaN,-0.21381,5.3408,2.4567,2.7233,0.1666,3.2067,4.0167,NaN,0,-0.05,1.0467,NaN,0.19,0.48,1.29,0.52,-5.2526,NaN,1.0211,6.6265,5.2548,4.7777,7.3898,4.7392,7.6324,NaN,4.7392,NaN,0.82009,0.71784,-3.2061,0.83125,528.54,-0.2349,4.3202,-0.42084,NaN,NaN,NaN,NaN,NaN,NaN,0.71223,-0.13028,0.042652,4.414,99.9,NaN,-0.1,0,NaN,NaN,5.9468,7.6632,4.8518,-0.8,-0.2,-0.039139,-0.03816,-0.0066,0.2667,1.38,1.9533,-0.0011367,0.015926,-0.00072208,0.0021917,0.0014013,0.0039312,-7.5595e-07,-0.0027237,0.0022004,0.0062893,0.004361,-0.0058175,0.0077823,0.0020182,-0.032628,0.0591,-15.414,6.0521,-0.0034,0.0001,0.18,0.79,12.913,-6.466,13.116,-12.649,39.774,NaN,NaN,-3.3473,0.0077,2.5641,2.7811,-251.1,11.039,2.5353e+05,4.2457,2.9749,-180.12,53.371,-2.3595,-0.93807,0.0636,-1.0382
3.5985,4.8875,10.605,5.9736,1.5855,-3.1666,11.186,9.9987,10.685,12.231,0.9,2.0153,1.6,4.9637,2.6807,22.35,8.635,4.2931,3.1137,3.4241,NaN,3.8573,8.7346,6.8281,-2.1394,-5.1381,5.0837,13.671,20.4,4.2154,9.1181,6.6144,NaN,81.336,3.6602,3.6453,3.2004,3.5956,3.7823,4.1058,1.9179,8.759,5.0529,2.728,1.8597,4.098,4.1084,4.8761,-4.2781,3.0674,3.7376,3.4504,3.098,2.6705,6.0748,3.4814,1.1854,58.8,5.5333,-0.048625,-0.083333,-1.4667,0.0667,-0.2333,-12.872,1.0803,-33.723,-36.265,NaN,NaN,NaN,NaN,11.566,2.1106,NaN,4.7302,40.567,NaN,0,1901,31.006,67.653,9.2828,38.856,47.173,8.0811,45.638,0.63026,6.7088,-13.85,NaN,-9.6968,NaN,NaN,1.4295,0.00017956,1.1074,-4.1244e-05,-0.003176,-0.00067917,0.0011531,-0.0010134,-0.001277,-0.00098015,0.007064,-0.0015159,0.00010705,-0.01451,-0.0071819,0.0076322,0.0096547,-0.0026392,-0.0028271,0.0016143,0.0021561,-0.00055422,0.0023427,-0.0088533,0.0013066,1.5025,0.0021274,-0.0079671,-2.109,-0.012887,-0.036544,-0.0032925,-0.0010957,NaN,-1.5395,-1.5395,NaN,3.1292,-0.35837,NaN,1.1699,3.2689,NaN,-1.6196,1.3143,3.4653,NaN,4.3075,-3.6348,2.6067,2.7167,-0.11,3.0167,3.8733,NaN,-0.1133,-0.05,1.14,NaN,0.09,0.3,1.16,0.49,2.1988,NaN,1.1285,6.8782,5.1254,7.3529,7.8624,10.102,10.074,NaN,10.102,NaN,-15.751,9.914,5.6208,-18.614,499.13,-21.301,2.0299,-24.035,NaN,NaN,NaN,NaN,NaN,NaN,0.17555,0.072385,-0.29866,9.6545,95.4,NaN,0.1,0,NaN,NaN,4.1518,7.5191,4.5135,-0.2666,0.3333,0.010112,0.0084488,-0.2034,0.11,1.0267,1.69,-0.021982,-0.0030533,0.0036094,0.01193,-5.1188e-05,0.00096835,0.0052012,0.0013225,-1.6147e-05,-0.0031594,-0.0011019,-7.3212e-06,0.043117,0.01879,-0.0064404,0.0135,8.6741,5.9212,0.0103,0.0018,-0.04,0.6,-23.013,23.028,2.011,30.903,-25.817,NaN,NaN,6.6668,0.0077,2.5478,2.2653,-11.69,10.276,2.5703e+05,3.8203,2.5883,-7.34,4.7835,-46.305,-48.226,0.4128,-54.701
4.8841,3.2109,2.9076,3.3623,3.0925,6.7401,3.2188,1.4295,4.9199,-0.30849,1,9.1288,12.5,8.1236,4.9202,-0.70255,5.0405,2.1452,5.7789,5.1233,NaN,4.2429,5.347,3.5111,2.425,1.5768,3.3729,2.8802,17.723,3.3403,8.4942,7.7668,NaN,81.56,1.6458,1.1128,0.44654,2.123,0.74112,0.80443,-0.062394,3.6267,4.1556,2.3593,-0.61896,2.7996,1.2729,4.1784,-5.0812,-0.11892,4.4101,0.90605,1.3812,2.3829,5.0325,5.2203,1.8243,58.833,5.5667,0.12299,-0.066999,-0.1333,-0.0334,0.3,24.556,27.221,6.2993,-30.302,NaN,NaN,NaN,NaN,1.2426,-2.1106,NaN,-0.83201,40.5,NaN,-0.0333,1845,-11.033,-3.4409,9.0722,-16.329,-39.706,-5.7181,5.5269,1.0297,5.7945,7.6118,NaN,-5.4961,NaN,NaN,1.0451,-0.00056333,0.94007,-0.00077574,9.7286e-05,-0.00067456,0.0019844,-0.00091756,-0.0016508,-0.0010513,-0.0010099,-1.2943e-06,0.00028764,0.02459,-0.00084109,0.00013771,-0.0092198,-0.00095826,0.0025863,-0.0020633,-0.0049887,-0.00074063,0.00065089,-0.0087253,-0.0040824,1.1459,-0.001079,0.0069687,2.109,0.0099167,0.031876,0.001096,-0.0010888,NaN,-1.3148,-1.3144,NaN,2.8379,1.0341,NaN,1.6623,2.0975,NaN,6.6179,7.2291,-3.9877,NaN,-3.8088,8.1807,2.8467,2.84,0.1967,3.1833,3.99,NaN,0.04,0.0334,1.0567,NaN,0.16,0.34,1.15,0.49,4.0927,NaN,-1.5146,5.0248,4.1651,7.7765,9.2618,7.6768,11.94,NaN,7.6768,NaN,6.1457,8.456,6.311,5.8777,503.81,7.4689,1.9998,7.9702,18.821,NaN,NaN,NaN,NaN,NaN,-0.84149,-1.1269,-1.097,1.7104,91.6,NaN,0,0,NaN,NaN,4.5333,11.301,-4.0875,-0.7667,-0.0333,0.0083396,0.0067453,0.1034,-0.0067,0.89,1.49,0.036292,-0.0020853,0.00071177,-0.017363,-0.0014647,-0.0029407,-0.0034807,-3.2533e-05,-0.0022119,-0.0020898,-0.0010912,-4.9237e-05,0.0079016,0.0091973,0.012943,-0.0214,9.7199,6.1557,0.0138,0.0017,0.13,0.49,-37.801,14.827,24.509,21,0.3791,NaN,NaN,9.7964,0.0078,3.7915,3.2929,-10.45,8.785,2.5912e+05,4.816,4.0471,-5.03,5.5577,-29.289,-31.161,0.2621,-43.13
1.3133,5.6199,17.229,4.9975,2.2337,-11.878,-1.2126,1.1869,-1.4906,-0.64083,0.5,2.7535,1.9,3.5704,4.1529,-13.15,4.8599,3.5355,0.48131,0.78879,NaN,3.3634,2.7857,1.5353,4.0997,5.6836,1.4681,4.5635,0.98553,0.55401,1.9254,3.4807,NaN,81.635,1.3417,1.0131,0.10298,2.1336,-0.16611,0.83198,-0.93709,-0.4846,2.8295,2.7433,1.4685,2.1377,2.125,2.8674,-4.7631,1.0808,3.035,1.6472,-0.29837,-1.5689,5.4401,4.5091,0.52795,58.533,5.5333,0.078188,-0.11089,0.8333,-0.1,-0.1667,10.431,-20.8,37.034,-59.614,NaN,NaN,NaN,NaN,-3.339,-2.8079,NaN,-2.5367,40.367,NaN,0,1782,38.031,69.119,4.5149,41.572,30.02,60.837,8.8213,5.8654,9.215,17.922,NaN,10.348,NaN,NaN,1.2316,-0.0014213,0.96129,-0.00077612,-0.0017773,0.0011482,-0.007201,-0.00058257,0.0042086,-0.00052709,-0.014531,0.0013181,0.00014022,-0.014548,0.002857,-0.0028943,0.025155,0.0025744,-0.0031686,0.00069177,-0.0032006,0.0019828,-0.0017747,0.0014036,0.0043662,0.96627,-0.0010687,-0.0039821,-0.42041,-0.0029816,-0.013148,-0.0021989,-0.0032733,NaN,-0.74632,-0.74589,NaN,2.9106,1.5899,NaN,2.6554,3.8233,NaN,3.0136,3.6013,1.2005,NaN,0.60474,-1.8656,2.9233,2.8133,-0.12,2.9967,3.9033,NaN,-0.08,-0.09,1.0533,NaN,0.07,0.18,1.09,0.45,2.6551,NaN,1.2396,6.9709,6.5609,9.1653,6.9637,8.8199,12.02,NaN,8.8199,NaN,17.059,10.728,7.1926,17.79,522.08,20.792,5.0506,23,17.309,NaN,NaN,NaN,NaN,NaN,-0.28707,-2.8305,-0.22833,-0.59408,95,NaN,-0.2,0.1,NaN,NaN,3.7838,2.4995,7.9957,-0.7333,-0.2,-0.015044,-0.018496,-0.1367,-0.11,0.6767,1.3333,-0.014354,0.0061151,-0.00073042,0.006483,-3.1904e-05,0.0019493,-0.0051791,-0.0026711,-1.5104e-06,0.0041504,0.0010736,-0.0028286,-0.024673,-0.011432,0.012214,-0.0138,1.1006,4.8758,-0.0035,0.0015,-0.07,0.34,21.876,-14.268,-1.1337,11.131,-13.179,NaN,NaN,9.5622,0.0074,3.7559,2.4296,-131.63,4.4238,2.4178e+05,4.0252,3.9485,-90.37,32.115,12.171,12.108,-0.0346,-1.7832
4.3428,2.7922,7.8871,1.7726,2.197,20.51,5.1942,7.3208,0.94258,13.899,1.1,-5.4634,-12.9,9.2983,7.3296,6.0258,-9.3667,3.4618,3.5811,4.6594,NaN,7.3264,9.463,10.448,7.2502,6.0217,6.1431,9.3932,4.196,10.922,-0.2751,17.365,NaN,82.316,1.2827,0.69571,0.27447,2.1763,-0.42945,0.8157,-0.50068,-3.4088,2.6449,2.9714,-1.3136,1.5874,1.9288,2.7419,-3.2716,0.88861,4.2859,1.8892,2.3904,3.723,3.9739,4.6712,1.0717,58.6,5.7667,0.14433,0.12897,1.8667,0.2334,0.0334,6.327,45.761,-19.208,71.277,NaN,NaN,NaN,NaN,-8.855,3.0047,NaN,2.4091,40.5,NaN,0,1825,-43.38,-42.387,7.0548,-116.79,-104.11,-33.763,26.612,2.0802,1.3651,10.803,NaN,26.321,NaN,NaN,1.1571,0.0014608,1.9623,0.00093941,0.0037958,-0.0015997,0.0042381,0.0014423,-0.0037788,0.0011776,0.0082743,-0.0005195,0.0017181,0.0061957,-1.8339e-05,-3.9443e-05,-0.031243,-0.00024224,0.0031481,-0.0035034,-0.00029098,-0.0044745,0.0005706,0.0028734,0.0015142,1.2712,-1.2962e-06,-0.0059761,-1.6886,-0.006941,-0.014996,0.0021989,0.0032733,NaN,-1.3302,-1.3308,NaN,1.8424,2.1471,NaN,2.7017,0.99428,NaN,1.1726,1.6602,0.60757,NaN,2.7983,0.946,2.9667,2.9067,0.0833,3.0267,3.8933,NaN,-0.06,-0.0634,1,NaN,0.06,0.12,0.99,0.4,-4.8937,NaN,2.8502,7.5479,7.0058,4.2274,9.3422,9.0053,11.533,NaN,9.0053,NaN,4.3947,3.0374,-0.42442,4.5495,523.5,4.5696,3.8206,4.7753,13.033,NaN,NaN,NaN,NaN,NaN,0.75889,0.1339,0.099909,0.48276,98.4,NaN,0,-0.1,NaN,NaN,6.9163,15.609,20.309,0.4666,0.1,-0.010117,-0.0017568,0.04,-0.06,0.6733,1.23,-0.032855,-0.0020681,-6.0632e-06,-0.009735,0.0013669,-0.00097891,-0.0026098,0.0026289,-0.0010981,-0.0031212,-1.0473e-05,0.005471,-0.0072419,-0.0081529,-0.015354,-0.0136,-13.484,2.186,-0.0068,0.0021,0.05,0.34,-3.3755,-41.772,18.126,30.695,36.077,NaN,NaN,0,0.0074,1.2442,1.9952,10.29,9.8693,2.4808e+05,2.0338,0.48639,2.77,-0.40598,37.951,37.648,-0.2812,25.595
4.4635,3.7568,8.4877,4.2664,1.36,6.3133,17.443,7.9673,12.247,27.73,0.8,0.29341,-1.8,7.954,3.3426,30.763,9.3065,3.663,5.5372,4.5855,NaN,10.412,3.912,5.5242,16.113,21.904,10.991,11.876,14.482,3.3527,3.6916,-4.4052,NaN,83.783,2.8123,2.8722,1.8478,2.856,2.7281,2.3359,1.1465,7.4876,3.8533,2.8515,2.4691,3.39,2.7289,3.7657,1.7354,2.6658,2.5066,2.0699,1.7955,-0.42988,1.4704,4.3024,2.8866,58.7,5.7333,-0.073099,-0.025476,0.7,-0.3334,0,1.2836,-16.868,-1.7472,-10.245,NaN,NaN,NaN,NaN,1.2261,2.5147,NaN,2.529,40.567,NaN,0,1795,59.902,64.307,27.54,159.88,108.5,22.823,15.398,7.4574,2.1405,-0.97513,NaN,18.809,NaN,NaN,0.61259,0.00043759,0.3494,-0.0017996,-0.0023186,-0.0010382,0.0027376,-0.00163,-0.0023985,-0.0014587,0.0059336,0.00055949,0.0023521,-0.0046024,-0.0082492,0.00074126,-0.002918,0.0068887,-0.0015122,0.00042186,0.0013086,0.0035892,-0.00088829,-0.005326,-0.0034671,0.74217,0.0020965,0.0069736,-0.42263,0.0049579,0.010282,-0.0010996,0.004361,NaN,-1.5047,-1.5058,NaN,-1.0564,1.9425,NaN,1.2734,1.1239,NaN,3.0043,2.0599,-0.20821,NaN,-0.98957,2.3673,2.9633,2.94,0.06,3.1433,3.9633,NaN,0.0233,-0.04,0.89,NaN,0.08,0.2,1.02,0.38,3.3922,NaN,2.9115,7.8632,6.7471,6.2836,10.378,9.6873,12.542,NaN,9.6873,NaN,4.8086,12.455,8.7919,3.9287,523.85,6.4318,-0.57351,6.7085,12.439,NaN,NaN,NaN,NaN,NaN,-0.036986,3.8984,-0.3855,-0.037114,91.7,NaN,0.3,0,NaN,NaN,10.823,-1.869,-10.161,0.2,0.2666,0.011755,0.0050073,0.1167,-0.0233,0.7933,1.2567,0.020731,0.01131,-0.0007221,0.011909,-0.002824,-0.00097613,0.0095322,-2.776e-05,0.0021786,-0.0010378,-0.0021574,-0.001438,0.028224,0.0089679,-0.018133,-0.0024,-7.3271,3.1786,-0.0138,0.0026,0.01,0.35,-10.301,105.66,28.272,2.2178,22.041,NaN,NaN,6.2501,0.0076,2.4768,3.2731,30.56,10.331,2.5698e+05,1.4967,-0.29176,10.86,-3.7769,24.383,25.91,-0.1359,13.889
8.6984,5.39,4.9149,6.8926,3.6309,12.13,9.7392,16.877,10.843,7.602,0.9,17.365,24.6,3.6976,10.49,-2.0059,10.031,4.3556,10.81,9.8276,NaN,2.6602,4.4067,3.1995,0.39887,-5.0282,7.4951,9.1746,7.84,0.80097,12.317,-0.94016,NaN,83.556,2.1771,1.8604,0.82702,2.4873,1.58,1.0547,0.49925,5.6327,4.1396,2.2472,1.3822,3.2289,1.8334,4.143,0.57678,0.92768,3.7876,1.5046,0.98654,-1.4003,6.8168,5.2684,2.1254,58.633,5.5,-0.1529,-0.034097,-0.3667,-0.2333,0.0666,-18.594,2.0796,6.4518,-16.368,NaN,NaN,NaN,NaN,5.2196,-0.14667,NaN,1.0726,40.6,NaN,0.1333,1825,7.8924,-38.744,6.0796,-4.2616,-19.88,38.733,-8.2414,5.3403,5.0819,-0.66374,NaN,0.60385,NaN,NaN,1.9259,7.5253e-05,0.44213,-0.0010701,4.8141e-05,0.005947,-0.00023501,0.00031083,0.0083159,0.0003276,-0.001249,0.0010182,-6.0851e-05,-0.00013672,0.012973,0.00083206,0.022283,-0.0020109,-0.0015718,0.0039569,0.00050783,0.0037206,-0.0039361,0.0083954,0.00022494,2.4384,-1.4507e-05,-0.0009975,1.6891,0.0029826,0.0075667,0.0043981,-0.002186,NaN,-1.5373,-1.5356,NaN,4.7298,1.8826,NaN,1.6423,3.4401,NaN,9.7366,9.9846,-4.0994,NaN,-5.6663,9.4962,3.33,3.2933,0.3934,3.5267,4.0333,NaN,0.0667,-0.0166,0.8033,NaN,0.12,0.23,0.74,0.4,4.9614,NaN,1.6504,5.6134,4.3977,5.1846,6.632,10.34,14.664,NaN,10.34,NaN,5.8311,9.1701,4.8145,5.4407,525.27,6.0065,5.243,6.241,12.512,NaN,NaN,NaN,NaN,NaN,-0.6478,0.80956,-0.11429,1.223,96.4,NaN,-0.2,0,NaN,NaN,2.6607,-3.4911,5.1132,-0.3,-0.0333,0.013485,0.010248,0.1566,-0.0367,0.5833,0.9567,0.011165,0.0060246,0.0021269,-0.0021808,0.0027465,0.004838,-1.6109e-05,-2.3559e-05,0.0021573,0.0061655,0.0042837,0.0012685,0.0014259,0.011487,0.0041031,0.021,-4.8743,5.4607,-0.0035,0.0022,0.38,0.37,15.911,-10.127,13.909,3.7736,-44.754,NaN,NaN,6.154,0.0076,3.6867,3.9486,9.51,6.7697,2.6021e+05,0.79882,-0.43805,-6.93,1.7812,7.3764,7.4599,-0.0231,-3.9071
2.6138,3.3192,6.2639,5.4397,-0.48916,4.8274,11.776,15.372,11.501,12.42,0.8,-4.1615,-10,3.0839,5.2834,15.335,-1.3148,6.4601,2.8155,2.621,NaN,6.7055,6.0592,5.6676,7.2258,9.9991,6.3582,8.3256,10.775,4.7698,11.187,8.3867,NaN,84.204,2.6077,2.1699,1.1652,3.5206,0.8424,1.857,0.16627,-1.2065,4.9755,3.4922,0.99533,3.7289,3.8229,4.8138,2.6807,2.094,4.8216,3.2779,3.1992,-1.2428,6.7026,7.0626,1.5403,58.7,5.5667,0.12248,-0.043619,-0.1667,0.1,0,23.464,-6.7154,-8.4581,-21.968,NaN,NaN,NaN,NaN,-4.8117,2.1388,NaN,3.1194,40.667,NaN,0.0333,1888,-10.013,-15.456,14.568,1.1667,-9.8007,-29.143,7.6368,3.4162,5.962,0.923,NaN,1.3991,NaN,NaN,1.4967,0.00097516,2.5964,0.0056575,0.0054781,-0.0037039,0.00032104,0.0016642,-0.0053339,0.0018354,-0.0017516,0.0018503,-0.0034674,0.011396,-0.0084671,0.001506,-0.013112,-0.0008019,0.002982,-0.0031561,0.0018097,0.00035538,0.005174,0.0016238,0.000544,1.0832,0.0010194,0.001995,0,-0.0019881,-0.0037834,-0.0011077,0.001077,NaN,-4.8981,-1.9242,NaN,2.0498,1.4654,NaN,3.4529,2.8696,NaN,-0.29971,0.47522,3.4741,NaN,4.8516,-1.6262,3.4533,3.4967,0.2133,3.73,4.12,NaN,0.0466,0.0033,0.72,NaN,0.13,0.23,0.62,0.41,7.6548,NaN,2.7445,6.5876,5.4974,11.445,16.035,10.296,9.4457,NaN,10.296,NaN,-1.3579,10.513,4.0525,-2.7751,513.29,-2.2021,1.4581,-2.8613,17.851,NaN,NaN,NaN,NaN,NaN,-0.25015,-0.29019,-0.28588,-0.92614,94.4,NaN,0.2,0,NaN,NaN,6.8348,9.991,4.5197,-0.5333,-0.0333,0.0064665,0.015306,0.0934,0.0433,0.5533,0.88,-0.0067014,0.007773,-1.8134e-05,0.0032033,-0.0027924,-0.0038787,-0.00087827,-3.1116e-05,-0.0011085,-0.0051488,-0.0021573,-0.0027358,-0.028653,-0.0097982,0.016331,0.0072,3.7563,6.0334,0.0035,0.0017,0.21,0.45,11.531,16.739,29.48,0,-32.791,NaN,NaN,14.983,0.008,1.2214,-1.8369,0.15,1.3952,2.6234e+05,0.7938,0.66811,7.94,-1.8717,12.794,15.189,-0.0309,1.3749
8.3454,7.7746,15.289,6.2994,6.7866,14.697,13.597,9.7031,8.314,23.926,0.8,1.2459,-1.9,-6.4698,5.8961,19.733,-0.37681,7.7491,10.683,9.7026,NaN,5.4387,4.2921,4.4256,6.4585,5.5471,7.3844,3.3336,-0.25593,4.7136,11.129,8.9902,NaN,84.496,2.8704,2.6239,1.0686,4.0034,0.66308,1.1902,0.89256,-0.69108,4.4414,3.5577,1.2978,3.4666,5.1126,4.4546,-2.4887,4.0862,4.1109,5.2833,3.169,1.5125,6.5921,4.4806,2.0788,58.7,5.4667,-0.091217,-0.023456,-0.7666,-0.1667,0.1667,-5.6249,-12.059,5.9889,-11.855,NaN,NaN,NaN,NaN,-20.276,5.0814,NaN,7.625,40.467,NaN,-0.0333,1933,3.9056,-37.127,-13.876,53.704,-20.902,9.1446,-31.463,6.5038,4.3777,22.262,NaN,10.597,NaN,NaN,1.8631,-0.00059851,1.4991,-0.0055345,-0.0049012,0.0023742,-0.0016851,-0.00042283,0.0039779,-0.0003618,-0.000141,-0.0026309,-0.0068087,0.0020535,0.009957,-0.00092132,-0.0004325,-0.0016036,-0.0031995,0.0044631,0.0039522,-0.0037711,-0.0029034,0.0054843,0.0010161,1.6419,-2.3943e-05,-0.001995,0.42212,0,0.0009429,-1.5104e-06,-0.003252,NaN,-1.6859,-1.6876,NaN,0.072259,-0.00039779,NaN,-2.2449,0.76464,NaN,3.0508,4.6208,-2.2137,NaN,-3.6689,9.0364,3.4633,3.53,0.0467,3.8267,4.18,NaN,0.0434,-0.01,0.65,NaN,0.15,0.3,0.65,0.42,-2.3761,NaN,0.99098,4.9898,4.6685,8.2251,10.926,11.701,10.771,NaN,11.701,NaN,5.681,3.6723,-4.0768,5.9245,510.95,7.5641,-0.63627,7.9517,10.406,NaN,NaN,NaN,NaN,NaN,0.62045,-0.028909,0.057192,0.74108,99.5,NaN,0.1,-0.1,NaN,NaN,5.4377,11.926,1.7146,-0.1,-0.1667,-0.014979,-0.013765,0.0733,0.0667,0.6167,0.9133,-0.0067432,0.0053656,-0.0035435,-4.118e-05,0.0013487,0.0009564,-9.2167e-06,-0.0013168,-0.001091,0.0010147,-1.0207e-05,-0.0014023,-0.0063734,-0.011553,-0.011668,0.019,-23.781,4.131,-0.0035,0.0023,0.04,0.49,-5.4496,37.527,-37.701,-31.913,-9.1957,NaN,NaN,-5.926,0.0071,3.6419,4.5672,-158.53,9.5208,2.4167e+05,1.8075,0.17386,-125.41,42.343,22.674,23.893,-0.0965,13.438
4.3313,7.0138,10.321,5.5717,7.5608,-1.443,-0.76008,8.1218,9.2516,-20.406,0.7,3.5764,-0.2,-14.509,8.972,-1.6344,8.9043,10.644,3.9434,4.2337,NaN,9.2811,8.9559,10.224,9.7454,11.747,11.337,12.196,16.692,9.6445,15.177,11.179,NaN,85.545,2.5172,2.3865,1.7663,2.6133,2.3292,2.1563,1.2008,5.6659,4.5876,2.8616,1.901,3.5982,1.4284,4.5051,0.19202,1.4296,3.173,0.46416,2.1335,-1.5125,5.979,4.3812,4.5677,58.967,5.2,-0.22506,-0.012464,0.4666,-0.3,-0.3667,-9.8638,-11.726,-36.542,-3.761,NaN,NaN,NaN,NaN,6.5397,3.5448,NaN,1.727,40.767,0.2,0.1667,2056,-40.438,-14.675,-21.084,-76.065,10.32,-23.616,-66.822,3.9814,9.5134,8.6529,NaN,17.692,NaN,NaN,0.88193,-0.0012144,1.1723,0.010639,4.6046e-05,-0.0050577,-0.0020409,0.00021505,-0.0061937,5.8808e-05,-0.0047496,-0.0009945,0.0057752,-0.0047064,-0.0094969,-0.0010063,-0.0071249,-0.003678,0.0021213,-0.0026954,-0.0057028,-0.0014636,0.0021707,-0.0017918,-0.00067272,0.6461,-0.0041568,0.00099452,-1.6886,-0.0029866,-0.0009429,-0.0032817,-0.003252,NaN,-1.2015,-1.2014,1.9818,1.8497,2.7006,NaN,3.7692,2.4643,NaN,2.2253,0.69245,2.4222,NaN,2.1947,-0.53138,3.49,3.4767,-0.07,3.86,4.2,NaN,0.03,0.02,0.65,NaN,0.13,0.38,0.72,0.46,3.7865,NaN,2.1076,6.1356,5.7983,7.7937,13.13,10.759,9.0733,NaN,10.759,NaN,6.5112,11.486,0.8427,5.9064,504.93,6.2876,7.268,6.5349,12.306,NaN,NaN,NaN,NaN,NaN,-0.49999,0.081978,-0.042893,0.22206,98.5,NaN,-0.1,0.1,NaN,NaN,9.2765,13.561,5.7498,-0.2,0.3,-0.0032808,-0.0066778,-0.0067,-0.0133,0.5833,0.9167,-8.4721e-05,-0.0044388,0.0014106,-0.007462,-2.9846e-05,-0.002886,-0.0042868,0.0012699,-0.0010806,-0.002045,-0.0021298,0.0026306,0.024511,0.0073191,-0.017274,0.0496,-12.718,5.2034,-0.0137,0.0018,-0.02,0.44,5.9906,-57.7,-5.3512,-26.992,3.4156,NaN,NaN,8.8565,0.0072,5.9971,5.8742,19.8,11.268,2.4798e+05,5.4077,4.1409,9.02,0.95723,13.956,14.957,-0.0402,3.4194
6.2009,7.3213,13.021,5.2951,7.7357,9.2284,6.4582,13.913,12.672,-6.4861,0.7,0.47285,-2.2,8.1917,4.3207,12.329,10.593,5.1825,6.6682,6.9021,NaN,6.3572,4.153,4.1425,11.098,14.544,8.5712,8.818,2.6943,2.2811,8.6719,5.2266,NaN,86.057,3.8931,4.0879,3.9604,3.8522,3.9731,5.1648,2.2058,4.6189,4.8053,2.0856,3.3239,4.4288,5.4875,4.7502,1.3413,4.0191,2.9152,5.8281,3.3666,-2.3884,5.8196,4.3337,0.45122,58.633,5,-0.23578,0.0050239,-1.0333,-0.1,-0.3,-22.449,-13.418,-31.61,2.4218,NaN,NaN,NaN,NaN,-21.226,2.1971,NaN,2.5658,40.867,-0.0667,0.1666,2149,10.696,6.8175,3.317,18.851,0.53578,1.867,24.386,6.9365,8.9617,4.7481,NaN,21.628,NaN,NaN,1.3193,-0.00024558,1.9691,-0.0063861,0.0016466,0.002193,-0.00048503,-0.00018119,0.0032183,-0.00019016,0.0017884,-0.0021724,-6.5354e-05,-0.0066037,0.0061457,-0.0030291,0.0089382,0.00011623,-7.8847e-05,-0.00034771,0.0016463,0.0043076,-0.0046285,-0.0013986,0.0015541,0.90279,0.0010335,0.00099454,1.2665,0.0079602,0.0065839,0.0021848,0.0021668,NaN,-1.1021,-7.8924,3.1025,1.9261,2.212,NaN,4.3255,4.069,NaN,4.1002,4.7036,0.27787,NaN,1.1372,3.3153,3.4567,3.4967,0.01,3.7667,4.1933,NaN,0.0033,-0.0267,0.63,NaN,0.12,0.27,0.7,0.41,7.3407,NaN,5.549,8.0404,7.266,9.492,15.686,10.326,9.2991,NaN,10.326,NaN,6.3816,7.6603,2.478,6.225,506.25,7.479,2.6488,7.8156,11.778,NaN,NaN,NaN,NaN,NaN,0.31488,-0.38079,-1.5616,-0.81482,100.6,NaN,0.1,0,NaN,NaN,6.7267,8.7913,-3.518,0.2667,0.0333,0.017874,0.016584,-0.02,0.04,0.5967,0.9533,0.018122,0.0032122,-0.0014126,0.0010654,-2.5469e-05,0.00095919,0.00085751,-0.0025847,0.0010633,0.0020325,0.0021163,0.0025681,0.0020282,0.0088849,0.020175,0.051,-22.05,4.8435,-0.0104,0.0016,-0.02,0.45,-2.7119,27.597,20.029,-30.901,4.9626,NaN,NaN,5.7972,0.0073,2.3739,3.7449,15.92,7.1065,2.5253e+05,3.4021,2.5906,7.86,-0.1666,12.634,11.284,-0.023,0.10013
1.2337,1.1402,-12.461,5.4887,0.75206,3.7815,3.4425,11.667,8.4344,-7.2664,0.7,-0.16919,-3.3,4.0023,4.1247,7.9768,10.674,4.5275,0.018733,0.54035,NaN,6.0163,4.481,1.3717,9.0189,10.188,7.7298,-6.3485,-35.337,4.3979,10.322,1.7275,NaN,86.492,3.3914,2.9116,1.5417,3.8665,2.4599,0.6462,2.8474,6.892,3.4137,1.7454,2.4002,3.0839,3.9885,3.2333,3.2389,3.4373,5.7944,4.0409,3.8497,3.1994,6.0875,6.862,1.3238,58.567,4.9667,0.052906,-0.088837,0.4667,-0.0666,-0.0333,11.064,-15.401,10.435,-54.833,NaN,NaN,NaN,NaN,3.9289,2.5414,NaN,3.8855,40.967,0.0667,-0.0333,2223,-8.106,-14.362,-24.147,-13.547,44.067,0.93021,-57.436,2.8569,-2.7589,3.1238,NaN,17.915,NaN,NaN,1.3149,-0.00022711,1.7094,0.0078044,0.00081006,0.00054305,-0.00092021,-0.00041353,0.0010583,-0.00043443,-0.0027032,0.00035265,0.00063023,0.00052417,-0.0019466,0.00028175,0.013088,0.0013947,-0.0014845,0.0026289,0.00056266,-0.0049169,0.0012535,-0.00069587,-0.00091145,1.8418,0.0030806,-0.0009975,0.84253,-0.0049737,-0.0084611,0.0032686,0.0065032,NaN,-1.0109,-1.0119,1.0738,3.2759,-1.5633,NaN,1.0844,1.705,NaN,-3.8678,-2.0011,5.5345,NaN,6.7912,-8.083,3.5767,3.6833,0.21,3.93,4.1733,NaN,0.02,-0.0133,0.6367,NaN,0.14,0.25,0.49,0.38,7.6375,NaN,3.3969,6.249,6.0369,13.003,11.892,8.8879,9.2144,NaN,8.8879,NaN,6.3332,10.268,5.7404,5.8471,507.93,6.2195,6.7219,6.5772,11.82,NaN,NaN,NaN,NaN,NaN,-0.43534,-1.7326,-0.043066,-1.523,99.9,NaN,0.1,0.1,NaN,NaN,6.4945,2.4088,-0.39351,-0.3667,0.2,0.009135,0.0078861,0.0134,0.1067,0.49,0.8533,-8.4721e-05,0.027678,-0.0014075,0.0042484,-0.0013769,0.0038288,0.00085751,0.0038224,-0.0010747,-9.2763e-06,-1.0057e-05,-0.0092325,-0.036464,-0.013528,0.038306,0.0232,13.974,5.955,0.0035,0.0013,0.15,0.49,-11.595,-10.245,-26.136,-43.409,-25.761,NaN,NaN,16.904,0.0075,5.8738,0.14912,-17.53,0.25294,2.4989e+05,5.2902,6.3905,5.55,4.4581,8.9407,8.5121,0.0063,-3.3478
9.5638,8.8222,35.606,4.5596,3.7865,36.428,17.656,29.381,24.692,1.8368,1.6,-0.46057,-3.4,18.894,3.5707,-49.497,-14.663,4.6808,11.831,11.616,NaN,14.829,16.492,17.889,14.823,20.634,9.7723,45.111,92.155,7.0599,14.617,3.7986,NaN,88.866,4.3788,4.4485,6.5663,3.8328,5.4489,8.9801,3.0299,1.5706,3.7256,2.3466,2.6088,3.6884,4.9131,3.7878,-2.4745,3.9452,4.0308,5.1452,4.0016,0.6476,6.6877,4.6218,2.7296,58.667,4.9,-0.01515,-0.066736,0.2666,-0.1334,-0.1,3.8839,6.5307,-14.568,-45.578,NaN,NaN,NaN,NaN,-15.781,4.8889,NaN,6.1813,41.3,0.1,0.3333,2355,-25.448,-11.747,1.3136,-41.829,-59.349,6.4517,-40.653,11.168,16.531,25.909,NaN,17.658,NaN,NaN,1.2877,0.0012357,1.7474,-0.0087866,0.00036767,-0.00018748,0.0021492,-1.8533e-05,-0.0010262,-0.00034687,0.0060565,0.00097611,0.0002721,-0.0091826,-0.0071467,0.0042462,0.0055828,0.0032952,0.00041974,-0.0038841,0.00077,0.00010837,0.0042391,-0.0097063,0.0014476,1.2381,-0.0010504,0.00099159,2.098,0.0029718,0.0037542,-0.002186,-0.0021799,NaN,-1.5051,-1.5052,3.15,3.9978,5.0545,NaN,0.37679,2.2879,NaN,5.6524,6.7264,-3.1975,NaN,-4.0326,10.506,3.9767,3.89,0.1533,4.01,4.2033,NaN,-0.01,-0.0233,0.5833,NaN,0.09,0.12,0.31,0.41,-2.1699,NaN,1.7136,6.6961,5.7386,18.863,10.258,12.07,9.5176,NaN,12.07,NaN,4.8881,2.788,-1.8929,5.1483,508.52,5.5082,2.7608,5.4964,11.343,NaN,NaN,NaN,NaN,NaN,1.36,-1.0337,0.94637,0.85506,102,NaN,-0.6,-0.2,NaN,NaN,16.548,3.9421,3.2618,-0.8333,0.2334,-0.022318,-0.021285,0.0666,-0.0833,0.16,0.4467,-0.010093,-0.05455,0.0049232,0.0073347,0.0013219,-0.0028786,0.0034088,0.0012232,0.0031787,0.0010014,0.0020897,0.014251,0.002894,-0.0028328,-0.040169,0.0431,-34.216,8.8813,-0.0138,0.0022,0.24,0.32,-13.097,6.0855,15.096,-10.172,3.6564,NaN,NaN,2.7492,0.0068,4.6377,4.0919,-157.63,8.8801,2.2828e+05,3.7084,2.5764,-115.94,45.068,8.4838,8.2617,-0.0001,-3.4657
5.0214,4.3875,0.65274,5.9833,3.7868,1.0496,11.159,7.1,14.438,3.4481,1.2,4.7041,0.7,4.445,10.02,61.911,44.618,4.4894,5.7958,5.0684,NaN,9.1686,8.58,3.6726,11.297,13.655,11.298,11.382,9.8356,0.4908,15.06,6.7712,NaN,89.398,4.5563,4.5319,4.5558,4.8665,3.9487,6.5208,1.6376,2.0982,4.9265,2.3794,4.433,4.6485,5.9053,4.8998,-1.7221,5.3992,4.6783,5.8949,4.4624,0.37728,8.8141,5.1365,4.0241,58.867,4.6667,-0.1798,-0.036349,-1,-0.2,-0.2,0.15774,-17.962,-36.643,-25.632,NaN,NaN,NaN,NaN,-19.064,5.1774,NaN,3.9485,41.233,0,-0.1,2514,17.356,1.8779,-5.5022,75.619,60.307,-15.14,-24.453,6.9414,4.8359,4.0748,NaN,16.468,NaN,NaN,2.0151,-0.00063538,1.8525,0.0014075,-0.00040277,0.0035426,-0.0032833,-1.8374e-05,0.006385,6.5508e-05,-0.0097417,0.00079985,-0.0027931,0.013309,0.015976,-0.0016405,-0.0076939,0.0012942,0.00041753,0.0017709,0.0023142,0.0018735,-0.0031822,0.0034377,-0.0022255,2.5486,-0.0010346,0.010805,3.7481,0.0098038,0.031306,0.001077,0.0032067,NaN,-1.2521,-1.252,2.3307,4.1792,2.5238,NaN,0.13008,-0.52681,NaN,1.8493,-0.109,2.1345,NaN,0.80979,0.18227,4.08,3.8733,-0.0467,4.02,4.2067,NaN,0.0233,0.0333,0.6133,NaN,0.06,0.15,0.33,0.51,1.6543,NaN,-0.20727,4.0509,3.3357,17.688,12.687,11.431,10.534,NaN,11.431,NaN,-0.36636,10.34,5.8505,-1.7084,500.7,-1.0607,2.0148,-1.622,15.678,NaN,NaN,NaN,NaN,NaN,1.0055,2.7125,0.32927,1.2607,105.4,NaN,0.7,0.3,NaN,NaN,9.3364,9.8616,-1.432,-0.9,-0.0667,0.0046257,-1.011e-05,0.0167,-0.2033,0.0733,0.3667,0.038442,0.030157,-1.7729e-05,-0.0084466,0.0013047,0.0028439,-0.010246,-0.0025714,-0.0031945,0.0019877,-2.748e-05,-0.0065618,0.029333,0.011836,-0.018904,0.0713,-9.545,8.3657,0.0034,0.0023,0.08,0.3,23.602,25.205,-13.05,-52.071,-33.82,NaN,NaN,8.1359,0.0069,4.5846,4.0417,6.58,10.028,2.3276e+05,3.9247,2.5653,0.83,2.2455,3.9693,5.1121,0.0375,-9.0343
8.7957,6.8146,13.444,5.4274,5.9446,13.69,10.699,20.865,14.285,1.9617,1.2,13.056,15.7,-7.219,11.106,-8.9888,1.6384,10.786,9.0565,9.582,NaN,8.2904,7.7164,3.2877,8.8138,11.432,8.5182,5.8346,3.2938,2.3233,15.127,0.83912,NaN,89.902,4.9146,4.4889,6.0532,4.5711,5.5872,8.0738,3.0149,5.0561,4.7188,2.8275,4.3117,4.6258,3.6764,4.6518,-3.0799,3.1764,7.0332,3.6592,3.9092,3.8067,10.801,7.1192,2.6542,58.9,4.3667,-0.26569,-0.03785,-1.0666,-0.2666,-0.3333,-14.369,-42.724,-30.044,-30.946,NaN,NaN,NaN,NaN,-5.5048,-0.67552,NaN,0.96037,41.133,-0.1333,0.0667,2664,3.5266,-15.601,11.253,18.202,-27.734,21.939,-25.519,4.3309,8.1122,10.023,NaN,14.558,NaN,NaN,1.5047,-4.2364e-05,1.8215,-8.3956e-05,-0.0018294,-0.0032718,-0.0018618,0.00083143,-0.0039572,0.0010398,-0.00092689,-0.0018464,-0.00072935,-0.0086331,-0.0064902,0.0034436,-0.0063813,-0.003928,-7.4658e-05,-0.0019997,-0.001867,0.00020929,0.005583,0.0055673,0.0010532,1.1834,-0.002045,-0.0098599,2.8907,-0.0079037,-0.024158,-1.0541e-05,-0.0021691,NaN,-1.2334,-1.2332,2.3175,1.2488,1.4418,NaN,2.987,3.8194,NaN,8.0854,10.257,-5.2535,NaN,-3.9056,10.809,4.0767,3.8667,0.04,4.0833,4.2467,NaN,0.0534,0.07,0.6433,NaN,0.11,0.22,0.38,0.51,5.959,NaN,3.3814,6.5483,5.7332,14.413,14.408,9.3941,11.192,NaN,9.3941,NaN,9.972,6.8975,-3.8883,10.362,500.17,12.201,2.2649,13.114,11.259,NaN,NaN,NaN,NaN,NaN,-2.0413,0.18329,-0.34359,-0.33332,103.4,NaN,-0.3,0,NaN,NaN,9.2343,-1.1617,6.2122,0.4333,-0.0333,-8.6003e-05,0.0015722,0.05,-0.2067,0.1267,0.4233,-0.023411,-0.023333,-0.0028043,-0.0041798,0.0025917,-0.001911,-0.0026255,-2.5303e-05,-0.0010631,-0.0030287,-0.0031472,-0.0013686,0.015658,0.0036681,0.017623,0.0932,-0.42944,9.0294,0.0069,0.0003,0,0.3,17.092,22.888,8.7472,-4.6184,9.3492,NaN,NaN,10.597,0.007,4.5326,4.8184,13.36,7.6859,2.3657e+05,3.37,2.3928,3.11,1.1926,-2.3093,-2.0629,0.078,-13.487
9.1116,11.09,16.5,6.7244,14.585,2.6404,9.1902,15.237,15.951,-7.7068,1,7.5072,9.2,8.5081,5.745,23.729,19.056,7.9795,10.669,9.9536,NaN,8.0111,11.024,8.1051,3.7948,-0.31363,7.5807,11.829,5.0926,6.4096,18.604,10.626,NaN,89.984,5.0937,4.8141,5.3345,4.6854,5.8909,6.1848,4.0444,9.5686,4.2255,3.1744,4.4096,4.391,4.5734,4.2249,1.7354,3.9001,6.4776,4.6803,3.3136,5.6167,5.5525,7.1771,2.5569,58.9,4.1,-0.21801,-0.031507,-0.7667,-0.3334,-0.1334,-33.573,-12.816,-38.615,-27.54,NaN,NaN,NaN,NaN,-17.747,4.153,NaN,3.7844,41.267,0,0.2667,2997,11.098,16.225,19.655,28.829,46.429,-12.323,0.52661,12.428,15,18.066,NaN,20.902,NaN,NaN,1.2042,0.0002397,2.6165,0.0088076,0.0030395,-0.0024902,-0.00053483,0.0012023,-0.0032132,0.0010238,0.0010101,0.0017442,-0.003809,-0.01035,-0.0077544,-0.0026432,0.0076245,-0.00017798,0.0015299,0.00092483,0.00088712,-0.0026245,0.00081556,0.0030342,0.00011425,2.1057,0.0040619,0.0067702,2.8699,0.0067224,0.014068,0.0021388,-0.0010825,NaN,-1.3301,-1.3306,2.6905,3.9969,2.3862,NaN,3.7599,2.6368,NaN,6.8882,5.8019,-1.0625,NaN,-1.0313,5.4174,4.1667,4.1667,0.3534,4.4633,4.4733,NaN,0.1166,0.0767,0.4933,NaN,0.16,0.3,0.31,0.3,8.029,NaN,5.1334,6.5543,6.2251,13.047,10.698,7.2255,11.024,NaN,7.2255,NaN,10.226,9.4799,1.5004,10.32,503.11,10.992,7.5343,11.729,11.371,NaN,NaN,NaN,NaN,NaN,-0.064826,-0.76199,1.4582,-1.522,102.9,NaN,0.1,0.1,NaN,NaN,7.281,12.369,5.8635,-0.0667,0.1,0.01048,0.022025,0.3067,0,0.34,0.4467,0.012306,-0.0076174,0.0034749,0.0010433,-0.0026968,0.0018779,0.0094681,0.0037077,0.0052659,0.0029746,0.0041428,0.0024237,-0.035111,-0.019189,0.035817,0.1548,-28.603,6.197,-0.0206,-0.0003,0.09,0.3,30.203,8.9616,35.331,-3.1088,49.284,NaN,NaN,15.387,0.0072,7.8106,6.8361,1.01,1.6363,2.3367e+05,7.5164,8.844,5.93,6.5651,21.63,22.977,-0.0993,10.492
9.6203,5.8619,18.559,4.1287,2.9008,30.746,14.695,21.393,16.418,10.236,1.7,7.3858,9.8,26.974,4.6978,-9.9797,10.179,3.9334,11.106,11.005,NaN,11.296,10.837,6.0286,13.27,16.372,9.0199,8.1975,2.9248,5.1262,17.87,6.128,NaN,91.12,5.297,5.0072,7.431,4.8594,6.1491,9.7315,3.9057,0.98781,5.1206,2.3758,4.5747,4.9128,4.4232,5.1039,-0.385,3.9162,6.7263,3.9614,3.7113,8.692,4.6437,6.6024,1.9241,58.867,3.8667,-0.20351,-0.050679,-0.7667,-0.1,-0.3666,4.5078,-51.535,-25.507,-50.747,NaN,NaN,NaN,NaN,-27.134,3.9431,NaN,5.7282,41.6,0.1,0.1666,3240,-39.159,-20.796,-19.116,-56.07,-58.93,-30.071,-13.379,8.4679,8.2987,21.975,NaN,26.675,NaN,NaN,3.0961,0.0016611,2.4223,-0.014194,0.00025566,0.0090781,0.0041865,-0.00011583,0.011094,4.2589e-05,0.003058,0.0018281,0.0074755,0.012476,0.023034,0.0051209,-0.010106,0.0030666,0.00061159,0.002947,-0.0065129,0.0053233,-0.0033979,0.0095971,-0.0054613,3.7206,-2.5673e-05,0.00086432,5.68,0.0027121,0.0054685,0.0010368,0.0031628,NaN,-1.9962,-1.9953,1.4879,2.8533,2.7306,NaN,3.1443,5.6383,NaN,5.385,7.0589,2.2957,NaN,1.4928,0.63383,4.56,4.61,0.4433,4.93,4.77,NaN,0.2,0.2,0.3967,NaN,0.16,0.32,0.16,0.36,-2.5848,NaN,3.1846,3.9,2.1736,13.823,7.4464,7.7677,10.538,NaN,7.7677,NaN,-0.75008,1.599,-2.3346,-1.0466,496.88,-0.36667,-2.1073,-1.108,13.702,NaN,NaN,NaN,NaN,NaN,1.4053,0.052975,-0.35692,0.14874,100,NaN,-0.2,0,NaN,NaN,12.06,6.0445,6.5268,-0.3333,0.3666,-0.010742,-0.019103,0.4133,0.0533,0.3633,0.2567,0.011366,-0.0017065,0.0034265,0.0031299,0.0012554,0.0055853,-7.4424e-07,-0.0025435,-0.0021275,0.0029216,0.0020159,-0.0012901,-0.015411,-0.011282,-0.036418,0.1457,-24.067,9.9212,-0.0104,0.0005,0.5,0.41,-6.8462,2.4096,-33.671,-37.033,53.395,NaN,NaN,2.5078,0.007,3.3013,3.0307,-49.17,10.686,2.3029e+05,1.979,0.0052085,-42.25,16.525,-0.55271,1.1317,0.0713,-14.338
1.3641,1.0237,-16.31,4.3223,3.7899,-5.9658,-3.8999,13.819,6.5155,-32.282,1.5,7.4868,11.4,10.604,3.0363,11.842,9.8264,1.0599,1.1104,0.34733,NaN,8.2672,8.5478,4.267,9.1865,12.726,7.6247,4.8796,-9.4553,4.2415,12.603,5.4703,NaN,91.567,5.7782,5.3385,7.9769,5.4197,6.4741,10.158,4.5867,1.5754,5.234,3.1309,5.2953,5.2673,4.7318,5.1306,-7.5822,4.1864,7.9348,4.5173,3.7561,11.27,6.4246,7.0023,2.3247,59.033,3.8333,-0.01121,-0.029317,0.3667,-0.1666,0.0666,24.71,-16.691,-68.997,-31.132,NaN,NaN,NaN,NaN,9.8272,2.8586,NaN,3.9095,41.567,-0.1,0.1,3288,-33.315,-31.415,-62.648,-42.568,-48.903,-14.242,-47.93,0.93333,-2.0386,-0.045387,NaN,24.62,NaN,NaN,3.2287,0.0030863,3.6171,0.018641,0.0023624,-0.0018178,0.0056244,0.0029129,-0.004921,0.0028281,0.008223,0.0028221,0.0014659,0.010061,-0.011951,0.00020973,0.0017616,0.001551,-0.00050173,0.0040667,0.0042599,-1.4833e-05,0.005321,-0.0044824,0.011483,3.6034,0.0049751,-0.0067505,1.6076,-0.014306,-0.034553,0.0010168,0.0051906,NaN,-2.2357,-3.2257,1.2087,6.3073,0.93157,NaN,2.7088,3.3817,NaN,-2.8074,-2.5082,9.4937,NaN,9.1019,-3.8402,4.9133,4.5867,-0.0367,4.9333,4.78,NaN,0.19,0.3233,0.71,NaN,0.15,0.35,0.19,0.84,0.79719,NaN,0.70432,1.1846,-4.3893,13.207,5.54,3.085,7.6687,NaN,3.085,NaN,2.0147,7.5074,6.4477,1.3132,497.19,-1.3132,13.601,-2.1004,16.845,NaN,NaN,NaN,NaN,NaN,-1.2664,0.78639,-1.2446,0.37161,95.7,NaN,0.2,0.1,-1.0724,-41891,9.1244,7.7005,-0.24891,-1.1667,-0.1666,-0.0030354,-0.0091908,-0.0233,-0.3267,-0.0167,0.09,-0.047605,-0.0051551,-6.8304e-05,0.002066,0.0050794,-0.0038038,0.0025847,0.0072917,0.0062099,0.00089569,0.0019631,0.004783,0.016056,0.0015808,-0.01587,0.0219,-36.49,12.535,0.0276,-0.0001,0.46,0.51,-68.709,-82.902,-40.784,-66.251,13.169,NaN,NaN,7.4306,0.0071,8.6724,8.0785,27.87,5.7696,2.3342e+05,7.6998,8.1425,19.66,0.37264,-15.503,-14.632,0.1806,-30.531
3.3734,4.5418,12.893,3.2842,2.8809,-2.9617,0.42958,1.8004,5.251,-13.533,1.4,10.755,16.5,3.3472,4.6149,-4.8075,21.828,4.8578,3.1978,2.1928,NaN,6.1417,6.0839,0,7.5808,6.9319,7.8708,-13.179,-37.733,5.4709,13.182,9.8392,NaN,91.244,4.5562,4.0854,4.9097,4.6898,4.2971,6.4932,2.4184,0.1965,5.5178,3.3307,3.2134,4.7317,4.2595,5.425,8.7361,3.1535,6.8495,4.0573,4.2072,8.7633,10.524,4.7099,2.7128,59.233,3.7667,0.011074,-0.067944,-0.5,0,-0.1333,-1.988,30.087,-27.842,-87.174,NaN,NaN,NaN,NaN,-6.0293,0.77203,NaN,1.8708,41.267,-0.2,-0.1333,3278,-63.572,-86.955,-83.046,-55.354,-37.586,-65.389,-101.4,1.9954,8.7145,-3.8379,NaN,20.638,NaN,NaN,3.0478,0.00015807,3.4977,-0.014631,0.0012856,-0.0010034,0.00012135,-8.2211e-05,-0.0014407,-1.9215e-06,-0.0022987,0.0041384,0.002142,-0.0058481,-0.0059611,0.0017593,0.010076,-0.001226,-0.0019443,0.0023149,0.0082226,-0.0057306,0.0025445,-0.0027304,0.00059474,3.4486,-0.0010872,0.0056595,3.9928,0.0084866,0.023858,-0.0011048,-0.0021959,NaN,-1.3115,-1.0237,1.0935,2.1634,1.8363,NaN,2.2291,3.0045,NaN,1.3271,1.416,5.0317,NaN,4.363,0.72697,5.41,5.0433,0.5967,5.51,5.14,NaN,0.3167,0.3767,0.7267,NaN,0.29,0.47,0.1,0.75,5.2432,NaN,-4.7018,-1.0927,-5.6449,14.712,2.6656,1.2752,5.1909,NaN,1.2752,NaN,-6.3399,0.95421,-3.9036,-7.288,482.32,-7.6557,-1.8751,-9.2169,22.225,NaN,NaN,NaN,NaN,NaN,0.35166,0.25609,-0.40138,-0.48316,91.2,NaN,-0.1,0.2,0.35328,34536,5.6614,10.857,6.9157,-0.3666,-0.2,0.014567,0.01829,0.4933,-0.3667,-0.02,-0.09,0.020038,0.0025097,-6.7188e-05,0.0071627,0.0048887,-4.1998e-05,0.0016988,-0.00017913,-0.0021564,-0.0020254,-0.0021131,-0.0013408,0.0060224,0.011948,0.018345,0.0064,31.757,13.425,0.0344,-0.0015,0.36,0.38,-56.52,-79.284,-89.257,-109.28,-17.972,NaN,NaN,7.295,0.0072,3.2043,2.1122,4.05,2.0925,2.3405e+05,1.2704,1.0805,0.19,1.0046,-31.687,-31.893,0.3365,-44.404
3.2681,1.663,-0.15846,4.3509,-1.105,2.3375,-10.775,5.6712,-0.0086767,-44.55,2,6.8472,4.6,4.3171,10.107,9.8229,4.4798,4.6596,1.4585,2.3443,NaN,3.8048,6.8131,7.0858,1.4991,1.7148,-1.7428,10.099,37.836,5.7386,0.17563,2.7509,NaN,90.591,3.3378,2.6792,3.0299,4.4434,1.1838,4.1141,1.3095,-8.2968,5.2001,2.324,4.9097,4.7053,2.7828,4.9978,-0.57651,3.2124,6.5198,2.2837,2.8522,9.1502,6.1601,5.4723,3.1002,59.467,3.7,-0.07217,0.0046571,-0.5333,-0.0667,0.0667,-16.53,-21.654,26.372,9.6236,NaN,NaN,NaN,NaN,-22.49,-0.88062,NaN,-1.0641,41.133,-0.0667,-0.1667,3218,-60.595,-107.2,-60.938,-79.404,-94.38,-39.04,-48.698,-0.50241,-0.53815,-9.8089,NaN,10.844,NaN,NaN,3.0687,0.00037448,3.2515,0.0108,-0.00035982,-0.00049429,0.00015442,0.00073525,-0.00075481,0.0006999,-0.00076463,-0.00047845,2.8037e-05,0.0066864,-0.0015914,-6.3362e-05,0.00024487,-0.00020068,0.0040527,0.0012931,-0.00088049,0.0070372,-0.0016734,-0.0053541,-0.0031186,3.2562,0.00089968,-0.0066481,-2.791,-0.0066095,-0.022937,-0.0042272,-0.011419,NaN,-0.48982,1.0775,0.41931,0.41336,1.1277,NaN,2.0986,3.2086,NaN,2.5232,3.2267,3.2478,NaN,2.837,7.5221,5.5633,5.21,0.08,5.44,5.0033,NaN,0.0633,0.27,1.1333,NaN,0.2,0.23,-0.21,0.79,4.3953,NaN,-2.0649,0.74408,-3.6736,3.5761,-2.1001,0.33311,3.5228,NaN,0.33311,NaN,8.3844,3.5012,-1.1585,9.0214,487.61,8.6214,7.585,8.9538,16.941,NaN,NaN,NaN,NaN,NaN,0.24968,-0.01445,0.27241,2.2621,88.3,NaN,0.1,0,-0.10114,11381,4.0685,2.8534,2.0764,-0.0334,-0.0334,-0.00041182,0.010218,-0.18,-0.3533,-0.3533,-0.18,-0.040386,0.0068889,0.0026178,-0.0082738,0.004626,-0.0018695,-0.0051458,-0.00017798,0.00094931,-0.001022,-0.0010664,-0.0013661,-0.00988,-0.0060608,0.024291,-0.0081,8.5487,12.379,0.0413,-0.002,0.21,0.44,-99.852,-67.915,-35.974,-51.899,-14.51,NaN,NaN,9.5243,0.0069,7.3783,3.2614,-85.33,-1.0221,2.1807e+05,3.7989,4.8968,-55.58,27.269,-8.0206,-10.619,0.0753,-17.799
3.5268,2.2982,-7.6494,3.6437,4.4696,-9.9393,-7.7079,-16.181,-6.5398,-11.581,1.8,16.553,28.5,0.75769,4.8394,4.8817,6.1963,5.9863,2.7225,3.2883,NaN,-2.2099,2.0498,-0.88513,-11.244,-16.138,-3.2879,-23.315,-66.339,8.1577,-0.97096,13.562,88.15,88.585,2.6446,2.0137,0.11865,4.0634,-0.14551,-0.54368,1.1711,-1.4467,5.6807,4.2554,2.1249,4.2793,2.9218,5.6364,-0.76995,2.5224,5.6645,1.9055,2.2886,5.4668,8.5033,4.7409,-0.46006,59.3,3.8333,0.1472,-0.020574,-0.0334,-0.0667,0.5333,14.281,46.553,-7.4306,-30.962,NaN,NaN,NaN,NaN,78.225,-0.25562,NaN,-0.46645,40.667,-0.2667,-0.3333,3170,59.98,81.212,101.27,73.028,78.298,51.053,43.926,-4.6307,-23.061,-20.343,NaN,0.38418,NaN,NaN,1.1639,-0.0031012,1.6589,-0.0072842,-0.0056593,-0.0065689,-0.0066327,-0.0029625,-0.0064801,-0.0028021,-0.013519,-0.004149,0.0012767,-0.0019136,-0.013418,0.0012477,-0.0056505,-0.00047491,-0.00092111,-0.0026015,-0.0025433,-0.0030568,0.0033693,-0.013312,-0.0056006,1.0132,-0.0039822,-0.0065919,0.4006,-0.009404,-0.02155,0.0020855,0.0010294,NaN,-2.2032,0.47879,2.0958,3.1328,0.8101,NaN,4.3788,2.4757,NaN,3.1902,3.546,-0.066357,NaN,2.2078,1.4661,4.8233,4.5133,-0.8933,4.6033,4.5833,NaN,-0.2633,-0.2567,1.2967,NaN,0,0.09,0.07,0.94,0.046481,NaN,2.9032,5.4057,1.0943,3.8646,0.7476,1.8737,3.7088,NaN,1.8737,NaN,10.518,-2.4252,-8.4117,12.165,495.2,13.542,0.13326,14.707,14.288,NaN,NaN,NaN,NaN,NaN,0.60044,-0.15457,0.41542,-0.33295,94.1,NaN,0.1,0,-0.31594,3664,-2.6912,14.099,-3.8125,-0.7,-0.4,-0.0087914,-0.00070913,-0.55,-0.31,-0.1633,0.2967,0.0043382,0.0298,-0.000113,-0.003067,-0.006535,-0.0045902,0,-0.0036813,-0.0031126,-0.0029119,-0.0060221,-0.0013237,-0.020912,-0.017291,0.020932,-0.0549,50.767,9.9879,0.0276,-0.001,-0.55,0.63,143.28,94.068,85.121,91.468,11.236,NaN,NaN,0,0.007,5.1881,4.6879,47.85,4.7803,2.2569e+05,2.5276,2.0178,26.86,-8.9523,34.823,36.721,-0.2858,31.382
0.24501,5.4316,16.831,3.8659,2.9684,-14.739,9.7178,4.2998,-0.95732,43.388,0.7,-1.6634,-4.3,0.54187,2.1337,-5.3519,-3.1917,3.1622,-0.94344,-0.58406,NaN,-1.6341,1.7603,1.0255,-7.0015,-13.855,0.10877,-3.4371,4.8676,2.5683,-0.31153,12.576,86.609,86.778,0.95625,0.22668,-3.1934,3.2109,-3.5388,-3.7656,-2.2877,-5.3904,5.7697,5.4738,-0.47883,3.5834,2.2718,5.8167,-3.6777,1.2449,4.4141,1.3267,1.7431,3.5255,6.5233,4.0554,2.3274,59.433,3.8333,0.044726,-0.047777,0.4667,0.0667,-0.1667,3.492,15.033,-5.0316,-80.954,24.818,-39.42,16.942,-29.972,-31.001,-3.9831,NaN,-2.4612,40.4,-0.2333,-0.2,3113,46.154,56.989,55.229,72.599,-10.39,38.876,82.155,1.9188,5.0797,12.553,NaN,1.9702,NaN,2.0997,1.9033,0.0011651,2.4007,0.0002919,0.00035581,0.0031878,0.0064481,0.00046603,0.0018163,0.00018329,0.019563,0.00020295,-0.0039115,-0.0074,0.0058961,-0.0021908,8.1919e-05,-0.0017389,-0.001724,-0.0018597,0.001611,0.0021436,-0.0016042,0.0040234,0.0035659,2.4194,0.0019011,0.0075367,-0.8004,0.012238,0.027491,-0.0041874,0.0010389,0.92468,-2.6671,-1.3277,1.1129,3.7103,0.82255,NaN,4.0359,4.8536,NaN,1.5177,3.3941,3.8799,NaN,4.9318,-2.3093,3.99,3.66,-0.6567,4.2467,4.82,NaN,0.1433,0.1,1.16,NaN,0.2,0.59,1.16,1.06,-1.5849,NaN,3.0837,7.0543,3.132,8.1055,2.5983,0.55317,3.3164,NaN,0.55317,NaN,3.008,5.0638,1.9017,2.7505,494.69,3.2061,2.316,2.9038,15.794,NaN,NaN,NaN,NaN,NaN,-1.3314,-0.57974,0.28625,0.36993,95.9,NaN,-0.1,-0.1,-1.1709,-52556,-2.3594,16.36,8.1467,-0.5333,-0.3,-0.02544,-0.031967,0.0967,-0.33,0.7667,1.2733,0.0090079,-0.034002,-0.0014284,0.009116,-0.00024829,0.0027435,0.0059693,-8.8192e-05,0.00096671,-1.1785e-05,0.0029855,-5.4191e-05,0.0039073,-0.0030515,-0.038715,-0.0245,17.91,4.6365,0.0069,-0.0005,-0.73,0.73,-6.7125,75.639,63.28,84.256,1.4861,NaN,NaN,2.346,0.0071,6.1382,4.9855,26.38,9.8989,2.327e+05,4.1095,2.7801,12.8,-2.3388,20.519,23.179,-0.1565,17.994
3.7667,2.0428,-3.2279,5.4261,-0.37326,11.56,4.7587,-5.5065,-0.68928,20.575,1.1,4.4207,6.8,6.1977,1.4644,-3.2236,5.219,3.7838,3.3731,3.3468,NaN,2.7428,-0.59294,0.445,4.7979,3.5882,1.5103,3.1248,0.66817,-0.60742,-4.8723,-6.267,86.043,85.954,2.7522,2.5658,-0.29158,3.9574,0.318,-0.92861,0.71272,5.1085,5.9201,5.6144,1.503,4.4486,4.692,5.7333,-6.8646,2.9824,3.6301,4.3143,1.901,2.7982,5.2122,3.4317,3.832,59.667,3.8,-0.035601,0.01348,0.5,-0.1333,-0.0333,5.9163,0.29792,-1.0138,29.104,-11.781,-28.113,11.112,81.106,3.7891,2.4716,NaN,1.3194,40.567,0,0.1667,3089,56.148,99.025,46.571,35.491,92.89,37.88,92.631,3.3075,8.2807,-2.8558,NaN,5.8551,NaN,5.19,3.6931,0.0023776,3.5743,0.0013213,0.0061194,0.0081968,0.006587,0.00052816,0.0088665,0.00078994,0.012391,0.0035823,-0.00034858,0.0043986,0.016108,0.0019856,-0.0013434,0.0063068,0.0010745,0.0028085,-9.3018e-05,0.002655,-0.0042229,0.0089542,-0.0023095,3.9996,0.0028124,0.0046547,1.598,0.0018452,0.0095117,0.0031299,0.0031072,-1.8401,-1.6647,2.5464,1.9904,5.951,1.8026,NaN,1.379,0.38549,NaN,2.0533,0.8842,3.5008,NaN,3.3152,3.6199,3.8933,4.3,0.9767,5.1267,5.2467,NaN,0.3534,0.35,1.0833,NaN,0.54,0.83,0.95,0.67,4.3055,NaN,4.706,6.7221,3.2802,5.2574,5.3634,1.7236,4.3692,NaN,1.7236,NaN,7.04,2.6601,-1.1237,7.5872,499.42,8.3336,2.4793,8.4779,12.103,NaN,NaN,NaN,NaN,NaN,1.4145,0.2077,-1.4907,-1.9645,97,NaN,-0.1,0,0.78853,54103,1.9948,-15.622,5.2355,-0.0667,0.2334,0.039461,0.031441,0.5566,0.4067,1.42,1.7233,0.023438,-2.0267e-05,0.00056754,0.0018904,-0.0014153,0.0090578,0.0041831,-0.0012416,0.0029372,0.0075522,0.0068997,0.0080066,0.0085102,0.014787,0.031662,-0.0122,-42.585,5.0144,-0.0069,-0.0012,0.25,1.08,24.467,72.23,25.815,69.56,-17.096,NaN,NaN,4.6512,0.0071,3.0341,4.3703,-4.47,4.921,2.323e+05,1.0567,0.15894,-13.6,5.6024,11.937,14.034,-0.0787,12.928
3.0048,2.4404,0.9984,3.32,1.7837,8.5365,11.823,12.517,7.9688,22.533,1,3.0277,0.2,7.1425,6.8913,7.4752,20.558,2.91,2.9604,2.7278,NaN,10.563,11.137,14.948,11.866,10.096,19.453,28.01,27.883,9.892,6.0089,16.406,87.187,87.303,3.2822,3.2128,2.4382,3.7635,2.3041,2.062,3.0293,2.9301,5.3426,4.817,1.9048,4.5934,4.5453,5.5685,-4.376,2.654,3.6088,4.2271,1.3976,0.65011,6.3362,3.9393,2.6822,59.867,3.9,0.11525,0.016118,0.4,0.0666,0.2333,9.8293,14.765,49.587,31.477,9.3465,15.764,37.182,-3.1496,10.361,1.8118,NaN,1.8146,40.633,0,-0.0334,3155,13.602,47.751,21.861,33.639,-10.141,22.32,-11.534,10.022,11.385,17.231,NaN,4.5666,NaN,5.9744,3.4235,0.00098944,4.4025,0.0058088,-0.00045103,-0.0029235,-0.00091646,0.0017378,-0.0037184,0.0016787,-0.0045735,-0.00076535,0.007012,-0.00021773,-0.0080492,-0.001321,-0.0026108,0.0016414,0.0011955,-0.00037398,-0.0014721,0.0035155,0.0020406,0.0092084,0.00090787,4.3547,-0.00011346,-0.0037759,0.79721,-0.0018979,-0.0060862,0.0062014,0.0030784,-4.0155,-3.038,-0.95524,0.59722,3.5487,0.3659,NaN,1.0487,0.31987,NaN,1.1479,0.91229,3.7771,NaN,4.2576,3.0769,4.1733,4.7533,0.4333,5.5633,5.6433,NaN,0.41,0.3933,1.08,NaN,0.52,0.81,0.89,0.55,6.7778,NaN,2.1591,4.0213,0.54747,2.0745,4.7789,1.8475,5.9641,NaN,1.8475,NaN,5.9941,17.648,14.738,4.5234,501.44,5.9777,6.0516,5.9817,14.256,NaN,NaN,NaN,NaN,NaN,-0.71124,-0.18836,-24.93,-0.037159,92.9,NaN,0,0.1,0.28086,31515,11.946,23.134,7.8933,0.2,0.0666,0.011496,0.0091164,0.3867,0.58,1.5267,1.8533,-0.0053527,0.060158,-0.0013834,-0.0021143,0.0032749,-0.0037114,0.00073012,0.0045033,0.00088694,-0.0019945,-0.0010934,-0.0048334,-0.021869,-0.002765,0.017961,-0.0215,-14.097,5.2668,-0.0241,-0.0004,0.33,1.13,5.7473,17.865,32.416,24.346,-23.779,NaN,NaN,11.397,0.0071,6.0001,4.6828,-19.15,3.805,2.2873e+05,3.4882,3.4135,-16.21,10.002,0.4373,3.5105,0.004,3.0937
8.0759,9.4729,24.093,6.2591,7.7748,7.94,8.8457,14.917,11.609,1.2896,0.9,7.0889,7.2,18.129,7.2691,11.079,22.899,6.6152,9.5665,8.9501,NaN,5.6694,4.8674,3.8834,7.2233,10.353,4.7024,9.3972,33.85,1.8829,9.1949,8.9111,87.336,87.325,2.9636,2.669,2.6007,3.403,2.0672,3.5017,1.1825,-0.24002,4.4307,4.2989,2.3008,3.6646,3.0323,4.3334,-0.80084,2.0984,4.3445,2.3394,1.7044,-1.2082,6.4046,6.0404,-0.60494,59.467,3.7333,-0.18566,-0.0021249,-0.9667,0,-0.3,-16.823,-38.225,-9.9891,-5.0771,-22.046,-27.15,-21.365,-24.112,-33.321,0.35117,NaN,0.6983,40.667,-0.1,0.0667,3229,2.6657,-14.117,-0.10278,-17.009,-58.912,11.833,58.762,5.4457,9.6344,5.1589,NaN,1.8487,NaN,3.7512,4.2439,0.0012816,4.3338,-0.001513,0.0016931,0.0015428,-0.0035851,0.0025404,0.0035911,0.0025271,-0.016129,0.0084827,0.0013671,-0.00034263,0.0057267,0.0052351,0.0037153,-0.0018419,0.00030527,0.00048061,0.004558,0.00076613,0.00043824,0.0033194,0.0092346,3.9174,0.0017664,0.0027475,5.5341,0.00090211,0.00083366,0.00093468,0.0020038,-0.99109,-4.5235,-4.5235,1.8458,4.6532,5.517,NaN,6.6938,7.71,NaN,8.869,8.5989,3.0218,NaN,1.7526,8.1539,4.79,5.05,-0.0233,5.4733,5.61,NaN,0.1,0.1067,1.22,NaN,0.2,0.42,0.56,0.53,0.46801,NaN,1.3097,2.8736,-1.3802,3.9045,4.4482,-3.6231,6.8477,NaN,1.4657,NaN,-2.9959,-12.803,-19.418,-1.7552,491.05,-5.8972,7.1399,-7.1486,17.735,NaN,NaN,NaN,NaN,NaN,1.4028,0.13512,-33.64,3.4411,97.2,NaN,0,0.2,-0.6728,6012.6,5.5683,12.038,4.6086,0.1334,-0.1333,-0.0064873,-0.014652,-0.07,0.2633,0.8433,1.34,0.005305,0.017312,0.0056694,0.0008808,-0.0037157,0.0017106,-0.0042426,-0.00016038,0.0008543,0.0017622,-0.0010597,0.0098819,0.0066568,-0.0065465,-0.043526,0.0809,-7.9633,7.591,0,-0.0039,0.28,0.79,0.57015,-11.311,-2.4023,18.071,2.1881,NaN,NaN,4.4693,0.0084,3.9506,2.962,242.44,-5.5008,2.619e+05,3.157,5.1595,171.75,-59.671,-12.52,-14.231,0.122,-10.658
6.628,6.0451,8.4302,6.1633,4.8881,15.015,-0.9774,-9.7984,-4.9406,9.7649,1.5,2.0694,-2.2,7.1615,7.7464,6.6375,6.055,6.5287,7.5195,7.1446,NaN,5.3564,2.5049,3.8562,8.6469,8.1331,14.214,6.5679,12.184,2.9304,4.117,3.735,87.47,87.274,3.5586,3.563,2.8553,3.6119,3.4498,2.5494,3.3378,6.2731,3.9654,3.4643,0.87623,3.3322,5.0334,3.9588,5.3746,3.6006,3.5381,5.267,3.7919,1.6256,4.2686,4.1043,4.4877,59.8,3.5667,-0.14598,-0.044953,0.2,-0.2,-0.3333,-5.0956,-18.751,-61.507,-81.487,-62.671,44.137,-30.703,13.213,-5.4286,3.0707,NaN,3.8223,40.7,0,0.0667,3322,0.091625,49.582,-0.82327,-6.9376,32.982,-7.0118,-0.45946,3.5685,10.85,-11.831,NaN,-1.0453,-95.507,6.8019,4.0734,0.00025187,4.4719,-0.00098713,-0.00046858,-0.00072484,-0.00039349,-0.00014398,-0.00088211,2.963e-06,0.0050782,-0.0042334,-0.0035205,-0.0045827,-0.0018943,0.0033434,-0.0083577,0.0010792,0.00096557,-0.0015567,-0.00035137,-0.004605,0.00042015,0.0055553,-0.0030433,3.8794,-0.0019998,0.0017704,2.3483,0.0045525,0.011779,-0.0051707,-0.0041212,-2.8631,-4.6288,-4.6276,1.6445,0.90693,1.4644,NaN,2.5728,3.0416,NaN,3.695,4.0759,2.8402,NaN,2.7525,6.988,5.9833,5.52,0.4066,5.9433,5.7433,NaN,0.1266,0.1933,1.28,NaN,0.13,0.42,0.22,0.56,1.2194,NaN,2.876,2.6567,-0.32547,6.0723,5.272,4.1841,6.9526,45.187,4.7294,NaN,11.639,7.8123,1.2838,12.114,497.96,13.761,4.2576,14.732,15.49,NaN,NaN,NaN,NaN,NaN,-1.7543,0.024301,-2.351,-2.6615,92.4,NaN,0,0,-1.4657,-40322,5.037,3.7395,3.4637,-0.6,0.1667,-0.03423,-0.034747,0.23,-0.46,-0.12,0.2733,-0.0063694,-0.14091,0.0023117,-0.010791,-0.0013116,-0.0027325,-0.0033376,0.00095966,-0.003022,-0.0019519,0.00088082,-0.005935,0.038592,0.014653,-0.019391,0.083,-19.85,8.2857,0.0069,-0.0009,0.5,0.1,5.0956,-11.64,5.0879,-1.9681,39.321,NaN,NaN,4.4199,0.008,3.912,4.4605,-67.38,8.3664,2.5382e+05,2.9472,1.7008,-53.81,20.907,26.952,29.595,-0.1733,27.04
3.0879,7.4274,17.601,5.05,6.3189,-11.06,6.1758,9.7578,5.45,8.1202,0.8,1.1964,-2.3,22.286,5.7571,27.478,23.345,1.2769,2.9839,2.8926,NaN,3.0918,3.8435,5.0878,2.0164,-2.6591,11.758,5.6087,1.144,4.8625,1.2996,3.8713,87.123,86.666,3.5819,3.4984,1.6246,4.3288,2.0509,1.1252,2.4101,4.154,5.2268,5.0793,3.0184,4.463,4.822,5.2182,2.955,4.0572,3.9724,4.7583,3.7481,1.3881,7.0508,3.963,0.79272,59.633,3.5333,-0.025238,-0.0015793,-0.1333,0,-0.0333,5.6762,-6.6752,2.139,-2.6936,13.421,-21.534,7.2018,-5.2331,-4.7514,2.2168,NaN,2.7939,40.8,0,0.1,3477,17.562,12.999,28.043,-0.73736,69.156,21.543,-10.245,3.8813,10.785,0.91308,NaN,-5.1296,30.261,4.6858,4.1155,-0.00044748,3.8139,-0.0033944,-0.0030242,0.00069824,0.002227,-0.00041796,0.00010459,-0.00058236,0.0028383,-0.0030182,0.0036401,0.013944,-0.00011115,-0.0020584,0.010997,-0.0031615,-0.00097111,-0.00032533,-0.0021174,0.00062734,0.0022444,-0.001182,-0.0018906,5.3696,0.0035546,-0.0009869,1.5575,-0.0019127,-0.0044125,-0.0040805,0.0020047,-4.4501,-1.541,-4.4515,1.7206,2.3714,0.17402,NaN,1.1092,1.9897,NaN,0.19598,0.67852,6.6852,NaN,6.2806,-3.7062,5.9467,5.1967,-0.3566,5.51,5.46,NaN,-0.1766,-0.16,1.4033,NaN,0.1,0.31,0.26,0.77,3.5108,NaN,2.3688,2.3166,-1.3045,5.5956,7.7067,4.0564,4.1371,49.147,4.7233,NaN,2.8636,2.8178,1.5408,2.8694,499.95,3.1365,1.9022,2.7147,13.313,NaN,NaN,NaN,NaN,NaN,-1.9479,-2.5933,-0.40156,-1.9333,92.4,NaN,0.2,0.2,0.34518,30148,2.3912,2.7995,5.1753,0.0333,0.0333,0.021989,0.041341,-0.3333,-0.7467,-0.4167,0.1333,0.0073791,0.042695,0.00096476,0.0058366,0.0020665,0.0034399,0.0057261,0.0041964,0.00469,0.00082433,0.0036946,-0.0024059,0.013762,0.015797,0.028419,0.0629,-3.3609,6.9143,0.0034,-0.0007,-0.12,0.02,-5.6658,15.446,44.96,42.982,47.544,NaN,NaN,8.696,0.0081,4.8368,3.3725,-7.59,5.7911,2.5415e+05,2.7237,2.0084,-8.88,5.2676,7.6398,6.6709,-0.0179,2.3564
1.5701,1.8003,-2.3525,4.364,0.093255,4.3278,9.3507,13.664,10.761,5.5767,0.6,0.36294,-1.9,5.0941,3.3258,-8.9905,-3.3851,3.0832,1.5064,1.5676,NaN,6.0283,5.7367,7.8674,5.4913,8.1829,3.7702,17.021,16.148,3.6808,9.0419,5.982,87.427,87.09,3.9098,4.212,2.0251,4.426,2.8466,2.1696,1.7981,9.3252,6.5323,5.8253,3.5922,5.7417,5.235,6.4284,-8.1291,4.2729,2.4945,4.8712,3.5331,-3.4327,5.7555,3.8255,2.0865,59.6,3.4,-0.10954,-0.0087743,-0.3667,-0.1333,-0.0334,-16.844,-1.6863,-45.716,-17.494,-29.487,-4.8971,-11.969,1.6427,-4.1181,2.3486,NaN,2.4694,40.867,-0.1333,0.1666,3705,15.813,40.737,7.7044,19.094,-76.53,35.363,42.474,7.834,11.658,17.689,NaN,6.4586,12.686,5.6109,4.4026,0.00043278,5.5234,0.014833,0.0062875,0.00081098,0.00078879,0.00055449,0.00086309,0.00044566,0.00090563,0.00092072,-0.000703,0.0027944,0.0042227,-0.0033359,-0.0064089,0.00167,0.0015446,0.00187,0.0043513,-0.0031825,-0.0019027,-0.0051755,0.0018061,4.9216,0.00071416,-0.0018615,2.3256,-0.0009663,-0.0001542,0.0080808,0.00096785,-2.8786,-4.6234,-4.6221,1.8905,3.741,3.1182,NaN,2.9572,2.9222,NaN,-0.97153,-0.78525,8.6311,NaN,8.8492,-0.22761,5.9167,5.5867,0.3933,5.8367,5.77,NaN,0.1666,0.1634,1.2567,NaN,0.1,0.25,0.18,0.38,6.3535,NaN,3.6357,4.2405,0.55085,8.8093,10.43,6.4975,6.5858,45.028,7.1293,NaN,13.929,7.8056,4.7223,14.678,514.65,13.959,13.82,14.804,12.341,NaN,NaN,NaN,NaN,NaN,-0.26975,-1.786,-0.48575,-0.074543,91.7,NaN,-0.1,-0.1,-0.32365,-3289.1,7.0902,9.9526,1.066,-0.0667,-0.0667,0.013425,0.001911,0.25,-0.33,-0.14,0.3267,0.01444,0.034711,-0.0033229,-3.3868e-05,0.0041608,0.00075157,-0.0017023,-0.0024548,-0.002056,0.001691,-0.00017481,0.0040105,-0.024426,-0.0077192,0.027951,0.1212,-12.29,7.2086,-0.0172,0.001,0,0.05,-18.092,6.7607,10.233,23.65,17.027,NaN,NaN,12.699,0.0084,5.728,4.0497,16.79,1.3798,2.5511e+05,5.1915,6.0792,16.98,-0.13172,20.791,21.001,-0.1152,14.264
6.2119,4.4109,7.5035,3.4832,4.4184,22.887,10.998,14.332,10.111,13.276,1.2,0.90553,-1.3,16.353,3.6554,-49.429,-39.629,0.99063,6.9111,6.942,NaN,7.7068,5.5057,5.4736,8.935,8.6481,10.844,4.9391,-7.2088,5.4527,9.646,7.1669,88.138,87.66,4.0193,4.1542,3.2061,4.0709,3.9128,4.9741,0.41093,7.0224,6.366,5.3029,2.3112,5.1896,4.7321,6.3267,6.9498,2.9964,3.3856,3.8904,2.4902,5.368,-0.96244,4.1408,3.476,59.833,3.4,0.011788,-0.026917,-0.1666,-0.0333,0.0334,-2.4279,8.527,10.037,-61.974,3.2653,3.5675,5.3991,-11.643,7.6531,5.6823,NaN,3.7111,40.667,0.0333,-0.1,3828,23.56,62.565,13.523,84.373,77.042,-6.5853,-36.853,-0.42827,4.5246,4.418,NaN,2.6154,32.916,6.0364,3.8663,-0.00067602,3.9841,-0.009271,-0.0031166,-0.0030206,-0.0032707,0.00033005,-0.0029391,0.00028586,-0.0078233,0.00045707,-0.00047199,-0.0005156,-0.0077329,7.6014e-05,0.0084254,-0.0021534,-0.00024881,0.0012136,0.0015788,0.00039976,-0.00058815,0.0029513,-0.00090019,4.8629,-0.0010958,-0.00093549,5.7555,-0.0018434,-0.0074468,0.0039001,0.0068878,-2.6079,0.43186,3.3607,1.2063,2.8616,1.4711,NaN,0.56169,-2.8779,NaN,3.2046,1.2595,0.73383,NaN,2.2287,8.9441,6.5667,6.0933,0.5567,6.3633,6.1767,NaN,0.4567,0.35,1.2,NaN,0.15,0.27,0.08,0.56,-2.7939,NaN,2.2857,1.9196,-0.97982,11.145,7.4517,5.577,8.1113,37.877,6.1545,NaN,-2.7382,-5.4624,-6.453,-2.4087,510.29,-5.4624,6.7376,-6.649,14.738,NaN,NaN,NaN,NaN,NaN,1.3376,-0.28185,0.56944,0.63318,98.2,NaN,-0.7,-0.6,-0.78955,-9977.8,7.4664,14.049,-1.7476,-0.2666,0,-0.011856,-0.017299,0.5566,-0.4733,-0.2333,0.1333,-0.018741,0.036815,-0.00079404,0.013298,-0.00034303,-0.0018287,0.004766,0.0018923,0.004507,-0.0019051,-0.0020128,-0.00029304,-0.0088498,-0.010419,-0.063284,0.0401,5.3097,7.3422,0.0069,0.0008,0.7,0.09,37.581,36.631,1.2932,-11.865,17.461,NaN,NaN,4.1451,0.0086,4.7115,5.7131,55.64,5.3519,2.6367e+05,3.8281,3.4742,31.62,-7.84,-16.688,-17.464,0.157,-24.373
1.2142,2.5721,-1.0522,4.916,0.88637,-2.3634,2.1342,4.1695,4.3354,-3.7083,0.9,-1.2493,-4.9,1.2251,3.3703,79.261,72.024,3.897,0.40284,0.46252,NaN,1.7421,-1.2184,-3.4756,4.9762,2.0512,8.1136,-8.405,-22.94,-1.4985,6.2173,5.612,87.577,86.91,3.7955,4.0793,2.0849,4.266,2.8224,2.0379,2.1598,7.4526,5.2993,5.2335,4.1268,4.7871,5.021,5.3002,-1.5779,4.7577,2.4582,4.8673,3.4483,-0.091948,5.0536,2.5883,2.2674,59.967,3.4333,0.040502,0.0069306,0.1333,0.0333,0.0666,26.418,-34.173,39.922,20.353,10.696,19.213,-4.1222,4.3643,6.312,0.83865,NaN,3.6897,40.8,0,0,3843,-33.111,-43.33,-25.767,-113.93,-17.781,-41.519,76.402,2.6511,2.8015,-2.7382,NaN,8.682,4.1385,4.4544,5.0575,0.0010256,5.2381,-0.00058127,0.0019928,0.0049677,0.0016586,0.0010509,0.0063996,0.00097673,0.0045586,0.00077048,0.00036205,-0.0060711,0.011438,-0.0012195,0.007033,0.0034479,0.0015036,0.0028081,0.0028912,0.0027447,0.0016102,-0.0056177,0.00040132,6.2696,0.0024464,0.0088278,5.6739,0.0097282,0.023977,-0.0060694,-0.008999,-3.0201,10.248,22.44,1.9771,9.6114,0.53631,NaN,0.15417,3.8493,NaN,-3.2887,-0.37745,10.492,NaN,9.7038,-4.5596,8.3267,6.1967,0.0966,6.5733,6.3533,NaN,0.1867,0.21,1.2333,NaN,0.15,0.38,0.16,1.34,-1.5215,NaN,-3.0827,-2.7607,-5.7017,9.343,6.1592,4.5375,5.8235,56.285,5.5638,NaN,-2.9113,5.5925,1.6956,-3.9473,500.38,-4.7,3.1564,-5.8014,15.827,NaN,NaN,NaN,NaN,NaN,0.71343,0.47768,-0.050212,1.0778,91.5,NaN,0.9,0.8,-1.2217,-56417,1.1499,3.1415,8.9728,-0.1334,0.1334,-0.018441,-0.026478,0.1967,-2.13,-1.7967,-1.44,0.03709,-0.019177,-0.00017334,-0.0078119,0.00071815,0.0032866,-0.00014447,0.001787,-0.0020686,0.0042833,0.0044234,0.00069878,0.026419,0.0096242,-0.018539,-0.0224,-13.622,9.2473,0.0172,0,0.88,-0.79,-22.927,-80.268,-32.534,41.628,26.545,NaN,NaN,6.1382,0.0088,4.6566,3.8114,23.47,10.63,2.7197e+05,2.7537,0.89866,7.59,-1.77,2.9483,5.3078,0.0081,-5.3264
2.6334,1.9454,-1.1119,3.2286,1.5098,8.0395,5.7211,5.2083,8.9975,-3.1419,1,0.81045,0.8,-10.432,0.88246,-6.7511,-5.2168,8.0706,2.3789,2.4825,NaN,4.7733,4.8032,7.4968,6.4824,8.928,4.5514,8.5282,27.807,6.9648,6.0715,13.401,87.691,86.826,3.0494,3.2279,1.7673,3.4166,2.2876,2.2135,1.057,3.8386,4.2434,5.2825,2.5982,3.6812,3.9946,4.3127,8.2154,3.486,2.206,4.0464,3.7187,0.18386,3.1592,2.7065,2.8146,60.233,3.5667,0.14404,0.022061,0.3333,0.1667,0.0334,8.2992,69.914,-31.27,55.496,-4.6443,24.349,35.362,47.484,21.529,1.181,NaN,1.921,40.6,-0.0667,-0.0666,3756,-36.29,-44.478,-26.087,2.6427,-170.02,-19.672,-25.38,3.3961,4.7652,-4.4823,NaN,-1.2876,-2.8516,7.0228,4.8553,-0.00042699,5.6529,-0.0017915,-0.0023163,-0.00075087,-0.0027055,-0.00031016,-5.2363e-06,-0.00017271,-0.0028033,-0.0021099,-0.0030904,-0.0031265,0.0044304,0.00067369,-0.020724,0.0013654,0.0022328,-0.0039826,-0.0058876,-0.0011754,0.0029442,-0.003277,-1.1233e-05,5.4522,-0.0019692,-0.0036825,2.9938,-0.0063325,-0.015524,-0.0020065,0.0019289,-2.8646,-4.5931,-4.593,1.2091,4.0983,3.2221,NaN,1.6183,3.012,NaN,0.45813,1.305,7.1519,NaN,6.6194,-0.86074,8.9833,7.0233,0.9067,7.6533,6.8567,NaN,0.1766,0.33,1.06,NaN,0.23,0.63,-0.17,1.46,-1.814,NaN,-3.6674,-2.9241,-6.9638,1.8113,1.5687,1.154,2.0859,55.584,2.3833,NaN,-1.8548,0.62798,-7.4427,-2.162,487.75,-2.5854,0.59019,-3.3006,17.581,NaN,NaN,NaN,NaN,NaN,-1.5025,0.89541,-0.51923,0.51929,86.4,NaN,-0.1,-0.1,0.04543,17280,4.1588,17.226,8.3615,0.0667,-0.1667,-0.015903,0.0023176,0.6733,-1.96,-1.78,-1.92,-0.027455,0.015214,-0.00075154,-0.011289,-0.0034512,-0.0001597,-0.0079958,-0.0013678,-0.0010869,-0.0010572,-0.0029198,0.0016772,-0.00079636,0.0092975,0.0015235,-0.1059,30.867,8.5795,0.0069,-0.0018,0.95,-0.5,-54.813,-31.983,-4.7905,-32.276,1.9346,NaN,NaN,6.0455,0.0088,6.4295,4.9711,2.91,7.7398,2.7433e+05,0.29629,-1.4978,-16.38,4.2829,-29.433,-28.171,0.2575,-34.823
-1.9555,3.1842,-1.5061,4.9445,2.6699,-19.796,-8.9837,-3.3093,-2.1057,-28.448,0.6,-5.4174,-8.8,-2.0874,-0.87041,10.329,-4.418,3.0477,-3.1402,-3.0943,NaN,-2.5164,-5.0375,-4.2474,-0.21787,-4.2576,1.2416,-10.97,-8.8291,-1.3718,-3.4046,4.8045,86.23,85.159,1.4964,1.2148,-3.3264,3.2909,-2.2585,-5.0859,-0.53742,2.4664,4.4061,3.4448,0.71158,3.4444,3.7583,4.4182,1.353,3.3323,2.8262,3.736,3.415,-3.6007,5.7795,4.407,2.1558,60.267,3.5667,0.0029494,-0.0116,-0.5333,0.1,-0.0667,-2.9615,-3.0372,34.947,-24.364,28.832,0.39794,-15.467,-51.511,2.2035,-1.9517,NaN,-1.2139,40.533,-0.0666,-0.1,3714,-28.997,-55.832,-31.931,-98.97,17.603,-21.184,0.81791,3.3604,10.532,-9.4044,NaN,-3.6155,-42.097,4.7864,4.6008,0.00016738,4.984,0.0044015,0.0014595,-0.0019045,0.0013774,0.00061005,-0.0032781,0.00072152,0.0055495,-0.0011139,-0.0035931,0.00099558,-0.0057548,-0.0020892,-0.00037583,-0.0013399,-0.00062197,0.0030599,0.0012414,-0.00021714,0.0035112,0.0018273,-0.0014506,6.0909,-0.00018992,0.0033378,3.7102,0.0068388,0.012068,0.0077561,0.0057589,-1.2247,-4.6576,-4.6566,2.2789,5.9445,0.47338,NaN,1.5934,2.2303,NaN,-1.9296,-1.1405,9.4601,NaN,9.5971,-6.036,8.94,7.3533,0.3533,7.9,7.2967,NaN,0.4034,0.4566,1.0767,NaN,0.25,0.55,-0.06,1.27,3.7103,NaN,-2.8649,-2.6552,-6.0257,2.9233,1.0312,0.17752,-0.19284,52.135,1.5135,NaN,-1.7673,5.4727,2.4251,-2.6752,480.82,-3.8916,5.2318,-4.7765,15.92,NaN,NaN,NaN,NaN,NaN,0.80758,-1.3777,1.3386,-1.1136,79.7,NaN,0.2,0,0.45008,16533,-3.2717,1.432,9.4151,-0.0333,-0.0667,0.040253,0.039836,0.4634,-1.5867,-1.2733,-1.4733,0.0084406,0.011967,-0.00015012,0.011163,-0.009438,0.00066479,0.0085868,-0.00029666,0.00072928,-0.00016751,0.0033753,-0.0014045,-0.015014,-0.012079,0.028212,-0.0175,14.424,7.7285,-0.0034,-0.001,0.13,-0.32,-31.577,-24.587,-44.007,-21.58,44.495,NaN,NaN,11.824,0.0097,6.3278,4.3967,141.55,2.6523,2.9593e+05,2.283,2.1932,87.18,-27.658,-0.79133,0.51385,0.0227,-4.5422
-0.59438,2.4743,-6.1539,4.3062,3.401,-12.112,-1.9959,-2.7879,-2.8245,0.26097,0.2,-1.9282,-6.6,-18.346,3.8149,5.2438,-1.3117,4.1792,-0.32884,-0.2988,NaN,-9.8099,-7.4868,-5.1101,-13.39,-26.788,-2.4059,-23.685,-55.017,2.4601,-8.3276,4.9164,83.307,81.823,0.90599,0.50396,-3.035,2.6798,-2.8573,-4.9489,-0.037092,-1.7031,3.8013,4.4076,-0.38797,2.4315,2.7468,3.7701,-4.2677,2.1715,2.7957,2.0484,2.6781,0.23179,5.2382,2.9428,1.0422,60.467,4.1667,0.54958,0.027281,1.4,0.4666,0.4333,56.055,68.483,86.635,63.313,102.23,36.469,23.553,70.335,14.368,-2.1288,NaN,-1.6072,40.233,-0.2,-0.2667,3360,-23.863,1.937,-29.108,-40.008,84.375,-23.154,-80.268,-8.7592,3.5375,-31.352,NaN,-11.266,-8.5191,0.15169,4.6067,-0.00077779,5.468,-0.0051036,-0.0021286,0.00032472,-0.0044265,-0.00031462,0.002273,-0.00011975,-0.0068609,-0.0022482,-0.003128,-0.0030209,0.0051903,-0.0027293,-0.00062682,0.0022748,0.00021073,-4.7056e-05,0.015782,0.00014314,-0.0035706,-0.0058958,-0.0011472,6.3493,0.0014911,-0.0052934,5.8659,-0.0087575,-0.016331,-0.0020725,-0.001112,-2.6477,-4.3471,-4.3479,0.074334,5.1103,-0.12473,NaN,0.83707,1.1968,NaN,1.2843,1.8251,5.7253,NaN,5.9138,1.1231,8.5733,7.21,-0.41,7.5533,7.3667,NaN,0.4266,0.3834,1.39,NaN,-0.02,0.34,0.16,1.34,-6.1405,NaN,-2.0696,-4.8709,-8.8563,-2.7088,0.58015,-0.54972,1.2755,32.69,0.39791,NaN,-2.3937,-10.903,-15.082,-1.3284,474.24,-2.4099,-2.3412,-2.8515,16.97,NaN,NaN,NaN,NaN,NaN,-0.49178,-0.21966,1.5006,-1.154,78.1,NaN,0,0,-0.08075,-2349.9,-11.843,6.095,3.484,0.2,-0.2666,-0.012429,-0.00574,0.0666,-1.3633,-0.84,-0.68,-0.01357,0.0068262,-0.0024264,0.0053512,0.010113,-0.00017256,-0.0040073,0.0055985,0.0024503,0.00067911,-0.00025198,-0.0080813,-0.030241,-0.020687,-0.0091205,-0.2847,86.04,4.7741,0.0378,-0.0012,-0.07,-0.02,-30.413,-63.098,-14.828,-18.608,38.081,NaN,NaN,0,0.0093,4.4594,5.0032,-56.92,-1.6717,2.8201e+05,1.3918,2.1377,-45.93,17.588,-24.373,-25.749,0.2204,-24.197
0.56728,1.8079,4.6151,2.4588,-0.2546,0.86857,-8.303,-1.6911,-2.6285,-25.311,0.5,-4.6776,-10.1,-3.5365,2.1637,15.207,7.8277,4.9026,0.56782,0.6869,NaN,-2.2058,-0.26601,4.382,-5.641,-11.343,-2.1242,7.0899,19.479,3.2384,-0.16391,3.1627,82.077,80.424,-0.80668,-1.9421,-7.1651,1.783,-6.3959,-8.7558,-4.7011,-2.7694,2.3685,2.9621,-2.7915,0.58035,0.75348,2.3197,-5.3007,0.29306,4.4729,0.3884,0.5154,6.9375,5.3216,3.1466,-0.73521,60.367,4.7667,0.51887,0.068664,1.6667,0.5667,0.4667,41.109,62.1,91.106,121.41,92.113,24.3,63.819,9.7805,49.341,-3.9346,NaN,-5.3074,39.8,-0.3,-0.2333,2986,24.066,-3.8836,62.694,39.043,-28.912,41.515,14.708,-1.627,7.4686,-9.617,NaN,-16.762,-59.615,2.787,4.4007,0.00036993,5.7278,0.012567,0.0028895,-0.0014663,0.0021902,0.00045474,-0.0030498,0.00041505,0.0046893,5.1548e-05,0.00021387,0.0017443,-0.010969,-0.0013921,0.021779,-0.0013828,-0.00029303,0.0011814,-0.018546,0.0011392,0.0053871,-0.0013913,0.0050343,5.5601,0.0030669,-0.0068674,2.1779,-0.0068678,-0.020452,-0.0010624,-0.0048555,-1.0986,-4.4949,-4.4954,0.67351,4.1722,0.92772,NaN,0.75613,-0.61644,NaN,5.8718,4.6267,0.32349,NaN,0.44469,15.841,7.8867,6.6767,-0.3666,7.4533,7.7133,NaN,0.2467,0.22,1.2633,NaN,0.15,0.78,1.04,1.49,-0.49792,NaN,-2.6022,-2.8799,-10.965,-3.0976,-2.1881,-3.6682,-2.5715,30.658,-2.6059,NaN,-10.02,1.2089,-3.6937,-11.431,455.27,-15.978,8.792,-18.22,27.532,NaN,NaN,NaN,NaN,NaN,0.12068,0.99849,-0.1831,-4.3102,75.4,NaN,0.3,0.1,-0.7155,-28930,-3.111,6.9966,-1.876,0.4,-0.3334,-0.021473,-0.026277,0.04,-1.2033,-0.1067,0.26,-0.011367,-0.024927,-0.002359,-0.00026829,0.0046977,-0.0041745,0.0052726,-0.001466,0.00061206,-0.002674,-0.0019559,0.0065903,0.022031,0.0025802,0.031383,-0.2223,74.498,5.7886,0.0207,-0.0029,-0.38,0.28,56.675,41.471,80.089,58.261,-29.435,NaN,NaN,5.7832,0.0087,7.9037,6.832,-111.26,8.6131,2.6558e+05,6.5835,6.0901,-74.88,32.633,-45.344,-46.338,0.4546,-43.212
3.6694,3.4915,1.4615,4.5131,2.8772,6.4569,6.6885,2.4335,1.405,22.336,0.5,1.6871,-4.8,-11.045,8.9972,1.598,-0.91948,6.3406,4.2627,4.3183,NaN,-1.4356,-5.4063,-2.723,2.6464,1.327,1.7892,-5.7825,-33.835,-1.5,-6.3875,5.0575,81.027,79.115,-1.0637,-1.5441,-6.0868,0.74808,-5.0429,-8.6033,-2.2393,-0.98851,-0.029153,1.812,-0.52152,-0.47936,0.50153,0,0.78971,1.1984,1.1445,0.86671,0.94644,-13.479,5.0032,5.5911,-0.10005,60.3,5.1667,0.37943,0.042684,0.4666,0.4667,0.3,12.469,50.363,60.845,61.399,46.468,34.985,24.121,9.0075,-6.205,-2.6594,NaN,-2.0256,39.8,-0.0334,-0.1,2756,48.791,55.359,26.95,19.332,43.233,51.133,74.849,2.5702,7.2346,-1.1221,NaN,-14.565,13.636,4.1387,3.8779,-0.00018786,3.2655,-0.022589,-0.0065692,-0.001214,0.0034195,-0.0015637,-0.0030949,-0.0015744,0.0085967,-0.0025275,0.0037864,-0.0010384,-0.0020237,0.0025998,-0.024911,0.00064911,0.001556,-0.005146,0.0057579,-3.9462e-05,-0.0097098,0.00085925,-0.0028545,4.1202,-0.0051837,0.0033944,2.1661,0.0042663,0.011368,-0.0029164,0.0027743,-4.42,-9.9757,-9.2258,2.2368,7.124,1.7508,NaN,2.3749,2.8584,NaN,6.2865,6.9769,0,NaN,0.215,5.3146,6.7067,6.3267,-0.32,6.9367,7.46,NaN,0.08,0.4333,1.95,NaN,0.18,0.61,1.13,1.51,4.6592,NaN,1.0924,4.8113,0.47229,4.545,1.2163,-0.58773,-2.2962,32.395,0.51936,NaN,8.534,1.5204,-4.8203,9.4206,458.79,12.761,-4.6898,13.975,19.545,NaN,NaN,NaN,NaN,NaN,-0.50153,-0.11401,-2.4382,-14.66,77.6,NaN,-0.1,0,0.19388,23661,-2.8161,8.4693,0.37706,0.4,-0.1,0.028466,0.024698,-0.29,-0.3767,0.78,1.5167,0.0018849,-0.079341,0.0010705,-0.0064453,-0.0033428,-0.00087617,-0.0016925,-0.0042026,-0.0036592,-0.0017612,-0.0035709,0.0025194,-0.0097126,0.0019422,0.015285,-0.1192,-18.33,6.6454,0.0034,-0.001,-0.33,1.13,36.418,54.232,14.259,17.292,-14.368,NaN,NaN,3.8096,0.009,2.6002,2.0409,36.76,10.035,2.769e+05,-2.1252,-5.1425,4.17,-6.6699,-2.33,-1.6489,0.027,4.8908
-4.3097,-1.0874,-27.513,2.0319,4.6479,-21.822,-0.14723,-21.722,-13.961,38.208,-0.4,0.18626,-1.5,-7.2927,2.0099,0.82807,6.1557,-0.95818,-6.7341,-6.3825,NaN,-8.7417,-9.5728,-4.3655,-9.5468,-23.506,0.56588,-20.016,-59.612,1.7363,-19.239,4.5708,78.547,76.376,-2.2833,-3.5192,-14.055,1.5816,-10.968,-20.418,-4.593,1.6462,3.8592,3.114,-6.2455,1.1847,2.1107,3.7134,0.78816,-0.30161,3.3309,1.3313,-0.59667,-0.47136,5.1378,4.1426,0.13735,60.4,5.8333,0.55233,0.080762,1.5334,0.5333,0.6,31.918,58.028,96.958,96.092,67.955,27.423,13.316,57.006,31.213,-3.8665,NaN,-3.0841,39.5,-0.1333,-0.2667,2535,56.1,57.337,61.522,73.389,43.427,58.651,44.175,-5.0244,1.9838,-19.109,NaN,-15.027,-0.11776,-1.0866,5.1565,0.0029046,5.2026,0.013753,0.0067387,0.0041691,0.0091703,0.0023158,0.0021914,0.0020502,0.015954,0.0040648,0.01075,-0.00093388,-0.0018432,0.0038109,0.02553,-0.0028721,0.0027711,-0.0016225,0.0014991,0.0015726,-0.00089979,0.0056402,0.0041636,5.7656,0.0030307,0.0050204,0.71978,0.0025257,-0.0061147,0.0027669,-8.5199e-05,1.0918,4.4989,4.3207,-0.94825,1.0315,-3.9543,NaN,-1.7966,-0.87686,NaN,-3.6482,-2.5161,7.3967,NaN,7.6077,2.357,5.5667,5.3533,-1,5.6467,6.8533,NaN,-0.3133,-0.1333,2.4233,NaN,0.15,0.29,1.5,0.94,1.4789,NaN,1.3615,4.8476,2.2973,1.1907,-1.3849,-3.9686,-0.16184,24.357,-2.9448,NaN,6.764,2.0185,2.9767,7.3541,468.42,8.2203,2.0716,8.7552,15.272,NaN,NaN,NaN,NaN,NaN,1.549,-0.8941,0.25119,-1.3705,72.4,NaN,0,0.1,0.88105,26118,-10.355,0.99081,9.4099,0.4,-0.2333,-0.0061586,0.015374,-0.97,-0.2133,0.9467,2.34,-3.6111e-06,-0.016857,0.0038222,0.013854,-0.002219,0.0038821,0.0057861,-0.00028732,0.0040243,0.0039896,0.0040833,-0.0096396,0.013031,0.0049525,0.03733,-0.119,32.121,3.6905,0.031,-0.0009,-1.55,0.73,93.751,39.844,62.327,57.573,-13.437,NaN,NaN,3.7736,0.0092,3.4409,2.9121,45.08,3.4203,2.8458e+05,0.93113,0.30042,21.63,-7.5168,36.362,36.977,-0.3877,45.559
10.719,7.6054,40.724,2.7708,1.6539,44.11,8.0637,6.6501,3.2807,19.981,1.1,-5.8932,-12.2,4.0836,1.6702,3.6361,-4.7423,7.9037,13.502,13.318,NaN,7.6391,7.5602,16.449,9.3653,20.724,-1.3674,50.979,145.99,2.7868,-6.0736,6.1664,79.393,77.518,1.5274,1.4174,1.1168,1.9135,0.64449,3.3508,-2.1628,-0.25562,1.5563,3.4977,-0.066257,1.131,3.42,1.623,-6.5494,1.6279,2.0225,3.6078,-1.5389,-1.7015,0.44153,4.0458,0.3779,60.167,5.9333,-0.029568,0.14152,-0.4,0.0667,0.2667,-27.364,10.513,38.329,124.91,-4.0375,12.093,11.595,12.443,13.938,1.9253,NaN,1.8781,39.8,-0.0667,0.2,2483,27.107,32.308,12.787,16.88,-24.902,18.241,81.534,11.982,17.055,39.287,NaN,1.9746,30.978,5.614,3.7731,-0.0013653,6.0122,0.0055464,-0.0015621,-0.0058186,-0.0024363,-0.0012434,-0.0072664,-0.0012946,-0.0076968,-0.00082228,0.00067477,0.0027303,-0.0099021,-0.0034354,-0.018577,6.1273e-05,-0.0010398,-0.0038297,-0.0051659,-0.0012368,0.0041547,-0.0029037,-0.0011022,3.3526,-0.0065598,-0.0017622,5.3548,-4.5821e-05,0.0084127,0.00083441,-0.0019334,3.1873,19.688,14.187,3.3227,4.1344,6.9806,NaN,4.8072,4.1709,NaN,11.621,11.383,-3.8554,NaN,-3.4594,17.698,3.8567,3.84,-1.59,4.05,6.0167,NaN,-0.69,-0.7467,2.5133,NaN,0.08,0.21,2.18,0.75,2.3061,NaN,3.2731,9.2734,5.9229,-0.083623,1.2542,-0.45107,2.6653,150.41,6.3424,NaN,9.8879,-2.7305,-10.634,11.419,472.55,11.3,5.2693,12.034,13.7,NaN,NaN,NaN,NaN,NaN,-1.8186,-0.035448,4.1137,-4.4173,78.1,NaN,0,-0.1,-1.2448,-5475.9,9.3146,4.0061,9.3015,1.2333,0.2333,0.025696,0.008174,-1.03,-0.0167,1.6267,3.36,0.011374,-0.0045252,-0.0045469,-0.0022409,0.00070952,-0.0056011,-0.0068721,-0.0039265,-0.0068753,-0.0025798,-0.0068142,0.016318,-0.011191,-0.013137,-0.0086092,-0.0223,-38.392,5.1916,-0.0482,-0.0016,-1.7,0.73,-45.486,25.89,26.619,17.911,25.633,NaN,NaN,0,0.0084,5.1065,6.5324,-129.9,10.975,2.6642e+05,8.3362,7.6629,-79.92,37.352,45.961,45.522,-0.4367,59.124
2.1586,3.6595,8.9703,4.0086,0.90498,11.192,14.685,9.5652,5.4105,36.488,0.9,-0.92009,-4.6,0.74471,2.9826,-2.9686,29.09,5.7836,2.4763,2.5449,NaN,3.6063,1.3563,5.1659,6.08,5.2281,12.494,11.032,1.9746,2.7179,-5.5151,3.0538,79.502,77.647,1.887,1.7103,-1.0624,2.2622,1.0266,-1.5871,-0.28798,10.598,2.0085,3.9446,-0.26516,1.6281,3.1186,2.0562,1.7969,1.8644,2.6809,3.212,0.44537,0,2.9798,3.5922,1.2363,60.033,5.9,-0.073485,0.066737,0.2666,-0.0334,0.0333,-0.54385,-12.362,7.7278,48.613,2.773,17.842,-34.432,18.835,-13.737,2.3574,NaN,1.3036,39.933,0.0334,0.0667,2558,40.381,36.675,47.558,55.154,41.033,40.564,27.597,7.1431,10.004,-17.243,NaN,-11.342,1.6663,3.5346,4.529,-0.0012473,5.3242,-0.0031959,0.0006508,0.0042183,-0.0069749,-0.00023697,0.0087762,-4.7208e-05,-0.017874,-0.0003572,0.0018211,-0.0010308,0.023314,0.00036952,-0.017443,0.00090657,-0.0007656,0.0028371,0.0078783,-0.0032478,-0.0066954,0.005646,-0.0015412,3.6564,0.000692,0.0015779,4.9343,0.0049481,0.023382,-0.00010077,0.0026918,5.1162,-4.5342,-4.535,1.804,5.2159,1.3374,NaN,2.1699,0.72833,NaN,1.1819,0.19219,4.1865,NaN,4.6527,5.0456,4.5667,4.25,0.5366,4.9933,6.2467,NaN,0.2566,0.0767,2.36,1.18,0.2,0.74,2,0.75,3.367,NaN,4.7269,11.499,7.5364,0.089992,6.9962,3.349,6.6884,15.976,4.036,NaN,3.1256,6.6354,0.85191,2.705,468.93,2.424,5.4295,2.3359,14.544,NaN,NaN,NaN,NaN,NaN,-12.18,-0.28179,0.72839,1.5832,80.2,NaN,-0.2,0.3,-0.14256,5409.4,3.7302,8.4983,-4.1325,0.7333,0.0667,-0.036339,-0.039959,0.67,-0.3133,1.59,2.91,0.010128,0.077308,-5.7778e-05,-0.018027,0.00066912,0.0046156,-0.003016,-0.0046875,-0.0025585,0.00068808,0.0024104,-0.007763,0.045385,0.014662,-0.042615,0.0141,-0.15884,7.0348,-0.0172,-0.0008,0.41,0.44,72.568,62.568,32.879,41.411,46.618,23.102,NaN,3.7383,0.0083,4.2061,4.9557,-7.94,13.086,2.7056e+05,5.9811,4.135,-7.19,6.9183,19.004,21.997,-0.168,26.96
3.2785,3.1764,10.488,3.7439,-0.82352,4.8236,6.8107,2.7299,1.7539,17.897,0.9,-0.20864,-1.7,-3.1035,1.3318,19.511,8.7463,2.0846,3.7931,3.773,NaN,1.2311,5.4632,6.3856,-6.0572,-16.651,10.657,8.7152,17.18,5.4221,8.171,4.3576,79.145,77.397,1.4304,1.299,-0.91732,2.0007,0.11733,-1.4234,-0.17289,5.2307,1.9415,3.6153,-1.0624,1.4223,3.3918,2.1185,-2.1972,1.7441,2.0194,3.8885,1.6628,4.1935,1.7482,1.2918,2.7765,60.133,6.0333,0.010211,0.065122,0.1334,0.0667,-0.0667,13.847,-5.2588,16.764,44.532,8.938,9.0293,4.673,19.021,2.8053,-1.0853,NaN,0,39.833,-0.0667,0,2607,14.325,23.207,30.745,24.212,29.944,11.905,1.6293,2.5145,9.165,11.631,NaN,-10.272,-10.822,5.0328,3.9144,-0.0019618,3.9995,-0.0032259,-0.0027711,-0.0040544,-0.009307,0.00077562,-0.0016928,0.00063689,-0.019497,-0.00033486,-0.0068348,0.0044627,-0.00976,-0.0044929,0.035364,-0.0019657,-0.00056455,-0.0011199,-4.5482e-05,-0.00017299,0.0022794,0.0021265,0.0031054,3.9506,-0.0016523,-0.0066452,3.14,-0.008376,-0.031665,0.0017083,0.0062073,0.97187,-3.7571,-3.756,1.7591,4.4977,1.27,NaN,1.5096,2.9242,NaN,3.7888,4.8563,2.022,NaN,1.6646,7.1694,5.4767,5.01,0.82,5.75,6.4833,0.24,0.0834,0.0966,2.22,1.18,0.26,0.74,1.47,0.72,5.3419,NaN,2.872,7.7978,5.3234,4.871,8.2034,5.3434,11.102,18.97,6.108,NaN,2.556,6.4241,4.3394,2.0876,468.94,1.5924,5.6928,1.7306,17.462,NaN,NaN,NaN,NaN,NaN,-13.325,-7.9578,3.6713,1.2621,82.1,NaN,0.2,0.1,0.64605,50311,1.7493,4.0187,4.3261,0.4,-0.1,0.014235,-0.0011299,0.36,-0.4633,1.04,2.0833,-0.027021,-0.015206,-0.0038629,-1.395e-05,-0.0021019,-0.003954,-0.0051138,0.0053146,0.0023874,-0.0024872,-0.0009096,-0.0047165,0.0042219,0.018213,-0.0049621,-0.0006,27.56,5.2804,-0.0034,0.0011,0.73,0.25,51.603,11.979,36.014,25.582,5.0653,-2.9356,NaN,3.7037,0.0079,4.9897,5.9928,-82.13,9.9529,2.5935e+05,6.2481,5.2692,-54.19,26.885,-11.575,-12.193,0.0794,-7.7522
0.94201,6.5825,16.719,6.2072,2.6928,-10.919,10.368,13.551,8.0996,15.154,0,-2.8212,-10.1,3.4194,5.0205,-38.742,-28.074,4.6367,0.78573,0.71329,NaN,9.1665,8.5988,9.2959,8.634,18.948,9.9055,8.6603,-2.9931,9.6064,13.889,4.1365,80.373,79.127,2.4117,2.1928,0.76976,2.8019,1.5099,0.99298,0.44168,8.5113,3.4033,3.871,0.13296,2.9531,2.9344,3.3376,-20.338,1.9959,3.3905,2.7327,3.756,-1.2205,4.2415,4.825,3.5942,60.3,5.9333,-0.053027,0.023597,-0.1667,0,0,-0.11685,0.68243,0.38612,17.47,-9.0531,-3.3733,19.936,14.392,6.8302,4.0549,NaN,4.272,40.033,0.1333,0.0666,2684,20.055,20.192,10.986,22.545,19.563,24.497,9.9035,9.2278,13.078,8.3692,NaN,2.5399,6.3869,0.73161,2.4679,-0.0036898,3.3026,-0.0023314,-0.0032685,-0.0025773,-0.0029422,-0.004575,-0.0023315,-0.0043706,-0.00030098,-0.0031639,-0.0067891,-0.0043725,-0.0014976,-0.0017454,-0.0061251,-0.0026156,-0.0044651,-0.00098809,-0.015967,-0.0044069,-0.004,-0.005602,-0.0027206,2.9376,-0.003156,0.0032588,0.34703,0.0057447,0.024567,-0.010024,-0.012718,3.9515,-2.2747,-2.2743,3.1599,3.5506,2.3011,NaN,-0.21446,-0.03612,NaN,-3.4872,-3.3403,6.2352,NaN,6.2191,-6.6332,4.75,4.23,-0.87,4.7267,5.89,-0.11,-0.2567,-0.29,2.5233,1.66,0.17,0.5,1.66,0.74,3.8044,NaN,0.79282,7.7418,4.0732,4.752,11.366,9.4321,10.528,8.9664,9.4057,NaN,9.3338,10.28,5.6428,9.2186,474.34,10.312,6.1476,11.375,17.776,NaN,NaN,NaN,NaN,NaN,-8.1408,-28.082,10.098,-5.2319,82,NaN,-0.6,-0.4,0.62543,42113,11.865,4.7714,1.9799,0.4,0.2,-0.0056629,0.026781,-0.7133,-0.52,1.05,2.55,0.036783,-0.0043525,0.00052872,-0.0075903,-0.012881,-0.0015765,-0.0028957,-0.0046037,-0.0025136,-0.003993,-0.0025048,-0.00016952,-0.013764,-0.00030701,0.017661,0.0131,-36.143,3.9559,-0.0173,0.0014,-0.76,0.22,-24.97,23.226,17.613,13.246,-18.25,-4.1131,NaN,10.91,0.0076,4.9282,5.2753,-73.88,10.538,2.5011e+05,7.3963,6.5571,-44.09,25.049,-8.7546,-8.7999,0.0545,-8.613
7.289,5.2448,9.0501,6.6879,1.2765,25.526,16.724,14.909,12.541,25.425,0.3,2.2024,3.4,31.042,1.0816,43.063,54.563,1.8274,10.688,9.507,NaN,16.617,11.812,10.254,22.079,24.671,14.914,14.36,-1.6315,8.616,20.49,14.573,83.168,81.74,4.4923,4.5049,4.6108,4.3543,4.8119,6.472,1.8574,2.877,3.6545,2.9772,4.0341,3.7161,5.3553,3.6681,21.738,4.887,4.4363,8.8474,5.2888,-0.70584,4.8607,6.199,4.8794,60.3,5.7667,-0.21077,0.039662,0.4667,-0.2,-0.3666,-6.3606,-27.883,-33.806,26.669,-27.038,11.598,5.0509,0,-12.967,4.9667,NaN,4.4752,40.333,0.0334,0.2,2920,35.5,33.638,17.195,-24.659,48.198,40.457,69.255,8.4618,3.962,21.586,NaN,1.8267,17.499,1.754,4.193,0.0038503,6.3713,0.0031265,0.005774,0.0072382,0.013749,0.001479,0.0044812,0.0013751,0.029684,0.0016557,0.0025854,0.0034897,0.014491,0.002438,-0.025275,0.0020008,0.002061,0.00036394,0.0033672,0.003546,-0.0009327,0.0058153,-0.00081746,3.2386,0.0030375,0.0015752,6.8852,-0.0041531,-0.0090558,0.0080794,0.0079863,0.79153,-8.9774,-3.816,8.5924,4.8867,6.3018,NaN,7.7425,7.1658,NaN,6.2116,4.5407,5.8601,NaN,4.7681,4.9943,3.5467,3.4367,-0.6,4.4067,6.0333,-0.2,-0.0667,-0.18,2.2,1.32,0.37,0.97,2.6,0.54,1.4158,NaN,4.5107,8.6215,5.4193,0.55473,10.297,7.0257,12.495,-11.025,6.019,NaN,9.6928,1.6719,-0.15545,10.661,484.93,9.1935,11.323,9.5948,13.397,NaN,NaN,NaN,NaN,NaN,-8.6095,-25.052,14.776,0.15955,92.8,NaN,0.6,0.7,-0.90615,-5622.9,16.091,13.378,14.693,0.2334,0.1333,0.027113,0.018704,-0.0833,-0.1033,2.1767,3.6933,0.00091664,0.0057889,0.0010589,0.0092775,0.0063392,0.0022501,0.007923,0.0016782,-5.2766e-05,0.0038749,0.0031675,0.0099361,-0.027807,-0.013001,0.0012903,0.0572,-29.087,2.9591,-0.0447,-0.0001,-0.99,0.43,26.554,-39.71,22.128,49.221,81.507,52.408,NaN,0,0.0075,5.6739,7.7943,12.84,8.1917,2.5256e+05,7.4766,7.2833,7,4.2889,35.647,37.645,-0.2801,26.748
8.9775,7.5431,9.9198,4.816,10.662,22.098,6.8329,9.0233,6.4798,7.6541,0.9,1.6066,4,3.8697,-0.68574,-11.845,-14.471,4.1336,10.708,11.416,NaN,7.5547,6.3175,4.3512,8.6124,12.579,6.4308,8.0017,12.463,2.6622,12.352,-2.6755,84.144,82.806,4.2991,4.6212,5.0362,4.102,4.7547,6.4195,2.9692,4.6145,6.3575,4.1241,3.9938,5.5465,4.2646,6.3217,-1.8005,3.6242,2.8574,3.6767,4.2837,-1.8884,4.8023,3.8844,3.2457,60.4,5.7,-0.076617,-0.032929,-1.4667,-0.1333,0.2,-2.2623,13.125,-43.429,-15.876,-4.0874,-26.584,12.037,39.587,10.358,2.0089,NaN,2.8927,40.533,0,0.3,3060,-28.358,-30.16,-7.6275,9.5742,-44.952,-9.0501,-87.372,8.3668,13.224,10.74,NaN,4.6802,14.186,5.0717,2.3027,-0.0028021,2.4289,-0.0047564,-0.0069175,-0.0069194,-0.0034701,-0.0026417,-0.0085359,-0.0025316,-0.0070481,0.00040389,-0.00090258,-0.0047062,-0.017915,-0.0031271,0.0056509,-0.0024373,-0.0023039,-0.0033904,-0.0055647,-0.0035978,0.0042857,-0.010615,-0.001476,2.5727,-0.00083138,-0.00086753,4.4121,0.0024101,0.0027975,0.00078763,-0.0036398,7.8513,-2.6955,-2.6973,2.8522,3.4106,4.2768,NaN,2.0694,1.8819,NaN,7.8154,9.4141,-4.9426,NaN,-3.1769,9.752,4.3,3.77,0.43,4.8433,6.1433,-0.01,0.0434,-0.01,2.08,1.2,0.46,1.07,2.37,0.76,5.4914,NaN,3.9437,7.3225,4.6271,9.3815,13.142,10.282,16.909,19.143,10.771,NaN,4.0533,12.04,7.9069,3.0895,483.66,3.9165,4.4985,3.7047,14.373,NaN,NaN,NaN,NaN,NaN,-3.4151,-4.4086,-0.030801,-6.0272,88.6,NaN,-0.3,-0.3,-1.0524,-15023,8.2688,-2.3725,-0.84834,0.1,0.0667,-0.02668,-0.03737,0.26,-0.53,1.6767,2.9767,-0.00088985,0.014439,-2.7447e-05,-0.0042167,-6.61e-05,-0.0015632,-0.0029147,-0.0027184,-0.0016452,-0.0031614,-0.0032686,-0.0079842,0.022717,0.013466,-0.019894,0.0355,3.2716,7.2341,-0.0138,0.0021,0.55,0.23,-28.671,34.4,2.9963,-43.786,66.42,27.618,NaN,5.3453,0.0074,6.3874,6.5661,-14.79,20.415,2.5883e+05,8.8047,5.623,-11.62,10.607,10.364,13.017,-0.0753,-0.2592
3.7598,6.1173,10.138,5.3649,5.475,5.6407,4.5271,9.4706,5.8212,1.9295,1.1,-7.6913,-17.1,1.7666,3.2199,23.415,8.2405,7.7052,4.5735,4.2384,NaN,5.0616,6.1827,6.1785,3.1074,5.6114,1.6137,11.303,17.418,3.7388,7.5873,-1.7403,84.556,83.331,3.1186,2.9126,2.4192,3.3929,2.4846,3.585,0.66315,2.1868,4.1102,3.2409,2.4679,3.5118,3.5454,4.1364,5.9703,2.5392,4.0413,3.1803,1.7453,-2.5159,3.4947,6.6063,2.801,60.467,5.5667,0.0058008,-0.080352,0.2333,-0.1667,0.0333,10.953,-6.8683,28.89,-46.781,5.4406,-1.7623,20.231,-49.057,10.241,3.0799,NaN,2.2564,40.567,-0.0334,0.0334,3259,22.609,24.574,27.927,6.1607,67.425,15.391,24.933,8.1304,10.649,14.255,NaN,9.8927,31.891,6.4521,3.5088,0.00075925,3.6076,0.0034363,0.0042545,0.0045264,-2.6053e-05,0.0015852,0.0064785,0.0013094,-0.0025187,0.0017006,0.0010414,0.0033722,0.0086262,-0.0019264,0.028277,-0.00080116,0.0023668,0.0054186,0.0031519,0.0016054,-0.0016613,-0.00013668,-0.0025067,3.192,-5.7644e-05,0.004721,6.0303,0.0079613,0.011876,-0.0045016,-6.2438e-05,2.9007,0.44518,-2.9987,1.7895,0.61492,3.1324,NaN,2.0935,0.99344,NaN,2.3135,1.1515,3.0344,NaN,2.9732,1.4931,4.7433,4.22,0.4934,5.1533,6.29,0.07,-0.07,-0.0533,1.88,1.11,0.51,0.93,2.07,0.66,4.4291,NaN,5.067,10.045,6.3812,7.6878,13.477,8.2772,16.114,21.175,9.0072,NaN,7.9641,8.0638,0.35844,7.9519,483.96,7.2702,10.211,7.4625,14.923,NaN,NaN,NaN,NaN,NaN,-6.2406,-3.1071,-24.106,-1.9887,95.2,NaN,0.2,0.1,-0.04936,16558,5.7265,-3.4409,4.7896,-0.4667,0.0667,0.00086033,-0.0062536,0.1033,-0.52,1.34,2.4667,-0.00083655,-0.025248,-0.0043067,0.007525,-0.003626,0.0029569,0.0035206,-6.1356e-05,0.003135,0.0022751,0.0015377,-0.0026731,0.0048011,0.0084523,-0.016453,0.045,1.6384,7.2281,-0.0207,0.0004,0.35,0.14,3.8035,12.57,56.055,6.3756,56.103,-5.0753,NaN,7.0177,0.0073,3.9409,4.188,-27.84,12.425,2.5916e+05,8.225,7.0457,-11.22,11.913,3.803,4.8284,-0.0203,-8.6171
6.6424,9.2782,20.623,7.0939,7.501,2.5004,17.147,29.485,18.714,14.094,0.6,3.2957,1,9.2497,5.456,16.569,17.625,15.72,7.5519,7.9247,NaN,13.758,14.148,11.666,14.695,20.781,10.787,21.904,26.767,6.6066,19.874,15.963,86.761,85.723,5.0127,5.3734,7.356,4.4779,6.2478,10.2,3.0176,1.8411,4.9848,3.2844,5.402,5.4704,5.823,4.7838,2.952,4.5944,3.3955,5.6616,3.8311,1.6632,3.7862,3.8684,2.6674,60.367,5.3667,-0.2175,-0.061878,-0.4333,-0.2333,-0.3667,-20.316,-11.685,-25.859,-41.203,-44.718,-5.711,-3.6401,-4.9231,-49.825,3.6129,NaN,4.1704,40.667,0.0667,0.2,3624,8.7304,28.011,9.006,-42.338,29.336,21.077,11.276,19.988,16.623,22.968,NaN,14.492,8.4752,4.4694,3.2333,-0.0012391,4.5057,0.0037858,0.0022741,-0.00078829,-0.0083005,-0.00048934,0.0026477,-0.00056633,-0.02018,0.0014539,-0.00036825,-0.0010037,0.0020161,0.010023,-0.00043402,-0.0014742,-0.00042766,-0.0044657,0.0030905,0.0003805,0.00076035,-0.0054203,0.0030718,4.113,-0.0023009,-0.0040718,3.9703,-0.0049605,-0.0033222,-0.00091153,0.013672,9.0545,-0.7853,-2.5026,4.2437,7.2194,5.6507,NaN,3.3465,3.9783,NaN,3.3904,4.3126,3.7675,NaN,4.0692,-0.30172,5.1467,4.8633,0.4466,5.4367,6.3733,0.02,-0.07,-0.1767,1.62,1.06,0.31,0.57,1.51,0.4,0.15634,NaN,5.5762,8.9602,5.852,14.235,12.707,10.604,15.911,8.6294,10.49,NaN,17.363,10.476,-5.2433,18.195,486.97,17.806,15.929,19.43,14.611,NaN,NaN,NaN,NaN,NaN,1.068,-0.03122,-13.576,2.3934,90.7,NaN,0.2,0.3,0.12311,48152,14.748,22.04,2.5297,-0.4,-0.0334,-0.035623,-0.036751,0.0733,-0.28,1.01,1.9933,0.019133,0.017318,0.011174,-0.001722,0.0079386,0.0014007,-0.0035878,-6.0406e-05,-0.0016437,0.0029867,0.0022866,0.00543,-0.034547,-0.012734,0.030796,0.1119,-32.581,9.0265,-0.0516,-0.0017,0.38,0.12,70.044,-24.322,-0.13658,14.411,63.816,5.8543,NaN,13.677,0.0077,3.9025,7.2258,43.39,14.079,2.7165e+05,9.6504,8.3878,30.58,-4.7477,17.441,16.141,-0.0751,4.675
9.7787,7.2371,24.674,5.1041,2.44,22.78,15.388,21.38,16.426,13.372,0.8,3.429,5.3,21.263,1.8244,28.241,18.07,3.0226,14.917,12.708,NaN,11.177,9.9221,5.8445,13.188,21.406,6.5422,11.919,11.15,2.7664,18.677,-5.7255,88.376,87.644,5.3001,6.0139,8.2248,4.3022,7.5899,10.934,4.0194,6.1971,5.694,4.1196,4.2571,5.4199,5.3358,5.8155,-1.1782,4.9382,2.0761,5.2608,5.4185,-1.7108,-0.22984,4.2474,4.0262,60.433,4.9333,-0.24629,-0.10808,-1.2667,-0.2667,-0.2666,-7.0908,-35.935,-39.52,-84.995,-45.246,-11.285,-3.8786,9.9878,-22.604,5.3142,NaN,5.9761,40.733,0,0.1666,3955,-7.6076,-24.768,-26.429,98.724,-56.794,-12.242,-64.874,10.971,18.506,32.99,NaN,23.658,29.954,7.136,4.8015,0.00068492,5.0622,-0.0051761,-0.0011377,0.0089277,0.0073401,-0.00097982,0.0096857,-0.00031658,0.018974,-0.0012249,0.00093118,-0.0059716,0.023242,-0.0024741,-0.0066854,0.0032126,0.0047046,0.0017483,0.0020207,0.00037321,0.00040105,-0.014926,-0.006034,6.2446,0.0022048,0.022342,18.967,0.025369,0.0483,0.013801,0.011989,-2.7775,-1.926,-2.7752,3.198,5.1242,4.5273,NaN,4.137,5.2723,NaN,8.9389,7.3985,4.126,NaN,1.4366,3.764,6.5367,5.7,0.8134,6.31,6.6033,0.02,0.0833,-0.0266,1.3633,0.84,0.29,0.61,0.9,0.53,-6.5189,NaN,1.6897,3.1662,0.019943,24.089,14.466,15.67,17.114,2.4444,14.925,NaN,-0.1421,5.4263,2.4037,-0.81402,482.32,-2.3824,7.036,-3.6657,18.752,NaN,NaN,NaN,NaN,NaN,-36.843,-28.031,9.1843,3.3028,81.9,NaN,0.4,0.2,-0.45471,20393,12.526,-0.26444,-18.896,-0.8,0.0667,0.017263,0.0020623,0.4267,-0.8367,0.0433,0.6833,0.062087,0.050975,-0.0048639,0.00077734,-0.0053851,0.008637,0.00067763,0.00078965,0.00072791,0.0066287,0.0052929,-0.001097,-0.012413,-0.007442,-0.013136,0.124,-37.415,12.853,-0.031,0.0043,0.97,-0.3,-43.992,20.854,-42.63,-26.483,37.58,-17.168,NaN,6.6668,0.0076,6.1658,7.5698,-5.42,20.864,2.7979e+05,12.1,9.5491,1.19,9.0459,3.2595,4.9975,0.0092,-10.596
4.3311,-0.18036,-4.7065,3.3932,-3.3616,16.697,3.0765,18.041,14.602,-21.076,1.3,-2.8286,-6.3,-0.021985,0.64458,18.82,-11.7,3.3616,4.3261,5.2909,NaN,3.3287,2.4756,-1.0841,3.9115,6.6409,1.0187,-4.4084,-5.2748,0.61629,11.993,-3.2935,88.219,87.584,3.6252,3.7411,3.7591,3.189,4.6203,5.591,0.8733,8.8459,2.9355,3.7707,3.461,3.0876,3.1426,2.9775,2.5484,3.2499,3.0988,3.2478,3.4695,-0.61961,1.6519,4.9099,4.5336,60.767,4.9333,0.0024165,-0.063074,0.3,-0.0333,-0.1667,22.673,9.5135,-46.153,-57.24,-15.602,3.2842,10.527,12.876,30.113,4.3073,NaN,4.1878,40.733,0,0.0334,3947,-42.425,-38.344,-43.033,-44.907,-25.008,-76.986,22.252,-3.6392,2.2088,3.9325,NaN,27.332,20,6.1339,7.6222,0.0065895,6.5655,0.008705,0.0051758,0.006968,0.0037055,0.0071154,0.0085753,0.0062598,0.0045577,0.00059396,0.0012013,0.013928,0.0079411,0.0060833,0.02112,0.005307,-0.0032858,0.00313,0.0018046,0.0075639,0.013192,0.024616,0.014341,8.2793,0.002896,0.0020764,19.007,0.0017127,-0.0062881,0.012204,0.0084459,4.4249,17.751,-5.4121,0.15092,-3.5865,0.73987,NaN,-2.7628,-2.8383,NaN,0.14029,0.97905,4.4601,NaN,5.3781,2.7345,7.8167,6.6033,0.8033,7.0167,6.8067,0.19,0.0867,0.1266,1.2867,0.84,0.19,0.41,0.2,0.86,0.81927,NaN,-3.6164,-1.7819,-4.7593,21.38,12.255,9.0016,15.282,17.364,9.4698,NaN,-1.1956,7.0386,3.6771,-2.2088,475.65,-4.32,8.5389,-5.6286,23.344,NaN,NaN,NaN,-16.807,NaN,-36.212,-23.209,18.044,1.1216,77,NaN,0.4,0.1,-0.94821,-42890,3.588,-1.9615,-6.6774,-0.8,0.1333,0.0093014,0.026238,0.14,-1.2133,-1.0967,-0.51,-0.0013033,0.030595,0.0072176,0.0048273,0.002554,0.0074511,0.0020556,0.0016122,0.003025,0.0062934,0.0058087,-0.0018842,0.031298,0.011875,-0.027989,-0.0005,23.134,14.11,0.0172,0.0014,1.23,-0.35,-60.283,-89.403,-4.893,-61.617,-36.471,-65.084,NaN,11.406,0.0081,7.576,6.0455,67.37,18.713,3.0207e+05,11.75,9.6712,52.58,-11.925,-27.225,-27.627,0.2312,-47.502
-2.1092,1.4054,-3.4836,2.6273,1.9019,-14.774,-1.0696,4.9255,6.1201,-17.345,0.7,-4.7338,-13.4,-2.6529,4.1696,1.3454,-11.205,1.8041,-1.0897,-3.3002,NaN,3.4345,2.6099,-2.4175,4.0158,6.6056,-1.0063,-4.8834,-8.1795,-1.1806,11.955,7.3802,88.074,87.357,2.3705,2.479,0.97547,2.2987,2.5339,2.592,-1.5994,8.4656,3.1494,3.0589,2.187,2.7425,1.6993,3.2231,8.5069,2.1404,1.8767,1.684,3.7516,-2.6321,2.0098,3.3704,2.5064,60.8,4.8,-0.056558,-0.040294,-0.4,-0.2334,0.1333,-1.9445,-12.259,7.9775,-42.846,-2.0038,-11.912,3.9762,-30.574,24.998,2.2772,NaN,2.6894,40.667,-0.0667,-0.1,3968,-23.689,-13.811,-39.812,-22.398,-50.184,-3.8981,-47.711,-0.18333,5.1423,-2.4302,NaN,18.846,13.12,2.9634,7.2132,-0.00033279,7.5682,0.0029989,0.0054696,-0.0040025,-0.0029044,0.0018244,-0.0045942,0.0014895,-0.006701,0.0012676,-0.00078795,-0.0038226,-0.0010147,-0.0090074,-0.016241,-0.0023416,-0.00070509,0.00071059,-0.0011826,-0.0036293,0.0015803,0.0001105,0.0097919,7.8142,-0.00010849,-0.0024497,16.138,-0.0034755,0.0030823,-0.018045,-0.02396,9.7059,17.404,47.174,1.1635,-0.73533,2.1134,NaN,-0.95001,-0.44513,NaN,-3.7885,-5.5741,12.939,NaN,10.66,-4.5502,10.56,8.3233,1.6167,8.5067,7.2067,0.81,0.28,0.3734,1.26,1.25,0.08,0.18,-1.12,1.62,3.7855,NaN,-3.1856,-2.2029,-5.0928,13.445,7.6454,6.9312,13.17,20.976,7.7386,NaN,8.8546,6.9313,5.1271,9.0936,484.4,7.8094,12.042,8.1565,18.034,NaN,NaN,NaN,-9.7807,NaN,-28.581,0.30613,-8.4678,1.557,72,NaN,0.3,0.1,-0.22011,-20931,2.9577,12.902,-3.535,-0.3,-0.1,0.039283,0.04479,0.6167,-2.2367,-3.2233,-2.9733,0.010444,-0.04698,-0.0068643,-0.0098179,-0.0026719,-0.0027544,-0.0035134,0.0040535,-0.00087961,-0.0034015,-0.00044692,0.0020732,0.016362,0.016641,0.013305,0.018,16.239,12.667,0.0069,0.0009,2.48,-0.62,-32.437,-4.7467,-73.606,-12.67,12.183,-5.4644,NaN,6.3746,0.0077,5.2191,3.9378,-72.97,5.9742,2.8916e+05,9.4597,10.507,-31.82,23.438,-8.9099,-7.6109,0.1134,-31.237
3.779,-1.1948,-9.3023,1.4511,-1.5529,14,-3.2952,6.4837,2.9944,-18.386,1.7,2.9902,0.9,6.9961,4.8325,19.206,2.9738,4.3526,-0.50201,3.9895,NaN,5.928,6.0851,2.9586,6.5786,7.4004,9.7332,-1.3139,-3.9085,5.0401,12.943,-4.3871,88.526,88.118,3.7874,3.7359,3.2748,4.1864,2.878,4.1102,1.9334,0.031487,6.4055,2.2958,3.4745,5.7237,4.3649,6.106,9.4523,3.284,4.0219,3.9251,3.5479,3.5373,3.6737,4.3105,4.2231,61.1,4.7667,-0.058921,0.034417,0.3334,-0.0666,-0.1666,-5.2918,-3.3816,-11.446,42.846,6.6144,-23.05,37.728,-12.177,11.497,2.3635,NaN,1.9888,40.6,-0.0666,-0.0667,3904,-81.999,-88.38,-105,-118.98,-48.187,-77.017,-77.323,11.658,4.7909,8.9761,NaN,20.721,26.152,9.4274,8.0991,0.00062187,6.8683,-0.0087627,-0.00017437,0.0032177,-0.0017466,0.0013557,0.0051842,0.0020848,-0.0037948,-0.00034923,0.0015278,-0.0051179,-0.011898,0.0029464,0.07709,0.0014595,0.0027734,0.0036355,0.0035774,0.0039017,0.012685,0.0016606,-0.0097743,9.9929,0.0063706,-0.013496,3.1502,-0.014946,-0.051946,0.013511,0.0065249,6.3202,27.283,18.491,0.50348,1.648,1.0802,NaN,-1.9817,-2.5822,NaN,-2.4899,1.6263,5.784,NaN,10.484,7.1446,9.9967,7.5,-0.7934,7.4133,6.7533,0.18,0.0633,-0.03,1.6833,1.88,0.11,-0.09,-0.75,1.68,1.3469,NaN,-5.0142,-4.904,-7.8411,1.5444,4.5678,4.5457,10.821,14.167,5.1145,NaN,-6.8561,4.6659,0.31325,-8.306,469.31,-11.233,6.1377,-12.931,29.043,NaN,NaN,NaN,10.752,NaN,25.489,14.582,-16.364,-1.597,76.5,NaN,0.5,0.3,-0.35076,-3928.9,7.4225,-12.798,11.131,0.2667,0.1,-0.0084632,0.017336,-0.5067,-2.4967,-3.1667,-2.3467,-0.12399,0.025739,0.0045173,0.012835,0.018583,0.00012473,0.002735,0.011992,0.011906,0.0023999,0.0038995,-0.001073,-0.0222,-0.012067,0.033891,-0.018,16.478,13.654,-0.0138,-0.0011,-0.76,-0.82,-103.8,-104.32,-96.112,-121.61,-34.882,-13.429,NaN,12.452,0.0082,5.8825,4.3069,53.99,0.69566,2.9716e+05,4.8894,6.1329,40.39,-10.213,-11.092,-11.23,0.1885,-35.01
-3.4539,-3.5948,-9.2725,-0.75272,-5.3649,-23.521,-7.8199,0.47052,-0.41266,-26.733,0.8,7.1608,10,3.5379,5.0106,5.1556,-13.802,-6.6968,-2.6206,-5.7769,NaN,-3.5444,-6.2015,-10.3,-2.1022,-7.7185,8.9637,-27.167,-58.566,-2.499,2.0168,-9.631,86.972,86.597,1.8658,1.6615,-0.56884,2.7415,-0.14059,-1.0727,0.24101,0.22037,4.3498,3.8194,1.4799,3.2696,0.83775,4.3237,8.8687,2.3085,2.7943,-0.072429,5.7508,3.9306,4.7572,1.7049,2.1895,61.333,5.1333,0.32584,-0.0098395,0.1333,0.4333,0.2666,32.298,34.109,28.834,-7.1644,72.322,-6.456,5.009,16.155,11.698,-0.052501,NaN,-1.7238,40.433,-0.1667,-0.2333,3735,-13.961,-43.607,2.9155,26.117,0,-26.23,-39.124,-1.9639,2.5011,3.8806,NaN,22.009,12.204,5.0159,11.73,0.0032056,8.0192,0.008585,0.0011058,0.016633,0.00784,0.0017444,0.019982,0.0010884,0.0029172,0.011605,0.0055923,0.016826,0.014258,0.009605,0.076545,0.0073423,0.0015682,0.0036986,0.0010497,-0.00042264,-0.01738,0.008461,0.008589,11.728,-0.00097878,0.032548,25.959,0.033912,0.04019,0.035255,0.039996,12.207,124.52,334.23,-1.1799,-2.6147,-1.2786,NaN,-2.704,-4.5962,NaN,-0.88941,-5.7256,12.86,NaN,9.9223,7.0874,9.3233,7.6167,-0.1333,7.3533,7.0533,-0.16,0.2467,0.1066,1.49,1.41,-0.14,-0.26,-0.56,0.88,-7.3723,NaN,-5.1729,-4.3956,-7.381,6.5161,1.4741,0.75984,6.6024,-5.1741,0.40753,NaN,-4.464,-4.2114,2.4854,-4.4963,471.9,-2.7097,-9.6038,-3.3945,22.298,NaN,NaN,NaN,14.372,NaN,9.5055,21.99,-16.852,-8.0411,61.8,NaN,0.5,0.7,-0.0093,-37097,-3.1858,-12.266,-4.5932,-0.2667,-0.2333,-0.016986,-0.03394,0.1967,-1.7067,-2.2967,-1.4267,0.077693,0.059746,0.0063464,0.023832,-0.0096744,0.011222,0.0053993,-0.0069883,0.0031737,0.010376,0.005704,-0.0039543,-0.044589,-0.029102,-0.0068606,-0.1006,73.035,19.44,0.0069,0.0008,-0.68,-0.82,-1.2904,32.054,-17.791,15.033,2.9301,-33.258,NaN,1.5296,0.0083,6.516,6.843,51.01,9.4224,3.0915e+05,1.8504,-0.40786,15.25,-6.4081,-26.398,-28.786,0.2907,-52.74
0.94958,1.4376,2.2283,3.9832,-2.6513,-1.5998,-4.9217,-0.63538,-0.68804,-16.478,1.1,1.9988,-1.4,6.6542,4.9169,19.044,20.648,-3.7378,-0.12643,0.584,NaN,0.23579,1.526,1.6664,-0.62175,-0.36616,-3.0684,-0.20002,9.831,2.5014,1.3216,28.702,86.353,85.738,1.5058,1.2691,-0.96175,2.6888,-1.2281,0.17321,-2.7898,-4.4622,4.3282,2.261,0.43062,3.1094,3.1627,4.3419,10.46,2.1166,2.578,2.7446,2.697,3.2853,3.9068,1.8574,0.57315,61.167,5.2,0.047344,0.028657,0.5333,-0.0333,0,2.5316,13.838,35.389,31.275,-10.56,49.041,-6.2711,-4.3991,-6.9875,-0.77665,NaN,1.058,40,-0.1,-0.2667,3769,-18.232,-78.978,-68.825,-2.6502,-55.45,-25.984,6.306,-1.9769,13.263,8.7373,NaN,17.622,-14.982,6.5555,11.165,0.0075089,8.7869,0.0089931,0.0039477,-0.005947,0.01397,0.003007,-0.014408,0.0027367,0.02767,0.010409,0.0020759,-0.0010663,-0.023173,0.011519,-0.085462,0.017718,-0.00097756,0.0066895,0.0096853,0.0081575,0.00586,-0.0045433,0.0038081,10.571,0.010131,-0.01846,13.667,-0.02746,-0.069102,0.018805,0.006065,6.0017,6.1328,-9.802,-0.91738,-2.6232,0.68882,NaN,-0.23776,1.6807,NaN,-1.1862,1.3566,10.9,NaN,11.517,19.517,11.25,8.1533,0.8,8.69,7.5433,0.41,0.4666,0.52,1.52,1.34,0.13,0.54,-0.61,2.49,1.2465,NaN,-6.8094,-5.7741,-7.5414,18.276,-3.1384,-3.6777,5.4096,10.678,-2.8168,NaN,-9.5621,2.6634,6.4011,-11.154,463.23,-9.3936,-10.061,-11.289,23.703,NaN,NaN,NaN,-15.121,NaN,-29.558,-14.811,20.136,-6.004,72.1,NaN,0.5,1.1,-0.76987,-49530,-0.5082,21.941,40.777,0.1,-0.3667,0.0033556,-0.038382,1.04,-3.0967,-3.1833,-2.8867,-0.15833,0.032596,0.0074549,0.0022131,0.011873,-0.0081307,0.012513,0.004293,0.0043456,-0.0063073,-0.0049763,0.01147,0.032783,0.0096942,-0.026996,-0.0054,-17.147,18.952,0.0103,-0.0009,2.14,-0.61,-68.175,-80.66,-94.08,-20.604,16.7,-41.033,NaN,4.5541,0.0089,9.9296,8.6042,123.67,9.8084,3.3458e+05,0.87092,-1.8655,52.36,-21.809,-21.59,-17.616,0.2644,-43.68
-3.7985,1.7146,2.2521,2.1034,0.8495,-21.288,-6.6384,1.9358,-4.1025,-13.783,0.4,0.79623,2.6,3.5438,-0.72061,-22.152,-7.0528,0.3613,-5.5001,-5.5698,NaN,-1.5797,1.7289,0.44944,-2.7907,-4.4974,-3.8036,2.5249,16.646,-0.46184,4.6873,-0.28734,85.447,84.765,0.56003,-0.11822,-2.5904,2.6491,-4.3339,-2.246,-3.1479,-14.782,4.5309,1.3571,-0.43062,2.8642,2.7257,4.359,9.4991,1.5547,3.6131,2.4275,2.1963,2.841,4.0002,3.7366,1.1285,61.333,5.6333,0.39261,0.029325,0.9,0.3,0.5,29.957,33.517,28.848,31.76,40.42,37.626,17.836,30.605,33.022,-2.245,NaN,-1.4073,40.1,-0.0333,0.1,3453,-92.438,-199.45,-92.636,-65.03,-72.929,-120.52,-82.126,-4.9857,12.826,9.9609,NaN,19.47,38.289,1.6266,10.651,0.0036555,12.142,0.0088661,0.0063122,-0.0021067,0.0124,-0.00048343,-0.0080984,0.00066295,0.022415,0.0086912,0.006533,0.00012812,-0.0022395,0.0012793,-0.073707,0.011662,0.0015049,0.005572,0.0042626,-0.000689,0.0043058,0.001008,-0.0097376,11.1,0.0080307,0.016678,27.46,0.016187,0.047038,-0.013789,0.018005,2.7272,32.312,-11.28,-2.2597,0.60605,1.7423,NaN,0.60282,1.6503,NaN,-4.0986,-3.3215,16.07,NaN,15.803,5.8358,12.09,8.19,0.2467,9.01,7.9633,0.73,0.6234,0.7467,1.8467,1.64,0.34,0.82,-0.23,3.5,-1.6918,NaN,-7.5677,-6.836,-7.7526,7.5293,-7.692,-6.3996,-0.94751,21.987,-4.6097,NaN,-12.759,-0.53907,-0.9003,-14.406,446.44,-14.556,-7.4847,-17.731,33.536,NaN,NaN,NaN,10.946,NaN,0.49665,24.319,-7.9024,6.3712,64.4,NaN,-0.2,0.1,-0.13193,-20898,-1.5077,-3.851,6.0278,0.0667,0.1,0.0004546,0.013565,0.3933,-3.9,-3.63,-3.1033,0.1377,-0.12973,-0.0011356,-0.011588,0.011688,-8.9818e-05,0.013522,0.0092455,0.0032708,0.0018701,0.0026793,0.0071758,0.035281,0.013291,-0.015538,-0.1258,48.515,21.903,0.0173,-0.0025,1.05,-0.4,-90.793,-41.965,-121.13,-98.865,-33.243,-99.104,NaN,0,0.0104,9.6891,10.864,340.68,2.9958,3.9423e+05,3.8301,4.0887,195.39,-62.629,-78.51,-72.657,0.9608,-98.59
-1.5556,-5.89,-40.187,4.0741,-7.2567,2.4202,-22.231,-16.64,-10.653,-56.109,1.3,1.9122,4,-16.557,0.14865,10.314,-3.9893,-0.5347,-3.0111,-2.7884,NaN,-16.203,-10.18,-14.197,-20.595,-20.994,-25.613,-29.766,-26.877,-7.5591,-4.4384,-0.1462,81.591,80.525,-2.2414,-3.8666,-11.536,1.4936,-11.209,-12.057,-10.695,-12.409,2.7781,0.23124,-5.1414,0.61899,0.848,2.5421,2.7718,-0.47511,4.9601,0.17561,0.25534,0.23198,6.5938,5.9693,-2.2603,61.267,6.6,0.90226,0.069891,1.5,0.9333,0.9,49.808,81.305,86.719,63.323,108.08,23.44,16.577,49.146,52.305,-5.9932,NaN,-6.6703,39.6,-0.3,-0.4667,2857,-64.46,-141.27,-43.29,-29.197,-78.616,-84.226,-62.515,-17.265,-9.9446,-59.318,NaN,-6.2228,-77.221,8.8199,10.039,-0.0040742,11.953,-0.0019197,-0.0013475,-0.0018072,-0.0066101,-0.0011436,0.00021503,-0.0012378,-0.015976,-0.0028707,-0.0024052,0.008184,0.020224,-0.016055,-0.028607,-0.0073739,0.0039369,-0.0028715,0.0017456,0.0016601,-0.0051167,-0.00091544,-0.010188,12.099,-0.0049723,-0.0021246,13.753,0.00070724,0.021369,-0.036369,-0.043024,26.56,-6.6083,29.868,-1.9953,-0.51136,1.1803,NaN,-1.1949,-2.2489,NaN,3.6603,3.1999,6.6439,NaN,7.2474,20.267,9.3467,7.36,-1.07,7.6733,7.67,0.18,0.03,0.76,2.9,2.12,0.1,0.31,0.31,1.87,-4.862,NaN,-7.3118,-6.0292,-6.7026,-0.75048,-9.4712,-10.323,-3.7271,4.7343,-9.3239,NaN,0.74498,-2.1309,-1.5962,1.1377,448.31,0.43092,1.657,-0.25722,29.299,NaN,NaN,NaN,-0.80854,NaN,-32.385,3.3493,-3.6583,2.1555,59.5,NaN,0.4,-0.1,-0.06501,-3799.6,-17.922,-0.080487,0.026406,0.1,-0.3666,-0.028985,0.052216,-0.8067,-1.9867,-1.6933,-0.33,-0.023523,-0.092249,-0.0094201,-0.0099219,-0.010456,0.0046859,-0.00080163,-0.0039442,-0.0056805,0.0016926,0.0024411,-0.0043632,-0.022049,-0.025539,0.023925,-0.1953,123.72,21.449,0.0998,-0.0035,-2.46,-0.12,34.965,-44.877,-88.206,-35.81,-51.87,-31.123,NaN,-48.058,0.0084,8.7916,27.259,-52.22,-2.3702,3.5667e+05,-0.7492,-0.24876,-115.07,37.685,-28.197,-37.805,0.3841,-45.253
-4.8991,3.341,8.116,3.7264,0.69426,-70.256,-23.63,-30.323,-23.497,-23.761,-0.6,4.3325,-4.1,-18.026,11.656,2.7802,-42.296,-0.60217,-9.6214,-7.4001,NaN,-27.344,-26.878,-25.299,-28.042,-44.281,-38.596,-53.294,-62.151,-14.252,-33.669,-3.4783,75.813,73.569,-6.3395,-8.9767,-22.281,-0.61122,-20.667,-24.625,-18.526,-19.402,1.8004,-1.0251,-11.96,-2.2373,-1.9166,1.7699,9.3841,-4.3102,5.0172,-2.661,-4.0981,-0.13917,8.0079,5.651,-5.7306,61.2,8.2667,1.3956,0.26526,1.8667,1.7,1.6334,23.265,120.52,176.61,174.11,145.54,42.104,-9.3885,8.7053,69.927,-12.934,NaN,-12.778,38.967,-0.3,-0.4333,2408,-18.937,-6.0252,-53.874,-33.583,26.769,-8.4214,-51.025,-16.176,10.423,-47.109,NaN,-22.879,-37.457,-6.2489,7.4568,-0.0047437,8.9386,-0.0027427,-0.0065043,-0.014213,-0.01524,0.00072736,-0.013836,0.00043693,-0.025166,-0.012157,-0.0020205,-0.015565,-0.027038,-0.010657,0.018293,-0.0099692,0.0072741,-0.0064219,-0.0046836,-0.0016354,-0.0031251,-0.0033409,0.00072914,8.4591,-0.0077424,-0.034368,-0.23293,-0.037013,-0.060428,-0.015042,-0.043273,30.307,-6.5003,-7.7542,-2.2585,-0.048277,-0.12509,NaN,3.505,4.4619,NaN,3.1588,5.5368,7.3907,NaN,8.8016,19.767,6.3033,5.75,-1.59,6.3067,7.54,-0.64,-0.31,0.0767,3.1067,1.61,0.12,0.56,1.79,0.85,-11.304,NaN,-5.9931,-0.92566,-1.5186,-8.3068,-9.12,-7.292,-3.4408,-14.498,-7.7744,NaN,8.8938,-8.1272,-7.525,11.154,461.68,8.833,9.0701,9.8659,23.882,NaN,NaN,NaN,-11.634,NaN,-38.942,-9.2451,10.642,4.998,57.6,NaN,0.2,-0.8,0.73836,27757,-33.891,-4.8569,-1.2633,1.5333,-0.6667,-0.01751,-0.045608,-0.38,-0.5533,0.97,2.4033,-0.10718,0.010553,-0.0094565,-0.0045139,0.0013751,-0.012034,-0.0096816,-0.0071958,-0.0052548,-0.011797,-0.010923,-0.0067059,-0.030003,-0.018905,0.015227,-0.1589,66.119,7.7076,0.0655,-0.002,-2.63,0.3,-150.04,-43.782,-49.681,-11.648,31.889,55.731,NaN,112.08,0.0093,4.6551,-26.97,-426.51,-1.07,2.9846e+05,0.69307,1.2348,-183.21,70.202,50.782,50.285,-0.543,46.129
2.848,6.5259,7.4881,4.7534,8.7222,-12.089,-4.7782,-8.4895,-9.7287,10.765,-0.8,-3.3949,-3.9,-56.369,-2.8926,-11.834,-33.362,18.087,2.6506,3.1677,NaN,-5.4376,2.3813,10.294,-10.269,-19.436,-1.7438,22.623,49.058,5.5799,-16.467,7.4909,74.426,71.939,-2.1787,-3.3017,-7.9375,0.67854,-9.6017,-11.331,-2.5987,-19.94,2.6,0.29788,-5.0421,0.44403,1.2141,2.4523,2.3539,-1.2462,2.5392,0.62827,-1.6071,-0.04641,1.9772,3.5965,-0.11717,61.333,8.8667,0.17211,0.4391,0.8,0.7667,0.3333,-26.061,2.2743,123.15,185.67,59.147,26.112,24.669,-2.2011,-9.5783,-3.2673,NaN,-3.7044,39.067,0,0,2402,37.018,-57.967,92.351,-3.1496,-34.48,31.69,134.01,-3.9262,13.3,-5.5313,NaN,-24.379,-22.568,-6.076,4.8856,-0.0042705,5.7643,-0.010999,-0.010061,-0.0069652,0.0022777,-0.0060446,-0.010571,-0.0056511,0.0082027,-0.0057694,0.0066737,-0.0025738,-0.020112,-0.0010434,0.015529,-0.015257,-0.010581,-0.0026462,-0.0065803,-0.012031,-0.0085281,0.0013487,0.0018922,4.7902,-0.0054053,0.0039575,4.4069,0.0075582,0.025545,-0.0045154,-0.0086817,51.647,16.904,-6.0451,-1.47,1.1335,0.026793,NaN,3.6629,3.4869,NaN,6.359,6.4317,1.8346,NaN,2.1022,12.698,5.42,5.3933,-0.1334,6.5267,8.05,-0.28,0.1666,-0.0167,2.58,0.82,0.34,1.13,2.66,0.43,-0.69568,NaN,1.2211,9.5956,7.5804,-14.535,-8.9334,-9.5419,-2.6042,1.0642,-8.8291,NaN,9.6397,1.804,-16.283,10.644,453.17,9.986,8.6341,10.786,19.888,0.85266,NaN,NaN,2.9818,NaN,4.1788,-1.0011,-11.57,9.265,72.8,NaN,-0.4,-0.7,0.74213,61287,-6.9228,20.537,-15.504,2.4667,0.2,-0.0073045,-0.035446,0.4667,-0.0267,2.32,3.4533,0.12133,0.029652,-0.0032652,-0.00090911,-0.0037231,-0.0084529,-0.0071654,-0.0060518,-0.0068549,-0.0069395,-0.0084316,-0.0050131,0.01765,-0.019221,0.033322,-0.0246,-27.108,-2.5075,-0.0104,-0.0045,-0.77,0.41,93.339,97.529,100.39,78.795,38.65,57.067,NaN,0,0.0087,3.9474,6.7027,-80.04,3.8289,2.8103e+05,4.9718,5.3219,-53.42,27.896,48.951,52.229,-0.487,51.996
6.7887,5.645,24.14,1.8912,3.8638,29.867,9.5354,4.8716,4.2401,25.324,-0.1,7.4034,10.7,58.371,5.0828,-6.8052,31.943,-5.8574,8.4791,8.4077,NaN,9.7037,11.877,17.889,8.5721,6.4714,25.246,31.954,34.856,12.265,-0.93611,2.9873,75.868,73.851,2.6843,3.006,1.6779,3.1824,1.3705,-1.3112,6.285,-0.8277,5.825,2.1777,0.45509,4.5669,5.2748,5.7259,4.6668,2.9929,1.3399,4.883,2.4364,1.9442,0.083923,1.5966,3.7512,61.267,8.4667,-0.74868,0.38768,-0.1,-0.3,-0.5333,-12.411,-50.479,-29.98,114.51,-14.459,-13.902,-9.6857,31.023,-36.501,4.0677,NaN,3.6285,39.633,0.1666,0.3333,2561,61.82,114.49,48.578,95.636,65.397,58.135,31.792,7.7708,14.974,29.234,NaN,-12.875,13.056,-1.3991,7.4135,-0.00019052,7.0008,-0.010826,0.0038971,0.011221,-0.0069133,0.001896,0.018486,0.0012802,-0.0036814,-0.007058,-0.01637,0.00051152,0.030069,0.0043075,0.040369,-0.0065651,9.3659e-05,0.0033764,-0.0018268,0.0016631,0.00046435,-0.0095345,0.010341,7.941,-0.0026972,0.0094614,8.4452,0.014652,0.018563,0.00048318,0.015624,13.425,15.432,-5.965,0.5169,-2.2277,1.9765,NaN,-0.94834,-2.4428,NaN,4.8462,4.3422,1.1612,NaN,2.1455,12.565,6.16,6.33,1.0534,7.52,8.2967,0.12,0.04,-0.0467,2.2867,0.69,0.46,1.19,1.97,0.24,-1.034,NaN,-0.48287,6.3795,4.4211,-12.272,-4.2133,-6.3116,-5.2795,14.826,-4.8374,NaN,-4.9636,5.0066,10.864,-6.2455,452.73,-4.6441,-5.8941,-5.6283,22.269,-3.7463,NaN,NaN,16.892,NaN,22.609,7.7528,-35.321,3.4683,75.7,NaN,-0.5,0.1,0.10226,36534,12.531,-5.1549,17.424,1.7,0.5333,0.027225,0.019256,0.4667,0.17,2.0467,2.7533,-0.0012136,0.011455,0.0036696,0.019704,-0.0034534,0.010143,-0.0044397,0.0011429,0.0023069,0.0099438,0.0084485,0.00043238,0.039609,-0.0048959,-0.01693,0.0306,-50.522,1.3607,-0.0585,-0.0037,0.74,0.41,27.462,60.656,40.011,57.479,-26.567,-5.0659,NaN,2.5641,0.0087,-0.6552,-4.0881,-27.46,-0.82412,2.7804e+05,-0.56866,-0.48987,-9.02,3.4487,-6.5651,-7.39,0.0853,2.128
5.3501,4.2784,11.501,5.7079,-0.96757,11.012,7.8698,5.854,4.7447,16.731,0,3.4891,1.3,4.691,5.3134,21.999,20.801,3.1148,7.2051,6.75,NaN,8.6305,6.6806,7.3525,10.72,9.7706,17.934,7.8813,3.8609,7.1193,6.3296,-6.5887,77.091,75.326,3.6021,4.046,5.8531,2.6245,6.1752,3.9987,8.6677,7.8686,3.383,2.6892,2.397,3.6685,3.3359,3.3844,5.4311,2.4446,1.7379,3.1455,3.2967,0.96858,2.426,1.7413,1.6745,61.133,8.3,-0.27875,0.070545,-0.7667,-0.1667,-0.0334,-5.926,-3.907,-58.076,18.189,-37.895,5.8283,26.703,10.849,-6.9316,5.7341,NaN,6.8365,40,0.1,0.0667,2663,28.308,-3.5294,27.493,18.646,-12.593,41.151,38.94,3.6913,7.7738,-8.2875,NaN,-14.088,-18.186,-1.4303,6.6485,0.0012395,6.632,0.0016083,-0.002258,-0.0053755,0.0043458,0.0012485,-0.0093177,0.0021581,0.005235,0.0045985,0.005584,-0.0022575,-0.0089962,-0.0031959,-0.04001,0.0037775,0.0054126,0.0030476,0.00051771,0.0028738,0.0051879,0.011167,-0.014035,7.3039,0.0040732,-0.0055561,4.269,-0.0090316,-0.023253,0.0076141,0.0095667,2.0806,3.8045,-6.4554,0.19443,-4.1265,0.50402,NaN,-0.84741,0.49786,NaN,0.37411,1.0242,6.781,NaN,6.0797,5.0251,5.4133,5.6267,-0.82,6.68,8.0633,0.17,-0.1033,-0.0033,2.5167,1.09,0.34,1.05,2.44,0.38,0.046341,NaN,-4.6039,2.2456,0.13123,-6.978,1.0265,0.16568,-1.9959,7.1368,0.66804,NaN,5.2867,6.1245,3.0097,5.1774,455.07,5.8603,3.6089,6.0935,18.729,0.53461,NaN,NaN,4.39,NaN,-2.6176,7.222,-16.31,-5.1941,75.6,NaN,0.3,0.2,0.34967,47028,10.135,-12.285,2.6628,0.6,0.2667,0.0067136,0.018334,-0.3634,0.2133,2.43,3.3967,-0.022613,0.019479,0.0013272,-0.0049451,-0.0052723,-0.0060127,-0.0019581,0.0071617,0.0015683,-0.0027622,-0.0015783,-0.00087395,-0.018889,0.045514,0.0006232,0.0205,-45.218,3.8189,-0.0172,-0.0012,-0.57,0.59,-2.8538,25.313,32.532,37.561,6.3518,-15.496,NaN,-1.28,0.0082,0.6552,1.353,-68.98,0.2697,2.6404e+05,1.049,1.2856,-43.69,20.939,6.7447,6.0963,-0.0995,22.675
8.8954,7.9186,19.666,4.6315,8.0447,36.844,16.032,5.1412,8.478,36.335,0.8,0.62845,-3.9,16.092,4.4803,-2.7708,24.306,4.8013,12.406,11.444,NaN,12.116,9.2146,8.742,15.061,22.573,10.768,14.699,14.022,6.2239,11.271,8.8182,78.975,77.357,5.3237,6.1845,7.6835,4.4323,7.6497,8.9744,5.7275,8.3321,5.6227,2.5413,5.3253,5.4405,6.5429,5.5375,3.9041,5.6828,1.677,6.5461,4.167,-1.7544,2.1211,2.6354,5.4595,61.3,7.7333,-0.48645,-0.049629,-0.3666,-0.7667,-0.3333,-12.806,-49.016,-67.318,-9.0785,-52.752,-1.6766,-13.366,-0.30594,4.4988,5.7188,NaN,6.532,40.3,0.1,0.2667,2870,28.847,-1.1835,29.461,34.87,56.387,25.975,13.234,14.57,13.523,31.834,NaN,-9.3793,17.577,4.8817,4.3898,-0.0010655,4.3567,-0.0046894,-0.0064701,-0.0085915,-0.0018462,-0.0031184,-0.011465,-0.0039396,-0.0011743,-0.0023538,-0.0045682,0.0010538,-0.021288,0.0045269,-0.027782,0.0044214,-0.0038323,-0.0052848,-0.0017604,-0.0011403,-0.0045267,-0.012576,0.0018781,4.5575,0.0014928,-0.018514,1.7833,-0.024061,-0.044416,-0.0038631,-0.0087019,9.0965,-23.631,14.977,0.23454,-1.0155,2.9673,NaN,3.0434,4.0008,NaN,5.8746,5.7219,2.8399,NaN,1.7293,9.0911,4.8267,4.9167,-0.7067,5.9767,7.7533,-0.3,-0.2533,-0.3233,2.5033,1.11,0.34,1.06,2.84,0.26,-4.6606,NaN,1.2329,7.9555,7.7958,-9.3341,2.7654,4.8874,2.8344,-14.438,3.5146,NaN,6.3901,-1.079,-5.8803,7.3559,457.98,7.9077,1.9045,8.4858,18.686,-1.9318,NaN,NaN,0.18881,NaN,-10.816,-1.6742,-8.5514,-8.8632,84.6,NaN,-0.2,0.3,0.25503,59242,13.13,5.3472,13.94,0.3,0.3,-0.0076941,-0.012584,-0.3766,0.09,2.64,3.73,-0.05509,-0.013315,0.0026476,-0.007671,0.0063487,-0.011296,-0.0035642,0.0020718,-0.002779,-0.0083299,-0.0074066,0.005432,-0.0080934,-0.010428,-0.016027,0.0491,-40.861,5.9662,-0.0414,0.0005,-0.82,0.35,0.95342,30.417,32.225,37.281,29.513,51.773,NaN,6.3594,0.0084,4.5566,7.338,37.35,6.1536,2.7041e+05,4.0869,3.4563,14.97,-3.3854,44.18,45.045,-0.4352,57.373
2.9241,3.6634,1.9038,2.6529,6.1111,15.527,6.5567,7.4451,5.277,9.828,1.2,-4.4754,-1.4,4.7686,-7.067,4.012,16.959,2.2654,3.9016,3.5246,NaN,5.0797,3.2765,2.7399,6.5229,13.384,3.4233,1.0752,-1.7152,3.4472,8.2015,8.917,79.458,78.088,2.7204,3.3936,3.3157,2.9534,2.114,5.6056,-0.19347,-3.4506,4.9402,3.0091,2.9844,4.3294,4.6418,4.9847,1.4543,3.7165,-0.16026,4.3162,3.4007,-2.6461,3.3871,-0.64595,4.1087,61.533,7.5667,0.022452,-0.21932,-0.3,-0.0666,-0.3333,16.485,13.602,-58.703,-55.542,-0.61972,-13.31,17.32,-0.15304,-10.109,0.91343,NaN,0.15904,40.033,-0.1333,-0.1,2970,2.1211,72.435,-3.9644,22.924,-52.989,-18.882,38.339,5.8367,9.1877,13.781,NaN,-0.60275,18.92,7.4109,3.335,-0.0031753,3.9641,0.0080772,0.00056704,-0.0015554,-0.0023542,-0.0035847,-0.0013419,-0.0026964,-0.0028332,-0.0044098,0.0014598,-0.003542,-0.00095837,-4.7842e-05,-0.00078231,-0.0035918,-0.0026593,-0.0022535,-0.0026075,-0.0030848,0.00044152,-0.013926,0.0010709,3.5619,-0.0050071,0.0071997,6.1816,0.011135,0.035218,-0.00080447,0.0026639,31.389,-9.9414,8.8721,1.6799,3.9729,2.4569,NaN,3.9058,3.6208,NaN,3.7394,2.6148,4.5645,NaN,3.7215,5.5125,5.1967,5.1567,0.2633,6.28,7.7733,-0.08,-0.0234,-0.36,2.1233,1.01,0.37,1.12,2.62,0.3,5.0889,NaN,3.2184,8.2714,7.9517,-11.574,5.0773,4.2739,7.8733,7.8793,4.5253,NaN,6.9796,8.7965,6.5312,6.7467,463.14,5.4064,11.628,5.6197,16.668,11.062,NaN,NaN,4.489,NaN,-13.195,-4.1883,-40.631,-6.5642,83.3,NaN,0,0.3,0.50951,50135,6.4971,3.8434,16.521,-0.5334,-0.2,-0.0088098,-0.010672,0.0166,-0.04,2.2867,3.3367,0.068477,0.059069,-0.0018941,-0.0029019,-0.00057158,0.00054011,0.0054245,-0.012885,-0.0032516,-0.0012413,-0.0036369,-0.0028706,0.025344,0.018272,0.0031585,0.0206,27.082,10.449,0.0035,0.0007,0.27,0.26,-4.7906,-10.183,-0.3561,-2.2079,3.4608,7.7779,NaN,5.0157,0.0085,7.0571,10.234,33.5,6.1642,2.7403e+05,9.5423,10.571,21.7,0.85452,8.405,9.2012,-0.0291,7.2781
2.1889,4.1894,4.5885,4.8078,3.0578,1.3914,4.4942,10.755,8.6521,-6.2752,1.1,-1.1722,0.6,4.5596,-2.6655,11.457,15.995,3.1088,2.564,2.409,NaN,5.3118,3.954,3.2432,5.2834,9.4545,2.9011,4.1477,2.6382,2.8499,9.158,3.2715,79.971,78.682,1.95,2.2953,1.5945,2.3541,0.89569,2.9354,-0.48408,-2.6352,4.1667,2.8907,2.0822,3.4848,3.103,4.038,1.6096,2.4147,0.46279,2.7655,1.5239,-1.1194,6.001,-1.0689,2.5744,61.733,7.7333,0.26979,-0.096719,-0.0334,0.0333,0.4,11.477,29.891,78.471,-25.621,4.0293,26.258,39.319,8.482,6.0214,1.8622,NaN,1.593,40.233,-0.0333,0.1666,2973,28.571,34.557,55.301,24.592,-10.279,39.196,33.008,4.6894,5.9126,9.8258,NaN,-2.026,33.577,6.176,6.0186,0.0036283,5.0776,-0.00287,0.0035276,0.0089391,0.00097452,0.0047913,0.01242,0.0047701,0.0032222,-0.0011316,-0.0045996,0.0078779,0.018457,0.0056238,0.027388,-0.0029437,0.002876,-0.00014883,0.00093726,0.0030198,0.0010336,0.029823,0.0036868,6.3326,0.0027004,0.0010444,4.7903,0.00052231,-0.024846,0.0026267,0.0047324,31.287,7.0771,12.202,1.431,0.85707,3.733,NaN,1.9779,1.0487,NaN,0.97494,0.53718,6.8422,NaN,7.3406,2.5544,5.2833,5.15,-0.1133,6.0133,7.73,0.19,-0.07,-0.2767,1.89,1.24,0.26,0.86,2.58,0.26,0.18895,NaN,-2.2962,4.1594,1.448,-2.4204,4.5394,1.8213,1.9104,22.859,3.3313,NaN,1.7412,6.1389,3.0301,1.1719,460.91,1.6842,1.9082,1.5234,16.229,0.44734,NaN,NaN,-2.3034,NaN,-2.5564,-11.154,-9.2077,-0.61328,89.7,NaN,0.1,0.4,0.14869,16103,5.928,3.0177,3.6336,-0.4333,0.1,0.016543,0.018439,-0.1733,-0.1333,2.0267,3.18,-0.036848,-0.0035654,0.0065519,0.0020663,8.7681e-05,0.0093123,0.0019145,0.0055682,0.0033971,0.0055272,0.0075144,0.0057434,0.004517,0.014169,-0.026387,-0.0123,10.656,11.397,0.0069,-0.0006,-0.04,0.13,52.327,48.108,43.495,73.911,9.5409,8.1683,NaN,6.1825,0.0085,5.6828,4.4421,-2.8,4.2401,2.7336e+05,4.1644,4.141,-2.43,5.2162,10.488,8.9943,-0.0152,-4.456
2.8889,5.1566,6.2916,5.4451,4.1905,2.9813,18.547,11.097,7.6553,45.708,0.5,-0.24532,0.9,0.36358,-1.193,4.0377,13.024,2.5298,3.3136,3.3891,NaN,7.1507,9.6632,9.3597,4.9201,2.5643,4.623,17.184,25.668,5.9778,12.862,21.811,80.849,79.297,2.428,2.5688,1.2409,2.5793,2.0321,0.99441,1.6242,4.3098,3.6676,4.5187,1.7582,3.4547,2.6927,3.7051,8.7392,1.9574,1.8193,2.1937,2.1645,0.1401,6.1917,0.72292,1.8232,61.767,7.7667,0.0020527,0.031018,0.2667,0.1,-0.1334,-3.4823,11.824,-9.699,11.509,-1.4836,5.5192,-28.127,27.227,20.672,0.88343,NaN,2.1566,40,-0.1667,0.0334,3088,33.103,62.049,40.684,-2.2627,61.04,12.771,82.333,4.3488,10.161,10.9,NaN,2.2565,-2.5298,4.4681,6.2815,-5.914e-06,6.7336,0.0011525,0.0044821,0.0018444,0.0047375,-0.00051719,0.00053291,-0.0012593,0.0089993,0.00069472,0.0052396,-0.0015963,-0.002148,-0.0049405,0.0087361,0.0052556,0.0053511,-0.00098786,-0.001974,-1.6006e-05,-0.0031439,-0.0087131,-0.0095769,5.7752,-0.0025282,0.0080429,3.4481,0.010331,0.022509,-0.00028862,-0.0019012,97.629,9.6048,28.536,1.2927,0.37586,0.45127,NaN,2.6481,3.7528,NaN,1.1542,2.5054,7.0275,NaN,7.2694,7.2639,4.8733,4.6733,-0.5933,5.2267,7.19,-0.13,-0.28,-0.4067,2.0233,1.65,0.14,0.55,2.52,0.24,3.8927,NaN,1.3028,8.45,6.9565,2.1922,5.3212,4.775,3.6223,11.039,5.239,NaN,4.6164,7.1681,4.6383,4.2827,462.93,4.3723,5.3302,4.2927,16.508,-1.4931,NaN,NaN,2.7619,NaN,-5.522,3.8447,-26.611,5.97,87,NaN,0.1,0.1,0.1442,28672,6.1105,33.132,5.7229,-0.3,-0.1,0.016444,0.016658,-0.8533,-0.2,1.5833,3.31,-2.2019e-05,-0.044226,-0.0050047,0.0054527,-0.0024055,-0.0012643,-0.0045921,-0.00033803,0.00090945,0.0014409,-0.00021005,-0.0052392,0.01866,0.0055699,0.031222,0.0116,-4.9343,9.2308,0.0034,0.0005,-0.5,0.04,21.404,28.762,24.776,70.416,-5.4238,0.16876,NaN,-1.2289,0.0085,3.1226,1.9344,9.49,1.8393,2.7509e+05,4.3188,5.0677,13.07,-0.68835,-6.7011,-8.6446,0.2211,-26.146
4.6983,4.6872,14.787,4.8956,-0.26345,18.115,13.553,24.888,14.314,11.707,0.7,3.3859,2.8,10.909,3.942,-6.4887,18.501,0.8979,6.7577,6.3872,NaN,8.2143,9.9619,7.5205,7.6094,9.0689,11.672,15.944,21.68,3.7974,18.614,2.7031,81.939,80.701,4.0855,5.0523,4.7909,3.443,5.7624,5.7805,3.2479,10.151,4.9211,4.7498,4.3001,4.7664,5.0173,4.9452,6.8564,4.4465,-0.12398,4.8346,3.3446,-0.51393,-0.079804,-0.015046,3.5081,61.833,7.5,-0.1423,-0.097987,-0.4667,-0.2667,-0.1666,9.5492,-22.142,-43.293,-28.468,-29.286,3.1958,10.458,4.0397,-7.8083,3.9661,NaN,4.2066,39.967,-0.0667,0.1333,3331,34.64,16.733,19.145,-14.187,-26.163,63.671,55.823,11.568,12.362,11.706,NaN,-0.043199,-2.0335,3.5163,7.1462,0.0011377,6.4141,0.0049708,-0.0027491,0.0015949,-0.006556,0.0027394,0.0052208,0.0025166,-0.018744,0.0052165,-0.00021094,-0.0036019,0.0086939,0.0053036,0.00043276,0.0012878,0.0034392,0.0010888,0.0035721,-0.0013175,0.0028531,-0.0055358,0.0077024,7.2732,0.002612,0.0034412,8.4933,0.0055941,0.030315,-0.00027906,0.00028534,-13.025,-0.45985,-6.6682,0.44806,-0.90092,2.886,NaN,0.22824,0.17943,NaN,2.5495,2.4255,5.0228,NaN,4.9548,6.6254,4.66,4.63,0.0533,5.42,7.3533,-0.15,-0.15,-0.1066,1.7533,1.34,0.24,0.79,2.72,0.11,-6.1081,NaN,2.238,6.1017,5.0731,1.0618,8.1532,-23.191,5.0334,238.62,3.4836,NaN,0.05515,1.0936,0.19564,-0.081133,461.8,-2.6322,7.8085,-3.5182,14.973,5.9945,NaN,NaN,1.2841,NaN,12.145,-11.4,14.743,14.838,87.1,NaN,-0.3,0.5,-0.13617,12434,10.11,-9.4657,18.956,-0.4,-0.1,-0.014568,-0.015762,0.3233,-0.03,2.12,3.3733,0.034125,0.012642,0.0020534,-0.0040934,0.0013736,0.0046303,0.0040366,0.00089649,0.00028668,0.002449,0.0037329,0.0037326,-0.10577,-0.032882,-0.0072049,0.0437,13.603,9.7801,-0.0379,-0.0081,-0.17,0.08,-8.9161,-4.0911,41.874,23.477,28.53,21.098,NaN,4.893,0.0085,5.5599,4.5272,-5.13,7.0305,2.7584e+05,5.3808,4.8842,-2.42,5.9453,-3.1311,-4.8057,0.1887,-25.214
7.7018,2.1631,9.3195,1.4762,-0.041172,27.695,20.267,10.061,10.907,41.623,0.9,3.6432,5.2,9.5108,2.4444,10.636,3.6713,3.742,9.1581,9.4971,NaN,12.206,10.113,5.7036,12.983,16.968,11.559,15.678,10.36,1.1787,21.063,-15.314,83.842,82.848,5.2885,5.9841,5.4565,4.3792,7.6455,6.5056,3.8099,17.396,5.2174,5.0647,4.6222,5.1579,5.6201,5.2844,9.7677,4.951,2.2258,5.6119,4.3486,0.56062,3.9707,2.1012,5.7225,62.233,7.1333,-0.25328,-0.13518,-0.4333,-0.4333,-0.3334,0.22461,-25.867,-42.113,-42.902,-36.87,-2.3277,-6.0673,11.611,-16.579,8.8844,NaN,7.5717,40.467,0.1667,0.1333,3564,15.805,22.097,32.293,74.27,71.202,21.419,-59.06,5.8708,10.888,12.769,NaN,3.0673,26.975,4.335,6.7941,-0.0014818,6.2647,-0.0017728,-0.0017294,-0.0016488,-0.0051444,-0.00030583,7.9079e-05,0.00087069,-0.0053982,-0.0049714,-0.0037706,-0.0068859,0.010169,-0.011479,-0.012237,-0.0022649,-0.0064417,0.0026872,0.00058439,-0.00045201,0.0082872,0.022833,-0.0056269,6.9215,-0.00026418,-0.00089917,9.7536,-0.0020363,-0.0078415,0.00403,0.0049133,37.533,-2.0757,-6.0754,1.4109,-3.7605,3.0019,NaN,1.1281,-0.39261,NaN,1.5891,0.61011,5.9257,NaN,6.4596,6.4808,5.1567,4.84,0.2,5.6933,7.37,0.12,-0.02,-0.11,1.6267,1.44,0.23,0.85,2.53,0.3,1.0547,NaN,0.83605,3.7112,0.93395,3.258,12.168,10.21,11.426,17.957,11.259,NaN,5.3828,11.318,7.5759,4.5951,462.79,2.4574,13.598,2.4513,15.259,11.726,NaN,NaN,-1.5875,NaN,-1.5259,-14.656,1.2819,8.7595,90.2,NaN,0.1,0,-0.84714,-19662,13.736,-20.449,-8.6229,-0.2333,0.4333,-0.01055,-0.013425,0.05,-0.3167,1.6733,2.8567,-0.0052997,0.013598,-0.0039795,-0.0077805,0.0042286,0.00023436,-0.0039247,-0.00035861,-0.0031093,-0.00086755,-0.00087506,-0.0015773,0.086507,0.028323,-0.011688,0.053,-35.826,10.73,0,0.0017,0.4,-0.01,80.641,58.658,49.54,-19.637,-0.21198,1.7952,NaN,2.4242,0.008,4.2716,5.0159,-83.4,7.8985,2.6182e+05,5.4874,4.7548,-53.15,28.76,-11.022,-12.821,0.274,-29.19
7.1531,3.7645,5.8214,4.2461,1.9726,19.746,5.0328,9.7975,7.9006,-1.2069,1.5,1.6032,4.1,1.8314,-0.42913,3.0913,-5.6136,5.5201,8.436,8.3768,NaN,4.2953,5.8141,3.24,2.4572,2.1714,2.9845,6.5173,3.8857,1.719,12.087,7.3787,84.071,83.145,5.0623,4.9884,4.0003,5.4491,4.0624,5.5594,1.5328,6.8251,6.9034,4.7879,3.9632,6.095,5.4985,6.7333,-7.1498,4.8904,5.3892,4.967,5.0237,0.41995,1.2229,8.5305,3.2495,62.233,6.9,-0.098348,-0.1421,-0.5667,-0.3333,0,-12.267,9.4986,32.748,-53.857,-2.9622,-17.45,-14.224,-7.7488,10.933,3.1249,NaN,4.2598,40.4,-0.1333,0,3766,18.403,54.908,4.7746,-28.016,5.2894,35.294,39.427,4.4925,5.7404,7.0273,NaN,7.7064,8.1342,7.054,5.9618,0.0012991,5.4677,0.0010648,-0.0022686,-0.0037017,0.0052703,-0.00053473,-0.0078703,-0.0017055,0.0059836,0.004139,0.0037317,0.0080691,-0.018119,0.012439,-0.015898,0.00010273,0.00030233,-0.0062856,-0.0028198,-0.00033253,-0.007027,0.0058453,-0.00091933,5.4965,-0.0018772,-0.0059578,0.6146,-0.0085903,-0.016726,-0.0062148,-0.010565,6.6136,-4.0945,11.184,0.024933,-2.5289,2.0508,NaN,2.2137,2.7514,NaN,4.1735,5.2516,2.9883,NaN,3.5343,7.8662,5.82,5.4967,0.6867,6.28,7.3567,0.12,-0.0666,-0.1667,1.4733,1.57,0.26,0.78,1.86,0.25,4.6159,NaN,0.75853,3.6113,1.4675,4.3977,11.104,7.4906,10.573,17.251,8.8378,NaN,2.5415,9.8233,4.3032,1.5571,458.22,0.45476,8.2645,-0.053312,14.56,2.5854,NaN,NaN,-2.4298,NaN,-18.563,-13.394,3.7522,6.4834,89,NaN,-0.2,-0.3,0.18369,44313,4.8074,20.355,-8.4934,-0.5,-0.1666,0.023893,0.011513,0.14,-0.3233,1.15,2.1267,-0.070358,-0.045326,0.0054235,-0.01534,-0.005314,-0.0069811,-0.0078896,0.0014194,0.00091307,-0.0065863,-0.0040952,-0.0015097,0.017238,0.015797,-0.023315,0.0443,-4.1696,8.3882,0.0069,0.001,0.61,-0.07,-61.437,0,18.217,16.96,8.0628,16.642,NaN,8.371,0.0076,6.6217,5.8488,-68.38,6.3995,2.4903e+05,8.1293,8.6548,-37.34,26.429,-3.9506,-6.1352,0.198,-15.308
0.0087486,5.9694,8.2911,3.7737,8.4979,-10.162,6.7749,18.505,11.991,-4.7852,1.1,-0.95515,-2.7,5.1889,0.60217,-13.034,5.6368,7.5737,-1.2282,-0.39441,NaN,2.5879,2.6874,5.4585,2.4013,7.5711,0.74057,2.106,-8.0095,7.0011,1.9904,-1.3996,83.908,83.218,4.6901,4.8007,3.1731,5.2881,3.137,4.0518,1.7714,5.9559,6.7433,6.266,3.6238,6.1416,6.0914,6.7874,-10.891,4.8705,4.2012,5.8572,4.7857,1.4896,2.3173,5.7465,5.2905,62.633,6.6667,-0.19428,-0.057406,-1,-0.1667,-0.2,-4.7514,-15.568,-21.077,-20.892,-22.283,3.4686,12.619,-34.231,-9.2402,4.0595,NaN,3.9096,40.5,0.0333,0.0334,4099,12.994,2.1447,10.899,23.245,-6.6226,12.847,11.847,7.1637,11.645,14.014,NaN,12.79,17.004,4.3176,5.6541,-0.0020586,6.6347,0.00052888,0.0094762,0.0018265,0.0029594,-0.0031752,0.0012975,-0.0026105,0.012139,-0.0020908,-0.0043753,-0.0051656,-0.00073933,-0.0098393,0.02369,0.0008327,-0.002211,-0.00075851,-0.0013009,0.0019139,-0.0022212,-0.012078,-0.0020147,5.8522,-0.00073431,0.0048722,4.4788,0.0034257,0.00038258,-0.0012461,0.0024146,10.667,8.6237,2.8919,1.2173,0.17143,1.7589,NaN,1.0087,0.65152,NaN,-5.1357,-4.4503,10.955,NaN,11.992,-1.2723,6.5133,6.11,0.6566,6.96,7.5967,0.01,0.1566,0.1133,1.3467,1.34,0.3,0.85,1.49,0.44,5.2418,NaN,1.8901,2.3437,1.6635,5.692,11.377,8.0901,11.536,20.021,9.7757,NaN,4.0664,9.8681,2.2945,3.2672,453.32,1.8084,10.135,1.1777,16.995,9.0673,NaN,NaN,-8.8858,NaN,-37.302,-30.085,17.898,11.789,84.4,NaN,-0.4,0.1,0.23082,31052,3.8663,1.1229,-5.0551,-0.4334,0.0666,0.0052758,0.014475,0.41,-0.4033,0.8667,1.59,0.064273,-0.013225,-0.0060166,0.010128,-0.0055553,0.0019338,0.0030416,-0.0032909,-0.00077142,0.0019526,0.00090395,-0.00033654,0.037345,0.01526,0.013103,0.0659,-9.3294,8.972,-0.0138,0,0.8,0.04,30.089,-13.794,16.767,16.505,-11.304,1.8232,NaN,7.0383,0.0081,2.381,1.9556,65.99,1.5477,2.6145e+05,5.2412,6.3539,51.42,-17.921,-17.141,-17.051,0.3673,-26.342
1.2747,2.2409,-10.784,6.1898,1.6992,7.721,3.5233,5.6604,3.4908,3.7203,1.2,0.10218,0.3,1.6107,-0.039111,9.333,25.977,3.1241,2.0486,0.47324,NaN,-1.1151,2.232,-0.92209,-4.4805,1.0538,5.2535,-9.5318,-20.473,2.9902,5.9439,4.1855,82.959,82.602,4.1294,4.1019,4.495,4.7187,2.5908,6.0886,1.9321,2.8146,4.2347,5.6959,4.7812,4.2573,5.0877,4.2253,-42.565,5.1749,4.2511,5.0185,5.2433,1.4841,4.401,5.0523,3.8826,62.767,6.3333,-0.15123,-0.16188,0.4334,-0.1667,-0.6333,-3.6246,-16.673,-12.138,-78.091,-28.02,-11.491,-5.5924,8.8728,-11.54,2.0452,NaN,1.8574,39.967,-0.3333,0.0666,4322,-50.468,-23.601,-0.60618,-48.563,-179.94,-43.886,-23.551,-0.91427,3.838,-4.8309,NaN,11.317,12.793,6.9969,6.503,0.0010497,6.5035,-0.0010686,-0.0058432,0.0013744,0.00093775,0.0027984,0.0016113,0.0028353,-0.0027038,-0.00096429,0.0070159,0.0083141,0.016302,-0.01111,-0.018306,-0.0034089,-0.0031138,0.0067889,0.0042229,0.0028041,0.0025415,0.01335,0.0036704,6.8264,0.0040345,-0.0012965,9.6005,0.0022814,0.021877,0.0044542,0.0043064,6.1136,4.042,-6.1934,1.8491,1.1916,3.2532,NaN,4.3581,4.1569,NaN,0.18791,-1.5722,11.852,NaN,10.282,-4.6919,6.7567,6.3933,0.2767,7.31,8.01,0.18,0.3467,0.2534,1.1867,1.11,0.3,0.92,1.62,0.36,-1.8174,NaN,1.5056,0.58216,-0.12075,8.1791,11.044,7.7644,11.11,-4.6366,6.0132,NaN,3.3985,2.9879,-0.13617,3.4556,453.69,1.9736,7.1648,1.6012,16.276,6.0696,NaN,NaN,-12.429,NaN,-49.22,-14.947,24.02,4.1533,82.3,NaN,0.2,0.5,0.28247,21735,0.63137,15.758,-14.178,-1.0333,-0.5666,0.0040225,0.027275,0.44,-0.3633,1.0633,1.6933,0.030314,0.033066,-0.0063001,0.0021382,0.0030952,0.0033683,0.0090062,0.0025602,0.0014151,0.0018772,0.0029764,0.0023421,-0.14748,-0.067694,0.003432,0.0606,4.1378,11.832,0.0207,0.0015,0.2,0,-13.261,-10.839,19.026,-11.168,13.998,4.7925,NaN,8.0578,0.0079,5.3059,3.813,-43.19,6.0271,2.5456e+05,9.8856,11.034,-12.3,16.709,-20.067,-19.92,0.4136,-29.937
15.166,8.4613,28.759,5.9578,3.0562,25.171,26.427,30.246,29.845,18.75,1,9.9083,8,21.557,11.816,39.668,1.2675,4.2114,19.309,19,NaN,15.782,13.952,9.1985,18.674,15.119,6.9612,15.671,25.969,6.2591,23.077,-1.1123,85.566,84.644,7.1806,7.9007,4.3247,5.9535,10.376,5.735,2.0345,22.941,7.5655,5.7618,6.0728,7.2328,6.2804,7.5163,82.178,6.3417,3.979,6.2143,6.5521,0.32391,4.2381,5.0033,5.3898,63.133,6,-0.26046,-0.06665,-1.0667,-0.4666,-0.0667,-2.4189,-16.337,-50.128,-34.639,-28.607,-17.584,-22.872,-14.899,16.576,11.196,NaN,11.497,40.467,0.2666,0,4664,57.852,80.739,30.784,47.998,213.24,58.321,17.066,18.073,23.411,30.001,NaN,18.323,29.534,6.5186,8.1362,0.0016223,7.9017,0.0012214,0.0047316,0.0074269,0.00089575,0.0011315,0.010503,0.0011239,-0.0058698,0.010511,0.0028617,-0.0013659,0.017872,0.019187,-0.0055402,-0.0016951,0.002739,-0.0049269,-0.0072971,0.0014915,0.0081785,-0.0051838,0.0063121,8.9943,0.0027936,0.0084506,11.877,0.0099527,0.0066618,0.0037206,0.0021461,14.461,0.82177,-6.8381,2.1908,2.5826,0.59968,NaN,-1.8065,-1.9983,NaN,7.8136,7.7998,-1.2162,NaN,-1.0211,20.739,7.2833,6.4767,0.3033,7.7867,8.32,0.43,0.22,0.2733,1.15,1.23,0.52,1.31,1.84,0.68,0.26411,NaN,0.8257,-1.5915,-3.132,11.561,12.661,11.787,11.834,17.335,12.565,NaN,7.3614,12.63,8.4184,6.6251,456.44,5.8639,11.267,5.8709,17.788,8.7845,NaN,NaN,-4.2508,NaN,-2.6598,-29.775,-19.526,5.0342,81.5,NaN,0.5,-0.2,-1.3768,-12060,13.425,-9.7738,13.189,-0.4333,0.7,-0.022878,-0.056424,0.3533,-0.8067,0.89,1.3867,0.017555,0.0041329,0.015721,-0.0023167,0.0023728,0.0076331,0.0060865,0.0029642,0.0029322,0.0067974,0.0059212,0.005357,0.12006,0.054508,0.0053331,0.0857,-41.191,13.728,-0.0551,0.0017,0.41,-0.13,33.053,7.1461,29.569,47.22,25.556,54.842,NaN,3.4043,0.0079,6.3908,5.9405,3.27,8.4959,2.5683e+05,7.6001,7.3348,5.15,4.9505,28.409,29.86,-0.2417,16.545
4.002,1.6761,-5.4063,2.872,3.0742,11.488,10.721,7.7264,13.348,4.697,1,3.6782,2.6,11.537,4.5878,4.3653,5.1948,3.099,3.5997,4.3787,NaN,3.4723,3.8989,-1.6859,3.3543,8.683,-3.559,-2.421,-1.1081,-1.3347,14.421,2.9417,85.593,84.731,4.1186,4.7963,3.4236,4.031,4.3453,5.3838,0.20474,7.8673,6.3375,5.5937,2.6826,5.6331,5.0906,6.3245,6.5181,4.2628,1.0768,5.1054,5.4847,2.4899,-0.19168,1.1112,2.3375,63.233,6.0333,0.064082,-0.042379,0.2,-0.0667,0.1,21.306,4.0074,-43.483,-24.175,-6.8287,22.529,11.447,1.8175,-2.1559,3.2457,NaN,3.3419,40.533,-0.0333,0.0334,4728,-18.326,-27.124,-34.364,-34.214,-0.61485,-24.355,-2.9162,1.1938,6.948,3.9183,NaN,18.322,21.362,3.5414,6.9671,-9.7381e-05,6.996,-0.00052916,-0.0024887,-0.0047552,0.0009406,-0.0013466,-0.0074118,-0.001834,0.0075761,-0.0043172,-0.0097772,0.0074988,-0.022638,-0.012835,0.021696,0.0088729,-0.0030508,0.0050872,0.0059286,-0.0011793,0.0015088,-0.023622,0.0016784,9.2005,0.0011099,-0.0039039,6.2814,-0.0063996,-0.026675,-0.0024127,-0.00083597,6.3223,2.982,-6.8033,0.45835,1.2677,2.0368,NaN,0.4155,0.61381,NaN,0.26091,1.1334,6.6302,NaN,7.3033,7.8678,8.1,7.3133,0.6067,8.4467,8.49,0.21,0.0833,0.03,1.01,1.27,0.29,1.13,1.18,0.71,0.75994,NaN,-2.3816,-1.8285,-7.701,7.6002,15.042,9.5418,12.173,23.448,11.532,NaN,6.6536,10.744,7.6447,6.0743,459.85,6.0401,8.2382,6.1224,17.697,4.71,NaN,NaN,-19.894,NaN,-53.049,-54.138,20.542,5.7768,80.4,NaN,0,0,0.08963,27116,4.1074,-0.81825,8.2886,-0.5667,0.0333,0.015962,0.026564,0.26,-0.7867,0.3333,0.6533,-0.050088,0.028725,-0.010836,0.012898,-0.00098659,-0.0014902,-0.0053584,0.0022194,0.0038046,-0.0029084,-9.85e-06,-0.003217,0.019373,0.016651,-0.018553,0.0032,17.734,12.039,0.0172,0.0015,0.86,-0.08,28.607,-2.7072,-23.56,-92.59,7.5663,40.742,NaN,5.6102,0.0078,5.7226,6.9791,-15.48,8.6401,2.5488e+05,7.2779,6.8729,-10.38,11.693,23.233,24.057,-0.1767,13.324
5.3408,3.2148,3.1891,2.1048,5.1212,9.1448,8.7349,10.614,12.717,-0.5775,1.2,3.5845,3.4,10.302,3.7877,15.568,5.4545,2.6228,7.4056,5.8625,NaN,7.0953,6.7179,0.92494,7.5428,12.502,4.7372,0.29933,0.53554,1.2465,19.446,10.129,86.416,85.704,4.1113,4.9217,4.9357,3.8798,4.7097,6.6765,2.0417,3.0981,4.5358,5.1757,6.1713,4.9394,4.3328,4.5613,7.6564,5.3841,0.43664,4.2653,6.0096,1.4224,1.9126,-0.40755,4.1391,63.467,5.9,-0.050492,-0.087494,0.1667,0,-0.3666,-9.1706,0,30.726,-57.842,1.6517,-8.5872,1.8258,-5.7839,-18.498,4.3227,NaN,4.819,40.533,-0.0667,0.1,4942,4.0076,-16.79,12.503,21.578,-23.443,-3.7437,11.776,6.5327,15.865,17.131,NaN,24.782,16.765,7.4053,7.4852,0.00078704,7.822,0.00068154,0.0044789,0.00083572,0.0012814,0.0017382,0.00060078,0.0024733,-0.0019646,0.0045696,0.0054276,-0.0014614,-0.0058156,0.0031466,0.026915,-0.004913,0.0052871,0.0036982,-0.00096841,0.0021128,-0.004396,0.013898,-0.0060383,9.191,0.00053893,-0.00043168,8.964,0.00097997,0.016959,0.0030282,0.0089935,7.9878,1.1672,-7.118,1.3363,-0.96797,3.025,NaN,2.0656,2.2701,NaN,2.5846,1.5454,8.5022,NaN,7.2441,9.0357,9.5833,8.57,1.45,9.8167,8.82,0.34,0.2734,0.2867,0.9667,1.28,0.48,1.25,0.25,1.26,6.0926,NaN,-2.9275,-1.7773,-8.665,4.8935,8.0023,4.5445,11.378,16.2,6.259,NaN,2.8542,7.9561,5.3333,2.122,459.27,0.9685,7.6716,0.30868,22.568,3.6891,NaN,NaN,-5.0471,NaN,-12.378,-4.5884,10.847,11.988,73.5,NaN,0.3,0,-0.35201,8783.6,8.2413,1.8008,20.055,-0.4667,0.0667,0.032746,0.047993,0.41,-1.0133,-0.74,-0.5567,0.02547,0.014203,0.0040091,0.0073923,0.0011561,0.00094154,0.0020284,-0.0011228,0.0015247,0.0010956,-2.0863e-05,0.0010065,-0.025518,-0.0066493,0.012362,0.0462,-2.8292,14.208,-0.0034,0.0002,1.81,0.25,-17.722,-20.911,32.001,23.837,22.918,-32.791,NaN,8.8158,0.0079,5.6418,4.4672,3.08,5.5252,2.5616e+05,5.6365,5.6703,4.61,3.5234,-18.205,-16.699,0.3,-26.514
0.71849,2.0664,-4.6864,4.1596,1.7441,0.66396,3.6408,14.164,9.1012,-9.5975,0.9,-3.9744,-0.6,1.6959,-6.8632,0.31384,-1.089,4.811,-0.78134,0.50211,NaN,1.6909,3.8219,-1.4295,-0.37346,-0.81345,-0.32476,0.70507,-1.5286,-2.3563,12.953,6.7747,86.103,85.283,3.4924,3.9318,3.5661,3.7223,2.8982,5.1047,0.98001,-1.0801,4.8865,5.4181,4.3262,4.7131,4.0236,4.922,7.7831,4.0737,1.4827,3.4184,5.1365,0,1.1812,2.0476,3.4865,63.733,5.8667,-0.013414,0.0074393,-0.3334,0,0.0666,-6.2327,12.669,7.9533,9.1681,15.846,-13.422,12.111,-8.9927,7.1189,2.7871,NaN,2.8464,40.5,-0.0333,-0.1,4853,-81.024,-51.348,-57.394,-204.62,3.8961,-42.399,-87.839,0.16904,7.9672,8.3908,NaN,20.185,41.809,4.7186,7.4594,-0.0042043,7.4054,-6.8067e-05,-0.0036363,0.0068225,-0.0012418,-0.0060756,0.010635,-0.0068081,0.00054139,-0.0036468,0.0023858,-0.0080133,0.022112,-0.0018999,-0.00060718,0.0053124,-0.0029243,-0.00080383,-0.0020531,-0.0035301,0.0029448,-0.062559,0.0032374,9.9493,0.00097597,0.010854,14.329,0.011761,0.014069,0.0089184,-0.00072537,25.751,8.2044,12.094,2.4109,1.8829,3.8347,NaN,1.0803,1.3876,NaN,-3.6292,-2.2848,12.757,NaN,13.794,-5.6416,10.073,9.3833,0.4,10.3,9.1067,0.31,0.2666,0.37,1.05,1.3,0.07,0.92,-0.28,0.65,-4.9853,NaN,-4.3293,-4.1267,-15.293,8.7797,2.2091,10.002,6.3763,2.1564,8.8432,NaN,9.1611,4.0374,-0.77367,9.8963,465.15,7.3273,13.77,7.3019,16.109,12.014,NaN,NaN,5.2681,NaN,11.353,22.352,6.1992,2.6722,71.5,NaN,0.1,0.1,-0.32605,-20291,1.6007,18.648,-6.0583,0.2,-0.1334,-0.017012,-0.025859,0.3334,-0.69,-0.8967,-0.78,0.015582,0.03482,-0.00090115,-0.0059069,0.0015872,0.0031553,0.0087915,-0.0020945,-0.0030305,0.0047812,0.001891,-0.0029857,0.013987,-0.0020586,0.0097591,-0.0209,22.856,12.498,0.0034,0.0012,0.2,-0.04,-61.549,-137.39,-33.65,-37.565,11.214,18.406,NaN,9.6909,0.0082,7.2174,6.5987,34.76,6.5608,2.6293e+05,9.6608,10.579,31.67,-3.8851,8.985,10.609,-0.0149,-4.9878
0.42749,-0.25983,-9.0917,2.4638,-0.76731,-0.36042,-2.2235,-5.7436,-0.38559,-6.9699,1.1,3.8784,4.1,1.968,3.756,1.0409,2.154,-3.6329,0.52106,0.48059,NaN,-0.86337,-2.6992,-6.0702,0.24207,-2.4838,4.3365,-16.42,-36.017,-1.5269,3.345,-0.4114,85.278,84.323,2.9397,3.2668,1.7951,2.696,3.5695,2.8213,0.0554,10.994,5.5605,5.1797,2.3709,4.5124,1.5136,5.523,4.7052,1.4365,1.4355,1.1007,3.7765,-4.0511,1.5569,3.0519,0.48282,63.433,5.7,-0.1365,-0.027455,0,-0.1333,-0.1666,5.8171,-19.513,-26.448,-21.309,-28.54,-3.8763,-12.871,-14.855,12.719,0.84877,NaN,1.2616,39.9,-0.2,-0.4334,4958,41.046,32.585,20.684,147.31,-71.252,15.688,51.676,0.4914,8.8146,-15.733,NaN,13.941,-33.786,5.0866,10.782,0.0081458,9.5473,0.0046951,0.0084031,0.0045196,0.0013341,0.011598,0.0057994,0.011908,0.0027792,-0.0030383,0.0027064,0.0057303,-0.016499,0.0075844,0.087676,-0.0063071,0.0016901,-0.0092099,0.011125,0.0051533,0.0022199,0.11327,0.0030035,12.519,0.00042792,-0.007063,13.834,-0.0085098,-0.035268,0.0076578,0.010693,26.395,14.06,43.454,-2.9068,-0.88783,-2.4975,NaN,-1.5753,-1.2448,NaN,-0.73906,-0.37026,9.7706,NaN,9.827,13.078,10.18,9.3767,-0.0867,9.9367,9.1133,0.33,0.0967,0.2366,1.28,1.63,-0.01,0.56,-0.26,0.48,-6.4287,NaN,-1.5906,-3.1367,-9.4083,14.895,9.573,4.116,4.4616,12.629,5.3743,NaN,4.633,7.1364,10.769,4.2752,474.43,2.5209,9.8504,2.3315,15.694,4.3825,NaN,NaN,6.0637,NaN,9.1313,30.995,12.81,-9.6908,66.6,NaN,0.1,0.3,-0.47324,-37081,-1.1067,-12.143,9.5077,-0.5,-0.4666,-0.059783,-0.069017,-0.0634,-0.8033,-1.0667,-0.79,-0.022116,0.0030467,0.0038722,0.032311,-0.0025284,0.0090967,-0.0012794,0.0061192,0.013038,0.0053385,0.0073404,-0.0013794,0.020576,0.014707,0.0016249,0.041,18.024,13.463,-0.0069,0.0016,-0.18,-0.33,4.6693,86.727,-3.5261,18.291,6.2785,24.577,NaN,2.122,0.0081,4.9215,4.8717,8.7,11.097,2.6879e+05,5.8755,4.3236,4.55,2.2896,7.3011,6.9192,0.0415,-15.845
2.9605,3.8736,11.033,1.4977,4.6858,-6.7937,7.0232,8.7759,11.647,-4.8397,0.5,1.1667,0.9,3.5353,1.379,14.143,-6.1556,1.8129,3.1225,3.5241,NaN,-1.1209,0.7467,-5.3699,-2.6966,-3.233,2.128,-11.171,-33.47,-2.9347,8.9619,-7.6064,84.45,83.546,2.266,1.8664,-0.91025,2.8949,0.63787,-0.79319,-1.1095,5.6594,4.2524,4.6215,2.8043,3.6857,0.12084,4.143,7.6773,1.3876,4.1029,-1.039,2.7585,2.2148,4.8221,4.4042,2.7138,63.667,5.8667,0.17561,-0.02142,0.1667,0.2,0.0333,21.32,16.383,-25.662,-13.821,35.832,14.057,2.5772,-23.63,-3.3573,3.6188,NaN,3.6701,40.133,0.1,0.1334,4946,-12.25,20.533,-13.054,-26.444,-26.331,4.6926,-22.665,-0.63037,11.858,-12.388,NaN,3.3919,-1.6815,1.1518,9.8108,-0.0034445,8.2654,-0.00070766,-0.0058136,-0.0027704,-0.0060366,-0.0021423,-0.0014818,-0.0027256,-0.012667,-0.0024984,-0.0061754,0.0091502,-0.01133,-0.0074761,0.017937,0.0032636,0.0081889,0.0062975,0.0052697,-0.0054696,-0.0058064,-0.05999,0.00083439,12.682,0.002225,0.0036844,12.371,0.0074997,-0.0046314,0.00073689,0.0045236,27.4,50.96,140.35,1.3168,0.031011,0.4076,NaN,-1.7236,-1.7835,NaN,-0.54748,-0.094589,8.8044,NaN,9.3108,6.596,10.947,9.6733,0.28,10.153,9.1033,0.42,-0.1,0,1.29,2.06,-0.03,0.48,-0.57,0.97,-2.2467,NaN,-4.0046,-3.3382,-5.4544,11.283,6.483,4.4595,10.572,14.549,5.9806,NaN,6.1173,8.8063,6.9935,5.73,479.1,5.6879,7.1663,6.0671,17.439,1.1156,NaN,NaN,-7.0518,NaN,-18.036,2.1698,27.782,2.9251,63.9,NaN,0.3,0.2,-0.07875,4293.9,-0.52881,-13.638,-2.8131,-0.3666,0.2666,0.038444,0.050152,0.01,-1.2733,-1.8233,-1.6567,-0.014545,-0.069301,-0.004468,-0.0061273,0.0030055,-0.0046023,-0.012096,0.0061013,0.0021099,-0.0026449,0.00035192,0.00057686,-0.013598,-0.0018107,-0.0060357,-0.0306,12.375,14.723,0.0069,-0.0003,0.79,-0.31,-2.3278,-41.919,-4.3991,-9.7236,10.934,32.51,NaN,10.444,0.0083,6.4691,7.5582,20.55,9.4156,2.7414e+05,7.2398,6.5854,11.41,1.5263,19.508,17.812,-0.0971,-5.0813
0.99905,0.99405,-10.417,3.3166,2.1421,-7.1592,-3.6576,-6.1814,1.0899,-16.35,0.3,2.6258,0.4,1.9273,4.4488,24.408,8.6297,0.70404,0.43377,0.57917,NaN,1.5291,2.2751,0.55332,0.70365,-3.1411,-0.25076,-3.3207,-17.913,2.165,1.5572,-3.1297,84.239,82.977,1.3005,1.6159,-2.6743,2.5225,-1.89,-3.7371,-0.87124,-0.37482,4.2658,3.567,0.83746,3.2937,4.1069,4.2,6.1149,3.036,-0.14846,4.171,2.1588,-1.5676,2.0915,-0.5496,2.4012,63.767,5.9667,0.046837,0.024759,0,0.1666,-0.0333,-2.1961,4.8206,29.089,22.53,25.137,-8.5522,-11.653,26.063,12.211,1.4154,NaN,0.84013,40.133,0,-0.1334,4906,-53.051,-27.408,-68.735,-108.41,52.483,-41.856,-72.271,-2.765,8.4322,-9.1159,NaN,1.2988,3.1913,1.7941,9.5655,0.0023651,7.2274,-0.0038546,-0.002207,-0.001541,0.0064482,0.00025702,-0.0051276,0.00081837,0.0045032,0.0074217,0.0025006,0.017367,0.0085886,0.0065435,-0.07228,0.0036471,0.0023539,0.0045229,0.01484,-0.0035492,0.0016057,-0.01327,-0.0027831,12.467,0.004275,0.0091188,13.777,0.0075928,0.023466,0.0022582,-0.00087357,21.219,48.33,66.534,-1.6552,-2.2379,-1.0885,NaN,0.14756,-0.49683,NaN,-0.40917,-0.83651,10.231,NaN,10.444,2.9819,13.577,11.843,2.13,12.27,10.447,1.3,1.2533,1.4234,1.37,2.01,-0.07,0.43,-1.4,1.5,1.3334,NaN,-9.5916,-6.5469,-17.003,1.5805,-1.7842,2.7339,5.8443,10.138,3.8709,NaN,4.4559,5.7524,5.0483,4.2679,483.39,4.7733,3.6805,4.9165,18.851,-0.53386,NaN,NaN,8.1277,NaN,-3.6281,34.403,-12.973,2.8698,62.1,NaN,0.5,0.7,0.04213,-3640.3,0.1824,10.182,-13.941,0.1666,0,0.03844,0.024082,1.5367,-1.7333,-2.9167,-3.0333,0.017915,0.038539,0.0092006,-0.019547,0.00040459,-0.0033934,0.0070616,0.0040771,-0.0025945,-0.0037508,-0.0014609,-0.0017671,-0.025103,-0.010249,0.0037978,-0.0216,28.282,9.9522,0,0.0001,2.71,-0.23,-57.66,-100.46,-40.999,-92.139,5.2871,-6.1814,NaN,7.1522,0.0085,5.8395,4.3239,10.12,8.4202,2.7901e+05,6.0891,5.3827,9.12,1.386,-3.4032,0.33922,0.1854,-25.56
1.2561,-0.57221,-6.3425,0.65226,-0.13096,-2.7448,-5.2463,3.0291,4.333,-32.135,0.4,5.8282,11.1,0.31063,1.8774,11.01,0.27235,1.3821,0.92793,0.71247,NaN,1.6176,3.3559,-1.8136,1.6274,-0.20377,-0.53162,-15.071,-32.902,3.5019,8.7015,-3.6139,84.085,82.598,1.3975,1.2827,-1.8806,2.5633,-1.6792,-1.5951,-2.3637,-2.5755,5.2739,4.2066,-0.11157,3.924,2.345,5.1888,6.0228,1.156,1.9257,1.347,2.7249,4.3189,0.2979,1.8108,0.9036,63.9,6.3,0.3432,0.013537,0.2667,0.5667,0.1333,15.719,39.062,66.238,12.838,48.451,9.2747,-9.9237,7.6895,7.9859,-1.9514,NaN,-1.0062,40,-0.2333,-0.1333,4570,-91.86,-75.776,-58.3,-129.81,-165.09,-56.135,-100.34,-2.9117,6.6784,8.6604,NaN,2.5149,3.8437,3.0417,11.832,0.0035094,8.6609,0.0028014,0.003299,0.011113,0.011039,0.00094082,0.010985,0.0010913,0.011007,0.0089223,0.0053067,0.025486,-0.0024236,0.0043155,0.052755,0.0072258,-0.0083356,0.0075157,-0.0050902,0.0081903,0.00042466,0.0094904,0.0096777,15.479,0.006465,0.0010396,18.124,0.00081733,-0.019405,0.012592,0.0068332,16.816,43.724,50.364,-2.356,-4.9219,-1.8407,NaN,-1.3849,-0.56935,NaN,1.9341,2.6613,9.2547,NaN,9.1658,11.597,15.047,13.353,1.47,13.933,11.987,1.27,1.6,1.6633,1.4933,1.75,-0.11,0.58,-1.37,1.19,-12.901,NaN,-8.2494,-8.5226,-16.009,1.5887,-4.8742,-1.9641,2.5907,-6.369,-2.6427,NaN,-1.2529,-0.97937,-2.3615,-1.2925,480.17,-4.0236,5.4427,-5.3325,25.157,-2.9332,NaN,NaN,0.12947,NaN,10.307,8.2261,16.809,-3.6936,63.5,NaN,0.3,0.6,-0.07633,-17685,0.90917,-2.7344,-4.3661,0.0334,-0.2333,-0.035522,-0.026649,1.61,-1.6933,-2.7767,-2.9033,-0.022325,-0.0084299,0.0068404,0.035257,0.0091674,0.0081754,0.00658,0.005386,0.0092124,0.012049,0.0083449,-0.00076983,0.020141,0.0027526,-0.0076129,-0.0989,7.1244,10.37,-0.0103,-0.0013,1.19,-0.5,-63.161,-87.811,-39.199,-68.547,14.808,27.129,NaN,7.0265,0.0096,6.2746,2.1843,166.4,6.1892,3.1572e+05,2.887,1.8761,109.56,-43.261,18.43,22.417,-0.0986,-2.9392
-8.328,-9.1113,-45.646,-2.5383,-5.4238,-35.545,-34.196,-29.677,-18.933,-82.076,0.3,0.78535,8.1,-11.136,-5.3395,7.4706,-30.155,-3.5319,-11.492,-11.395,NaN,-17.35,-11.502,-14.521,-20.486,-31.641,-20.229,-42.811,-56.806,-3.9553,-11.599,-12.324,80.053,77.901,-1.9219,-3.7,-10.739,1.2604,-10.49,-14.546,-4.3733,-14.063,3.484,2.7001,-4.3189,1.1521,-1.7077,3.3735,9.1785,-2.7874,6.1508,-2.6125,-1.4429,29.46,2.3012,0.32836,-3.6577,63.8,7.3333,0.86968,0.15662,1.4333,1.3333,0.6,43.721,74.608,75.996,105.24,96.301,20.2,43.625,2.2152,71.108,-7.1467,NaN,-7.3827,39.433,-0.2667,-0.4333,3769,-65.423,-94.53,-87.33,-100.34,3.2653,-48.025,-109.06,-19.907,-8.5233,-62.493,NaN,-8.1516,-51.184,1.5236,9.6718,-0.0020448,9.3689,7.1777e-05,0.0008269,-0.011241,-0.005558,-0.00034438,-0.013571,-0.00083787,-0.0097135,-0.0034436,-0.002009,-0.0059435,0.0052264,-0.0045451,-0.085555,-0.001023,0.0041767,-0.0077635,-0.0066923,0.010067,-0.0030381,0.010889,-0.010915,13.274,-0.0033484,-0.012494,7.9334,-0.015639,-0.010444,-0.026572,-0.026931,15.377,9.2557,30.309,-0.68744,1.9495,-0.41809,NaN,1.0514,0.862,NaN,-4.1027,-4.2523,14.789,NaN,14.835,4.917,12.687,9.6167,-3.6333,10.283,10.477,0.7,-0.94,-0.1233,2.88,3.96,-0.01,0.67,0.86,1.56,-4.9702,62.432,-15.585,-7.3897,-20.592,-4.8125,-17.062,-13.174,-1.3952,-9.5643,-12.618,NaN,4.6103,-3.4771,0.054787,5.7715,491.47,5.6784,2.0481,6.3895,20.211,-2.5086,NaN,NaN,-2.0167,NaN,4.629,-18.999,5.257,2.1929,54.4,NaN,0.3,-0.4,0.42321,-17094,-20.666,11.222,-36.183,0.5333,-0.3333,-0.01005,0.0069519,-1.9367,-3.07,-2.3533,-1.4833,-0.039408,-0.11323,-0.0079473,-0.031849,-0.0068979,-0.011746,-0.010188,0.0033743,-0.0066839,-0.0093232,-0.0059494,0.0067891,0.022708,-0.0054036,0.016769,-0.1976,130.07,11.637,0.0861,-0.0036,-3.36,-1.51,-76.311,-109.81,-58.967,-127.94,6.2675,-18.037,NaN,-2.9963,0.009,3.6153,5.0399,-58.97,4.8223,3.0354e+05,3.0581,2.514,-45.29,20.56,-6.8275,-9.8452,0.2218,-21.546
-0.47568,4.3639,17.384,4.598,-0.96646,-27.312,4.8027,2.9441,2.6164,12.133,-1.2,-5.4816,-4.5,6.7701,-6.2501,-0.85321,-29.873,4.4679,-0.24384,-0.98838,NaN,-6.6246,-1.3366,-2.1015,-11.38,-21.104,-8.3995,-5.466,2.4951,-0.91122,-2.8779,4.9843,78.256,75.742,-1.7994,-1.6221,-7.5745,0.0040271,-6.7686,-9.6485,-4.1736,-5.2364,4.0173,2.7614,-6.0228,2.259,0.25861,3.9242,0.86915,-0.80725,-2.5954,-0.32353,0.10935,-21.049,2.3616,1.3517,-0.21969,63.7,7.6667,0.17375,0.18354,0.7667,0.4667,0.1333,-20.004,10.675,80.908,96.7,39.913,1.0966,-9.1127,22.249,6.9459,-1.5232,NaN,-1.8658,39.4,-0.0667,0.1,3775,109.74,56.177,155.38,154,42.144,97.388,136.8,7.2421,15.062,28.412,NaN,-2.5078,10.668,-2.7964,9.2422,-9.8976e-05,8.8267,-0.0025043,0.0004122,-0.003757,-0.0052787,0.0011804,-0.0032138,0.0028239,0.001501,-0.0037276,-0.00075046,-0.03757,0.015868,-0.0012499,-0.049337,-0.0036207,0.0025755,0.0016396,0.0028666,-0.009333,-0.0022201,0.0062986,0.011032,7.4374,-0.018104,0.0060824,12.931,0.0086619,0.062234,-0.0078339,0.0036011,18.106,7.3051,-25.944,-0.61217,-0.55249,2.5984,NaN,0.52467,0.12141,NaN,1.6198,0.53897,9.1378,NaN,8.4599,2.3955,9.8367,9.1533,-0.2633,10.137,10.953,-1.78,0.3734,-0.19,2.2133,1.7,0.19,0.98,1.8,0.5,-4.9158,105.12,6.246,4.463,17.012,-4.8033,-15.728,-11.078,-3.0697,-6.028,-10.293,NaN,6.5268,1.5758,-2.892,7.2244,494.87,6.5999,6.3506,7.6136,22.175,2.4453,NaN,NaN,-11.359,NaN,-12.8,-22.039,17.018,-4.0871,67.8,NaN,0.1,-0.7,0.40384,22944,-8.2101,20.431,-13.796,1.1667,-0.0667,-0.068342,-0.070545,0.33,-0.6833,0.8267,1.74,0.11657,0.08389,-0.004641,-0.018421,-0.0059512,-0.00015376,0.003627,-0.034583,-0.020532,-0.004246,-0.015334,0.0024411,-0.037385,0.0016341,0.022062,-0.0245,-43.947,7.4635,-0.0413,-0.0051,-1.53,-0.19,72.078,190.02,147.3,181.41,4.6573,79.533,NaN,5.9703,0.0093,3.5829,6.9921,47.53,2.7237,3.0989e+05,3.2014,3.3496,22.11,-5.5642,51.286,55.066,-0.553,50.313
7.391,5.3681,12.04,6.093,1.5478,35.645,14.787,5.6736,8.2718,35.764,-0.3,-0.088104,2,11.223,-1.9653,-2.4298,20.894,5.4696,9.3703,9.4016,NaN,15.104,11.053,7.2211,18.426,31.225,17.435,24.635,38.892,0.89776,17.232,-5.0759,80.723,78.499,2.9915,3.6683,4.4155,2.4089,4.6063,6.3198,1.2947,3.2165,4.9424,3.6612,5.1195,4.3931,2.4979,4.7922,13.416,1.7216,-0.065102,1.6085,2.8622,-2.6939,0.73516,0.43592,2.418,63.7,7.4,-0.45348,0.17114,-0.5,-0.5333,0.1667,-22.321,-42.32,1.6245,73.408,-26.013,4.7628,-12.633,7.1008,-5.9037,5.4864,NaN,5.3659,39.933,0.2334,0.2666,3966,31.221,90.43,-11.052,66.602,-53.134,45.854,5.4796,15.262,13.726,19.718,NaN,1.8615,0.86556,-0.46943,9.7826,0.0020616,10.465,0.00037167,0.0022312,-2.3269e-05,-0.001064,0.0023994,0.00044824,0.0015442,0.0036959,-0.0039671,-0.00047119,-0.0093446,-0.0041909,0.0045253,0.013723,-0.0052353,-5.9124e-05,0.0017005,-0.0031886,-0.0065582,0.0029791,0.022233,-0.0065509,11.059,0.015795,-0.011508,9.1094,-0.01551,-0.036774,0.0025573,0.00013231,20.79,18.471,-25.947,0.27629,-0.58379,2.5289,NaN,1.1617,0.56244,NaN,4.002,3.9173,5.9683,NaN,6.4867,12.444,15.853,13.613,3.91,13.84,12.423,1.61,1.2533,1.5033,2.2467,1.84,-0.36,0.23,-1.19,1.64,-3.9352,-56.216,-1.0575,-2.6332,-6.4948,10.457,-10.062,-6.0988,-1.1867,-7.3977,-6.3014,NaN,3.0007,2.2881,-3.1815,3.1003,491.94,5.2869,-2.5667,6.1981,23.128,-9.3858,NaN,NaN,7.6355,NaN,21.784,-17.069,0.65449,8.6737,72.1,NaN,-0.2,0.2,-0.61987,84.7,17.628,-10.2,1.402,1.1,0.5,0.054266,0.0204,1.9834,-2.24,-3.2067,-3.0233,-0.045148,-0.014694,0.0052442,0.011863,0.00088359,0.0024653,0.0099546,0.018527,0.01246,0.0014641,0.009811,0.0014089,-0.022245,-0.046884,-0.01257,0.0399,-87.846,10.841,-0.0448,-0.0038,5.61,-0.6,0,-2.9652,-6.6599,-27.75,14.312,43.056,NaN,0.98644,0.009,3.5511,4.4747,-32.45,0.97203,3.0071e+05,2.8174,3.3853,-23.84,13.004,30.8,33.49,-0.2854,31.268
7.762,1.3378,11.234,-2.2704,3.483,35.408,3.6321,10.468,8.0453,-9.7379,1.2,5.3146,8.1,16.961,3.1194,7.4529,16.718,-0.56008,8.4058,9.7338,NaN,0.95231,0.89545,0.1544,0.93783,0.23079,2.1804,-1.0451,-12.303,0.59434,1.6027,5.3351,80.326,77.966,1.7128,2.3604,1.0892,2.0203,0.86194,1.7826,-0.05703,-3.2775,4.2773,3.264,2.5354,3.6043,2.9927,4.2644,13.213,2.2552,-1.2389,2.3574,2.4717,-1.8061,0.58715,-1.7466,2.9652,63.967,7.4333,-0.082588,0.11061,1.0333,-0.1,-0.0667,18.713,-5.6472,-47.816,43.638,-14.425,17.728,10.433,38.55,4.2006,2.2148,NaN,2.2663,39.967,0.0333,0,3872,-38.665,-19.884,-41.611,-53.137,23.791,-25.132,-84.044,0.69517,14.992,-15.541,NaN,-3.3002,7.6671,4.1625,10.243,-0.0021516,10.465,0.0074056,0.0013896,0.0042356,-0.0043619,-0.0013759,0.0077243,-0.0014925,-0.0096611,0.0042547,-0.002961,-0.011552,-0.019303,-0.0045986,0.087038,0.0042933,-0.0024862,-0.00027037,0.0020518,0.0075982,0.0046789,-0.021781,0.0039373,10.913,-0.0074858,0.0053059,11.97,0.0067701,-0.016128,0.017644,0.0039242,15.02,101.71,9.1904,-0.20215,-0.32218,0.24925,NaN,-1.0579,-1.2749,NaN,6.1401,7.5136,2.2064,NaN,3.7973,26.548,16.57,14.39,0.39,14.12,12.96,0.89,0.3333,0.5767,2.2867,2.19,-0.74,-0.27,-1.43,0.95,-16.192,49.945,-5.4709,-4.1453,-18.345,0.11799,-7.4327,-4.4904,-1.4301,0.42627,-3.7206,NaN,-1.8372,-6.2308,-5.6707,-1.2274,491.12,-1.1553,-3.519,-1.0689,20.337,-6.0746,NaN,NaN,12.271,NaN,37.841,-9.6367,-12.934,3.1964,68.3,NaN,0,0.2,-0.28416,23239,0.79311,-11.078,23.825,0.6666,0.0333,-0.012353,0.01939,0.55,-2.18,-3.3733,-3.4067,-0.038137,-0.052148,-0.0084296,0.021694,0.0029255,-0.0024713,-0.0222,0.001093,0.001155,0.005885,-4.5342e-06,-0.0052387,0.010578,0.0089698,-0.012406,-0.0175,-3.6175,15.232,0.0172,-0.0019,0.08,-1.23,-20.741,-63.052,-28.257,-61.15,4.5822,2.4339,NaN,16.408,0.009,3.0189,2.605,-54.92,0.29104,2.8807e+05,-0.77564,-1.1034,-44.45,17.469,-4.8363,-6.9951,0.1399,-2.8151
-2.9754,0.029123,-15.863,2.7394,1.7445,-16.931,3.134,3.2696,8.0636,-12.879,0.4,0.76829,10.7,-0.21102,-7.7144,2.1558,0.58985,0.46651,-4.8888,-4.109,NaN,1.2264,3.9579,2.1626,-0.97018,3.2541,2.7256,10.962,25.192,-1.1648,4.6991,-10.371,79.953,77.83,1.0537,1.96,2.6176,1.2029,0.63973,3.1432,1.7452,-1.8019,3.3601,2.4113,1.905,2.939,2.6394,3.2856,-22.925,2.1494,-3.1225,2.5902,2.4797,-5.1008,-0.47699,-3.5161,2.2351,64.067,7.4,0.076552,-0.10441,0.0333,0.0333,0,0.040264,14.186,1.7016,-36.046,-0.59191,-0.12944,11.599,-13.542,-6.0187,-0.49581,NaN,0.30658,40.1,-0.0333,-0.0666,3861,-58.082,-96.976,-30.438,-120.81,-40.863,-63.517,-5.3109,-5.3455,-0.0077665,9.9312,NaN,-3.075,-5.9814,0.95423,6.6467,-0.0032093,7.442,-0.0065769,-0.00739,-0.012039,0.0060353,-0.0064338,-0.019244,-0.0072322,0.017066,-0.0014527,0.00092226,-0.0021602,-0.010508,0.0014693,-0.087505,0.0017919,0.00023981,-0.0091496,-0.019436,-0.012794,-0.0073356,-0.03044,0.00097657,8.2542,-0.0012837,-0.00063818,8.9184,0.00042276,0.0027182,-0.01004,-0.0038229,24.664,10.453,-14.53,0.0012593,-0.016893,1.8426,NaN,-0.56828,-0.14928,NaN,-5.1993,-3.611,10.881,NaN,12.044,1.3838,17.78,14.907,0.63,15.127,13.75,1.08,0.82,0.5233,2.02,2.48,-0.63,0.22,-1.16,1.24,-0.35107,66.405,1.9725,2.4305,4.8462,5.3849,-4.7655,-2.1029,1.2174,6.6855,-0.707,NaN,3.0683,2.6587,2.1921,3.1245,494.4,-0.85894,12.62,-1.1262,17.193,0.78902,NaN,NaN,24.679,NaN,29.014,26.899,-42.036,1.7055,73.9,NaN,0,0,-0.16409,-21341,2.8366,2.6219,-24.323,-0.4,0,0.019608,-0.0060443,0.9933,-2.8733,-3.59,-3.7967,-0.0048752,0.046501,0.0013267,-0.02793,0.0035257,-0.01022,0.0017726,0.00019268,-0.0060505,-0.010411,-0.0081237,-0.0029186,0.020252,0.012448,-0.0053005,-0.0019,3.3156,6.4111,0.0172,-0.0008,0.81,-1.63,-9.0657,-100.92,-37.022,12.741,18.164,34.575,NaN,0,0.0085,3.9901,4.5713,-61.99,3.6608,2.7513e+05,0.76056,-0.13746,-50.44,22.043,3.8337,2.0491,0.0392,8.1989
4.7616,1.846,11.967,0.076008,0.87262,21.933,0.16367,9.0066,9.1763,-32.353,1.3,-1.3799,-1.6,4.0171,-1.1523,-8.6129,-4.6057,8.534,3.517,5.5468,NaN,3.8287,2.1167,1.182,5.7542,-2.4867,-1.7512,-3.0774,-8.8478,2.8146,-0.61812,4.381,80.104,77.141,0.83687,1.5494,-0.14932,0.77947,0.99616,-0.56965,0.54856,-7.321,3.3502,1.6767,1.0049,2.7815,1.3035,3.2589,50.607,0.9023,-2.4842,0.88873,1.0506,1.1899,0.9168,-4.8857,-1.2665,63.7,7.4,0.027604,-0.0091906,-0.2,-0.0333,0.1667,7.4202,-0.75411,0.72705,-4.7282,9.6563,-2.2067,-3.733,-14.302,24.815,-0.021112,NaN,-0.32272,39.833,-0.1334,-0.0334,3744,-81.436,-80.069,-89.287,-85.359,26.977,-95.991,-99.347,-2.7219,8.201,-15.261,NaN,-4.8962,-16.081,3.6205,6.5381,-0.00046865,7.6999,-0.0058583,-0.00089318,-0.0025892,-0.0039857,0.0015097,-0.002029,0.0031064,-0.006577,-0.0010338,-0.0071376,0.0024794,0.010584,-0.00074013,-0.025441,-0.0070571,0.0033488,0.011498,0.0079372,0.0028518,-0.0023164,-0.0072068,0.00023783,10.988,0.011353,-0.016308,2.7043,-0.019651,0.0063757,-0.021671,-0.01588,16.497,-24.595,-21.886,0.22445,3.6685,0.64319,NaN,0.84665,0.62439,NaN,3.8471,5.569,3.1057,NaN,5.0517,13.678,17.577,15.053,0.7833,16.32,14.847,1.2,0.9367,0.7067,1.63,2.58,0.01,1.27,-0.21,1.72,-5.0436,42.068,-9.9038,-3.9743,-5.4311,7.1713,-4.7192,-2.3146,1.1051,3.8474,-1.3204,NaN,-3.0316,0.91092,-7.6231,-3.5778,479.65,-6.0923,4.1953,-6.9763,21.778,-2.124,NaN,NaN,19.939,NaN,11.339,20.876,-49.714,4.2817,74.8,NaN,-0.5,-0.7,-0.10542,23550,-0.24332,0.85661,8.0651,0.2,-0.1333,0.011486,0.035198,1.2367,-2.5233,-2.15,-2.6567,-0.0086479,0.020297,-0.00010285,-0.0011193,0.0059947,0.0044495,0.015728,0.0090733,0.0067692,0.00037025,0.0075608,0.0023693,0.0274,0.012174,-0.014236,-0.0141,28.951,8.8914,0.0276,-0.003,0.62,-0.8,-24.823,-102.71,-76.851,-133.81,11.498,-31.737,NaN,5.6339,0.0083,2.9666,-0.52826,-58.67,1.5965,2.6491e+05,-1.3535,-2.2754,-41.08,16.738,-22.084,-23.8,0.3794,-23.727
-4.3821,-2.7455,-29.866,0.83249,1.5352,-14.34,-1.2437,-4.8917,9.2054,-44.243,0.8,5.0519,7.4,-12.432,3.1159,1.8328,11.292,0.43937,-5.9684,-6.4086,NaN,-8.8364,-1.276,-1.4301,-14.104,-22.625,-16.428,-18.938,-22.609,5.0381,-6.9656,6.3693,77.786,74.644,-1.7472,-1.9506,-7.5162,-0.017833,-6.5841,-9.53,-4.1995,-6.5057,3.5012,0.41165,-2.4048,1.7477,-0.62203,3.3245,7.0836,-1.6055,-0.79556,-1.8155,-0.21973,-0.59453,1.426,-1.7074,-1.6168,63.767,8.2333,0.80286,0.020666,1.8667,1,0.4333,48.236,52.191,31.421,9.8654,59.248,37.081,0.72061,34.054,48.213,-1.5707,NaN,-1.7905,39.4,-0.1333,-0.3666,3337,-39.51,12.922,-64.189,-23.788,-64.752,-33.377,-50.398,-11.645,-4.3148,-41.149,NaN,-12.584,-39.964,1.0069,6.0855,-0.00063326,6.5538,0.002391,-0.0020073,-0.0014304,-0.0017455,-0.00095469,-0.0012886,-0.0010273,-0.0062997,-0.0037721,0.0066731,0.0033028,-0.01157,-0.0064811,0.021587,0.0030573,-0.00343,0.00017819,-0.010899,0.0060569,-0.0038792,0.007128,0.0016405,6.4506,-0.013955,0.0019703,-0.40452,0.0026903,-0.020006,-6.6235e-05,-0.0050673,2.3114,-12.359,-14.532,-1.2278,2.3648,-1.387,NaN,-0.29476,-0.25406,NaN,-4.1834,-4.8318,11.441,NaN,10.746,1.2711,13.587,11.75,-2.8467,13.547,14.087,0.31,-0.3033,0.2066,2.5967,3.66,0.46,1.8,2.34,1.29,-1.6117,113.18,-1.6168,3.7513,5.7066,4.8959,-6.0944,-2.5874,0.02071,1.3285,-1.9489,NaN,3.8075,1.125,0.68565,4.1799,484.16,5.6964,-0.63031,6.7828,19.716,-11.744,NaN,NaN,-13.185,NaN,-54.747,-12.587,9.8972,-6.6244,65.7,NaN,0,0.2,0.75254,33840,-10.213,7.0888,4.3658,-0.7,-0.2,-0.0041716,0.0063922,-1.2967,-1.8367,0.5433,1.03,-0.035417,-0.04686,-0.0028617,0.0020656,-0.0049413,-0.0086972,-0.021307,-0.014505,-0.011866,-0.0025071,-0.011646,-0.0031771,-0.010683,0.0069208,0.001461,-0.0939,55.448,6.6201,0.0689,-0.0001,-3.73,-0.54,-60.442,-51.925,-53.412,-95.806,-10.662,-10.715,NaN,-0.93349,0.008,4.4091,5.8708,-21.8,2.2893,2.5825e+05,0.53791,-0.013735,-25.95,12.483,-11.299,-14.306,0.2337,-10.521
-6.2629,2.9356,12.536,2.0632,0.74623,-39.747,-11.172,-9.1278,-8.4367,-23.997,-0.7,-0.44586,0.3,-11.57,-1.1244,-17.749,-11.59,0.9642,-8.7427,-8.5958,NaN,-8.3052,-5.9781,-3.7663,-10.602,-20.422,-4.6249,-16.137,-15.636,0.58521,-14.666,-0.16225,75.69,72.377,-2.7655,-3.1022,-9.6298,-0.47387,-9.2995,-11.67,-6.3151,-10.14,2.0149,0.66804,-3.8326,0.38923,-0.29191,1.9266,-1.7057,-1.5543,-1.1963,-0.59625,-1.9104,-2.4791,-0.8038,-0.95482,-1.4736,63.767,8.8333,0.49093,0.11111,1.2333,0.7,0.4,7.325,38.326,74.808,41.296,47.655,-5.0142,-18.115,28.706,16.337,-6.9809,NaN,-6.902,38.667,-0.3,-0.1334,3101,3.0419,-21.774,36.603,-133.81,-40.303,63.926,-48.795,-2.2932,2.3284,4.6377,NaN,-9.4179,12.538,-5.3632,5.0515,-0.0030748,5.6934,-0.0058871,-0.004182,-0.0026795,-0.0045635,-0.0026037,-0.0019142,-0.0022734,-0.0087458,0.0012621,-0.0033143,-0.0076775,0.0085901,0.00068276,-0.030471,-0.00089512,-0.0034663,-0.006264,-0.0060434,-0.0026054,-0.0009552,0.026334,-0.01273,3.5391,-0.0071019,-0.0014592,3.4924,0.00026341,0.014538,-0.0017352,-0.00067892,11.464,-15.982,-54.249,-0.084085,4.7459,2.031,NaN,5.6498,5.841,NaN,-1.8393,-1.6159,12.273,NaN,12.312,-7.7327,14.227,12.813,0.8567,14.333,14.293,-0.33,0.3933,0.35,2.74,3.12,0.26,1.52,1.48,0.99,-3.0434,10.749,5.8873,5.4093,7.523,10.257,-4.0843,-0.30238,2.5208,-1.5046,-0.49902,NaN,-1.4193,-4.7724,-5.7367,-0.95804,481.84,-3.974,4.5663,-4.3999,21.359,-10.577,NaN,NaN,13.809,NaN,9.9597,16.142,-7.7464,5.7651,66.5,NaN,-0.3,-0.2,1.0571,41823,-9.7475,8.7817,-12.405,0.6334,-0.7667,-0.0056976,-0.044438,0.26,-1.4133,0.1633,0.7833,0.038258,-0.032615,-0.0021124,-0.01932,-0.0045515,-0.0046135,0.0031995,-0.011279,-0.0094725,-0.0055573,-0.0079418,0.0026633,-0.080193,-0.026419,-0.002444,-0.0508,17.582,26.108,0.1102,0.0001,0.77,-0.42,-41.829,-65.863,82.564,18.014,-0.77484,-31.105,NaN,19.16,0.0083,5.8042,-5.736,-30.54,4.9678,2.5906e+05,1.8771,0.89639,-5.74,3.7128,-26.974,-27.932,0.4641,-25.042
1.8206,1.2165,1.3977,2.2084,-0.68526,-0.304,-12.719,-17.152,-12.668,-13.311,-0.1,1.5174,1.7,-0.53324,1.4002,2.3797,-6.6032,2.406,1.9279,1.8113,NaN,-5.1376,-1.08,2.9098,-8.918,-7.6904,-6.2897,12.215,30.208,-0.36486,-8.8711,-1.2123,74.314,71.59,-2.1267,-2.501,-8.8871,-0.051584,-8.1702,-11.055,-5.412,-3.3615,0.78184,0.71818,-3.9269,-0.38923,1.3798,0.73151,-13.804,-0.33179,-0.39124,1.4832,-2.2993,-3.9801,0.18282,0.4777,0.14573,64,9.4333,0.26362,0.3188,0.7,0.6333,0.5,-6.4501,26.291,52.309,99.443,41.359,29.072,-4.5455,1.4616,32.476,1.3081,NaN,1.8763,39.133,0.1,-0.0666,2807,29.773,46.429,39.827,180.05,44.118,-10.101,33.672,2.236,3.6357,-16.002,NaN,-10.698,-51.357,-0.98085,3.8258,-0.0011096,5.2778,-0.0012015,0.00064906,-0.0035475,-0.0006215,-0.0027372,-0.0047038,-0.0029027,0.0037246,-0.00063497,-0.003207,-0.0099836,-0.0010102,0.0048572,-0.032608,0.00076205,-0.0050876,-0.0071462,0.009759,-0.0028957,0.00010063,-0.0019304,-0.00035943,5.7375,0.0061617,-0.0047724,0.401,-0.0064416,0.010563,-0.01106,-0.0076671,18.79,-32.008,37.135,-0.74632,-3.0686,-1.0333,NaN,-1.1106,-0.44671,NaN,0.046086,0.49789,3.2739,NaN,3.0538,8.7976,14.513,12.42,-0.5167,13.797,13.93,-0.65,-0.5,-0.2533,2.85,2.83,0.13,1.38,1.51,1.39,-0.29438,8.495,-1.5424,2.7303,-0.24466,12.051,-1.414,-1.8605,2.9398,3.8429,-0.92343,5.1,-0.6057,0.79181,-1.6141,-0.7974,477.99,0.061238,-2.1561,0.17472,17.821,4.4786,NaN,NaN,14.607,NaN,25.32,17.262,-14.675,11.673,66.2,NaN,-0.2,-0.5,-0.01085,17277,-2.1904,-12.201,14.784,1.1666,0.4,-0.042875,-0.016316,-0.33,-2.0933,-0.4533,-0.0033,0.01592,-0.0050984,0.00099854,-0.0086831,0.0030784,0.0048472,0.012304,0.0050156,0.0058734,-0.0018715,0.0058495,-0.01194,0.061838,0.0087836,0.01678,-0.0505,34.145,-0.68094,-0.0104,-0.0009,0,-0.7,83.547,144.69,12.873,30.376,-11.603,-3.2907,NaN,0,0.008,0,-1.4177,-59.25,9.7808,2.5406e+05,0.093092,-3.0477,-40.8,17.575,-0.23369,-0.10473,0.0837,-0.22857
-1.5321,2.6726,3.1713,3.0701,1.7032,-3.6824,-9.6119,-7.8791,-11.675,-0.52197,0.2,3.1941,6.7,-11.36,0.0059722,-18.144,18.135,1.9147,-2.1603,-2.536,NaN,-5.7603,-3.5127,2.1262,-8.7485,-12.941,0.56997,-1.7118,2.6932,3.4709,-14.079,-3.2997,72.94,70.625,-3.0547,-3.1988,-9.1279,-0.75468,-9.8992,-12.069,-4.4903,-8.7806,1.2407,0.74247,-4.6596,-0.16935,0.81399,1.0948,-25.219,-1.2141,-2.389,0.62738,-3.2161,1.7172,-2.3832,-3.6392,-0.80955,64.067,9.9,0.28178,0.23515,0.9334,0.7333,0.2,11.984,8.4851,40.921,60.329,33.911,9.7122,-29.725,57.329,18.342,-2.6152,NaN,-2.9059,39.067,-0.0333,0.0333,2474,66.215,127.34,35.82,-4.3909,67.406,89.624,52.218,-6.8711,4.6814,-14.893,NaN,-18.8,-22.983,-0.4289,6.2738,0.0024644,5.5162,-0.0051376,0.0013243,0.0081086,-0.004186,0.0044651,0.012873,0.0041834,-0.003815,-0.011886,-0.0050245,0.014608,-0.0050946,-0.0048862,0.096903,-0.0022759,0.0026003,0.0076,-0.00073476,0.0053267,0.0020859,0.018797,-0.0041768,6.8869,-0.0017034,0.007972,1.7329,0.010335,-0.026634,0.014047,0.0070061,18.259,-6.0891,-9.0792,-0.93839,-1.391,-1.5825,NaN,-0.63217,-1.1518,NaN,0.75198,0.077739,5.6274,NaN,5.4886,3.8749,11.007,9.3167,-2.1766,11.84,13.117,-0.59,-0.7567,-0.53,3.1333,3.06,1.06,2.52,3.8,1.83,1.1769,71.36,-2.44,-0.35968,1.8119,5.3008,-3.8021,-5.1391,-1.9753,5.5488,-3.3529,12.1,0.73664,-3.8515,-5.7663,1.3633,477.34,3.1789,-5.015,4.1061,26.693,-12.875,NaN,NaN,16.426,NaN,23.246,23.904,-12.673,1.6675,66.7,NaN,-0.5,0.2,1.5232,94833,-3.6615,-5.6767,-0.36952,1.0334,-0.0333,0.053816,0.062357,-0.9533,-1.69,2.1,2.7467,-0.028835,0.045969,-0.0010566,0.032417,-1.7721e-05,0.0084699,-0.0053278,-0.0024455,0.0042542,0.0064646,0.003231,0.0032106,-0.04255,-0.014855,-0.006041,-0.0453,21.113,1.0038,0.0241,-0.0013,-2.66,0.14,7.5952,39.207,31.851,57.558,-13.007,-12.186,NaN,3.5477,0.0081,-1.4432,-1.1637,9.13,7.6811,2.6168e+05,-2.8121,-6.3295,-4.19,-4.1471,-1.0528,0.41907,0.0764,3.3177
0.15974,6.946,17.82,6.1335,4.0735,-32.18,0.21792,-7.6342,-6.9549,30.396,-1.2,6.1195,9.8,-2.0652,3.0177,-18.762,-16.016,1.2543,-0.4123,-0.32603,NaN,-7.6058,-6.2311,-2.6706,-9.6997,-21.53,0.98194,-11.794,-19.161,0.45798,-13.295,3.0041,71.361,68.906,-2.3991,-3.2337,-9.8023,-0.11531,-9.3534,-14.513,-2.5544,-3.5331,1.4661,0.81768,-4.2464,-0.11859,-0.019365,1.3643,-23.404,-2.1263,1.4301,-1.131,-3.572,2.0786,1.6148,1.1602,-1.7061,64.133,10.667,0.30521,0.42826,0.2,0.8334,0.7,-0.13573,10.35,51.275,90.547,41.728,8.6292,-8.2921,6.5824,24.643,-3.7994,NaN,-3.7778,38.967,-0.1334,-0.0333,2401,54.721,17.371,85.414,42.674,14.7,47.951,103.8,-4.4963,11.71,-7.9023,NaN,-8.3393,2.5829,-6.6011,4.3852,-0.0020635,4.0278,-0.004032,-0.0040702,-0.0090083,-0.00067246,-0.0014598,-0.01225,-0.0010374,-0.0054933,0.005213,-0.00055668,0.0010128,-0.0086694,-0.0058514,-0.05655,0.0072648,0.0035948,-0.0044119,-0.016807,-0.0044719,-0.0041915,-0.0061627,0.0055597,1.2272,-0.013202,-0.0034322,0.39887,-0.0034407,0.0072937,-0.0033879,-0.0016715,11.629,0.68581,-13.994,-2.6859,-0.40168,-3.7979,NaN,1.5166,1.4188,NaN,3.3665,3.475,2.3216,NaN,2.5129,7.8695,9.2867,7.9067,-2.1134,9.13,10.667,-2.15,-1.8766,-1.86,3.7233,3.35,0.36,1.22,2.76,0.89,8.1951,22.127,14.533,7.6592,20.992,-0.23107,-3.02,-1.8844,-2.5965,0.89562,-1.4132,48.3,5.1956,3.0771,1.8228,5.4823,482.41,7.9378,-1.4053,9.3081,28.766,11.232,NaN,NaN,4.5083,NaN,4.211,0.14508,-18.033,-5.9318,72.5,NaN,-0.5,-0.5,1.2563,87825,-8.5614,5.9399,-1.3669,1.4,-0.1667,0.016143,0.0051763,-2.64,-1.38,1.18,2.59,0.0038563,0.016261,-0.003412,-0.026495,-0.00072973,-0.013444,-0.010556,-0.016582,-0.014896,-0.0067013,-0.015138,-0.0063503,-0.01215,-0.0041133,0.015606,-0.0226,-21.09,-3.7739,0.0035,-0.0006,-2.35,-0.49,63.626,38.392,91.689,106.44,29.809,96.656,NaN,-0.88398,0.0081,-2.4169,-0.11925,-8.63,5.3342,2.6341e+05,-1.0045,-3.1909,-11.22,2.7003,73.319,72.684,-1.0002,89.274
5.237,3.9354,3.9865,5.2986,1.2747,13.624,8.8752,-2.807,-6.0277,63.426,-1,3.8259,6.5,-0.21067,1.4476,6.4008,9.0636,3.7568,7.5959,5.9008,NaN,4.6119,1.4533,2.0912,6.3669,19.094,12.277,17.562,30.612,-3.3335,3.1072,-14.622,72.064,70.291,0.79931,0.75883,-1.1396,1.4965,-1.356,-1.4157,-0.72137,3.0974,2.7587,2.4177,-1.4647,1.8426,2.8361,2.7597,-21.814,0.66886,0.98389,3.0111,-1.6144,2.6175,1.0973,0.43775,0.094151,63.8,10.367,-0.5814,0.30191,-0.8334,-0.2,-0.1333,-32.252,-30.933,-26.195,51.442,-23.646,1.7568,29.859,-32.138,-9.3477,2.2547,NaN,2.4857,39.4,0.0667,0.1333,2521,95.937,103.1,63.632,107.26,167.65,85.258,78.684,8.2915,3.6896,16.091,NaN,1.3571,-22.948,-5.8444,3.2966,-0.00078146,3.179,-0.0044285,-0.0022242,-0.0011516,0.0042134,-0.0040805,-0.0033507,-0.0037963,0.0118,-0.0012159,-0.0028841,0.0038464,0.0049553,0.0095703,-0.04191,-0.0025273,-0.0079722,0.0018274,-0.0030166,-0.0022892,-0.00094813,-0.012187,0.00079157,0.27234,0.0027153,-0.012538,0.13313,-0.015188,0.0016657,-0.0092822,-0.0026673,-3.3645,-23.585,-58.192,-0.24306,-0.73554,-0.36968,NaN,1.704,1.3378,NaN,5.1061,3.6437,-0.019027,NaN,-1.1078,6.5355,8.6533,8.1067,-0.0866,8.86,10.563,-0.99,-0.0334,-0.5567,3.27,2.47,0.07,0.75,2.46,0.24,-0.28082,-28.801,11.252,21.191,68.599,-3.8876,-2.2821,0.79128,0.095725,1.9857,0.9945,43.9,4.3179,-6.8918,-10.649,5.806,484.89,5.8512,0.55817,6.6117,21.543,4.1557,NaN,NaN,-10.558,NaN,-23.412,-38.035,-29.011,-1.3012,75.3,NaN,0,-0.2,0.64755,76973,8.8295,-11.745,-19.132,1.8666,0.4,-0.06157,-0.067505,-0.3434,-0.5467,1.47,3.19,0.018786,0.031897,0.0050628,-0.0099161,-0.0044032,-0.0047579,0.0047309,0.0023865,-0.0023953,-0.0051599,-0.002044,0.0050292,0.025671,0.016251,0.022538,0.0166,-74.377,-6.5955,-0.062,0.0002,-0.46,-0.31,95.623,61.15,68.75,38.288,22.82,56.377,NaN,1.766,0.0078,0.96852,3.1023,-37.04,6.6436,2.5768e+05,2.3259,0.81,-27.16,15.448,30.77,33.09,-0.3493,52.938
9.0004,8.0633,28.146,5.4175,4.6723,33.943,14.77,19.635,5.5218,44.056,-0.2,3.2824,7.7,13.674,-0.7945,1.1947,29.633,2.7626,13.209,11.073,NaN,8.7932,6.9323,8.6465,9.6611,20.831,12.149,19.379,20.39,4.747,7.2134,18.509,73.586,72.19,3.0327,3.7257,4.1048,3.1709,2.6036,5.1755,2.4793,-0.43623,5.6854,3.5113,2.8657,5.0279,4.5686,5.6408,-10.557,3.2123,-0.1416,3.706,2.3302,-1.2837,0.62047,-0.084689,3.2227,63.933,10.133,-0.34772,0.052857,0.2667,-0.3,-0.4,-4.3276,-26.682,-56.185,10.49,-9.4771,-11.15,-20.255,31.1,-20.399,4.2298,NaN,4.6631,39.933,0.1667,0.4,2789,7.2936,-27.176,54.007,-18.002,-76.744,9.0626,60.843,11.377,15.972,19.654,NaN,1.8551,32.954,1.4031,3.6358,-0.0054433,2.9571,-0.0012476,-0.0016495,0.009798,-0.0033939,-0.005759,0.015235,-0.0070851,-0.0073282,-0.00050234,-0.0015536,-0.00016987,0.011004,0.00068982,0.084213,-0.011504,-0.0015485,-0.0088652,0.026064,0.0017129,0.00042245,-0.051987,-0.0049648,4.5992,0.0036771,0.0069174,1.4584,0.0082493,0.0072893,0.0029795,0.0020013,-5.8683,-14.159,8.659,0.89498,-3.8618,0.21279,NaN,-1.0043,-0.72814,NaN,8.5467,6.8441,-2.7493,NaN,-4.7331,13.084,8.8033,8.3967,0.2933,9.18,10.543,-0.27,-0.2733,-0.5833,2.7067,2.22,0.07,0.78,2.15,0.22,3.9299,-32.403,7.6208,5.5738,20.33,-3.9238,5.0376,3.7994,3.8479,9.7654,4.8222,38.6,6.8025,9.3545,6.5918,6.468,489.4,8.6939,2.0964,9.5314,19.28,2.1897,NaN,NaN,7.529,NaN,11.473,3.0586,5.0051,1.2038,91.5,NaN,-0.2,0.4,1.0426,1.2957e+05,11.275,17.146,21.855,0.9334,0.4,-0.0037135,-0.016523,0.1034,-0.4067,1.4233,2.7667,0.0022402,-0.015201,0.0022952,0.025604,-0.0087911,0.012825,-0.0051842,0.0077682,0.010484,0.007053,0.011848,-0.0080262,0.023658,0.01037,0.017574,0.0291,-17.166,-0.36427,-0.0551,0,0.28,-0.18,16.497,35.889,50.065,89.011,25.103,66.444,NaN,4.3812,0.0079,-0.96852,1.5973,5.84,8.0161,2.6314e+05,-0.1418,-3.0669,-4.88,-0.37656,38.862,38.891,-0.4118,54.706
7.9174,7.1093,15.09,5.861,6.0397,24.29,21.806,21.938,16.496,37.29,-0.1,6.8453,10.7,-7.1876,3.4796,5.9682,30.006,5.9577,9.7605,9.7034,NaN,13.488,11.712,10.627,14.876,20.959,9.5102,23.704,26.646,5.7543,17.835,12.495,76.018,74.657,4.1181,4.9106,6.2154,3.1323,7.1652,8.0952,3.3347,12.526,6.3371,4.6261,-31.575,5.902,6.3546,6.1757,1.6216,4.8561,0.44961,5.9441,3.9654,2.061,1.6741,-0.52264,6.6114,64.233,9.3667,-0.48987,-0.25229,-0.9333,-0.8,-0.6667,3.8122,-17.547,-28.404,-39.252,-37.624,-4.3938,-9.4356,-13.74,-3.0592,8.1067,NaN,7.9729,40.4,0.0666,0.3333,3095,32.678,94.616,7.0518,39.277,18.459,32.164,36.175,10.149,9.1163,15.133,NaN,3.7971,6.9009,5.0658,5.228,0.0074669,4.2314,0.0031719,0.0042706,-0.0029858,0.0017419,0.0091268,-0.0049423,0.010081,0.0039668,-0.00069919,-6.0839e-05,0.002234,-0.0092908,0.0019115,-0.010556,0.00060546,-0.0041115,0.0059713,-0.0037195,-0.009103,-0.0028119,0.10256,-0.00050285,3.8817,0.0025705,0.0019528,3.8203,0.0032826,-0.010271,0.010897,0.011619,-11.267,-7.473,7.1762,-2.7748,-5.4448,-1.8819,NaN,-1.6921,-2.1049,NaN,1.7886,1.5957,0.10855,NaN,0.32889,14.641,9.46,9.14,0.8367,10.297,11.627,0.89,0.7733,0.2767,1.9,2.03,0.17,1.16,2.49,0.2,4.0517,-26.394,5.1057,2.3882,0.88544,2.0876,9.2476,5.0516,5.3476,12.973,6.4293,28.1,0.014851,7.5604,1.6028,-0.98904,480.97,0.30881,-0.72393,0.25111,18.942,-2.5501,NaN,NaN,11.415,NaN,13.618,8.2176,-11.132,0.51944,91.2,NaN,-0.1,0.4,0.45943,80820,14.059,13.366,10.321,0.2,0.3667,0.037449,0.045606,1.1966,-0.32,1.9633,2.8833,-0.0030654,-0.0066951,0.0015722,0.0027746,0.00080919,-0.0014717,0.011323,-0.0017905,0.00019346,-0.0014512,-0.0011304,0.0049978,-0.014661,0.0016879,-0.038713,0.0468,-46.883,5.6637,-0.0413,0.0009,0.72,-0.12,40.687,9.0048,2.6383,1.6387,22.503,3.9092,-0.0040429,2.6059,0.008,-0.97087,-1.6641,7.34,5.602,2.6962e+05,-0.25439,-2.4051,3.12,-4.1264,6.8239,8.517,-0.0432,16.526
8.259,6.324,19.283,4.1104,4.8539,37.135,21.694,33.653,23.482,16.607,0.6,-6.4526,-12.3,7.9697,0.23447,7.9689,19.156,8.8114,9.5854,9.9923,NaN,10.41,7.7556,2.7365,12.715,20.249,6.3705,15.798,19.634,-2.2677,17.544,-14.602,77.863,76.73,5.5708,6.8946,7.4355,4.7609,8.0515,9.7782,3.7969,11.229,4.5954,3.9582,39.937,4.7959,5.5916,4.6133,5.4914,5.1986,-0.64959,5.5071,5.509,0.68466,0.036323,-1.3309,3.829,64.067,8.5333,-0.50206,-0.31633,-1.9667,-0.8334,-0.5,-21.412,-35.302,-57.825,-60.385,-56.236,-23.426,28.445,-28.404,-12.964,6.3784,NaN,7.4438,40.567,0.2,0.2,3502,-16.39,-21.879,-6.4926,-42.464,-36.09,-6.2843,-18.684,13.379,13.482,29.411,NaN,14.981,22.11,6.0552,2.6325,-0.0071113,2.982,0.003415,-0.0039607,-0.005282,0.00075015,-0.0074017,-0.0079656,-0.007612,0.002657,-0.00084712,0.0047223,-0.0097011,0.0018078,-0.013158,-0.035399,-0.0027395,0.0032918,-0.0011463,-0.0086946,0.012011,0.0058798,-0.083315,0.00018373,3.9762,0.00050608,-0.0026335,1.9617,-0.003628,0.015128,-0.0059775,-0.0037291,-11.563,-3.3366,-25.744,1.0013,-0.84602,1.8202,NaN,0.85235,2.0342,NaN,2.1445,3.6172,2.1077,NaN,2.4036,1.7511,9.43,8.8,-0.33,9.9533,11.687,-0.19,0.0667,0.08,1.92,1.78,0.18,1.15,2.89,0.41,4.6286,-5.3955,2.8922,3.2239,-2.5252,5.8266,16.399,10.739,9.0951,20.479,12.465,29.3,1.2082,11.021,2.2098,-0.12965,470.34,0.9088,1.9607,0.39298,15.815,-0.8422,NaN,NaN,0.019278,NaN,2.2655,-13.96,-10.851,1.8127,91.5,NaN,0.1,0.1,-0.15557,48643,11.895,-15.921,-12.003,-0.7667,0.0667,-0.0043337,0.018873,-0.0133,-0.63,1.98,2.98,0.0051292,-0.014532,-0.010958,-0.0065379,0.00044875,-0.0043904,0.0029627,0.003872,-0.0024462,-0.00042061,-0.0017553,0.0016973,-0.046593,-0.012651,-0.0013987,0.0709,-29.484,7.5298,-0.0276,0.0007,-0.13,-0.22,-30.318,-6.9088,-11.711,15.084,14.399,-31.009,-8.2981e-05,6.0152,0.0078,2.4228,1.6704,-37.64,7.9135,2.6523e+05,4.0987,2.6743,-21.13,14.473,0.5636,0,0.042,1.5011
7.7436,3.3058,14.849,1.7795,1.0308,36.902,12.358,6.8992,12.522,11.898,1.9,4.217,3.4,13.943,5.0412,8.2632,30.928,7.9113,9.0993,9.8518,NaN,11.556,11.697,8.4715,11.951,20.076,4.928,16.664,21.562,5.2653,15.791,17.637,79.88,78.755,5.2394,6.2072,5.8129,4.5678,7.2812,7.6467,2.9263,14.448,5.2568,4.09,5.4415,5.3636,6.3506,5.2446,2.3873,6.4824,0.61631,6.1879,6.4534,-0.13684,1.667,0.4394,4.1736,64.033,7.8667,-0.4122,-0.25809,-0.9333,-0.8333,-0.3666,-12.713,-19.876,-62.285,-56.083,-45.418,-17.169,-33.672,-1.0403,-11.91,7.7347,NaN,7.6279,40.8,0.0334,0.1,3804,45.981,20.517,39.276,102.23,103.09,3.2911,86.834,8.7744,11.105,15.599,NaN,13.11,35.924,11.002,4.2993,0.0020929,3.9264,-3.7267e-05,0.0018006,0.0063881,-0.0059195,0.0024897,0.012045,0.0020225,-0.010763,-0.0037169,-0.0027619,0.0016552,0.016005,0.0064393,0.024102,0.0021979,-0.0017309,-0.0015689,0.005465,-0.0040676,-0.00028657,0.0096778,0.012271,5.631,0.00080865,0.0093853,4.4112,0.011372,0.018981,0.002254,-0.00071207,-1.3177,-3.8725,0.86439,-0.50735,-1.4539,0.18361,NaN,-0.90096,-1.1058,NaN,1.4668,2.1208,2.2103,NaN,3.0575,-1.9,9.6867,9.17,0.3066,10.177,11.943,-0.13,-0.1267,0.1366,1.8,1.39,0.11,1.01,2.77,0.28,-5.962,16.921,1.063,2.9004,0.44968,9.031,12.025,13.573,8.62,16.124,14.031,25.9,3.3193,3.1385,-4.7727,3.3444,465,-0.71752,13.272,-1.1799,19.572,2.0936,NaN,NaN,2.3532,NaN,6.8114,-5.5714,-9.394,5.4213,99.5,NaN,-0.1,0.5,0.27894,74548,11.906,20.157,12.339,-0.2,0.3,-0.018493,-0.032151,0.2333,-0.5167,1.9567,2.5967,0.003341,0.011909,0.0049453,-0.0014273,0.0036137,0.0055158,-0.013253,0.0001521,0.00219,0.0044702,0.0038456,0.00058689,-0.01631,-0.016717,-0.018639,0.0639,-46.407,9.6555,-0.0103,0.0017,0.24,-0.24,61.21,97.807,2.1005,74.5,28.428,-27.741,0.0018236,12.593,0.008,1.9277,-0.65055,-9.18,9.6871,2.7002e+05,1.2024,-2.0328,-8.01,2.5351,-13.247,-12.771,0.2026,-24.242
6.8521,5.565,9.2118,3.1379,8.6627,12.801,15.326,19.242,18.222,6.9975,1.7,8.5962,12.7,4.5012,5.3028,9.8205,16.415,6.5894,7.5409,8.5254,NaN,6.1106,4.9654,0.76334,6.8214,8.9982,2.6685,-1.4843,-14.579,1.7022,9.7826,1.985,80.726,79.511,4.43,4.935,4.4221,4.1996,5.1274,5.9824,1.939,8.3947,5.859,3.6142,4.0331,5.3873,4.8547,5.7665,3.2922,4.5034,1.9923,4.2559,4.483,1.8661,3.5642,1.4141,5.2745,64.467,7.4333,-0.19501,-0.19784,-0.8667,-0.4333,-0.2667,-7.3278,-21.813,-17.545,-46.698,-31.178,-6.1596,10.22,0,-6.7294,4.9759,NaN,5.1687,40.7,-0.0334,0,4099,-24.955,4.5198,-14.515,-25.584,-7.3643,-22.759,-36.453,5.6547,8.9579,-19.472,NaN,9.5726,4.0774,9.8375,3.8553,0.0015755,3.577,0.0024807,-0.0014731,-0.0055821,0.0059128,0.002276,-0.010962,0.0022113,0.0092194,0.005003,0.0014707,0.0029831,-0.020054,-0.0073175,-0.0063982,-0.0018762,0.0043852,-0.0025649,-0.012919,0.0021882,-0.0012588,0.038583,-0.015411,3.7536,-0.001465,-0.0078174,2.7005,-0.010112,-0.038151,0.0012423,0.0012398,-1.3826,-5.6738,-2.3882,-1.3349,-2.4636,-1.5344,NaN,0.41027,0.25085,NaN,2.3776,3.544,0.47341,NaN,1.8082,6.1442,10.557,9.7967,0.9367,11.547,13.2,0.67,0.93,0.9567,1.5,0.8,0.42,1.75,3.4,0.81,5.64,18.048,3.2493,4.7752,3.9953,15.318,14.986,12.033,9.4433,23.892,14.192,15.5,2.9333,9.3415,2.752,2.0396,459.74,0.69999,8.2928,0.17265,17.941,0.59861,NaN,NaN,4.7329,NaN,9.0357,-1.9795,-11.079,11.712,96.6,NaN,0,0.2,0.2724,67944,5.9597,3.6167,-3.4665,-0.9,-0.0334,0.0085503,-0.043793,1.3634,-0.76,2.45,2.6567,-0.019879,0.0018468,-0.0049439,0.0024804,-0.0040874,-0.0049802,0.01112,-0.00081953,-0.00078011,-0.0056464,-0.0030553,-0.0025355,0.031687,0.021001,-0.0055313,0.0537,20.635,13.513,0.0206,0.0019,1.15,0.05,4.7021,-40.148,-8.7749,-20.38,16.506,-30.889,0.0036418,12.208,0.0082,4.3037,3.1613,-4.7,11.94,2.7488e+05,0.38099,-4.1835,-15.5,4.8,-11.641,-9.0226,0.2041,-31.654
3.8378,2.9556,0.15171,4.9968,0.31373,8.5639,7.8619,12.314,12.087,-4.6774,1.7,3.2252,-0.4,0.82964,6.7691,8.7403,10.223,5.2462,3.4904,3.9414,NaN,2.8299,3.5222,-2.286,1.9546,4.7564,-2.781,3.7901,3.486,-4.6541,12.156,-16.471,80.808,79.648,3.9413,4.1651,2.3075,4.1093,3.433,4.2463,-0.81324,8.0171,4.8716,3.845,2.8877,4.4113,4.7078,4.604,3.0051,4.6087,2.8549,4.9624,4.5421,1.8574,4.0653,2.6872,1.2269,64.467,7.4333,0.11596,-0.14338,0.2,-0.1,0.0333,19.691,17.91,-12.098,-39.669,-5.4101,14.387,17.479,-14.856,-3.5014,1.7883,NaN,1.6879,40.533,-0.0666,-0.0666,4175,-34.512,-26.956,-53.981,-31.885,-5.4421,-44.771,-28.507,1.028,-1.293,0.49816,NaN,1.1018,-11.051,9.4816,3.0748,-0.0022824,3.598,-0.0017402,0.0002821,-0.00023173,-0.0042179,-0.0033014,0.0016229,-0.0029288,-0.0028477,-0.0051145,-0.0034406,-0.0087467,0.0064825,0.01396,-0.02905,0.0026645,0.0010807,-0.0021028,-0.010826,-0.00074507,-0.0020041,-0.011788,-0.0055372,3.4632,0.00016792,-0.0038601,-0.89803,-0.0041945,0.014891,-0.0084056,-0.010031,4.3878,-5.1939,-20.759,-0.75756,-2.8174,0.091964,NaN,2.7476,2.7111,NaN,1.7973,2.1492,3.636,NaN,4.0309,2.301,11.39,10.32,0.3133,11.81,12.867,0.5,-0.2233,0.01,1.8433,1.63,0.21,1.49,2.55,0.82,4.3184,4.9467,-0.23122,1.7808,-4.5037,8.4733,13.62,12.465,8.6029,20.731,14.001,19,6.2328,7.8788,2.6326,6.0007,460.61,5.335,8.3592,5.5909,19.721,0,NaN,NaN,21.251,NaN,33.494,23.41,-29.52,6.5067,98.9,NaN,0,-0.1,0.76899,92853,3.5016,-19.152,-8.3305,-1.1667,-0.1,0.028598,-0.054352,-0.18,-1.07,1.4367,1.6,-0.0057992,-0.046086,0.010804,-0.010048,-0.00081777,-0.0029433,-0.0087794,0.0020593,-0.0017142,-0.00038404,-0.0010482,-0.00040926,0.019706,0.01578,-0.0097612,0.009,19.501,9.8793,0.0345,0.0021,0.54,-0.25,-13.584,-49.382,-59.778,-63.36,-7.3671,3.0767,-0.00051541,9.5054,0.0079,3.787,5.6223,-51.58,11.147,2.6613e+05,0.87386,-3.3418,-45.21,24.088,12.057,12.107,-0.0757,-12.587
3.27,5.1484,12.792,4.3692,3.0557,-5.2224,7.0978,11.598,9.3058,0.39652,1.2,8.3115,13.5,6.0109,4.0389,8.0569,11.555,3.2521,3.0451,3.129,NaN,0.19536,5.6638,3.3109,-4.483,0.6925,-3.5826,-0.43941,-0.24374,4.7998,8.1997,5.5829,80.281,79.49,3.5651,3.933,-0.022196,4.4737,0.8015,0.93223,-1.5731,5.8731,5.6573,4.684,1.8769,4.9804,7.0117,5.825,-7.4891,5.037,1.772,6.504,3.3675,1.4888,1.5934,1.9303,2.2022,64.5,7.3,-0.072676,-0.096453,-0.5333,-0.2334,-0.0333,-3.83,-6.4452,-12.732,-28.564,-7.2136,-6.6417,7.8403,-29.92,1.6845,2.1981,NaN,2.5488,40.467,-0.0667,-0.1,4243,-10.094,-83.944,8.5805,1.1429,71.9,-28.302,-23.893,3.8325,9.4331,-2.404,NaN,-4.1878,-10.061,5.8257,2.4583,-0.0022714,2.782,-0.0015403,-0.0010862,0.0008686,-0.00014492,-0.0033043,0.0013865,-0.0033987,-0.0056052,0.00562,0.0039087,0.00027229,-0.0052129,-0.0029076,0.033697,-0.0039922,-0.0054594,0.0013378,0.019969,-0.0015219,-0.0012597,-0.027563,0.0016313,3.4335,-0.002341,-0.00032162,-1.0291,0.00064379,-0.011391,0.0012878,0.0016135,-8.5602,-10.617,-26.463,-0.33786,-2.3738,1.5461,NaN,-0.091106,0.18405,NaN,0.50179,0.93622,2.5548,NaN,2.7105,0.95807,9.2667,8.8033,-1.5466,10.017,11.743,-0.85,-0.64,-1.1033,1.8633,1.91,0.18,1.21,2.94,0.39,4.1858,106.15,0.89847,5.3384,6.7895,6.9726,13.746,8.5986,9.4308,21.598,11.067,15.5,5.946,10.711,7.4588,5.2675,462.94,5.0032,8.1612,5.0503,18.381,0.35874,NaN,NaN,9.4345,NaN,11.996,4.1187,-25.97,1.4283,95,NaN,-0.1,0,1.5896,1.5608e+05,2.539,5.0091,7.5156,-0.6,-0.1,0.033267,0.25996,-1.34,-0.4633,2.22,3.0833,-0.0079316,0.007803,-0.0039843,0.0066958,0.0013486,0.00094796,-0.0079048,-0.0023958,-0.00040025,-5.8833e-05,-0.00038771,0.0012969,-0.026513,-0.019002,0.003787,0.0177,22.558,6.9187,0.0172,0.0015,-1.94,-0.07,49.943,23.848,-8.0738,10.498,30.136,0.65647,-0.0038464,0.78201,0.0077,4.218,5.5175,-11.54,9.5452,2.6598e+05,1.9482,-1.2684,-17.34,9.7674,11.462,6.4594,-0.0624,-8.482
3.8577,6.7391,13.671,7.1891,2.4294,-11.121,3.6005,-3.5595,4.456,0.90934,0.4,4.3327,3.7,22.663,5.0227,1.0593,-8.9203,-1.0454,4.3729,4.7104,NaN,1.3116,1.4807,0.83468,1.3121,-1.0618,-1.6014,-0.76012,6.7137,1.4295,1.2384,3.3164,79.939,78.817,2.7695,2.9799,-1.1039,3.6424,0.090209,-0.82456,-1.5598,5.7596,5.8607,4.6298,1.045,4.9496,4.676,5.8627,-4.8033,2.9655,1.7397,3.5789,2.4144,0.67488,2.6768,1.6988,2.5254,64.767,7.2333,0.072501,-0.075636,0.0666,0,-0.0333,18.081,5.6923,-8.2824,-22.697,-2.402,12.349,-2.9613,3.2232,-12.16,2.9812,NaN,3.1733,40.267,-0.1333,0.0333,4283,20.096,82.258,23.661,-19.887,-9.2623,11.124,72.872,2.5666,7.9167,-0.076002,NaN,-1.1135,21.403,0.43241,4.689,0.0064706,4.0742,0.00057698,0.0047295,0.003312,0.0032454,0.0072062,0.0033142,0.0070153,0.0073825,-0.0035129,0.0027426,0.0033579,0.0052862,0.0034431,-0.0040075,0.0043122,0.0013209,-0.00051141,-0.0014064,0.0019506,0.0021613,0.053613,0.0030638,3.6554,0.0008282,0.0019237,-1.0313,0.00064635,0.0037877,-0.0035445,-0.0035575,-13.148,-28.967,-11.116,-2.6294,-1.1823,-0.79989,NaN,1.4766,1.6581,NaN,1.1946,1.7288,3.525,NaN,3.8776,5.4818,8.4767,8.1833,-0.5567,9.39,11.583,-0.59,-0.0933,-0.2134,1.81,1.47,0.25,1.21,3.4,0.31,-1.9188,29.398,7.0402,8.1958,15.71,-0.30401,13.619,8.7741,6.2568,22.579,11.467,25.9,6.2035,9.063,10.108,5.7921,470.92,6.1454,6.3396,6.4811,16.52,0.20485,NaN,NaN,20.93,NaN,36.036,18.128,-34.284,10.656,94.5,NaN,-0.2,-0.6,0.35574,53617,0.18294,8.9165,-13.59,-0.8666,-0.1,-0.020963,-0.020798,-0.2934,-0.2933,2.7167,3.78,-0.0090208,0.015074,0.0022063,-0.0007094,-0.00081625,0.002209,0.0031261,-0.0010748,0.00054741,0.00025646,0.0027702,0.0029473,0.0001642,-0.0028539,0.011914,0.0018,-23.292,3.1046,0.0034,0.0021,-0.71,0.01,90.718,-4.5271,-6.2102,48.437,31.82,45.984,0.0023113,10.029,0.0081,-0.93349,-4.362,7.45,7.6502,2.7598e+05,-0.13866,-3.5289,5.58,-7.1117,28.275,26.8,-0.2301,13.556
3.5064,3.6554,4.7331,3.6604,3.0956,6.7556,5.1274,8.6369,5.6892,3.3375,0.5,8.7802,11,-21.109,7.1782,-0.85871,19.186,7.7156,3.9456,3.854,NaN,0.26777,-0.11653,-0.7132,-0.53587,-2.1201,1.0478,-4.0825,-13.51,0.53075,-0.90503,-3.4957,79.396,78.272,2.878,2.9314,-2.6351,3.9627,-0.48511,-2.7729,-2.4101,7.8876,5.2812,4.7154,1.1519,4.3019,5.2342,5.2199,-1.614,3.778,2.6157,5.1696,1.6317,5.5801,2.2054,1.8576,0.65852,64.767,7.3,0.04377,-0.035026,-0.2666,0,0.1,-4.4158,7.3074,5.4546,-11.542,-11.513,8.9314,25.453,10.519,10.803,2.1748,NaN,2.6816,40.467,0.0333,-0.1333,4311,2.6357,12.126,3.1564,35.005,53.632,-12.689,-14.599,3.2194,8.8255,-1.4111,NaN,-3.9457,-24.545,2.0188,3.2318,-0.0049095,2.3601,-0.0013758,-0.0053289,-0.0014731,-0.0027639,-0.0052379,-0.0008081,-0.0052552,-0.0055769,0.0043061,-0.010482,0.0060919,-0.0080099,-0.0048779,0.026567,-0.0022723,0.002102,0.00019382,-0.0098799,-0.0016162,0.0030804,-0.058006,0.0070815,3.6219,-0.00042268,0.0041434,0.38716,0.0054646,-0.01557,0.0090118,0.0038812,0.60524,-4.1081,8.3829,-0.076463,-3.4586,-0.17185,NaN,0.32027,0.66777,NaN,1.2622,1.6782,2.4797,NaN,2.5439,2.2139,7.9233,7.46,-0.7733,8.4667,10.813,-0.29,-0.6267,-0.3733,2.2067,1.96,0.2,1.01,3.35,0.39,6.9777,17.143,5.902,3.3969,7.0485,0.22662,9.7963,12.069,7.9414,18.096,13.268,29.3,6.292,10.772,3.0568,5.6402,468.48,4.8364,9.6768,4.9001,15.45,2.6027,NaN,NaN,-11.414,NaN,-24.174,-10.58,47.432,4.5523,94.3,6.3903,-0.1,0.3,0.87862,94506,0.70234,-7.9846,10.087,-0.2334,0.1,-0.00073554,-0.090003,-0.8766,-0.4633,2.3933,3.7067,-0.0052173,0.043081,-0.0016654,0.00055768,0.0024755,-0.0006814,-0.00095523,0.0017078,0.0011514,-6.0944e-05,-0.0013589,-0.0048135,0.080832,0.043375,0.0086104,0.0018,13.789,1.2421,-0.0103,0.0034,-0.64,-0.07,-20.44,59.704,12.147,-24.372,14.846,15.776,0.0025233,7.5474,0.008,1.8648,0.19133,-25.86,11.206,2.7694e+05,0.46485,-4.3698,-21.79,9.8148,16.572,13.439,-0.1228,8.4484
6.0623,7.5261,24.8,5.3547,3.2835,-2.7364,-1.6256,-5.568,-4.5771,7.347,0.4,9.0145,12.4,17.641,6.3082,-5.8774,-3.8883,-1.2554,6.1773,6.9229,NaN,-0.54709,0.98641,1.703,-1.915,-1.4965,0.91882,2.7145,7.2349,1.3253,-1.2472,-1.2451,78.759,77.716,2.3562,2.0557,-2.3219,3.549,-1.3852,-3.1685,-0.94446,3.7204,5.6246,4.9342,0.65672,4.122,2.8786,5.0739,-9.409,2.1467,3.8276,2.8132,1.1669,3.5748,2.6097,4.3879,1.478,64.733,7.2,-0.025559,-0.052799,0.5,-0.1,-0.1,-1.9783,3.7351,0.7732,-18.07,11.196,-14.459,-15.718,-16.47,-3.2932,0.5541,NaN,1.1211,40.533,-0.1,0.1333,4349,-5.7589,-12.851,25.28,-11.708,-49.553,-5.6141,19.905,3.0227,7.6044,4.2255,NaN,2.4755,14.802,1.2595,3.1234,0.0015733,2.6458,0.0026735,-0.00058502,-0.0041193,-0.0040141,0.0025023,-0.0041384,0.0022159,-0.00025381,-0.014072,0.00098649,-0.0064851,0.0015162,-0.0011269,-0.033527,0.0016239,-0.0016313,-0.0025229,0.0041954,-0.0028245,-0.0033917,0.029744,0.00036477,2.4792,-0.0016275,-0.0095756,-2.718,-0.010931,0.0088477,-0.0099666,-0.0064972,-14.199,-6.454,-5.0773,-1.4922,-2.385,-1.5316,NaN,3.3051,3.8129,NaN,5.0587,6.3675,0.018356,NaN,0.82605,6.244,7.9,7.1067,-0.3934,7.9933,10.337,-0.63,-0.6,-0.55,2.1333,1.8,0.16,0.89,3.23,0.6,8.5539,-2.7555,11.332,5.926,11.322,3.9527,11.128,8.2836,7.1106,13.32,9.2971,21.1,2.8339,12.572,13.827,1.3885,471.59,-0.10334,9.5419,-0.5525,15.818,2.0295,NaN,NaN,-20.091,NaN,-40.196,-20.332,36.714,-2.8134,92.8,8.6431,-0.3,-0.3,0.23926,64758,0.10118,0.57486,-6.697,-0.3666,0.0334,0.014002,0.013837,-0.5434,-0.7933,1.8733,3.13,0.0029192,-0.06094,-0.00068308,-0.011299,0.00060914,-0.0063516,-0.0093598,-0.00046494,-0.0034882,-0.0040969,-0.0037967,-0.0013773,0.011625,0.0097042,-0.0082031,0.0089,2.6107,0.70802,-0.0103,0.0022,-0.15,-0.2,-20.463,13.224,10.921,76.461,2.5325,14.068,0.00094866,8.1409,0.008,2.781,0.44214,-22.24,8.7229,2.7682e+05,2.9399,0.25808,-12.91,8.9089,7.5049,8.4391,-0.0276,10.857
2.9622,0.86439,-14.057,3.1901,3.5584,14.478,7.5297,7.3954,7.1744,8.5961,0.7,1.6455,0.2,2.2138,3.0446,11.76,15.355,4.2095,3.6059,2.9098,NaN,2.3352,3.5602,4.1898,1.4745,1.7009,1.0878,5.8376,3.3165,3.5797,1.2223,9.6352,78.798,77.721,2.3804,2.6295,-1.1434,3.2313,-0.3173,-1.5937,-0.41391,4.3975,5.5315,5.8643,1.4192,4.9057,3.8953,5.9816,-8.9296,1.9339,1.1612,2.1411,1.3348,1.4035,2.0756,0.72438,3.1114,64.967,7.0333,-0.14404,-0.012548,0.4666,-0.1,-0.3,-8.0126,-4.9526,-12.82,-2.2632,-14.077,0,3.0419,4.5359,-11.258,1.6284,NaN,2.0062,40.767,0.0333,0.1,4356,28.072,56.934,-14.424,20.404,78.208,38.06,-11.538,0.62618,0.42788,-7.9906,NaN,-1.0995,4.0491,3.5168,2.7792,-0.0030658,2.0765,0.0021621,-0.00018295,0.005337,0.0042842,-0.0053021,0.0058718,-0.0058645,0.0011677,0.016381,0.00056985,-0.0032115,0.0086189,0.0019642,0.012117,0.00092906,-0.00052351,-0.00016023,-0.00021832,0.0014398,0.00057971,-0.045943,-0.0029805,4.0572,0.0026297,0.014313,2.4598,0.01636,0.020478,0.0070667,0.0091027,-16.068,0.45168,16.87,-0.28403,-2.0689,0.094836,NaN,3.7449,3.9511,NaN,1.5998,1.2854,6.4157,NaN,5.8977,-7.1612,8.1033,7.1667,-0.0066,7.8533,9.76,-0.41,-0.4533,-0.4933,2.2167,1.97,0.09,0.69,2.59,0.61,8.481,-11.532,7.2458,1.7978,4.7847,1.984,8.5777,8.7899,10.018,18.145,10.699,20.7,11.001,16.77,12.56,10.125,478.61,11.348,10.214,12.222,17.147,1.6162,NaN,NaN,-27.133,NaN,-37.754,-56.101,16.79,5.6942,91.1,-3.3993,0.1,0.5,2.2281,2.0498e+05,2.183,12.144,1.9669,0,0.0333,0.031814,0.023985,-0.54,-0.9367,1.13,2.4733,0.04874,-0.003517,-0.00066855,0.0087553,-0.00057157,0.0075686,0.0078062,-0.00015342,0.0033035,0.0049317,0.0045779,0.00030078,-0.0037402,-0.0038372,0.012723,0.0091,-2.2732,3.604,0.0034,0.0015,0.07,-0.33,25.041,-4.3598,2.2526,-64.807,7.3614,8.378,-0.0031288,15.801,0.0086,4.5925,2.5704,35.55,0.60487,2.8488e+05,5.9049,8.3652,29.11,-10.878,18.067,18.619,-0.1402,26.068
3.7167,3.4801,8.0354,1.6576,5.0616,-0.11742,1.1426,-4.0171,-3.9826,15.886,0.7,3.1479,-1.1,2.2713,7.2994,12.336,-0.39937,5.2257,4.1463,3.9209,NaN,2.3989,2.1801,5.135,2.0036,5.4432,5.7539,11.516,19.799,2.7603,-1.7067,-2.892,78.963,78.321,1.66,1.6617,-0.94276,2.3994,-0.7035,-1.5511,0.03944,2.5068,3.5363,5.07,0.43568,3.0815,3.3941,3.6696,-13.05,1.0704,1.6519,2.0011,-0.69138,1.3113,0.82723,2.0838,2.6254,65,7.0333,0.041142,-0.08012,-0.7666,0,0.0666,4.2189,1.2703,26.488,-28.904,-3.1673,-7.6745,40.048,-8.8603,-2.7058,0.073197,NaN,-0.63142,40.7,0,-0.0333,4282,15.902,-18.239,12.427,68.06,47.59,-10.251,11.538,4.1194,4.3854,6.7419,NaN,3.0791,-13.17,3.3452,2.8266,0.0036019,1.9646,-0.0016586,-0.00055745,-0.0093849,-0.0023644,0.0068515,-0.012918,0.0081744,-0.00018941,-0.009549,-0.00070706,0.0033031,-0.00238,-0.012053,-0.070242,0.00099316,0.0014152,0.0031113,-0.0078803,0.005273,-0.0028971,0.063238,0.0018882,2.0742,-0.00072453,-0.023528,-6.1131,-0.028575,-0.014702,-0.021651,-0.016673,-10.551,-101.46,-220.35,-2.0386,-5.0891,-1.9202,NaN,3.6427,2.9025,NaN,4.7751,3.8456,1.1184,NaN,0.92047,3.8278,7.8267,6.8967,-0.31,7.4567,8.5567,-1.17,-1.0034,-0.96,2.46,2,0.05,0.56,1.66,0.62,-1.6257,18.536,6.6044,3.8154,5.5036,0.34367,3.4649,3.6614,8.4441,15.688,6.169,32.8,7.3017,-0.25054,-5.4762,8.445,482.48,8.748,4.0098,9.5137,21.672,3.2963,NaN,NaN,-21.27,NaN,-30.375,-39.26,1.4466,7.0412,95.5,34.753,0.1,-0.2,0.287,50038,4.5007,-0.89322,-9.5433,-0.5,-0.0667,-0.059092,-0.042186,-1.0733,-0.93,0.3333,1.7467,-0.064617,0.046358,-0.0097787,-0.013755,0.0036681,-0.0104,-0.0050029,0.001321,-0.0061507,-0.0058998,-0.0095548,-0.0030034,-0.062123,-0.041369,0.025779,-0.0088,-23.275,2.3761,0.0104,0.0004,-0.26,-0.31,2.0176,59.935,-10.149,27.999,22.048,55.566,0.0023982,-0.70485,0.009,1.3675,1.344,61.64,1.8443,3.0159e+05,3.4837,4.2347,40.28,-20.956,44.109,41.133,-0.3729,59.075
1.7975,4.3352,13.85,2.4201,3.559,-7.0452,0.090526,4.9212,-8.1932,22.338,0.3,8.2525,13.6,0.6871,3.8905,4.2838,16.666,5.0833,2.0614,1.556,NaN,-2.4597,-1.774,1.9265,-4.9227,-3.7003,1.8626,0.63633,-5.0666,2.4031,-6.3945,-1.7001,78.247,78.091,1.3615,1.4688,-1.7709,2.4958,-2.3007,-2.5289,-0.55248,1.7617,4.1849,5.5541,-4.5433,3.2754,3.4477,4.1312,-35.813,2.0484,0.8353,3.5592,-0.2589,-1.9248,1.1003,1.5862,1.7289,65.233,7.1667,0.12011,0.044697,0.6333,0.2,0,10.788,24.197,-15.604,20.273,14.858,-1.1609,29.33,18.536,23.902,-1.0407,NaN,-1.0628,40.633,-0.2,-0.0334,4322,-4.3778,-16.356,3.7642,5.8526,-33.077,-16.659,26.56,5.7586,3.4248,-17.335,NaN,-3.6921,-24.258,1.3794,-0.4216,-0.0039258,1.4005,0.0019438,-0.0017444,-0.011067,0.0043733,-0.0061307,-0.019111,-0.0060786,0.0046301,0.0055066,0.00042026,0.0073823,-0.0031508,-0.002281,-0.13116,-0.0063989,-0.0013036,-0.000496,0.008563,-0.0078963,0.0034999,-0.05208,-5.1721e-06,-1.9521,-0.002469,-0.00081205,-7.5412,-0.0019585,0.0056899,-0.0046666,-0.010604,-13.766,-199.05,-82.954,-1.53,0.20141,-1.8929,NaN,6.6307,6.5578,NaN,3.1223,2.5965,1.8989,NaN,1.4456,-1.5761,6.92,6.14,-0.7667,6.6067,7.6033,-0.31,-0.57,-0.7434,2.67,2.65,0.04,0.47,1.46,0.5,14.275,44.792,17.268,12.377,19.569,2.5704,4.2135,5.9805,10.398,11.507,7.1528,35.2,6.7599,8.1008,3.0174,6.5586,484.26,6.2909,7.8315,6.2329,19.517,5.5602,NaN,NaN,-20.067,NaN,-23.587,-40.12,18.689,-5.623,96.8,-23.361,-0.1,0.1,1.2327,1.3807e+05,-0.13267,-3.1763,3.3685,0,-0.1,0.023869,0.009273,-0.7567,-0.78,0.4833,2.0833,-0.010549,-0.0074711,-0.0012873,-0.037104,-0.00094635,-0.018826,0.0021888,-0.001342,-0.01125,-0.012971,-0.0070678,-1.0785e-05,0.04316,0.018883,-0.037029,-0.011,8.7806,0.51433,0.0068,0.0014,-0.87,-0.28,35.14,23.361,-19.427,9.001,70.154,45.5,-0.0013457,4.2106,0.0094,2.7211,3.59,49.34,5.9647,3.1655e+05,3.4917,2.3565,26.52,-13.402,35.864,39.837,-0.2784,50.38
3.8099,7.0143,32.727,3.3396,0.83186,-10.907,-1.7715,-2.3321,-4.6221,5.4515,-0.2,8.619,14.6,5.4085,3.6835,9.0518,10.937,2.542,3.7294,4.2291,NaN,1.5657,1.9619,3.2553,0.65159,1.9815,3.4021,10.657,15.231,0.45834,0.41612,10.98,78.32,78.31,1.9728,2.1239,-1.9387,3.2119,-2.0785,-2.8425,-0.49394,0.56751,4.9881,5.3053,3.5624,3.4357,3.0761,4.1643,-21.114,3.1714,1.2299,4.0756,1.1705,-0.92191,0.65188,2.1187,2.7899,65.367,6.9667,-0.19016,0.00068077,-0.7333,-0.0333,-0.3,-14.618,-23.194,16.349,2.2027,-16.252,-2.1474,-14.264,-3.5376,-19.112,2.1467,NaN,2.0244,40.667,0,0.0667,4336,-26.261,-45.231,-19.032,4.4446,12.225,-37.815,-51.157,6.3047,14.061,2.8639,NaN,-5.2412,-3.3948,-0.85078,2.1036,1.2601e-05,1.898,0.0012615,0.00040459,0.018969,0.0037209,-0.0026223,0.026743,-0.0032389,0.005133,0.00031101,0.0019595,0.0074984,0.012299,0.016502,0.1279,0.0044728,-0.0037299,-0.0014499,-0.0051949,0.00090742,-0.0014046,-0.0073243,-0.0040278,2.4384,0.0011008,0.012562,-1.8739,0.017,0.021349,0.012039,0.018592,-53.961,-23.996,-4.5355,-1.3885,-0.15591,-1.6219,NaN,2.699,2.4817,NaN,1.7127,2.0831,2.704,NaN,3.2916,-3.9261,6.2067,5.5233,-0.5933,5.99,7.3067,-0.01,-0.1733,-0.0933,2.8733,2.93,0.06,0.47,1.78,0.45,8.9641,31.144,14.168,7.4177,15.617,2.2211,6.5257,6.5952,11.908,6.8674,6.6533,30.4,2.8729,11.092,8.5505,1.6226,483.15,0.90171,7.333,-0.27499,20.855,3.3385,NaN,NaN,-16.946,NaN,-40.283,-34.53,-5.7924,0.28881,94.8,-4.6085,0.1,0.2,0.81854,1.014e+05,2.362,14.095,-0.27316,0.5,0.0667,0.016825,0.018702,-0.4766,-0.6833,0.72,2.6233,0.06039,0.0076476,0.018013,0.035045,-0.0019822,0.023909,0.0037545,-0.0024428,0.010349,0.015467,0.01199,0.00064551,0.039275,0.027996,0.034937,0.0131,7.8541,0.13998,-0.0241,0.0014,-0.66,-0.23,10.012,-11.281,-30.13,-25.397,41.194,-17.085,-0.0054544,11.016,0.0099,3.1514,1.0899,36.77,4.7526,3.2936e+05,4.5056,4.3919,27.14,-11.121,0.94104,-2.4425,0.0391,6.142
2.1426,2.4459,-6.3867,4.3658,3.2367,1.1955,3.0753,4.537,3.8506,1.1215,-0.3,-1.6561,-4.6,9.9188,1.3417,14.672,3.0923,0.60896,2.1658,1.96,NaN,4.5632,4.0721,5.1307,4.9609,5.2665,7.4426,9.3758,12.514,3.4928,1.3831,-1.5388,78.91,78.902,2.591,2.3064,-0.43465,3.4216,-0.15503,-1.6405,1.48,2.5573,3.874,4.2112,2.9356,3.8907,4.5218,4.643,-11.076,1.7355,3.9888,2.3562,-0.11689,1.7979,3.8213,4.723,1.8942,65.367,6.8333,-0.12104,-0.034879,-0.5,-0.1,-0.2,-9.2012,1.9982,-25.509,-12.607,-6.8389,-12.053,10.553,-20.838,8.2048,2.9186,NaN,2.993,40.7,0,0.0333,4411,-10.68,-42.372,2.3046,-2.6608,-14.993,-41.767,31.199,2.687,4.034,1.9642,NaN,-2.3147,21.877,-0.57363,2.4147,0.0012586,2.367,-0.00061999,0.0014752,-0.0011653,-0.0026649,0.0021442,-0.00040181,0.002102,-0.0042199,-0.0016388,0.0022512,-0.0069494,-0.0087041,-0.0039494,0.045589,-0.0048503,-0.0022299,0.002826,0.015079,0.00090924,0.00034672,0.013309,-0.0019904,2.7859,0.0002016,0.009383,1.473,0.010895,-0.019719,0.015126,0.0077905,-12.451,30.928,38.402,-0.41296,2.6403,-1.7162,NaN,2.8321,2.7361,NaN,-0.82805,-0.9537,6.2079,NaN,6.1756,-6.2463,6.2667,5.3533,-0.18,5.7967,7.2633,-0.58,-0.1533,-0.0867,2.83,2.4,0.05,0.44,1.91,0.49,11.927,6.194,14.245,5.9728,13.806,5.6886,4.425,5.1687,12.051,6.5681,5.4678,16.1,10.309,10.225,9.6161,10.322,495.03,12.134,6.1828,12.793,19.856,2.9066,NaN,NaN,0.47435,NaN,-5.2519,11.686,-15.879,-0.14438,92,-18.731,0.2,0.1,1.4275,1.4024e+05,4.9412,-1.6754,-0.61197,-0.3,-0.0667,0.036743,0.042844,-0.1734,-0.9133,0.4867,2.41,0.0030294,0.00021153,-0.0066852,0.01155,0.00077336,0.0022347,-0.0021918,-0.00037938,0.0027131,-0.00033567,0.00027415,0.0022643,-0.049206,-0.028199,-0.02378,0.0196,-21.225,-0.51815,-0.0206,0.0013,-0.13,-0.42,-27.918,-0.91629,-34.112,65.468,-7.1042,-19.269,0.0024075,7.4014,0.0107,1.7897,-0.024274,69.96,4.1692,3.5187e+05,3.1489,2.677,45.93,-22.275,4.1798,6.2509,-0.0032,6.4506
2.9696,0.39906,-24.428,6.4345,0.50302,10.652,-6.9742,-14.038,-9.5728,-0.62115,0.6,2.339,2.6,-1.3518,2.1135,0.3563,-2.3518,3.6686,3.1106,3.1046,NaN,5.2572,4.8218,3.116,5.4414,7.9557,3.2888,7.7684,16.754,1.2948,9.1572,-2.6454,79.547,79.507,2.4158,2.6685,0.33556,2.8211,1.0668,-0.049817,0.94432,4.7215,4.7511,4.1885,2.5915,4.5153,3.5459,4.9943,-6.0937,1.4997,1.1749,1.2588,1.8581,2.3558,1.728,0.5981,2.5765,65.467,6.6,-0.16715,-0.047483,0.1,-0.3,-0.1,1.7068,-22.604,-5.464,-17.966,-10.24,-5.1688,-28.507,-2.1448,-9.7545,4.7634,NaN,4.9408,41,0.1334,0.2,4491,11.286,-18.947,-10.792,86.489,-3.721,-2.1019,-14.446,1.9021,-1.6152,2.0821,NaN,-3.0939,-14.265,5.2817,3.7435,-0.0018466,2.3105,-0.0028752,0.0014103,0.013777,0.0027422,-0.0039606,0.019871,-0.0042521,-0.0034106,0.0019181,0.010564,0.014355,0.0030428,0.0094931,0.12865,0.0088264,0.0028009,-0.002155,-0.0024348,0.0026394,0.00056493,-0.032498,-0.0086796,4.799,-0.0015242,-0.0003902,4.6521,0.00057764,-0.01896,0.011626,0.01009,-8.4218,80.604,65.544,-0.1347,-4.4873,-0.43047,NaN,-2.8422,-2.7924,NaN,-1.8333,-1.664,3.4798,NaN,3.5975,0.069089,6.22,5.5367,0.1366,5.9233,7.1933,-0.55,-0.31,-0.4333,2.4667,1.91,0.01,0.39,1.66,0.48,-1.1094,-7.4444,8.1306,1.4834,5.8889,13.245,0.62961,-5.6224,20.107,3.8271,-3.5813,15.8,10.061,-1.6644,-5.3329,11.836,505.24,11.311,7.2005,12.03,23.046,5.3517,NaN,NaN,-22.262,NaN,-29.307,-18.455,30.192,-13.81,90.5,5.9489,-0.1,0,0.02549,20050,5.7159,-5.4085,7.1221,-0.2334,0.4667,-0.07115,-0.073807,-0.0133,-0.6833,0.52,2.1467,0.022024,-0.014131,0.0098357,0.022513,-0.0039791,0.012635,-8.7671e-07,-0.00036962,0.0074502,0.0094176,0.007817,-0.0036034,-0.10081,-0.074447,-0.010144,0.0255,-28.939,2.8267,-0.0104,-0.003,0.17,-0.2,36.368,70.859,-7.2749,-94.082,54.608,56.287,-0.00065927,6.6117,0.0105,1.7817,4.141,-31.55,3.0773,3.4238e+05,2.6218,2.411,-21.73,14.021,54.539,62.068,-0.4082,51.819
4.2925,5.4219,16.104,3.9287,3.0329,0.20836,6.0735,11.54,7.9828,1.4108,0.3,3.0894,5.6,28.83,0.89364,16.148,9.8846,-3.7612,4.9534,4.8048,6.1076,6.9264,4.9636,4.0532,7.968,8.9037,8.2662,-1.4757,-8.2159,6.222,8.8095,13.272,80.452,80.229,3.1137,3.4286,1.0126,3.5544,1.6405,0.56009,1.7255,3.564,5.6954,4.4171,3.0023,4.7571,3.1028,5.4045,3.3195,3.3351,1.5611,3.8531,1.7984,1.7361,0.94554,1.7493,3.4097,65.533,6.2667,-0.30536,-0.034727,-0.8,-0.2333,-0.4,-18.44,-40.747,4.669,-13.013,-21.777,-15.652,-4.3034,-27.108,-12.544,2.3986,-1.075,2.1957,40.9,-0.0334,-0.1,4746,-35.438,-41.15,-37.943,-90.964,-17.674,-1.0552,-54.141,3.9926,13.219,16.289,NaN,6.5424,30.061,4.1126,3.8381,0.0033982,2.7058,-0.0016459,0.00052075,-0.0073726,-0.00059403,0.0055113,-0.011126,0.0058474,0.010598,-0.0018318,-0.014631,-0.011837,-0.0016166,-0.001576,-0.082227,-0.0039143,0.0017795,0.0027933,-0.0060577,0.00033268,-0.0024526,0.03851,0.0073913,4.5065,0.0039108,0.00088758,6.2931,0.0015289,0.028413,-0.0041673,0.00051545,-5.6644,19.18,20.27,-1.5073,-0.66217,-2.3482,-1.5623,-1.2709,-1.3239,7.175,2.757,2.4106,0.50952,-4.5019,0.21436,5.6705,6.65,5.6567,0.4367,6.7667,8.3433,1.21,0.8,0.6967,2.0133,1.98,0.32,1.11,2.69,1.11,5.595,-0.25055,2.3971,-1.1189,0.92942,-1.0869,-2.4265,-2.6177,14.244,10.86,0.3594,24.5,3.6367,10.043,13.804,2.6748,513.43,2.641,5.9191,2.3582,23.208,2.2923,8.5038,NaN,-14.341,NaN,-14.587,-28.622,25.209,-1.4976,91.8,-3.7613,0.3,0.4,0.47032,73434,6.7366,13.492,12.774,0.0334,-0.1667,-0.0037769,-0.015718,1.21,-0.9933,1.3,2.5167,0.0087615,0.059523,-0.0017575,-0.011993,0.0018733,-0.0055565,0.0086837,0.0021502,-0.0019481,-0.0034962,-0.0025593,0.0025844,0.054208,0.041764,0.0046459,0.062,-15.113,6.1093,-0.0103,-0.0017,0.75,0.12,-38.3,-83.914,-6.9567,-47.338,72.667,11.047,0.0044682,3.9152,0.0103,1.7738,2.0249,-33.66,1.9646,3.3319e+05,1.0235,0.5858,-22.26,12.844,19.518,29.291,-0.0981,14.854
3.4555,4.5394,16.216,3.5465,0.31178,0.058031,6.8562,10.431,10.964,-3.304,0,0.41995,-0.6,-6.5753,1.3511,16.997,7.722,7.0966,2.8288,2.9953,6.2436,7.4069,7.189,5.2578,7.7943,8.3311,8.5616,1.0869,-8.0277,6.8595,12.204,7.4751,81.475,81.121,2.8568,3.2416,2.3503,3.0217,2.3036,1.9975,2.9047,1.8618,6.6959,2.7517,3.2449,4.5225,1.1554,5.2251,4.1541,2.7706,0.94931,2.8103,2.104,2.0303,1.6158,0.35687,2.5194,65.6,6,-0.1945,-0.072271,-1.1,-0.3,-0.1333,-0.49803,-11.028,-52.051,-31.721,-26.109,-18.592,14.931,-22.94,3.936,2.4786,2.6387,2.7564,40.9,0,0.1334,4928,3.2129,2.3093,-7.1586,-20.778,-12.4,16.76,8.9675,4.8451,9.4342,-0.64873,NaN,10.229,0.019832,0.53456,3.7731,-0.00074105,3.0721,0.00011193,0.0017416,-0.0012136,-0.00066751,0.00053738,-0.001452,0.00020433,-0.0033846,0.00047531,-0.0022232,0.0069964,-0.0043787,-0.0096248,0.019754,-0.00050836,-0.0020304,-0.00096859,0.0088144,-0.0011602,0.0019622,0.0029012,0.00022526,4.2229,-0.0026651,-0.002594,4.5273,-0.0036249,-0.018907,0.0024423,0.0018001,-5.4102,30.084,17.063,-0.78929,-3.2302,-0.69704,-0.67421,0.10691,0.23636,3.6057,0.075174,0.51073,3.6977,-0.29796,4.0111,1.6539,6.8433,6.0433,0.2033,7.1267,8.8767,0.18,0.59,0.55,2.03,1.62,0.14,1.08,2.83,0.87,2.4183,3.2449,-3.7647,-1.7552,-4.5174,-0.36711,-0.16988,1.1583,13.641,14.198,4.1138,26.3,5.7647,7.6654,0.56877,5.476,511.36,5.8904,5.4779,5.9397,23.771,0.99875,8.1216,NaN,5.7187,NaN,8.9367,11.964,-6.0126,-3.1935,93.9,-27.298,0.2,0.1,0.06783,33953,7.3932,7.3486,7.5022,-0.6,-0.0333,-0.013161,-0.0035399,0.4733,-0.8,1.58,2.9133,-0.013556,0.040842,-0.0064813,0.0051825,-0.00075636,-0.00074808,-0.0016217,-0.00067515,-0.0010073,-0.00041382,-0.001005,-0.00068001,0.031036,0.02901,-0.0065261,0.0511,-14.363,3.9351,-0.0172,-0.0008,0.14,0.07,-19.855,-20.418,-8.9274,12.942,8.4837,17.419,-0.0068399,3.2336,0.01,0.88398,2.3567,-35.76,1.0655,3.2244e+05,0.40475,0.095996,-24.76,14.182,34.145,36.908,-0.1874,33.113
6.8099,0.84532,-10.932,3.8987,0.47858,26.367,-0.1788,-7.523,-0.50399,0.64921,1.3,5.9527,6.9,3.5618,5.2563,14.651,9.0935,5.358,8.0252,7.5871,9.6255,9.6316,9.9085,7.4325,10.567,17.379,5.8706,15.196,19.554,4.4359,17.643,-2.2795,83.076,82.885,3.7015,3.7487,3.0049,3.7762,3.4504,3.4994,2.2276,4.7849,3.224,1.6586,3.3764,4.2407,6.8632,4.5564,4.7926,3.3839,3.4668,3.4581,3.0676,3.2615,3.1787,3.6429,2.3322,65.7,5.8333,-0.076792,-0.068492,0.6666,-0.2667,-0.1333,-1.7063,-6.8813,-11.027,-32.437,-10.699,2.5109,-17.732,4.0917,3.0867,4.1142,7.3449,4.1653,41.033,0,0.1666,5012,-25.755,-16.11,-26.585,2.8335,-16.98,-30.736,-43.802,2.2558,0.22016,5.35,NaN,3.4466,15.52,8.7391,3.4418,0.001209,2.9932,0.0056662,-0.0028944,-0.0031772,-0.0030703,0.00080912,-0.0032388,0.0010274,-0.0083889,-0.0057054,0.013661,-0.0073776,-0.00077126,0.013163,-0.039287,-0.0035326,0.0017692,-0.0010807,-0.00030545,-0.00058154,-0.0023393,0.0060176,0.0025653,3.7164,0.0021373,-0.0063125,1.9246,-0.0067397,-0.0012194,-0.0075358,-0.0031009,-16.428,-29.703,-39.213,0.006595,-1.5325,-1.1968,-3.119,1.5698,1.7683,2.284,3.8559,3.4749,1.3964,-2.2975,0.81344,2.0597,6.9167,5.8633,0.23,7.24,9.1233,0.35,0.4566,0.4733,2.2567,1.73,0.55,1.38,3.26,1.69,7.4508,12,0.59251,0.7259,-3.9797,1.1778,3.4065,1.5539,11.287,8.0644,3.0576,10.3,-4.1118,3.1513,-2.2066,-5.2304,498,-7.1081,2.6523,-8.4287,44.154,-1.3958,6.9526,NaN,-22.862,NaN,-33.631,-32.059,32.677,-3.3717,86.4,58.11,0.2,0.1,0.44017,1.0776e+05,10.849,-6.9955,9.7927,-0.2,0.1667,0.038129,0.036601,0.2034,-1.0533,1.71,3.2967,-0.033679,0.033175,0.007665,-0.011135,-0.0019769,-0.0037712,-0.0049392,0.00043532,-0.00011036,-0.0027536,-0.00068291,0.0028562,-0.036987,-0.025711,-0.0041762,0.0257,-12.383,9.2115,0.0103,-0.0012,0.65,0.64,-9.2668,-12.153,-37.084,-32.998,-22.53,-102.92,0.0078303,9.547,0.0099,7.0024,0.79095,-41.25,1.7322,3.1202e+05,3.8439,4.8269,-17.14,14.878,-89.445,-95.985,0.7483,-95.721
2.0612,7.0043,18.511,5.4091,4.2875,-19.678,0.23243,12.275,3.1842,-7.2263,0.3,-3.3513,-11,4.2969,4.3753,21.618,-1.8878,5.8248,1.7847,1.4892,0.60673,3.6117,4.703,3.1742,3.0331,3.5819,0.77466,-3.3716,-7.9457,5.6436,7.5971,18.105,83.582,83.16,2.936,3.0842,1.079,3.6016,0.69102,0.71092,1.6577,-0.43969,4.9776,1.7959,2.7747,5.4465,5.8298,5.6235,-0.68118,2.6547,2.1976,2.4582,2.2887,-0.085493,2.9883,2.5838,1.9916,65.8,5.7,-0.090164,-0.051449,-0.5333,-0.1,-0.1,-17.301,7.8908,2.3224,-26.295,-20.391,-5.1785,32.903,-8.3796,-9.2067,0.29393,2.1163,0.38681,41.033,-0.1333,-0.0666,4855,-26.686,-89.001,-3.9735,-74.815,37.119,-54.038,2.466,6.1041,9.2407,7.53,NaN,7.7813,29.64,2.8905,3.1467,-0.00051251,3.0811,-0.0009148,0.0040372,-0.0039814,-0.0058071,0.0014745,-0.0030181,0.0015388,-0.016361,0.0056879,-0.0037024,0.0052382,0.0030527,-0.015438,-0.025753,0.00724,-0.00018606,0.0045678,-0.0072829,-0.0017931,0.0044057,0.0041916,0.001467,3.1093,-0.0017774,0.0047088,2.2974,0.0025527,0.0090992,-0.0025915,-0.0020414,-0.060377,-56.286,-48.116,-2.1141,0.28611,-1.5488,4.6501,4.2465,4.4348,-1.5125,1.3985,1.1948,5.8755,8.7935,5.4846,-2.0296,6.6633,5.7233,-0.3833,6.78,8.4167,-0.78,-0.6566,-0.6267,2.3367,1.65,0.31,1.06,2.69,0.97,-1.5746,25.015,-0.28594,3.8422,-0.10709,-0.081829,5.3827,0.18148,8.6008,13.568,3.3329,14,6.4596,2.3642,-3.4606,7.0932,499.58,6.7828,5.7379,7.3015,31.953,2.2973,5.3768,NaN,-13.682,NaN,-7.9222,-23.264,9.4578,-13.557,92.3,-27.113,0.5,0,0.47484,64070,2.6629,21.991,8.3523,0.0333,-0.1,-0.050767,-0.057185,-0.72,-0.94,1.2433,2.8933,-6.5813e-05,-0.10012,-0.013135,-0.00811,0.0030409,-0.0033895,-0.0027527,-0.00065832,-0.0029698,-0.0023995,-0.0026926,-0.0010013,-0.024706,-0.01296,0.0032673,-0.0075,14.577,7.882,0.0035,-0.0011,-0.87,0.03,16.828,-12.534,-8.7295,-6.0743,15.08,19.469,-0.0020455,6.8591,0.0098,3.4557,2.0317,-21.84,5.152,3.0849e+05,3.6722,2.9848,-11.21,9.6963,4.2065,5.9674,0.0047,-12.227
5.2212,2.9422,0.15027,3.5219,3.1614,9.4188,7.7428,9.8145,8.8525,4.9026,0.4,1.1926,-3,-0.24802,5.0067,11.055,-4.6342,4.0973,6.6225,6.0115,3.276,3.3956,3.5336,2.0193,4.4508,7.1512,1.9981,11.61,22.213,-1.5985,10.518,-9.6716,84.159,83.893,3.269,3.5454,1.6801,3.4643,2.6072,2.2957,0.71112,6.6469,6.9195,1.1723,3.0663,4.8034,1.0703,5.752,-3.0796,3.8213,1.8882,4.014,4.2612,-2.1861,3.4256,2.5155,1.8527,65.767,5.4667,-0.19943,-0.041046,-0.9333,-0.1667,-0.2,5.1061,-29.954,-51.147,-22.746,-9.5803,-23.572,-28.987,-13.306,-13.907,5.452,2.7182,5.6462,41.033,0,0.1333,4949,17.927,67.183,14.105,84.118,-65.43,36.138,2.1016,5.7029,6.6301,2.2699,NaN,1.8058,-15.067,4.4618,4.3974,0.002452,3.9717,-0.0014761,-0.0003221,0.0069193,0.0072701,0.00051573,0.0067878,0.00067122,0.015062,0.0048155,0.00049524,-0.0041808,0.0023975,0.019999,0.020229,-0.0025656,-0.0022252,0.002035,0.0045324,0.0016339,-0.00040904,0.0009117,0.0039638,4.5626,0.0023539,0.0027795,6.5636,0.0053803,-0.00033757,0.0097747,0.0090452,-8.0407,6.4058,8.5386,-0.68545,-1.6039,-1.0782,-0.89565,0.61658,0.86394,0.5602,0.97672,0.55863,4.4787,2.7223,3.8145,3.2349,7.1567,6.21,0.4633,7.3,8.91,0.3,0.2533,0.2267,2.07,1.46,0.28,1.09,2.7,0.97,5.3747,-16.423,2.8298,3.1042,0.56567,5.2277,5.0969,1.4414,8.1341,6.7586,2.7156,14.8,4.6661,6.7782,2.6809,4.3402,499.89,3.67,6.8844,3.5836,25.466,3.1158,3.9282,NaN,-4.4152,NaN,12.601,-7.1641,9.6957,-12.012,93.6,-17.858,0.2,-0.2,0.05593,56409,4.1484,-12.547,-3.8354,-0.7,0.1,0.020702,-0.004125,0.5133,-0.9467,1.2633,2.6533,0.024523,0.058018,0.018388,0.0099328,0.0014414,0.0072331,0.0066917,0.00096285,0.0039189,0.0066518,0.0045512,0.0034025,0.019739,0.011608,0.010909,0.0434,-10.835,7.7315,-0.0138,-0.0003,0.49,0.02,-42.644,30.627,18.761,33.813,47.239,23.333,-0.0035022,4.9156,0.0099,2.5724,2.1745,8.55,5.3853,3.1333e+05,2.899,1.7353,4.28,-0.84255,7.7255,9.6398,0.0225,-17.705
2.3369,3.5386,-5.2412,5.9578,2.7469,2.216,1.8664,4.2882,2.4982,0.24207,0.3,0.046991,-1.9,2.4213,1.8026,7.806,9.3279,3.8476,2.1056,2.054,0.54737,1.4391,0.48753,-0.044454,2.3852,2.1211,1.9585,-3.2967,-12.011,1.1578,1.6376,9.2708,84.348,83.928,2.8052,3.0247,0.36495,3.4541,0.59626,1.2643,-1.0575,2.3347,8.6572,0.88207,2.6832,5.074,0.1832,6.2805,-5.8824,3.3562,1.7047,3.4543,3.4725,2.4853,2.8433,1.0198,2.1219,65.967,5.4667,0.02418,-0.019219,0.0666,-0.0333,0,0.8161,2.0322,21.35,-9.3735,3.3192,3.1256,1.9438,-24.618,11.711,0.70328,1.169,1.0261,41,-0.0667,-0.1333,4926,-1.7929,-16.238,-2.1167,-35.055,-4.5389,-3.4473,25.706,2.0694,4.6764,4.7315,NaN,4.2874,38.891,3.7519,4.8968,-0.0006097,4.8694,-0.002003,0.0042946,0.0025836,0.0015717,0.00035553,0.0031184,0.00041767,0.0085267,-0.0067783,-0.0039251,0.0034856,0.010901,-0.017464,0.015157,0.0021314,0.0028302,-0.0014284,-6.0034e-05,-0.001414,-0.0016526,0.0092031,-0.0064536,4.8471,-0.00094747,0.0064029,5.5945,0.0064969,0.021544,-0.006099,0.0015136,-15.598,-54.925,-56.877,-1.1862,-0.74245,-2.0577,0.067849,0.43054,0.80164,-0.62152,1.0817,1.3525,3.9498,5.1885,3.8505,6.1201,7.9833,7.01,0.7767,8.0033,9.1,0.13,0.1533,0.0933,1.9733,1.4,0.26,0.99,2.09,1.07,2.7433,-17.127,0.32442,-1.1646,-4.2389,3.0689,2.2165,-0.40947,8.9652,6.6264,1.2965,7.8,2.5543,6.0761,2.2284,2.0065,497.59,2.2388,3.253,1.9494,21.706,-0.48623,7.6782,NaN,21.244,NaN,39.179,24.632,-33.112,-3.5274,96,-6.5632,0.1,0,0.16988,39556,0.6764,15.355,-3.6264,0.1333,-0.1,0.00041947,0.02577,0.3433,-0.9733,0.78,1.98,-0.0078061,-0.046664,-0.017567,0.0060395,-0.0012576,0.0025577,0.0011557,0.00066595,-0.00068845,0.0010024,0.0010085,-0.0022632,0.0016241,-0.00044496,-0.015948,-0.0081,2.8377,9.0035,0.0103,-0.0014,0.9,0.1,-50.25,-25.357,8.5762,24.697,5.0925,5.9,0.0024305,0.61022,0.0104,0,0.098125,47.32,3.9129,3.295e+05,0.74689,-0.74956,26.27,-16.208,5.7352,2.4337,0.0418,-33.137
5.2948,4.5223,10.232,3.3572,4.1475,6.058,4.7156,5.0582,5.5314,2.6005,0.4,7.6873,11.5,5.7233,4.7947,12.026,12.003,3.7562,5.4156,5.4853,4.8753,2.8784,4.2551,3.5962,1.9345,6.6714,2.5965,14.824,28.294,-0.72087,7.1174,-1.0809,84.766,84.66,3.2074,3.1235,1.9531,3.7589,1.3175,2.3478,1.3263,0.10121,3.3232,1.1254,3.7367,5.1268,8.8755,5.9499,-5.2632,1.7729,3.6287,0.7098,3.0207,4.4181,1.9816,4.0408,2.4731,66.1,5.3333,-0.086365,-0.05583,-0.6333,0,-0.2,-6.3579,-4.4845,-16.121,-33.657,-10.35,-9.6788,7.4102,-8.7276,-10.176,4.6663,2.6705,4.4727,41.033,0.0667,0.1,4985,17.749,-3.0246,17.158,42.796,-51.056,16.504,38.392,6.9868,11.399,11.686,NaN,5.2258,-11.213,4.7819,4.0196,-0.00032733,3.6652,0.005735,-0.0050133,-0.0036426,0.00030487,-0.0012468,-0.0058042,-0.0011958,-0.0053706,0.0025937,0.0080387,0.0020984,-0.011317,0.011512,-0.028128,-0.0015841,-0.00025079,-0.00047619,-0.0040282,0.0089698,-0.00076639,-0.016036,0.0037588,4.3461,0.00094058,-0.005952,1.8476,-0.0063743,-0.016509,-0.0013002,-0.015872,10.976,-37.357,-17.499,0.031122,-2.1232,-0.36756,1.6201,-0.73119,-1.1197,2.2016,0.94494,0.82012,1.7821,3.1341,2.0437,8.9397,8.47,7.7267,0.59,8.5267,8.9567,-0.11,-0.4533,-0.56,1.5567,1.44,0.13,0.8,1.23,0.94,1.6947,3.6799,-3.2155,-0.86626,-5.3861,0.19534,2.3927,-2.7322,7.8993,10.489,0.53546,21.1,5.6621,5.1117,1.3555,5.7481,500.07,6.9872,2.7147,7.2457,19.552,-0.72259,5.9493,NaN,-17.914,NaN,-18.279,-26.396,21.989,-4.1219,93,11.988,0,0.1,0.45816,94620,4.4313,-1.9323,0.50334,-0.5666,0.1,-0.0043718,0.015191,0.0334,-0.7433,0.3267,1.04,-0.011393,0.057202,0.016251,-0.007739,-0.00049805,-0.0048757,-0.0015581,0.00037981,0.00016357,-0.0021424,-0.0021081,0.0017928,-0.026462,-0.012139,-0.0025087,0.025,-28.979,6.1777,-0.0206,-0.0019,0.59,0.2,-10.855,45.481,9.1077,23.261,12.576,-6.5458,-0.0014018,19.051,0.0106,4.2508,3.2199,-15.82,5.5751,3.2702e+05,3.091,1.9044,-11.5,8.5978,11.86,12.145,-0.0092,-23.775
4.0459,1.8515,-1.7842,2.7281,1.8073,13.351,3.5543,4.7663,6.357,-3.8497,0.9,-1.7621,-7.1,12.177,3.1995,11.772,1.856,4.5282,4.1831,4.6219,3.5553,1.7996,1.9943,2.2135,1.3879,0.62557,2.6167,9.0074,16.776,-0.49082,3.1177,-0.52457,84.829,84.756,3.0131,3.2303,1.3165,3.6055,0.97009,1.2409,1.4366,0.37928,4.1155,0.85727,1.2717,5.5977,6.9407,5.2375,-3.1915,3.2182,1.9219,3.132,4.6045,0.042241,2.0363,2.4431,3.0518,66.367,5.2,-0.084565,-0.050567,0.5,-0.2333,-0.0667,8.9242,-8.0755,-38.124,-32.606,-13.439,7.7468,-11.587,-7.1571,-15.322,3.795,1.7839,3.9559,41.133,-0.0333,0.0666,4818,-16.314,36.603,-43.078,-13.763,17.132,-11.458,-41.351,0.69688,3.0926,-0.92044,NaN,9.7185,8.6302,5.3432,4.5688,-0.00026781,3.8302,-0.0040398,0.0026014,0.0032508,-0.0023464,0.0001324,0.0062756,0.00028293,0.0047558,-0.0089953,-0.0026045,-0.013022,0.006496,-0.014107,0.043319,0.006034,-0.0019584,0.0025096,0.014292,-0.0021797,0.0020276,-0.00052993,-0.004072,4.5187,-0.0014551,0.011637,8.8716,0.013623,0.0092867,0.016447,0.017807,16.393,85.978,86.426,-0.32517,0.47771,-1.3413,-2.3962,-2.9028,-2.7876,1.7734,0.22083,0.8252,0.4388,-0.11413,0.9245,3.9828,9.4433,8.54,0.7267,9.29,9.2067,0.41,0.1767,0.13,1.4367,1.6,0.05,0.75,0.67,0.91,-5.5015,-7.3939,-4.9135,-2.285,-7.9821,3.3625,0.69267,9.4207,10.987,7.7682,9.0078,15.8,3.7686,1.2315,-3.2967,4.1632,499.62,4.1798,2.8477,4.2579,17.718,0.2672,5.6743,NaN,7.7966,NaN,22.728,10.679,-9.9954,-4.9694,95.9,-9.5737,0.2,0,0.01728,42934,2.1072,-0.59377,-0.56363,-0.5334,-0.0334,-0.027903,-0.033053,0.5133,-0.9033,-0.1333,0.2433,0.058764,-0.06616,-0.018574,0.0065451,0.0036732,0.0028406,-0.0024218,-0.00066438,-0.00011698,0.001283,0.00073008,-0.0016143,-0.11902,0.049306,-0.0016939,-0.0106,18.053,10.178,0.0172,0.0008,0.78,0.01,-5.2119,-31.589,-43.252,-69.015,40.835,21.791,-0.00012169,12.027,0.0118,12.898,13.509,129.65,1.4581,3.525e+05,1.574,1.6298,53.43,-28.564,22.257,23.273,-0.1015,-8.4584
3.0415,1.8628,5.303,1.6179,0.617,-3.888,0.52132,8.5356,5.3709,-12.707,0.6,6.1058,8.4,-3.6675,4.4026,17.141,1.8918,-1.1809,2.7772,2.9815,-2.2418,-1.4412,-0.72426,-2.7626,-2.0279,-6.0938,-0.78804,-9.4621,-19.686,-0.077408,2.5322,-0.026692,84.076,83.679,1.885,1.9328,-0.47285,2.4361,-0.027685,-1.1444,0.5923,1.6394,7.2275,0.91647,2.5313,3.554,-3.0781,4.9096,-1.0695,2.505,1.6443,3.4002,0.83382,-1.9904,3.2111,2.1129,1.2625,66.4,5.2333,0.050429,-0.021514,-0.0667,-0.0667,0.1667,3.5231,17.329,-3.6355,-14.598,-14.142,29.914,29.923,-26.391,2.3132,0.97454,-0.52922,1.5181,41,-0.1,-0.1666,4770,-37.614,-91.428,1.5721,-56.022,-60.214,-39.746,-11.042,-1.037,8.947,-14.765,NaN,3.6278,-3.6473,4.5508,5.3565,-0.0018027,4.304,0.00060983,0.00034951,0.0066373,-0.0042417,-0.0011568,0.012424,-0.0008914,-0.0070658,-0.00084567,-0.0075241,0.0042722,0.0034714,0.0058224,0.093259,-0.0051947,0.0012073,-0.0015991,-0.017216,-0.005854,0.00030493,0.0017965,0.0011614,6.4138,0.00015002,-0.0024266,6.6749,-0.0022498,-0.016086,-0.003779,-0.011072,-2.5074,51.675,36.508,-0.46133,0.011304,-1.9329,-6.2735,-4.3406,-3.6532,-1.7124,1.2624,2.0085,0.33426,1.4324,0.39556,12.47,9.7267,8.41,-0.2567,8.9267,8.7733,-0.13,-0.2,-0.2766,1.5933,1.9,-0.08,0.52,0.36,1.05,-1.8575,22.725,-10.67,-3.668,-10.252,2.3681,1.4956,1.8953,9.0521,11.49,4.3105,16.7,4.8751,7.2549,8.4358,4.5053,506.77,5.1749,4.2017,5.5224,17.154,1.8498,5.2244,NaN,17.541,NaN,27.498,28.259,-28.124,0.46956,90.9,1.4609,0.2,0,0.15484,36431,-2.7449,3.3215,-7.0494,-0.5666,-0.0666,-0.003228,-0.016315,-0.4767,-1.3167,-0.8933,-0.24,-0.039191,-0.10324,0.0067594,0.02053,-0.00082504,0.0090345,-0.0047682,0.00088401,0.0047596,0.0056329,0.0050791,-0.001569,0.15624,-0.038112,0.0077309,-0.0143,22.841,9.2473,0.0206,0.0002,0.01,-0.26,-39.24,-24.503,13.754,22.708,22.206,33.657,0.00061582,1.1268,0.0114,-2.8762,-4.1545,-58.15,2.0682,3.42e+05,1.1874,0.76462,-24.22,14.172,29.948,28.072,-0.1495,1.4973
2.9526,3.8538,8.948,2.6228,3.998,-3.6077,6.9451,7.7816,10.042,-1.8324,0.2,3.5827,3.3,2.5011,3.8448,4.065,-0.54447,2.6482,2.8179,2.9819,-3.227,-2.4626,-3.4924,-6.0621,-1.9685,-3.6581,-3.6966,-9.878,-20.232,-4.5486,-0.21196,-3.5901,83.02,82.408,1.0205,0.79003,-1.793,1.5763,-0.9202,-2.9058,-0.038188,1.9584,6.877,1.0564,-9.1371,2.5319,-3.8925,3.5625,-0.35716,1.3383,2.1795,1.4405,-0.25911,-1.1479,3.0903,2.8041,0.98509,66.467,5.2333,0.083702,-0.050958,-0.3666,0.1333,-0.0334,0.50681,-0.73512,42.97,-39.348,17.68,-18.098,3.6199,-29.267,-7.4991,1.4015,-2.0509,0.87651,40.867,0,-0.0334,4620,-2.8625,-18.256,-14.783,15.275,-38.63,-0.75591,-1.3594,0.22442,6.9789,-10.171,NaN,0.60151,-18.851,1.546,2.3498,-0.0016231,2.9563,-0.001179,-0.0044838,-0.017019,0.0014311,-0.001197,-0.026856,-0.001076,-0.0063064,0.013838,0.0025718,0.0015919,-0.0088199,-0.016915,-0.1685,0.0011517,0.0011149,0.00053181,-0.0058067,0.0038885,-0.00017686,-0.010467,-0.0020791,3.1155,-0.0011428,-0.016857,-1.421,-0.02242,0.00082874,-0.02247,-0.015174,-7.0105,-19.364,-25.33,0.70292,-0.091613,0.25205,2.3359,0.72416,0.4258,-1.1777,1.9426,1.5768,1.738,6.4031,1.6768,4.6298,9.0833,7.8433,-0.6333,8.0967,8.1067,-0.67,-0.52,-0.48,1.78,1.89,-0.15,0.25,0.26,0.81,0.50944,33.136,-1.3407,4.496,4.3333,4.6288,2.1109,-0.38468,11.13,9.5232,2.155,7.4,7.2146,7.131,4.4827,7.2276,512.61,6.8311,8.0758,7.2015,18.647,5.4368,0.030894,NaN,2.6177,NaN,-8.7082,12.463,-7.564,-3.6029,92.5,-6.7234,-0.1,-0.3,0.28357,67287,-3.2386,-6.0951,2.0921,-0.3,0,0.025859,0.048599,-0.8033,-1.24,-1.0533,-0.1167,-0.03168,-0.030665,-0.013238,-0.041575,0.002093,-0.018452,0.0002963,9.4835e-05,-0.0079821,-0.011969,-0.0088798,0.002973,-0.0032793,0.0014956,-0.00878,-0.0298,17.284,5.9456,0.0241,-0.0007,-0.81,-0.43,-28.476,-0.53794,-17.468,-14.084,10.798,22.666,0.0010749,3.3614,0.0114,-1.239,-4.112,-18.78,3.1452,3.4299e+05,0.79179,-0.34557,-4.14,1.9887,34.982,33.196,-0.1701,21.518
0.78741,1.7347,-12.341,3.7566,4.5289,-2.9782,-5.2102,-11.069,-4.0595,-8.5732,0.3,2.0014,-1.8,1.9824,5.3197,6.0097,7.1727,3.3715,0.0599,0.23191,-0.36017,1.714,2.0904,5.6443,1.142,-2.0239,-0.75953,0.70186,2.3262,7.4883,-0.67707,12.049,82.802,81.872,1.8518,1.8609,-1.5177,2.5678,-0.66653,-2.4989,0.019092,1.2504,-0.14825,0.60821,8.7332,3.6375,12.29,4.4568,6.0285,-0.43179,1.806,-1.7646,-0.5518,-2.2201,1.8681,2.9588,0.95437,66.533,5.3667,0.056026,0.040143,0.6,0.1,0.0334,10.949,2.2678,-11.915,33.604,17.969,4.5304,-2.4528,14.706,-7.6424,-0.1207,-4.9317,-0.0045132,40.667,-0.0334,-0.1333,4636,-2.5839,8.1175,19.85,36.995,-24.598,-22.834,5.7457,0.38436,0.024221,7.4614,NaN,1.3957,14.2,3.112,3.1378,0.0016809,2.722,4.8394e-05,-0.0002577,0.0039423,0.0010326,0.00062213,0.0054573,0.00076941,0.0060629,-0.0065663,0.007562,-0.012341,-0.0014667,0.0229,0.023339,-0.0057171,0.00077925,-0.00063976,0.006842,-0.0044788,-0.0010454,0.005588,-0.00013146,4.0459,0.0024557,0.010493,1.539,0.013897,0.013038,0.0071415,0.0053452,-8.8908,8.8675,18.169,0.40045,1.0398,-1.0834,4.7767,2.2001,2.1732,4.5694,0.059726,0.35477,5.3199,3.7124,5.6415,-3.7671,8.6133,7.6533,-0.1867,7.8267,7.9067,-0.18,-0.0767,-0.0734,1.9067,1.91,-0.14,0.17,0.25,0.74,1.8474,2.1575,0.93684,3.7075,6.0304,-0.86557,2.077,-0.35799,8.5201,8.8663,2.0488,6.9,4.0791,6.1102,2.7387,3.7613,513.11,4.9214,2.1839,5.2162,20.636,-0.30869,0.37054,NaN,-6.9689,NaN,-12.868,2.2857,-3.0661,-4.7636,91.8,11.731,0.1,0.1,1.2099,1.1893e+05,0.46252,20.523,-6.4844,0.1666,-0.1334,0.02031,0.0068657,-0.1867,-0.96,-0.77,0.2767,0.028121,0.080009,0.02077,0.0072405,0.00065944,0.00594,0.0071246,-0.00090125,0.0023365,0.0032166,0.0020992,-0.00097631,-0.072654,-0.0061004,0.018545,-0.0126,16.68,2.5533,0.0035,-0.0009,-0.26,-0.22,-7.8435,18.926,3.7136,51.188,22.922,-1.102,0.0019859,8.2819,0.012,-1.658,-10.473,4.79,2.975,3.5611e+05,1.9638,1.4713,24.27,-12.038,4.035,3.3739,0.0776,0.074987
4.3475,3.3523,16.554,2.0601,-0.50271,3.9525,4.7195,1.8563,5.1001,3.5284,0.2,6.3456,6.8,-3.0689,6.1365,17.005,12.488,3.0602,4.8963,4.6694,2.5144,2.6424,2.5567,0.19428,1.7961,2.0925,4.7254,-0.6629,-11.17,0.54032,7.2332,-16.649,82.788,82.092,2.7069,2.5765,-0.77597,3.2812,0.67208,-1.9121,0.99161,5.2094,1.1105,0.84994,5.419,5.9409,4.0763,5.3526,2.631,2.7307,3.3607,3.6644,0.12212,2.6882,3.491,3.5046,4.5254,66.733,5.3,-0.049194,-0.013182,-0.5667,-0.0333,-0.0667,-5.0419,15.908,-11.365,-6.037,1.6372,-4.6027,15.494,16.999,4.4597,0.61655,-4.697,1.1627,40.567,0,0.3333,4476,25.585,31.742,18.172,10.233,31.692,37.201,19.004,3.6476,12.623,-7.212,NaN,5.6654,-2.8622,0.80166,5.7536,0.002352,4.3323,0.00072906,0.0049549,0.014037,0.0020243,0.001605,0.020352,0.00079852,-0.0034921,0.0022851,-0.0070827,0.034717,0.015122,0.0044691,0.097624,0.0068027,-0.0022955,-0.0021872,0.009039,0.0083709,0.0014864,0.0026904,0.0041287,6.8268,0.00061066,0.01186,5.8653,0.016299,0.013162,0.0082314,0.0079862,8.575,26.897,21.944,0.34845,0.8544,1.7395,-2.045,1.3759,2.0905,7.216,3.7383,4.0541,4.3408,-2.9616,3.9327,3.4733,8.25,7.76,0.19,8.1267,8.4233,0.3,0.3033,0.2834,1.6733,1.7,-0.06,0.37,0.66,0.41,-3.6349,1.2889,-2.1965,-1.0619,1.2987,-5.8373,-0.51014,-4.3861,6.6706,10.497,-0.41566,1.9,-1.4986,3.2006,0.14039,-2.2407,506.35,-2.2445,0.1804,-3.0548,21.526,-2.3539,-2.1353,NaN,-5.451,NaN,-25.638,13.335,17.716,4.8312,91.3,-10.175,0.2,0.3,0.58745,90149,4.1013,-27.84,6.9347,-0.0333,0.0334,-0.021434,-0.043415,0.5367,-0.49,0.13,0.9433,0.0099206,-0.064919,0.0025205,0.023314,-0.00087418,0.013014,-0.0012226,0.0013349,0.005408,0.0097856,0.0076002,0.0070148,0.00035596,-0.01305,0.014292,-0.0235,3.4919,1.52,-0.0276,-0.0024,-0.22,-0.08,16.297,97.088,14.264,-30.568,-13.031,-21.879,-0.0042044,1.0914,0.0116,-2.9182,-6.9721,-69.16,-3.0222,3.3936e+05,-2.1564,-1.735,-32.12,16.245,-10.688,-6.8383,0.1771,-9.0177
1.449,1.2166,-13.445,4.8219,0.45455,0.12489,-7.9846,-12.355,-5.2432,-16.102,0.6,0.63007,0.5,1.8614,0.7227,4.9437,-0.67175,2.7741,1.0046,1.122,2.0492,2.9834,3.9109,3.0305,2.9577,6.8043,-1.013,7.7469,25.342,1.2962,8.9256,5.0138,82.899,82.126,1.3417,0.28201,-1.047,2.2978,-2.0754,-0.86098,-1.3354,-6.2344,4.9596,1.3521,2.0877,1.5051,-1.6658,2.509,3.1345,-0.20578,6.6091,-0.63901,-0.56769,25.534,3.5229,2.1764,-0.39982,66.533,5.3333,0.029935,0.0072043,-0.0333,0.1333,0,-3.3829,18.73,19.289,5.4167,9.2232,3.457,-16.661,-30.695,20.72,-2.0678,0.2269,-1.7589,40.567,-0.1333,-0.0666,4242,-64.837,-73.589,-106.68,-43.627,-134.28,-36.134,-94.087,1.371,-2.3135,-1.4116,NaN,1.7268,-28.626,3.9552,3.6165,-0.00035017,4.4498,-0.0024269,-0.0016963,-0.014413,-0.0052026,0.00059458,-0.019279,0.0012929,-0.0066039,-0.0032488,-0.00043045,-0.01252,-0.019905,0.00019301,-0.091836,-0.0019312,0.0019264,0.0027188,-0.0013931,-0.0028057,-0.00081699,-0.00025292,0.0030756,3.938,0.00033768,-0.023497,-0.58278,-0.030961,-0.038781,-0.015037,-0.0097627,-25.065,-84.408,-81.958,-0.7522,-3.2481,-0.19314,3.1772,4.1045,4.5499,1.8197,2.7646,3.1929,4.9783,4.9725,4.961,2.1947,8.2433,7.7467,0.0433,8.2733,8.6767,0.22,0.2034,0.2133,1.6333,1.66,0,0.53,0.93,0.48,6.5408,10.165,0.064145,-0.60193,0.56437,-2.0522,-5.271,-7.8532,7.427,8.2979,-3.4209,7.4,0.38564,3.7386,0.96447,-0.15005,502.66,1.6906,-2.5581,1.8071,18.308,-2.7742,-6.2545,NaN,1.6637,NaN,-16.925,19.53,4.2494,-4.1472,90.9,13.237,0,-0.4,0.77874,1.019e+05,2.9358,14.201,-13.78,0,-0.1667,-0.0016319,0.015309,0.2667,-0.4967,0.4033,1.1533,-0.062224,0.13434,0.0005093,-0.017908,0.0024918,-0.015985,-0.0073699,0.0012807,-0.0046171,-0.010029,-0.0075717,-0.0080748,0.032579,0.0088809,-0.010165,-0.039,5.5785,3.8322,0.0069,-0.003,0.06,-0.01,-143.98,-147.36,-88.303,-84.905,-49.772,10.115,0.0050048,-1.6382,0.0112,-2.5184,-2.9678,-41.46,-3.5462,3.2673e+05,-2.7824,-2.4117,-24.09,11.625,15.53,19.906,-0.0337,29.181
0.266,1.5815,-4.0769,3.1894,0.65333,-7.8302,-3.295,5.6738,2.8238,-22.127,0.4,0.63582,-1.7,3.1575,2.6428,3.0165,-1.6184,-0.14156,-0.79016,-0.46467,0.59524,1.6649,1.8033,1.1957,2.0644,2.3395,0.61339,-6.8368,-10.728,4.0605,5.4257,9.4304,82.813,81.867,-0.51402,-0.50425,-3.4292,0.48868,-4.1383,-4.308,-2.0692,-6.9185,5.1152,0.74475,0.99035,-0.23213,1.2357,0.25003,-1.3901,-0.95384,-0.56223,-1.5261,-0.040759,-18.035,2.5063,3.4554,-0.95355,66.467,5.7,0.28039,0.069751,1.2333,0.3334,0.3,11.738,18.475,55.738,51.572,35.441,22.788,2.9759,8.1942,18.202,-2.5299,-3.7213,-2.1209,40.533,-0.0667,0.1,4017,-27.424,-39.017,-23.382,-32.53,-19.025,-41.789,-5.7085,-0.17948,5.1974,-2.9086,NaN,-1.0143,18.119,2.6539,5.0502,-0.0010524,3.4458,0.0026659,-0.0015365,0.010245,0.00034122,-0.00071458,0.015103,-0.00068598,0.0055665,0.0012169,0.00059398,-0.018864,0.011321,-0.011956,0.1065,0.001003,0.0016082,0.00095026,-0.0089223,0.0037088,-0.00082705,-0.0018583,-0.0062547,6.8499,0.0017897,0.015775,7.395,0.020778,0.015317,0.025626,0.011153,-12.307,121.82,152.65,-0.62295,-2.8279,-0.67917,-2.5203,-1.1763,-1.12,4.3172,1.3296,2.0644,3.2882,-0.35877,3.9719,2.4395,8.16,7.4767,-0.3366,7.8267,8.7033,-0.24,0.0066,0.1067,1.7133,1.4,-0.07,0.35,1.23,0.47,2.2449,15.986,-2.4232,-2.498,-0.52459,-4.5163,-6.2663,-4.7893,6.6512,12.396,0.070836,10.2,-5.6372,2.9678,3.1094,-7.0364,494.07,-7.4875,-1.4723,-8.6084,27.227,-1.5984,-9.7628,NaN,-21.492,NaN,-31.159,-27.761,42.657,-5.9209,79.1,31.901,0,0.2,1.0058,77908,1.1345,6.9868,14.273,0.4667,0,-0.0038185,0.0038867,-0.22,-0.6833,0.2667,1.2433,0.10503,-0.0059731,-0.013063,0.02089,0.00089741,0.011674,0.0035325,0.0028879,0.0070283,0.0074584,0.0071455,0.00023784,0.016359,0.02976,-0.0047201,-0.0703,23.687,5.0457,0,-0.0016,-0.29,-0.22,-27.053,-13.621,-19.532,-33.858,-45.313,-34.797,0.0027294,5.4349,0.0122,1.6807,-2.7028,74.22,-3.5665,3.4771e+05,-1.456,-0.43824,48.95,-28.462,-16.598,-11.081,0.2183,-3.47
-3.6582,-3.0547,-11.172,-0.95471,-4.0409,-23.027,-10.448,-5.9675,-6.3426,-23.804,-0.2,2.6655,0.5,1.8149,4.4611,3.5069,-10.874,-3.4257,-5.8902,-5.3342,-7.0002,-6.243,-7.3772,-7.2151,-5.9703,-11.82,-1.9662,-29.051,-54.884,0.33386,-7.9801,-11.875,81.184,80.074,-1.4752,-1.6384,-4.2672,-0.31796,-5.711,-5.8425,-1.8483,-11.078,4.5163,-1.0471,-0.49486,-3.0792,-0.37318,0.62442,-2.6195,-1.0093,-0.67139,-1.539,-1.7311,-10.658,1.8464,1.2018,-1.1844,66.4,6.1333,0.36296,0.063344,1.1,0.5666,0.1667,17.141,32.322,35.537,41.926,43.361,18.596,-1.2911,17.419,16.164,-1.04,-5.9777,-1.7076,40.3,-0.0666,-0.2,3495,-32.882,-36.597,-54.237,-1.6701,48.512,-25.953,-105.07,-9.8943,1.1452,-18.033,NaN,-0.079334,12.302,-0.6419,5.2539,-0.0016982,3.0444,-0.0021373,-0.00019795,0.0039366,0.0015824,-0.0016415,0.0047828,-0.0021079,0.0067243,-0.0044507,-0.0012177,0.0012851,-0.0077035,-0.0025836,0.065298,-0.0040068,-0.0063853,-0.0016797,0.0083195,-0.0065399,-0.0020665,-0.001267,0.0037992,6.7349,-0.0033481,0.0091005,11.51,0.011547,-0.0040503,0.015127,0.016798,11.892,127.72,70.591,-0.49149,-1.0675,-0.031833,-1.5979,-3.1302,-3.5465,-1.0205,-4.1863,-4.2981,6.9272,5.6049,7.2331,-2.4599,7.7433,6.99,-0.4434,7.3033,8.3967,-0.15,-0.11,0.18,2.2,1.56,-0.03,0.31,1.41,0.91,2.2294,30.918,-3.3697,-3.7629,-1.1789,-3.6439,-1.0941,-5.413,4.4432,6.5196,-1.9497,-1.7,4.3335,3.841,7.2667,4.4145,503.85,8.0485,-4.093,8.9394,25.387,-4.8817,-9.5106,NaN,-19.082,NaN,-19.076,-40.87,16.896,2.7304,65.1,3.1551,0.3,0.3,2.283,1.3755e+05,-6.8871,-9.3947,-17.216,0.2,-0.1333,-2.4187e-05,-0.0016743,-0.4,-0.7533,0.2833,1.55,0.013563,-0.049685,0.0028992,0.018017,-0.00056087,0.0058296,0.0032216,-0.00497,0.00093995,0.0038094,0.00024297,-0.00062223,-0.024171,-0.024227,-0.011056,-0.1079,58.919,2.8269,0.0172,-0.0011,-0.04,0.15,-25.272,-52.038,-42.181,-84.165,-64.685,-59.695,-0.01247,-1.0811,0.0116,-0.83945,2.4538,-44.05,-5.8396,3.2797e+05,-2.7179,-1.2263,-33.16,17.542,-22.498,-25.785,0.2669,-12.996
-1.8758,-1.507,-11.182,-0.29562,0.17742,-13.536,-11.196,-14.666,-8.0959,-21.692,-0.3,2.3784,4.6,-9.421,0.59927,2.4371,-4.5845,0.99841,-2.7022,-3.0481,-8.917,-7.6337,-5.7815,-3.9361,-8.3716,-14.7,-7.7484,-16.75,-25.58,0.34348,-9.0498,6.0654,79.37,77.944,-1.6927,-2.1601,-5.5266,-0.25611,-7.0312,-7.5345,-2.4777,-13.149,5.6039,-0.48419,0,-2.161,-0.44539,-0.53069,-1.0526,-2.823,0.59925,-3.1656,-2.9097,-1.8474,1.4099,0.9685,-1.9604,66.233,6.6,0.38612,0.07427,1.1,0.5,0.3333,13.165,42.901,46.218,43.567,57.463,1.42,2.5782,14.141,19.51,-3.9997,-8.2786,-3.9669,40.1,-0.0667,-0.1334,3076,-61.234,-133.04,-26.843,-53.014,-149.69,-46.798,-52.422,-6.2351,-6.5332,-24.625,NaN,-2.1542,-33.226,-2.2256,2.0959,0.00047983,3.87,0.0048038,0.0016402,-0.018573,0.0064987,-0.0011491,-0.030558,-0.00077097,0.0080869,0.0042002,0.0063702,0.0069601,0.0075829,0.0012059,-0.27553,0.0086515,0.0033906,-0.0023345,-0.014738,0.0021939,0.0043362,-0.01498,0.003166,2.9792,0.0029695,-0.02621,-8.0902,-0.034932,-0.0037409,-0.062771,-0.039934,7.4188,-146.15,-155.55,-0.70198,0.30107,-1.0986,2.574,0.26263,0.14206,-0.63704,1.2671,0.95034,1.2996,5.3164,1.1009,7.995,6.4267,6.0233,-0.92,6.4367,8.0167,-0.45,-0.36,-0.3934,2.1867,1.48,0.02,0.41,1.99,0.64,-7.3479,43.314,2.1633,1.9076,6.9511,-5.8121,-7.3653,-9.6949,4.4745,4.0782,-5.6056,-14.8,5.6461,-0.77574,-1.7741,6.6921,511.07,8.7526,-1.6011,9.6032,21.455,-0.22259,-11.747,NaN,5.7552,NaN,11.518,8.9898,-7.7289,-1.8297,75,-4.6659,0,-0.5,1.3804,1.2748e+05,-9.1732,4.8483,8.9768,0.2333,-0.2,-0.20241,-0.19095,-0.38,-0.4033,1.22,2.5067,-0.18824,-0.10619,0.0033567,-0.06105,-0.0028568,-0.023525,0.0043338,0.0023957,-0.010927,-0.014167,-0.010026,-4.3872e-05,-0.060332,-0.015317,0.011845,-0.0825,27.756,-0.51941,0.0448,-0.0021,-1.23,0.24,-40.491,-2.7538,-34.03,-30.182,22.115,78.587,0.0024404,-1.084,0.0106,-2.529,-2.5246,-107.38,-4.554,2.9573e+05,-3.0065,-2.2731,-64.3,36.828,43.348,46.508,-0.3517,52.893
3.1068,3.3014,2.0011,3.9615,2.332,-0.0014274,1.1847,-2.5775,-2.0195,12.095,-0.3,1.6237,1.6,-0.91433,1.6168,14.324,7.0477,2.9158,3.953,3.952,2.4139,2.3254,2.6093,5.2327,2.3943,3.1039,1.1053,15.386,31.712,1.9423,1.7152,9.8171,79.58,78.025,-1.7393,-2.2446,-3.6856,-0.85799,-5.0595,-4.5299,-2.415,-9.8067,4.0911,-2.1658,-1.2895,-2.2972,-1.8299,-1.6904,-5.6613,-3.0109,0.7208,-3.7903,-1.7902,-0.17228,0.39754,1.0988,-0.18003,66.267,6.8333,0.14341,0.10636,0.2667,0.3,0.2667,-5.5126,11.323,70.552,55.975,18.028,18.877,-12.397,31.623,20.562,-2.4311,-1.7456,-2.4687,40.267,-0.0333,0,2996,48.898,-64.173,47.427,47.396,101.18,17.009,78.771,8.6263,8.0799,0.11905,NaN,-8.8638,-64.29,-2.6809,2.1832,-0.0011618,2.8705,-0.0075732,-0.0034632,0.0025803,-0.0060109,-0.001331,0.0066258,-0.0021509,-0.010021,0.00055597,-0.0061001,-0.0056486,-0.0039741,0.0040164,0.062502,-0.005431,-0.0049793,-0.002294,0.0060904,0.00081889,-0.0036055,0.0060671,-0.0049578,2.3675,-0.0053796,-0.0016504,-3.9927,-0.00031448,0.0021327,0.012384,-0.0025022,-23.693,-77.405,-22.476,0.50613,-2.6777,0.91642,3.751,5.7546,5.5664,4.1559,6.4177,6.3888,1.0051,1.4214,1.1641,3.6282,5.8633,5.56,-0.3533,6.2433,8.13,0.03,-0.0233,-0.2833,1.79,1.4,0.13,0.68,2.57,0.47,5.698,19.54,5.5705,2.1691,9.4977,-7.7206,-4.5467,-8.875,2.0892,9.9542,-3.123,1.8,-1.3874,3.8393,0.92345,-2.2373,504.53,-1.4005,-1.3567,-1.6024,17.689,-0.42964,-6.5589,NaN,23.687,NaN,47.459,13.187,-44.091,-2.3947,80.7,-35.987,0.1,-0.3,0.32899,82542,1.8266,11.824,4.7363,0.7667,0.1666,0.21943,0.20235,0.1333,-0.3033,1.9167,3.0467,0.051734,0.053083,-0.0053246,0.0092228,-0.0021236,0.0047583,-0.0018121,-0.0068385,-0.0027656,-0.00028494,-0.0015423,0.00023791,0.062646,0.010361,0.0097335,-0.0241,-23.006,-5.7617,-0.0551,-0.003,-0.64,0.17,42.968,42.559,53.564,44.46,9.6368,56.699,-6.5302e-05,-1.087,0.0105,-2.9708,-1.7098,-14.66,-1.9939,2.9135e+05,-3.27,-3.8749,-12.17,3.9775,27.672,30.279,-0.2336,35.037
2.0161,1.9894,6.0979,1.7272,0.66346,7.8425,0.46951,6.0438,-3.4619,13.272,0,-1.122,-5.2,0.70812,2.3077,9.3577,11.101,1.6297,2.943,2.4179,7.5462,5.6235,5.2804,6.3532,6.5302,11.87,6.7441,17.604,27.859,2.4851,6.5509,2.6691,80.436,79.127,-0.011079,-0.25695,-1.2283,0.62347,-2.4235,-2.5593,0.76114,-5.8946,4.0727,-1.7085,-1.4931,1.2061,0.05776,-0.78502,-7.5542,-0.46801,1.1793,-0.73399,-0.72558,3.8586,-1.5925,1.5165,-0.23564,66.1,6.8667,-0.058675,0.088558,0.6666,0.1,-0.1334,-3.9625,-11.323,1.9646,40.647,10.127,-9.8939,-7.8972,6.7004,7.4648,-0.35904,0.94046,-0.49187,40.567,0.0333,0.3334,2893,12.209,-29.492,2.7768,7.8433,-22.392,37.599,-8.5917,4.5212,0.57815,24.822,NaN,-1.3352,55.125,1.1595,2.7077,0.0012936,3.0559,0.0004574,0.0011789,-0.00014679,0.0011873,0.0022159,-0.00074172,0.0028764,0.0026979,0.0033467,-0.009338,0.010655,-0.015068,0.0020323,0.04917,-0.0039993,0.00025715,0.00099045,0.010702,-0.0037687,-0.0012063,0.021065,0.00099845,3.0373,0.0017889,0.0027376,-0.57376,0.0033028,-0.016085,0.01487,0.013028,-17.669,16.446,13.419,-0.79945,-3.8834,0.0051547,1.7834,2.3719,2.205,6.6116,3.4361,2.7734,1.8404,-2.4167,1.3387,4.7847,5.6433,5.3767,-0.2433,5.8867,7.94,-0.25,-0.1233,-0.2367,1.7433,1.34,0.07,0.51,2.56,0.4,3.421,2.3767,4.6537,-1.49,4.7867,-8.5392,-8.9043,-11.132,-3.0208,5.0943,-6.023,0,1.1486,0.80352,-0.82618,1.2052,504,2.8667,-2.941,3.199,16.696,-2.828,-0.58903,NaN,-0.72964,NaN,10.83,-5.9574,-4.8071,-1.8492,82.6,4.079,0.1,0,1.3157,1.5729e+05,7.0847,2.9747,2.0979,0.5333,0.2334,0.0051194,-0.0042095,-0.2867,-0.2667,1.85,3.1433,0.045569,0.0061592,0.0077171,0.014307,0.00078654,-0.00027701,-0.0020563,0.0031191,0.0043785,0.0019633,0.0014664,-0.0014607,0.026076,-0.0006181,0.0086089,-0.0133,-20.944,-1.5898,-0.0172,-0.0032,-0.25,0.14,12.159,6.7745,14.56,-22.986,-43.38,11.774,-6.4259e-05,2.171,0.0106,-7.7422,-9.6641,-14.11,-6.7445,2.8944e+05,-6.062,-5.7379,-2.49,-4.1126,7.2822,7.2349,-0.0325,18.283
1.3916,-0.20021,-6.5807,2.3697,-3.4602,13.938,1.7193,-1.8584,-0.22983,7.8118,0.5,-2.9377,-9.6,1.981,2.8168,8.9043,8.7405,3.3116,1.2008,1.5102,1.8247,0.94088,0.81552,1.6087,0.98528,3.3419,2.272,6.6328,11.235,-0.1549,0.18555,-1.2478,80.297,79.106,0.05293,-0.16346,-1.3657,0.77758,-2.7247,-3.0771,1.1682,-6.4687,3.9293,-0.61196,-2.0997,1.5366,2.0882,-0.56617,-10.299,-1.052,1.0971,-1.2381,-0.89064,0.21328,0.8583,1.4389,0.063455,66.067,7.1,0.075397,0.16801,0.4334,0.1,0.3667,2.313,4.0332,25.474,68.54,8.7885,18.046,0.67535,20.717,11.905,-0.85748,0.14204,-0.65987,40.667,0,-0.0334,2807,16.784,15.526,19.575,-8.4096,60.62,26.337,3.56,-1.5855,-1.8014,-17.84,NaN,-8.9282,-25.497,2.4564,2.8892,-0.0011271,2.3173,-0.0048851,-0.002822,0.0023004,-0.0015524,-0.00071864,0.0041299,-0.0007513,-0.0032079,-0.0095445,0.01133,-0.0035601,0.0042731,-0.001152,0.024645,-0.0010577,0.0041613,0.00078757,-0.010493,-0.0035693,-0.0032584,-0.012069,0.0010584,3.3049,-0.0015019,0.0084906,0.34428,0.010534,0.012054,0.00028061,0.0043888,8.7139,8.5246,-1.5734,-1.1228,-1.8702,-0.64305,0.27257,2.3579,2.5243,1.6787,1.8631,2.3702,3.062,1.5016,3.4103,-2.0539,4.8167,4.54,-0.8634,4.8667,7.3467,-0.59,-0.34,-0.2833,2.0533,1.34,0.04,0.33,2.81,0.44,6.9438,34.344,6.4876,-2.0408,7.4865,-4.0789,-6.3809,-10.905,-1.8455,6.8763,-5.142,10.5,6.5453,5.4648,2.1532,6.7217,508.31,9.5734,-0.81003,10.838,17.634,2.4138,-3.2727,NaN,-17.526,NaN,-22.631,-20.574,20.629,-3.1246,71.9,18.872,0.1,0.2,1.6248,1.6605e+05,1.6857,0.40138,-5.4249,0.9667,0.0666,0.032706,0.051774,-0.9333,-0.2767,1.7433,3.63,0.020773,0.038382,-0.0052702,-0.00057395,-0.0010943,0.0020823,-0.0037376,-0.00034259,0.00063908,-5.5776e-05,0.0016857,-0.00058527,-0.048378,-0.01508,0.015574,-0.0219,15.56,2.5452,0.0103,-0.0036,-0.8,0.16,26.638,20.823,13.061,25.575,10.487,22.215,0.0032187,4.842,0.0109,-6.127,-14.208,-25.36,-2.7203,2.904e+05,-3.0833,-3.2554,1.2,-4.0361,1.546,-1.5702,-0.0151,20.813
4.7598,7.4201,15.405,6.4942,5.9032,-7.4584,4.3494,-3.1383,-1.5676,22.242,0,3.5296,1.5,1.7213,5.1194,7.1626,2.8951,7.9701,5.4835,6.1083,0.88869,-0.4454,-2.8938,-3.1135,1.1888,4.426,1.272,-5.6653,-11.116,-2.2067,-0.20659,-12.114,79.776,78.741,0.078766,-0.24829,-3.1811,0.91378,-3.1523,-4.6606,-1.0122,-2.4386,3.1475,-0.55157,-3.1199,1.8509,2.834,-1.9879,-7.1431,-0.69284,1.6507,-0.16426,-1.3801,-0.042655,1.6196,2.1368,0.94948,66.3,7.3667,0.031113,0.25139,0.4,0.4334,0.1333,-12.454,9.7687,19.548,85.684,29.665,10.403,-3.6604,11.811,6.9727,-2.6625,-3.23,-2.4211,40.667,0,0,2815,52.998,107.13,33.958,112.8,43.392,27.423,43.156,5.0224,7.8109,5.0758,NaN,-8.1691,19.654,-1.184,2.502,-0.00023094,1.6034,0.00096167,-0.0022597,-0.0029626,-0.0021895,0.000175,-0.0033088,0.00061281,-0.0052912,0.013402,-0.0077832,-0.012263,0.004411,-0.011489,-0.033148,0.0034918,-0.0020034,0.00099862,0.0091816,-0.0041572,-0.0018563,0.0083883,0.00022742,2.7016,-0.00054323,-0.0071198,-1.1487,-0.0083087,0.0024347,-0.0080293,-0.0049751,-5.035,-72.673,-58.812,-1.039,-1.7774,-2.0995,4.3597,8.1787,8.3076,4.1178,7.9099,8.7669,1.6576,2.3619,2.3911,-1.8075,4.0233,3.8933,-0.59,4.3567,7.3033,0.02,-0.1667,-0.1967,1.9,1.41,0.1,0.46,3.41,0.27,2.5464,30.285,13.449,0.73587,13.906,-8.905,-4.0677,-4.9374,-0.26076,2.3679,-2.5193,9.3,-1.4729,-1.0239,-8.994,-1.5461,496.36,-2.5371,1.1341,-2.8483,16.723,0.031874,-3.6876,NaN,3.2336,NaN,6.5623,-2.5008,-1.4436,14.74,70.8,-13.782,0,-0.1,0.3108,83744,0.58369,-16.578,-0.48521,1.7666,0,-0.0065482,-0.015431,0.03,-0.13,2.5667,4.2567,-0.032337,-0.017839,-0.0046341,-0.0040332,0.0014754,-0.0026334,0.00455,-0.0012222,-0.0029738,-0.0020194,-0.0027588,-0.0017115,0.00895,0.018292,-0.014096,-0.0129,-4.31,0.14322,-0.0203,-0.0027,-0.82,0.14,23.92,78.208,27.07,6.6541,-43.509,59.303,-0.0027198,17.269,0.0111,-3.0991,-14.201,-52.14,-0.7656,2.8441e+05,-0.070558,0.25769,-11.1,7.5666,24.933,27.836,-0.1776,51.235
4.3141,2.7062,2.7675,3.0994,1.6807,22.005,12.924,22.468,12.731,13.447,0.4,-0.7743,-1,2.8937,-0.58601,0.19118,6.5223,3.947,4.9409,5.0188,8.239,7.059,8.1035,8.5816,6.3942,10.956,3.8502,24.581,39.343,2.9841,12.012,4.1839,80.689,79.742,1.0299,1.0041,0.15055,1.4762,-0.7106,-0.37413,0.915,-3.1201,2.3837,1.3062,-0.20212,4.4563,1.8073,0.69532,-5.5384,0.054265,1.1536,0.68674,-1.9009,-1.1104,2.1595,1.3906,1.5174,66.6,7.6,0.019135,0.19612,0.6666,0.2,0.2,5.6699,-7.6247,9.8321,57.355,20.876,-6.5667,9.6877,36.282,-3.4917,2.1175,1.1466,1.5691,40.833,0.1667,0.1667,2891,-29.536,-125.83,-17.061,-56.846,-66.992,-10.967,-16.234,3.1336,3.5361,24.173,14.215,-4.2935,25.245,1.2978,2.6536,-0.00057224,2.3782,0.0040146,0.0027546,0.0030707,0.0027714,-0.0012246,0.0032293,-0.0015637,0.0085562,-0.007708,0.0041666,0.0020029,-0.0015284,0.0036847,0.02913,-0.00098397,-0.00098059,-0.0022693,-0.01875,0.010478,0.0029137,-0.0019542,-0.0035386,3.065,-7.6511e-05,0.005438,4.348,0.0068871,-0.0040671,0.017745,0.010521,-21.742,53.802,42.623,0.048626,-0.39606,0.71317,2.3009,0.99145,0.34848,7.0918,3.3683,2.9029,0.1253,-2.1129,0.30038,3.8875,3.77,3.68,-0.1966,4.22,7.3767,-0.03,-0.0033,-0.0733,1.7533,1.3,0.12,0.54,3.7,0.27,-1.1507,21.966,7.8261,-2.8035,7.825,-7.9072,-6.8924,-6.3656,0.70748,1.4995,-3.7291,18.2,-0.97703,1.5868,-2.3602,-1.3975,489.77,-0.63832,-1.8042,-0.87532,14.721,-2.911,-3.8644,NaN,1.5724,NaN,5.9696,5.2737,8.2523,5.6332,78.9,-6.5457,-0.1,0.1,0.58259,1.1573e+05,7.9412,6.2892,-1.2425,1.1667,0.1667,-0.16122,-0.15658,0.06,-0.09,2.88,4.5067,0.046903,0.070683,-0.0005199,0.0085016,-0.0026702,0.0033651,0.0013711,-0.0005279,0.0016185,0.0026562,0.0016754,0.0041813,0.030318,-0.0013223,-0.011189,-0.0023,-17.562,3.3267,-0.0267,-0.0026,-0.21,0.18,-15.055,-48.606,-5.5815,-5.1087,-74.566,-30.223,-0.0015757,-1.0256,0.0112,-3.5715,-4.5458,-3.41,-2.1609,2.8506e+05,-3.8328,-4.6257,-2.32,-3.081,-1.7872,-3.256,0.023,22.764
3.9337,4.2649,8.4388,4.2108,2.3787,3.1671,4.5634,8.9773,6.0724,0.14879,0.3,2.5399,5.7,0.44421,0.17206,8.3944,6.2561,1.8514,4.2533,4.3386,4.3644,3.0655,3.8427,4.1263,2.3268,5.0857,0.23237,7.9095,16.32,2.7745,5.0748,-8.0515,80.785,79.944,0.9734,0.76921,-1.0233,1.5675,-1.3585,-1.7685,0.058333,-1.6566,3.3602,1.3019,-0.20222,3.1409,3.1538,2.0159,-7.5712,-0.98395,1.9507,-0.73146,-2.8327,-0.85626,2.6906,2.4367,1.1683,66.6,7.6333,-0.072822,0.10519,0.0334,-0.1,0.1334,2.7663,6.4107,-5.3413,27.833,-6.1957,16.877,20.471,20.182,-2.0561,0.50802,-3.9554,0.66127,40.767,-0.0334,-0.0333,2893,10.616,45.217,13.779,22.973,-3.3287,9.0694,7.0383,4.5232,6.4418,-12.586,-1.152,-10.831,-18.945,1.3716,2.5412,-0.0011282,1.9078,0.00056514,0.00024505,0.00086286,-0.0019035,-0.00095932,0.0022148,-0.0013163,-0.00050044,-0.0038591,-0.0086292,0.0081731,0.0042137,0.0023548,0.0086441,-0.0030695,-0.0012186,-0.00124,0.0013868,-0.0056665,0.00054375,-0.0059774,0.0012472,3.0419,-0.00097492,-0.0013809,2.3826,-0.0008556,0.0078644,-0.0038053,-0.0020812,35.715,10.803,6.6897,-0.012635,-2.8455,-0.26137,4.4787,2.0425,2.1904,8.3181,3.5856,3.8319,0.90599,-1.3008,0.99466,3.4493,3.2567,3.0833,-0.6467,3.4167,6.6167,-0.67,-0.2967,-0.4267,2.0867,1.39,0.07,0.33,3.53,0.27,6.9043,29.307,7.5026,-2.6025,6.5627,-5.1781,-5.5979,-3.1977,-2.4489,1.9661,-1.4479,21.1,3.5091,4.3326,2.4812,3.3735,491.64,4.4579,1.1795,4.8681,14.651,2.1772,-5.1993,NaN,-18.479,NaN,-50.486,-17.172,20.578,2.5709,76.1,19.012,0,0.1,0.31864,80934,4.0531,-7.392,-9.964,0.2667,-0.1333,0.13651,0.12634,-1.0433,-0.1733,2.35,4.7233,-0.0070944,0.0045961,0.0040268,-0.0021995,-0.0023676,0.00099042,-0.0025778,-0.00051409,-0.00054467,0.00017757,0.00019235,-0.00393,0.01583,0.0077941,0.0088002,-0.0021,3.9827,4.5165,-0.0066,-0.0014,-0.6,0.1,16.11,13.237,9.8695,19.565,-19.984,-2.787,-0.00068912,-0.51381,0.0123,-4.0564,-6.0261,79.46,-3.2549,3.116e+05,-1.8442,-1.1745,59.2,-38.855,6.7594,3.9306,-0.0393,20.215
4.151,4.7394,7.8546,4.4264,3.9954,12.022,11.527,14.448,10.345,14.975,0.3,-0.046228,0.3,6.7054,-0.30195,2.0116,9.4627,1.8177,4.9491,4.763,3.5389,4.2026,4.8621,4.9968,4.1806,5.5866,0.68246,10.505,9.9655,3.0402,5.1307,21.325,81.159,80.006,1.502,1.7891,-0.67567,1.8702,0.048381,-1.0891,-0.077783,2.9306,2.7585,2.2279,2.068,4.767,3.632,3.2543,-1.5709,0.2598,0.12735,0.49887,-1.0916,-2.5367,1.1433,0.45964,0.27162,66.267,7.3667,-0.20606,-0.014253,-1.0334,-0.2,-0.1667,-17.46,-11.479,-7.1726,-4.2072,-14.251,-4.7168,-31.659,-31.53,5.2631,2.4617,3.7048,2.5325,40.867,-0.0333,0.0333,2976,14.816,-62.611,17.664,-4.2081,40.245,25.527,3.7036,5.6752,8.0663,10.207,-1.4415,-6.6472,4.7696,2.096,2.7786,0.0013896,2.8065,0.0010553,0.0022373,-0.0026569,0.00073979,0.0025296,-0.0042766,0.0029932,-0.0010227,0.003986,0.0069428,-0.010024,-0.0052809,0.0018733,-0.0084155,-0.0054866,0.0029615,0.00077326,0.029168,-0.0023469,-0.0024854,0.013244,-0.0050707,3.4884,0.001282,0.001324,-0.11336,0.00024531,0.0037495,-0.0087705,-0.0058017,27.497,-24.582,-25.505,-0.58244,-0.41477,-1.4086,3.9092,-0.85217,-0.74648,-0.16266,2.4214,2.2976,-0.025,7.0968,-0.24968,8.5364,3.0367,3.07,0.0967,3.5633,6.7433,0.19,0.0433,0.1667,2.1267,1.46,0.18,0.49,3.67,0.48,10.849,-20.25,12.511,-0.67401,4.7447,-3.9662,-5.0787,-3.6196,-0.073604,3.4212,-1.2097,16.4,6.3435,4.1863,2.3686,6.6983,497.68,8.7738,0.28809,9.7221,14.147,-0.91107,-4.7196,NaN,22.578,NaN,25.679,-6.0482,-75.083,19.423,83.2,0.1082,-0.1,0,0.62454,1.238e+05,3.1238,24.795,11.409,0.5333,0.0333,0.063063,0.07342,0.3,0.0333,2.87,4.9867,-0.011953,-0.10487,-0.0050617,0.0046157,0.00064846,-0.0015852,0.0013685,0.0025273,0.0015719,0.00041143,0.00066695,0.0013727,-0.024436,-0.0033294,-0.010885,0.0181,-64.213,2.3822,-0.0034,-0.0015,0.2,0.52,-1.0542,13.318,28.794,12.056,9.7498,35.289,0.0022966,0,0.0112,-5.4733,-7.2929,-103.91,-1.9964,2.8322e+05,-2.977,-3.4414,-62.13,36.206,6.191,4.6804,-0.0402,4.9277
0.66904,1.5308,3.8492,1.527,0.41242,9.3209,2.9829,7.5052,3.9536,0.25625,0.5,-4.9934,-12.5,-1.5126,1.4019,0.90862,8.5682,1.4938,0.077506,-0.26,4.5029,3.5282,3.091,2.8142,3.5198,7.9744,2.1829,9.4819,9.1645,0.40006,5.3569,-2.4284,81.469,80.432,2.3426,2.5904,0.89799,2.4527,1.9063,0.73983,1.1263,6.2533,3.0794,2.5769,0.45252,5.4298,1.4074,4.6168,-2.9622,1.9402,1.1514,2.547,-0.57741,-1.3826,1.6191,1.6574,1.5577,66.2,7.1333,-0.10828,-0.14796,0.2334,-0.2667,-0.2333,6.3576,-20.588,-32.76,-37.81,-25.435,-5.1831,11.985,16.49,-10.722,2.9433,1.3126,3.5444,41,0.0333,0.2,3009,-20.26,-44.621,-5.2888,-3.3039,-52.693,-5.3899,-51.573,4.1493,4.962,-1.2515,6.0844,-9.7234,-5.1936,5.0968,2.3731,-0.0004345,2.3716,-0.00043207,-0.00096049,-0.00063688,-0.0020739,-0.0012691,8.178e-05,-0.0016939,0.0018657,-0.0062074,-0.0042566,-0.0025569,0.00082955,-0.006411,-0.011355,0.0080277,-0.00093988,-0.0032673,-0.011335,0.0025776,-0.00087293,-0.0056186,0.0041423,2.8998,-0.0003011,-0.0013677,1.8066,-0.001652,-0.0035295,0.003658,0.0063489,-31.161,-25.054,-15.776,0.42994,-1.1168,-0.08575,-20.899,-5.0253,-4.3085,3.187,-3.4655,-3.2043,0.95887,-22.022,0.50919,6.4874,3.04,2.96,-0.16,3.4067,6.28,-0.48,-0.29,-0.4667,2.1233,1.44,0.13,0.45,3.32,0.24,2.7633,-14.05,4.6572,-4.0569,-0.83482,-4.9694,3.2814,-0.63055,-2.3962,6.9285,1.9879,14.8,1.8257,-2.0083,-3.5021,2.4508,498.87,3.4559,-2.3095,3.9217,13.453,-2.5685,-3.6319,NaN,10.506,NaN,32.019,-6.9041,-25.935,0,87.3,-6.7053,0,0.1,0.34401,42045,4.4601,-1.585,-4.9261,-0.5667,0.1667,-0.082935,-0.090137,-0.4234,-0.08,2.4433,4.6933,-0.011449,0.0408,0.004998,-0.0060624,-0.00056513,-0.00079415,-0.0044799,-0.0018283,-0.0021766,-0.0017398,-0.0012522,0.0013451,-0.029912,-0.014783,-0.0045388,0.0145,-16.729,4.042,-0.0066,0.0001,-0.35,0.16,14.509,3.5109,-4.8485,-23.983,3.8253,36.768,0.000978,5.1086,0.0118,-1.3801,-2.4291,25.14,-4.5531,2.8955e+05,0.093252,2.2809,23.83,-13.395,17.28,11.177,-0.1103,1.0036
2.3229,3.622,12.765,2.0144,3.176,2.2947,7.1301,15.698,7.7848,5.3014,0.4,0.035775,-4.1,10.605,3.2179,4.7645,8.1798,1.2356,2.1711,2.4807,1.449,0.9101,-0.4558,-0.98082,1.706,4.2473,0.55813,1.9282,2.9753,-2.0439,2.6656,-4.6801,81.305,80.331,2.1541,2.3845,-0.88208,2.6627,0.13238,-1.562,0.096945,4.2185,4.0982,3.4765,1.2042,4.543,4.4956,2.3039,-3.1841,1.4939,1.0425,1.6674,0.87903,-1.7785,1.97,1.4402,2.2146,66.333,7.0667,0.051185,-0.13201,-0.0334,-0.1333,-0.0334,-3.5688,6.0341,8.8638,-35.631,0.26926,-4.6577,-12.806,-6.4024,12.812,4.2576,1.8148,4.5794,41.1,0.1,0.1333,3090,32.342,78.684,-4.1624,0.94679,17.98,29.385,75.715,1.8506,9.2363,4.2017,-5.4502,-7.7887,14.409,2.5463,2.6792,0.00069703,2.3518,0.00073335,0.00036096,-0.00093702,0.0057699,0.0017553,-0.0042722,0.0012301,0.0053839,0.011267,0.0017666,0.0037972,0.004863,-0.0043309,-0.027599,-0.006658,0.0019023,-0.0014035,-0.014322,0.0022543,0.0050495,0.0076425,0.0015282,2.8786,-0.00029401,0.0023744,3.8116,0.0040209,0.0079364,0.0050152,-0.0014676,18.964,2.5223,-4.3052,-1.0819,-0.8287,-0.039224,11.405,0.058234,0.39936,-0.3614,-2.4116,-1.7699,5.0361,14.63,5.3274,-2.8006,3,2.9667,-0.0067,3.38,5.99,-0.27,-0.3266,-0.2633,2.15,1.46,0.11,0.41,3.02,0.21,8.9837,4.1013,8.0896,-1.1131,3.0707,-6.7569,1.8882,-0.43906,1.4932,4.4367,1.2671,26.3,1.3973,3.4721,2.2365,1.06,498.65,1.4814,1.1824,1.3867,13.113,0.77229,-5.4917,NaN,-13.049,NaN,-11.565,-37.669,14.772,2.7172,82.5,8.2815,0,0.1,1.0487,1.3517e+05,1.4254,-4.7562,-4.0804,-0.4,0.1666,0.034755,0.035386,-0.3,-0.0333,2.1833,4.4067,0.03247,-0.049501,-0.0077591,-0.0033741,0.00045459,-0.0012917,0.0047024,0.0014043,-5.5104e-05,-4.6938e-05,0.00019113,0.0015985,0.048393,0.0026997,0.009807,0.011,2.4082,3.8432,-0.0067,-0.0007,-0.02,0.18,-19.821,-19.441,-1.7254,13.88,62.572,-1.9029,-0.0011299,1.52,0.0116,-0.4611,2.2898,-9.25,-3.035,2.8287e+05,0.16185,1.6455,-7.16,6.2886,2.7933,0.86119,-0.0065,-15.781
1.9047,4.4272,4.4282,4.6179,3.9354,-2.7259,6.2344,4.5694,3.2104,14.72,0.1,0.5683,-1.5,0.65403,2.088,-1.0701,5.2337,0.34833,4.1061,1.9235,0.84467,1.5669,1.3875,2.7079,1.5453,4.2396,-0.46721,-3.135,-9.361,4.824,-1.7344,18.316,81.269,80.115,2.5203,2.6481,-0.24669,2.9207,0.91945,-0.20243,-0.31032,5.8432,4.5609,4.1363,1.4004,4.1925,3.3013,0.64272,-5.0264,2.3168,1.902,2.6358,1.6232,-0.39145,1.6046,2.6328,2.2146,66.333,6.8,-0.29189,0.022608,-1.4,-0.2,-0.2,-13.768,-16.194,-24.681,7.7021,-7.4987,-20.439,-14.222,-24.89,3.8671,2.3135,0.95915,2.322,41.167,0.0334,0.0334,3209,10.293,14.036,35.332,19.831,41.705,5.4845,-3.0484,3.2721,7.3503,-1.6175,-8.7085,-4.951,3.1579,1.9126,1.7357,-0.0019844,2.0024,-0.001386,-0.00019944,-0.0019979,-0.00040134,-0.0025921,-0.0028527,-0.0022145,0.00024353,-0.0058065,0.0035904,0.00052295,-0.0048623,0.0075553,-0.00021824,-0.0085031,-0.0033098,-0.00020861,0.0041509,-0.0020033,-0.0038494,-0.0056662,-0.0018751,1.8464,-0.0024687,-0.015997,-2.1255,-0.021334,-0.020446,-0.013979,-0.005738,-19.43,-62.315,-44.11,0.062758,-1.1851,0.16379,1.3272,-1.3123,-1.3018,-0.11541,1.7839,-0.39094,0.5759,2.9277,-1.613,5.7178,3.06,3.0033,0.04,3.4233,5.6167,-0.37,-0.5134,-0.5167,2.0067,1.46,0.12,0.42,2.61,0.18,8.5261,-7.3349,9.8386,0.061614,3.3642,-2.8493,7.2773,1.8736,2.0841,8.9505,4.3741,25.9,4.1605,5.9073,5.559,3.8748,503.07,4.9728,2.0758,5.2262,12.048,0.99534,-4.0934,NaN,5.6195,NaN,3.8382,-16.238,-7.7964,10.412,77.4,-13.001,-0.1,0,0.18569,58813,0.80999,23.21,2.7653,0.3,0.0667,-0.0056603,-0.0099784,-0.2333,-0.0567,1.89,3.8333,-0.055139,0.070421,0.00074878,0.0010138,-0.002358,-0.0038098,0.0013271,-0.0022083,-0.0028016,-0.0026333,-0.0028692,-0.002761,0.022225,0.023048,-0.0091367,0.0261,-3.9767,1.9063,0,0.0003,0,0.12,20.838,32.702,40.527,35.413,3.4303,24.055,-0.0023428,0.50537,0.0111,-0.46163,3.253,-38.69,-3.8791,2.6619e+05,0.14352,1.9866,-27.63,20.434,7.1992,1.361,-0.0469,-4.8278
5.4038,3.4961,9.5101,2.5816,2.7651,20.485,15.75,21.46,14.174,20.041,0.2,1.4099,0.7,13.98,1.9445,12.69,15.755,2.7702,5.3325,6.8312,6.6939,6.0243,5.6581,3.2746,6.8684,11.86,2.4143,16.926,24.185,-1.7106,14.253,1.6249,82.068,81.029,2.7736,3.215,1.1447,2.8267,2.5609,2.1137,-0.25231,7.3699,3.3523,4.2888,2.0417,5.9465,4.3418,0.06116,3.2242,2.3034,0.62966,2.4927,2.2118,-3.4965,1.6868,1.3099,1.7415,66.333,6.6333,-0.20138,0.021125,0.0334,-0.3667,0,3.0731,-16.065,-24.407,7.1116,-23.001,-1.2502,20.475,-9.5189,-21.388,3.7051,1.5207,3.7615,41.333,0.0333,0.1333,3396,39.456,52.55,46.444,47.463,-6.9916,45.822,39.116,6.5316,7.8796,10.637,2.2416,-9.4831,4.8967,1.3588,2.2987,-0.00044309,2.3437,0.00011364,-0.0014189,0.0064736,0.001726,-0.0015296,0.0088328,-0.0020302,-0.00082881,0.0062559,0.00068253,0.003166,0.0059326,-0.0010375,0.051244,0.0029213,-0.00011536,-0.0025632,-0.0011789,0.0012635,-0.00014959,-0.012384,0.00037754,3.302,0.0019169,0.009068,0.11204,0.012155,0.019344,0.0036245,0.0020056,13.978,-25.594,-33.451,0.82558,-0.3501,1.6815,5.7705,0.21902,0.18066,5.176,1.5736,3.123,-0.24109,3.3042,1.3569,3.5463,2.99,3.06,0.0833,3.5267,5.6067,-0.03,-0.05,-0.07,1.9467,1.45,0.14,0.47,2.55,0.28,8.4354,5.2895,6.7684,-0.93074,2.5131,-4.2041,7.9076,7.0699,3.8144,10.415,8.2616,17.2,4.8065,6.5745,3.8043,4.5159,505.27,5.7896,2.2636,5.9774,11.707,1.2327,-2.4991,NaN,6.1299,NaN,-2.3639,9.6952,-3.3118,6.3914,84,-27.776,0.1,0.1,0.56768,1.4221e+05,6.7809,-3.076,16.39,0.4,0.0667,0.025106,0.033991,0.0233,0.07,1.9833,3.8533,0.0449,-0.047121,0.0044843,0.009364,-0.001622,0.007331,0.0012945,0.00034929,0.0033961,0.0041926,0.0037308,0.0032064,-0.013402,0.011542,-0.018575,0.0308,-6.6522,3.4506,-0.01,0.0008,0.16,0.35,60.207,56.66,50.8,22.541,-40.557,22.12,0.00078631,4.0201,0.0115,1.3833,4.4319,38.21,-1.6319,2.7355e+05,1.8663,3.447,23.87,-12.54,9.3213,15.487,-0.0552,-3.2197
3.8622,4.5492,9.4189,3.281,5.3038,14.953,4.6978,11.182,4.2113,5.9901,0.6,-4.9799,-13.3,-1.8843,1.6544,3.903,9.2119,2.6327,3.638,4.6478,4.3598,4.9288,3.8413,5.1315,5.8598,9.4635,2.2097,9.3315,15.582,3.5515,3.6619,6.5368,82.537,81.435,3.0677,3.3132,1.7504,3.2393,2.3786,2.9565,0,4.6863,3.5879,3.7419,3.3142,4.6944,3.8811,0.64159,1.2024,3.5009,1.8691,3.5729,3.035,1.3148,0.76708,2.4461,2.7704,66.567,6.5667,-0.024326,-0.039014,-0.2667,-0.0667,-0.0666,-45.704,13.144,39.115,-8.9284,-36.026,127.34,-65.182,-131.94,-105.98,3.7151,1.7268,2.4379,41.333,-0.0333,0.1667,3710,-12.085,33.94,-10.265,-48.364,-41.361,-11.353,29.785,6.6294,7.6976,13.086,11.379,-5.0704,2.8958,2.5025,1.4315,-0.00061606,2.0438,0.0033982,-0.0014401,-0.006399,-0.0042776,0.00030243,-0.0075329,0.00045054,-0.0070499,-0.0051308,-0.00023801,-0.00092453,-0.0070114,-0.012589,-0.035711,0.0057812,0.0019504,0.0025352,-0.00062637,-0.0025754,-0.0013537,-0.0046803,0.0012085,2.0045,-0.0013514,0.00535,1.567,0.0054421,-0.0061318,0.0030842,0.003142,7.0204,-65.14,-43.79,1.0519,1.0192,1.7833,-12.222,-3.4599,-4.0033,2.6272,1.2006,0.93524,-3.768,-13.69,-3.493,9.2042,3.2133,3.2433,0.25,3.91,6.0667,0.25,0.3167,0.2934,1.78,1.23,0.21,0.67,2.82,0.27,3.963,-17.018,2.8857,-0.87103,0.40839,2.4346,8.5373,8.7835,2.2833,10.877,9.5329,29.3,0.63903,1.0894,-1.5434,0.56473,502.66,0.26401,1.6117,0.011106,13.425,0.70271,0.075959,NaN,1.63,NaN,-4.2189,-2.4328,-0.99352,4.9809,93,5.0147,0,0.1,-0.36152,34318,4.8178,12.459,-10.581,0.5334,-0.0334,-0.06886,-0.072878,0.5034,0.03,2.2633,3.9467,-0.01148,0.098209,-0.0094684,-0.012707,-0.0012471,-0.0065737,-0.0060196,0.00054737,-0.002548,-0.0047112,-0.0030794,0.00047071,0.044287,-0.011425,0.011358,0.0379,11.532,3.3932,-0.02,0.0017,0.17,0.3,-125.1,-31.842,-5.5428,46.129,21.997,10.849,0.0034184,1.995,0.0114,4.5767,4.3325,-6.18,-0.17926,2.6867e+05,4.4525,6.5147,-0.78,7.0285,4.4668,11.058,-0.0071,-9.0768
5.3838,3.1002,4.2882,2.8429,3.1471,19.204,8.0036,2.3992,6.1798,12.774,1.1,1.9748,-1.7,12.007,4.5339,13.279,14.633,4.0083,6.7783,6.4867,8.8278,7.1801,5.4117,6.0054,8.9248,15.064,6.1191,9.1933,4.9106,4.8046,6.0836,-12.496,83.353,82.58,3.6769,4.0389,2.2932,3.6477,3.7942,3.3051,0.81459,9.9736,4.4532,1.2716,2.8959,6.9178,3.5657,3.1017,-4.6289,3.9008,1.902,4.5,3.8009,-2.8101,2.7903,2.7855,1.969,66.5,6.2,-0.3253,-0.064825,0.1333,-0.5333,-0.3,-17.732,-16.021,-52.937,-19.433,-48.395,1.4999,-17.521,-15.391,-3.0431,6.8487,4.1741,6.4802,41.767,0.1333,0.2333,3861,21.188,115.07,14.143,54.313,73.301,20.745,-27.413,5.3507,7.6482,12.397,2.5657,-2.0826,20.858,6.4435,2.2261,0.0021932,1.9024,-0.003017,0.00093889,0.004545,0.0036419,0.00048844,0.0049997,0.00037677,0.0051824,0.004023,0.0037742,-0.0022099,0.0023361,0.017924,-0.0013387,0.002045,-0.0014224,-0.0017599,0.0022994,-0.0072551,0.0037609,0.012702,-0.0031331,2.2657,0.0003855,-0.0037492,2.2276,-0.00408,-0.0099824,0.0078097,0.00055337,-35.599,82.727,70.205,-0.67203,-0.4396,-1.3471,2.9592,1.0392,0.31543,4.6591,0.29959,-0.36276,2.9353,0.55996,2.9951,0.02995,3.94,3.9867,0.96,5.1333,7.0833,1.14,0.7867,0.75,1.5133,1.35,0.43,1.15,3.1,0.41,7.3446,-3.4923,0.24099,-1.471,-0.70994,7.1151,9.7916,9.6494,1.4346,14.358,11.344,29.1,0.73002,4.9291,0.92076,0.032947,497.69,0.31953,1.7912,-0.0038941,13.368,-0.30329,-0.34193,NaN,-6.5452,NaN,-12.476,-16.538,4.3851,12.072,92.2,9.2383,0.2,0.3,-0.19993,63339,9.0539,-19.661,7.8379,0.2333,0.4334,0.013114,0.0097255,1.19,0.0467,2.7267,4.0067,-0.00744,0.045244,0.0099681,0.0037716,0.0024492,0.0040176,0.0048321,-0.0025416,0.00064508,0.0016072,0.00067217,-0.0037811,-0.021417,0.016218,-0.00048405,0.0462,-0.17254,6.7387,-0.0033,0.0013,0.89,0.46,94.241,18.195,8.5135,-8.7332,18.514,-31.48,-0.0029268,2.4799,0.0107,4.5249,7.2727,-47.54,1.4679,2.5102e+05,4.4838,5.8085,-33.76,28.645,-16.058,-17.363,0.1392,-32.031
2.3313,3.0385,4.2026,2.6596,3.4278,-6.5882,3.2996,10.249,6.7799,-5.9233,0.7,6.6866,10,1.058,4.675,14.697,11.093,2.3259,2.4065,2.3726,5.4924,5.0762,3.7915,3.2168,6.8079,10.544,4.1812,8.4388,4.896,1.2564,8.797,0.62027,83.637,82.969,3.5053,3.9594,2.4832,3.6176,3.054,3.3829,1.1608,5.5044,4.9706,-0.82802,2.778,7.3419,2.6404,4.1585,-1.2164,4.6163,1.2653,4.7439,4.3081,-2.8744,3.903,1.3001,2.1119,66.533,6,-0.071022,-0.092955,-0.7666,-0.0667,-0.2,-4.3381,-7.6465,19.571,-28.725,0.71684,-33.088,-3.6651,5.0509,-35.037,4.4232,3.9572,4.6812,41.7,0.0333,-0.0333,3962,-3.3779,-2.9874,-2.0317,-20.186,-15.168,-4.1472,18.859,6.6628,8.2336,5.5045,5.3258,0.82244,6.2145,4.377,2.8602,-0.0011415,2.1259,0.00081584,0.0011667,0.0056709,0.0010772,-0.0008244,0.0081446,-0.0010118,0.0040517,-0.0032426,-0.0028312,0.0069469,0.007084,-0.0096665,0.068473,-0.0011155,-0.0011861,0.00097326,-0.0035726,0.0025629,-0.0033751,-0.0081253,0.0037861,3.6884,0.00059059,0.0050406,3.0984,0.0067629,0.0015611,0.0045914,0.0092652,-35.832,35.859,13.717,0.36098,1.2095,0.43329,-0.83985,-3.1453,-2.9372,1.5336,-2.2801,-2.0536,2.1445,0.65685,2.1594,3.0015,4.4867,4.4767,0.4767,5.6,7.3333,0.15,0.2266,0.2433,1.5067,1.26,0.41,1.12,2.86,0.39,3.303,-4.0678,-0.94756,-3.3624,-5.3787,8.5116,14.261,8.2704,5.375,17.016,11.451,21.4,3.4143,5.5681,3.2423,3.0532,498.6,4.0872,1.6727,4.1138,12.422,-0.60727,-0.95134,NaN,-13.92,NaN,-28.648,-16.617,12.436,-3.1662,90.7,-6.8322,0.3,0.4,-0.0954,19277,5.9062,1.0193,-0.23188,-0.2667,-0.0334,-0.0044559,-0.0066878,0.29,-0.01,2.47,3.6867,-0.015403,0.020707,-0.0082205,0.015599,-0.00062044,0.0069411,0.0023285,0.00077168,0.0026405,0.0043338,0.0038784,0.002089,-0.038873,-0.0036722,-0.017054,0.0238,-13.376,9.1264,-0.0034,0.0015,0.47,0.38,13.906,-10.55,1.5904,-7.3609,-0.54485,6.3419,0.00094943,1.4806,0.0107,3.5835,5.6658,10.96,1.2369,2.514e+05,1.846,2.1124,2.12,0.6391,8.6684,11.13,-0.038,-17.771
4.5561,4.3013,13.835,2.3648,4.2288,16.127,9.548,23.37,15.309,-6.2064,1,-3.4955,-10.1,4.9826,1.462,9.1296,11.099,5.699,5.8623,5.6818,9.2086,8.2157,7.8941,5.3575,9.1796,15.418,4.318,9.1149,6.9209,3.9347,14.807,-7.7319,84.53,84.107,3.1654,3.5877,2.53,3.2477,2.8341,3.7832,0.67559,4.4828,3.7796,-2.2229,4.5875,6.358,3.3023,4.442,-2.2398,4.308,1.0686,4.5465,4.3933,-2.1806,2.2833,1.4207,3.8908,66.7,5.6333,-0.313,-0.06888,-0.7667,-0.4333,-0.3,-27.275,-35.34,4.041,-21.627,-20.762,-19.903,-40.104,-19.451,5.5389,1.7829,4.5789,1.6313,41.8,-0.0333,0.1,4214,4.8298,71.727,0.87199,17.42,21.627,2.4935,-9.5107,8.3212,8.3076,12.104,6.7682,2.6401,10.68,6.172,1.8711,-0.00051147,2.2274,0.00056091,-0.00080656,-0.0078821,-0.0053195,0.00073869,-0.0092567,0.00060296,9.8792e-05,-0.011767,-0.0055054,-0.010687,-0.0090956,-0.003515,-0.042812,-0.00089016,0.00073187,-0.001117,-0.0041875,0.0037589,0.0026645,0.006052,-0.0022043,2.3215,-0.001109,-0.0053141,1.5399,-0.0054155,0.01159,-0.008055,0.0017445,-28.295,-37.285,-20.633,1.0154,1.0193,0.8404,1.6306,1.3693,0.98147,4.632,4.2372,3.9009,-1.1791,-1.256,-1.1151,7.0302,5.1667,5.28,0.8833,6.5967,7.8367,0.51,0.3967,0.3667,1.37,1.26,0.49,1.32,2.56,0.58,5.0128,14.192,-2.4741,-2.4044,-4.9427,8.6091,13.989,13.412,6.6145,14.305,13.74,25,2.1258,8.2836,2.5846,1.0814,492.87,2.5224,1.0947,2.5223,14.576,-2.3257,-0.83905,NaN,-2.7865,NaN,-4.327,-0.78176,8.4428,-1.022,93.1,-2.9192,0.1,0.1,0.37408,1.204e+05,9.7925,-13.074,6.1481,-0.4666,0.0667,0.015546,0.023458,0.6766,0.1133,2.4667,3.4033,0.0070184,0.014776,-0.0052791,-0.011554,0.0014163,-0.0075056,-0.004322,0.0001482,-0.0027298,-0.0046414,-0.0041832,0.00072965,0.044703,0.013686,-0.02114,0.0655,-9.6725,8.0107,-0.0133,0.0021,0.99,0.69,-3.6613,17.858,4.5097,-19.223,-18.001,7.218,0.00052843,4.896,0.0107,4.8754,8.7631,9.84,1.5884,2.497e+05,3.7034,4.6217,0.46,4.301,-0.75007,5.1791,0.0478,-29.557
1.4165,0.9943,-8.3484,2.749,1.4449,4.1786,8.3836,19.91,14.515,-9.2243,0.8,1.3968,-1.1,4.6398,3.1071,7.6341,8.6819,3.4049,2.1951,1.2294,3.4372,4.0842,3.3737,2.0275,5.1605,8.955,2.6498,2.4201,4.1339,1.883,7.6903,8.6368,84.535,84.05,2.9966,3.4146,1.8812,3.3355,1.6286,2.9752,0.25065,1.4066,4.0269,-1.437,4.3455,6.0907,6.3442,3.3362,-3.2804,3.4291,0.90776,3.0739,4.7142,-2.5067,2.0124,1.3365,1.2804,66.767,5.4667,-0.0071908,-0.13418,-0.0333,-0.1667,-0.1334,14.933,2.6606,-65.628,-50.379,-11.945,-17.36,24.75,-7.1657,0.53775,2.0037,0.05545,1.8984,41.667,-0.0667,-0.0334,4120,-42.386,-43.371,-37.621,-68.591,-53.805,-30.106,-36.242,3.369,0.14331,2.4268,4.4952,-2.0349,6.4795,6.1509,1.9522,0.00016908,2.2711,0.0021848,0.00023108,-9.3352e-05,0.0022819,0.00033177,-0.0013544,0.0012244,-0.0040514,0.0092255,0.0037217,0.0076152,0.0047206,-0.0019691,-0.020538,-0.0012597,0.0021731,0.0033932,0.0061027,0.00083491,-0.0010687,-0.003455,-0.0010195,2.9272,0.0020527,0.007629,6.5343,0.007232,0.0017513,0.010758,0.0067975,-12.832,10.077,13.451,0.34637,-1.2687,0.53513,-5.0988,-0.044256,0.21778,3.3791,0.29183,-0.77837,3.3951,-6.0811,2.051,0.98598,5.81,5.7367,0.27,6.7267,7.4833,-0.29,-0.29,-0.33,1.3933,1.33,0.31,0.99,1.75,0.44,-0.87927,10.643,-3.6613,-2.3383,-7.7794,14.424,8.5816,10.704,8.64,17.66,13.269,16.1,5.2583,0.43783,-2.967,6.0775,496.18,7.1787,0.21233,7.5829,11.73,-0.016087,-1.9519,NaN,-2.9524,NaN,-16.858,-11.017,-0.63149,11.243,94.3,4.1017,0.2,0.3,0.27687,56798,4.2672,9.4401,6.6254,-1.2334,-0.1333,-0.036924,-0.037339,-0.24,-0.0733,1.5833,2.47,0.037329,-0.017243,0.0052407,0.0004102,-0.002161,-0.00050834,0.0020596,0.0023489,0.0012844,0.0024669,0.0017895,-0.0029097,-0.027605,-0.02092,0.004515,0.0004,10.782,10.101,0.0133,0.0017,0.31,0.36,-55.124,-47.913,-28.575,-36.936,-36.908,16.27,-0.0018502,3.8741,0.0108,4.3812,3.9847,9.76,3.1187,2.519e+05,3.4376,3.5752,5.76,-0.3938,17.11,15.928,-0.1006,-17.619
1.1916,3.4914,4.0657,3.9556,1.9663,-8.3955,-0.26926,-0.63079,3.8117,-12.543,0.4,1.3418,-1.3,6.1259,3.1407,5.5713,3.781,1.1326,1.2906,1.0961,-0.23732,1.2687,1.5425,-0.24525,1.4536,2.9896,-2.7345,-3.7937,-4.8482,1.1009,7.1239,5.7679,83.922,83.2,1.4814,1.6862,-0.046344,1.8042,0.17287,1.004,-1.6223,1.3762,3.0464,-0.44768,3.8757,2.5211,3.3768,1.9065,-3.7229,1.524,0.45311,1.5329,2.3983,-1.1692,-0.57393,1.2645,-0.70334,66.633,5.6667,0.18188,0.014703,0.7,0.1667,0.1667,8.1549,24.487,28.177,6.1008,7.3163,20.866,43.464,8.5379,0.95423,-0.18636,-4.8531,-0.59042,41.067,-0.1666,-0.5333,3943,-11.234,-2.8032,7.6875,-11.941,-19.307,-19.449,7.5159,-0.6075,6.1496,-4.9273,-0.40545,-0.53827,7.5738,4.4072,2.3223,0.00069422,1.9572,-0.0027974,-0.00038804,0.00086866,-0.0050794,0.00093135,0.0040407,0.00033225,-0.0042048,-0.0039607,-0.0077546,-0.0041467,0.0028753,0.0052317,0.010109,0.0023299,-0.001187,-0.0061433,0.015512,0.0013911,0.0048225,0.0031325,0.0024422,3.2566,-0.00027709,-0.0039806,4.8316,-0.0037858,-0.012769,-0.0010514,-0.0092344,-7.5078,34.8,18.592,0.16938,1.7356,-0.62842,3.8954,0.23106,-0.19303,4.6127,1.8857,1.2863,1.5581,2.313,1.3924,2.1676,6.02,5.5967,-0.4233,5.97,6.62,-0.86,-0.62,-0.6434,1.6133,1.33,0.02,0.37,1.02,0.44,4.6529,29.497,-4.0311,0.50098,-2.9921,9.4574,7.4854,7.8042,6.2946,17.667,11.49,18.5,5.4654,5.2953,4.1627,5.4942,501.62,7.1299,1.02,7.8144,12.969,4.1609,-4.4754,NaN,-22.99,NaN,-29.166,-51.862,3.5737,-10.25,91.7,-17.336,0.1,0.2,0.65023,82208,0.69502,10.333,-6.5322,-0.3,-0.5,0.010227,0.0061681,-0.9933,-0.4233,0.38,1.64,-0.01987,-0.15133,-0.00051747,0.0049385,-0.0023971,0.0029257,-0.0029266,-0.00049231,0.00060201,-5.5744e-05,0.0013033,0.00205,0.026348,0.0068205,0.039612,-0.0437,28.684,9.0203,0.02,0.0015,-0.13,0.02,-10.696,8.5514,-2.6578,32.812,-45.47,39.645,0.0021052,4.314,0.0103,3.4707,7.0465,-34.66,2.5472,2.3945e+05,2.3574,2.2751,-29.18,22.813,34.757,35.92,-0.2046,-0.51563
3.3883,3.6086,11.14,2.9104,1.4198,-2.3914,5.5473,0.72699,2.5416,14.533,0.1,-1.051,-3.2,0.30979,0.38744,16.946,1.3719,3.6484,4.5389,4.2648,2.1007,3.648,4.8687,3.6545,2.318,6.9508,-5.9832,1.7877,-2.8016,4.3553,9.0417,13.861,83.757,82.763,1.6868,2.0228,-0.61069,2.0164,0.34552,0.32126,-2.0178,3.7982,2.6753,1.1085,2.7656,4.7169,3.5127,2.5377,-2.2923,1.2497,-0.0068608,1.2878,1.5885,-2.7566,-1.6691,1.3279,0.97557,66.6,5.6667,0.041073,-0.057036,0.3333,-0.0667,-0.0333,6.8252,13.324,-10.887,-22.626,-2.9105,-5.1154,-4.3922,5.217,2.9378,3.9417,-0.23017,4.5722,41.167,0.0333,0.1667,4073,37.917,30.847,32.634,36.136,-20.286,54.7,29.495,3.9714,5.8172,6.093,-0.6464,-0.10192,9.7619,2.812,1.626,-0.0011623,1.7866,-0.00079912,0.00026941,-0.0017873,-0.0021334,-0.0016847,-0.0015956,-0.0018275,-0.0079838,0.0097923,-0.0081907,0.0069076,-0.0056694,0.0037781,-0.013152,0.0041413,0.00020744,-0.0012187,-0.0096102,-0.0024117,-0.0034815,0.00094881,-0.0051222,2.0112,-0.0015063,-0.0028828,0.85299,-0.0034667,0.0096025,-0.016496,-0.010469,-32.44,-42.29,-33.991,1.6455,-0.0034941,1.9865,2.1814,0.31442,0.58374,2.3331,-0.036295,0.32397,2.1518,1.7487,2.2372,-0.1913,5.7967,5.3667,-0.26,5.6533,6.3233,-0.25,-0.2267,-0.18,1.73,1.38,-0.01,0.29,0.96,0.42,-0.35567,25.689,-2.6982,4.9755,6.5602,8.3084,8.3615,6.4395,6.5596,18.26,10.932,7,6.9938,7.3613,3.713,6.9317,505.75,8.6933,2.3834,9.5541,13.23,4.2283,-1.9836,NaN,12.057,NaN,8.223,43.68,-5.7537,-4.6053,93.2,1.5531,0.3,-0.2,-0.57388,3394.4,3.0407,17.569,3.4383,-0.5333,0.2,0.011394,0.0094952,-0.3167,-0.43,0.2867,1.6367,-0.024782,0.04122,0.0073323,-0.016547,0.0018858,-0.0039338,-0.0036619,-0.0022505,-0.0028793,-0.0034043,-0.0036391,0.0022622,0.020656,-0.0019093,-0.01972,0.0177,1.0851,4.7572,-0.0033,0.0009,-0.26,-0.01,-3.2653,34.648,42.726,26.463,33.289,62.983,-0.00066263,5.2103,0.0102,3.4409,6.4378,-11.66,3.2603,2.3435e+05,3.7783,4.002,-10.81,11.887,30.429,29.877,-0.1509,1.2274
2.7069,2.7806,6.8819,2.2177,2.0541,9.8125,7.6987,11.175,7.6813,7.6964,0.2,-4.2072,-12.9,3.0198,2.0881,5.6695,5.0799,2.3309,3.2199,3.4963,3.4569,3.417,1.5984,0.46363,4.8054,12.254,-2.4853,3.8356,-1.2565,-0.8129,6.6046,-4.0695,83.463,82.472,1.8513,2.0856,-0.37925,2.1298,0.71312,0.8597,-2.2627,4.5855,3.25,2.0534,3.4882,4.7332,1.0969,2.1459,-2.0953,1.586,0.66502,0.84828,1.0219,-3.2326,0.086502,1.8494,0.91996,66.5,5.5667,-0.070377,-0.01588,-0.0667,-0.0333,-0.1,-0.82852,-8.1986,-0.98217,-6.2417,5.7621,-12.465,-5.7189,-13.056,-4.2803,0.74601,-0.35675,0.98505,41.133,-0.0333,-0.0667,4155,0.56484,-14.856,10.531,4.4053,-22.591,3.4615,-0.76927,5.3502,4.369,7.7504,-0.42994,3.9247,24.685,1.2479,1.7577,0.00023947,1.8837,-0.0037287,-0.0011768,-2.2944e-05,0.0010023,0.00049833,-0.00056568,0.00079753,0.0069867,-0.0077396,0.0035845,-0.0068537,0.0018497,0.00036716,-0.004399,-0.0028785,0.0010782,0.0026,-0.0085805,0.0033307,-0.00090812,0.0030646,-0.00075657,2.1745,0.00036538,0.0044062,0.85117,0.0047572,0.0066106,-0.0015924,-0.0045192,31.081,-0.11994,4.7394,0.83977,-0.82732,-0.17697,0.98977,1.2503,1.4901,3.8112,2.2381,2.7463,0.74365,-0.82405,1.0172,0.88615,5.72,5.26,-0.12,5.4433,5.8933,-0.35,-0.4466,-0.4133,1.7467,1.46,-0.02,0.18,0.63,0.47,2.0207,9.5912,-6.1566,1.6845,2.5777,3.0156,3.2618,8.5828,1.9661,16.182,11.515,5.5,7.3546,5.5637,3.2328,7.6563,512.53,9.3837,1.7537,10.276,13.28,1.0541,-1.3279,NaN,7.1727,NaN,-9.8881,29.91,-3.4206,0.11799,89.8,10.16,0,-0.1,-0.55624,-9990.7,4.2568,-4.9196,-1.0724,-0.0667,-0.0334,0.002885,0.0069437,-0.3966,-0.46,-0.0333,1.2667,0.048824,-0.045494,-0.0025312,0.00095022,-0.00085238,0.00048056,0.0015544,0.00073127,0.00083842,0.00042945,0.00087042,-0.004407,-0.018861,0.007244,-0.0034709,0.0188,8.6607,3.7129,-0.0067,0.0016,-0.05,0.01,18.161,3.4335,8.1944,18.202,28.563,9.777,0.0014671,16.592,0.0104,3.4115,-3.9729,-20.92,3.6911,2.33e+05,3.8664,3.9423,-2.77,5.9904,22.428,17.766,-0.0949,-0.049204
2.9846,3.6722,4.3222,3.9494,2.5665,6.3724,10.093,9.9401,10.012,10.279,0.1,2.6297,8.1,7.7641,-0.72288,4.7851,12.796,3.7698,3.2635,3.7808,0.79619,2.6866,1.0259,-0.15377,4.6015,9.7986,-4.4088,-6.0681,-11.46,2.0129,3.9842,19.484,82.938,81.605,1.7135,1.9511,-0.20138,1.9398,0.78641,0.9346,-1.9412,3.9912,2.5968,2.2735,2.0784,4.1944,2.2976,2.6806,0.41991,1.0798,0.50659,1.3657,0.90397,-2.0625,-0.28842,1.44,1.023,66.533,5.5333,-0.037254,0.010876,-0.4333,0.0667,-0.0334,-8.2315,-13.373,16.614,5.6005,1.2861,-3.3401,-22.882,9.4338,-15.663,0.82402,-4.4764,0.73404,40.7,-0.1334,-0.0333,4083,12.046,57.312,-2.6303,17.571,40.674,-8.6069,35.35,0.79828,5.9431,-4.3972,-7.0882,9.0647,-9.8991,0.22859,2.218,-0.0010788,1.8364,-0.0011951,0.0006111,0.0063943,0.0029764,-0.0018621,0.0082664,-0.0020832,0.0047637,0.0031857,0.0050669,-0.0072831,0.0028555,0.0012524,0.065237,-0.0011699,-0.00026477,-0.0030219,-0.014642,-0.00068035,-0.00038875,-0.0064438,0.0029767,3.5411,-0.00025137,0.0027869,2.6479,0.0057131,-0.0077583,0.0087352,0.001329,104.69,41.513,32.463,1.5894,2.0173,1.5274,0.11296,1.3294,1.1311,5.2754,2.5306,2.9565,1.2139,-2.1211,1.8389,0.33542,5.3633,4.93,-0.3567,5.1233,5.91,-0.11,0.0633,0.07,1.8,1.33,-0.05,0.19,0.98,0.36,-4.6269,19.661,-7.6148,1.3617,3.9519,5.7316,4.1811,7.6949,3.1074,14.267,10.258,5.4,6.079,4.0103,0.24048,6.4254,515.94,7.1157,3.1757,7.5291,17.149,2.8805,-0.50888,NaN,8.9801,NaN,13.937,16.528,-7.6873,3.816,90.5,-5.4519,0,0.2,0.85889,1.3945e+05,1.9219,23.379,8.8051,0.3667,-0.3666,-0.026241,-0.022963,-0.1167,-0.4333,0.2067,1.6867,0.028235,-0.017304,0.0012579,0.013811,-0.00053439,0.0069957,0.0012813,-6.0476e-05,0.0031791,0.0044035,0.0037275,0.0037779,-0.003913,-0.023972,0.00099483,-0.0084,8.5826,1.9945,0.0134,0.0005,-0.44,-0.08,-36.041,12.619,-11.476,10.248,41.412,11.856,-0.0025692,5.3812,0.0103,2.5397,4.5288,-15.16,6.3292,2.2978e+05,3.5456,2.3393,-12.77,11.905,25.496,26.373,-0.098,13.157
6.6164,4.2802,12.529,2.2898,5.0993,18.773,12.216,11.564,10.513,17.071,0.4,4.9513,3.8,12.971,5.7181,6.448,8.8532,3.6509,7.5931,7.8202,8.4799,8.496,9.2083,5.5363,8.4901,12.962,4.334,17.454,28.407,1.1029,18.014,-3.4918,83.573,82.241,2.6482,3.0264,0.17041,2.8456,1.8366,1.6208,-2.0692,7.0902,3.3878,2.8715,3.5315,5.3559,3.8746,3.1191,1.8843,2.2724,0.71771,2.5132,1.9728,-1.8423,-0.25975,1.7123,2.3445,66.7,5.5,-0.15439,0.07915,-0.5,-0.1,-0.0333,-9.3209,-2.4962,-31.261,34.412,-2.7663,15.805,-44.012,-10.366,7.1458,3.3994,5.9239,3.7545,41.333,0.1667,0.2,4063,9.4716,-39.344,9.7759,-2.102,43.908,16.834,-5.3216,6.2845,7.7684,10.115,12.074,8.6899,-2.8768,1.807,2.6706,0.00081828,1.6308,0.00036746,0.00096492,-0.0022358,-0.0073676,0.0030727,0.00057032,0.0028089,-0.010235,-0.0038419,-0.0091255,-0.0010791,0.002411,-0.0042822,0.0058343,-0.0012221,-0.00039766,0.0012765,0.02386,0.0013702,0.0044673,0.005798,0.00023777,3.4246,-0.00085252,-0.00084422,4.8268,-0.0016843,0.00097793,0.0015379,0.0055744,-11.157,39.632,36.464,1.7919,0.059379,3.2715,-2.3363,0.31216,0.53985,2.5528,3.8313,4.427,-0.51979,-1.5226,-0.15412,4.3407,5.2433,5.02,0.26,5.6633,6.72,0.87,0.56,0.5867,1.5767,1.39,0.12,0.64,1.7,0.4,1.0695,12.054,-4.356,1.3964,3.9335,4.7871,2.2837,5.8359,1.6101,10.641,7.7261,-4,4.024,5.8744,2.2235,3.7143,516.03,4.605,2.3846,5.0578,17.48,-1.2499,-0.15671,NaN,4.1219,NaN,17.022,6.2782,-1.6498,-1.2875,91.5,-6.4508,-0.1,0,-0.79201,12307,9.5512,-4.846,0.4423,0.8,0.5,0.01328,0.0065622,0.92,-0.2233,1.2467,2.3667,-0.028957,0.068631,-0.0080699,0.0042854,-0.0015458,-0.0012899,-0.0036233,0.00013143,-0.00092928,0.00035973,-0.00095559,0.0026792,0.0028911,0.0162,0.0048551,0.0027,-33.616,1.0549,-0.0367,0,0.13,0.18,69.101,-5.0001,25.115,-24.973,26.534,41.828,-0.00062057,3.989,0.0107,0.42172,2.2079,27.04,7.2024,2.4039e+05,1.7874,-0.59439,13.71,-10.859,13.555,17.946,-0.0412,7.6147
3.572,2.4144,2.8439,2.1736,2.8378,17.769,8.9827,15.744,12.392,-0.83073,0.6,-0.0026268,-5.2,1.4701,3.3872,3.2197,12.763,3.2259,4.7736,4.4123,6.4931,5.1516,4.1861,0.3594,5.8194,11.755,3.4648,5.7712,4.5048,-1.7078,13.368,-15.905,83.494,82.442,2.46,2.8778,0.60359,2.6133,1.8282,1.3351,-0.53382,5.9414,2.8577,3.3432,5.1268,5.55,2.1145,2.6705,-0.83636,2.386,0.31402,2.678,2.5118,-2.2684,-1.5621,1.6498,2.9612,66.833,5.2667,-0.14079,-0.07001,-0.2,-0.3334,-0.0667,-7.9282,-7.9991,-22.017,-26.47,-37.695,-9.1523,29.17,6.0221,0.85385,2.9474,1.4311,3.3057,41.5,0.0667,0.0666,4097,1.5126,25.525,-8.7405,24.919,-3.9803,1.5858,-17.521,4.2172,3.0196,-1.484,1.693,3.8284,2.4739,2.8265,1.7016,-0.00018246,1.9406,0.0047357,-0.002953,-0.0062895,0.004004,-0.00019866,-0.011896,7.5733e-05,0.0029794,0.0046466,0.0041423,0.0060528,0.00086731,-0.0097121,-0.084896,-0.0011961,-0.00077158,-0.00064951,-0.0018573,-0.00046807,-0.0016045,0.0030969,0.0028237,2.2952,0.00056802,-0.0046179,1.0419,-0.0057363,0.01017,-0.0078826,-0.0063678,-13.688,7.5402,10.192,1.7225,2.0645,1.5195,-0.44521,1.0517,1.6396,5.064,1.4716,1.4629,2.1949,-3.4924,1.5961,1.1135,5.3067,5.0967,0.08,5.7833,6.78,0.05,-0.02,-0.0034,1.5133,1.38,0.13,0.69,1.68,0.39,3.6337,22.405,-7.8674,1.4532,3.9757,5.614,2.4372,6.7015,0.70188,8.849,7.5508,-6.1,2.5653,5.6553,2.4295,2.0443,514.5,2.681,2.2377,2.7342,17.197,-0.031296,-0.82373,NaN,-0.98292,NaN,-6.5522,5.5255,7.7445,1.6379,94.9,5.1489,-0.1,0.1,0.00499,56780,7.4434,-22.716,1.5962,-0.4667,0.0666,-0.028182,-0.028108,0.0533,-0.21,1.2367,2.2833,-0.02448,-0.14301,0.00073015,-0.016887,8.9451e-05,-0.0067197,0.0012875,0.0010826,-0.0032259,-0.0046451,-0.0020212,-0.0023415,-0.016541,0.0075034,-0.0060219,0.024,-13.377,2.5981,-0.0033,0.0011,0.07,0.18,10.439,-0.41947,-20.528,-2.7015,-15.255,-16.02,0.00052055,4.822,0.0108,0.42127,1.8823,1.61,7.5303,2.4427e+05,3.3331,1.4545,0.46,1.1173,0.95587,-0.9659,0.043,-0.31653
4.1321,3.1734,7.7305,2.2241,3.229,-0.52786,6.3333,4.8497,10.026,-4.5671,0.4,2.7508,-1.9,10.756,5.6655,24.189,7.8127,2.1248,4.8802,4.9493,4.5945,5.5731,4.8849,3.5479,6.0511,9.4285,4.5995,-1.7172,-7.5109,5.5604,8.9506,12.514,83.472,82.293,2.3722,2.7363,0.76478,2.4882,1.8934,1.5077,-0.39588,5.5249,3.1536,2.6583,4.1261,4.7382,2.5448,2.1461,0.41843,2.2407,0.49102,2.9588,2.9323,-4.0595,-1.6555,2.3796,1.9509,67,5.3333,0.13792,-0.086854,0.0667,-0.0666,0.1667,16.551,13.149,12.99,-36.304,2.5407,2.8628,43.916,2.2922,-11.402,4.4051,1.9372,4.5703,41.533,0.0333,0.0334,4259,-23.125,-15.824,-7.0177,-37.333,4.9691,-18.006,-30.62,5.3928,7.3366,7.5109,3.455,7.402,-1.2319,2.7354,2.7119,0.0011232,1.6869,-0.0039214,0.0031248,0.0063349,-0.0017286,0.00035754,0.010742,0.00020896,0.0023925,-0.0069751,-0.00012439,-0.0085211,-0.0024196,0.018246,0.068235,0.0004572,-0.00039207,0.0010718,0.0046189,5.8052e-05,0.0013314,-0.0030213,0.00016358,3.4604,-4.1858e-05,0.0047749,0.83118,0.006608,-0.0051629,0.0086134,0.0039731,88.619,42.353,35.901,1.2417,0.095155,-0.1987,-3.0397,-0.99323,-1.027,2.6548,0.30664,0.53978,1.6967,-2.4342,1.9624,2.1894,5.28,4.9767,-0.15,5.48,6.3433,-0.45,-0.36,-0.3766,1.5733,1.37,0.1,0.5,1.37,0.47,2.9267,14.299,-10.75,1.3697,2.9061,9.1579,6.3513,1.8537,6.6415,10.397,5.2595,-3.8,6.4976,5.1536,3.0287,6.7247,520.45,8.0564,2.0476,8.8236,18.786,0.81291,0.54934,NaN,2.2409,NaN,20.557,14.064,20.91,-5.8807,97.5,-8.9553,0.3,0,0.19228,84890,5.834,13.884,9.1745,-1,0.1334,0.011908,0.016395,-0.44,-0.3033,0.8233,1.95,0.016974,0.12251,0.0091337,0.011116,-0.00020147,0.0075735,-0.0015467,-0.0012142,0.0027036,0.0049507,0.0021223,-0.0027841,-0.015994,-0.02967,8.7341e-05,0.0132,6.8034,2.0068,-0.0134,-0.0004,-0.04,0.17,-2.8202,-11.065,0.86766,-19.439,-5.7907,40.153,-0.00061084,9.8983,0.0108,4.605,0.86464,-13.5,6.9869,2.4407e+05,5.4547,4.7614,-3.46,7.3221,38.232,35.605,-0.16,34.466
2.574,4.1943,10.69,3.5367,2.4129,7.9963,7.4024,7.7463,9.1815,2.0422,0.6,-2.0843,-5.5,3.708,0.11409,7.5282,16.731,3.7917,2.5259,2.7633,7.6939,7.5666,6.8302,3.6171,8.4854,13.849,6.8431,9.3816,19.263,1.3723,15.36,-7.7967,83.823,82.751,2.4831,2.8183,0.95585,2.6538,1.7775,1.7791,-0.33681,3.7968,2.9484,2.7528,5.0544,7.1274,2.4557,2.5547,6.0182,1.26,0.7422,0.35247,1.8767,-0.46926,-0.61164,1.5348,2.0452,67,5.2333,-0.051268,-0.034819,0.2,0.0666,-0.2667,-5.4751,-3.4062,-1.5681,-14.853,-2.7915,-3.4485,-15.417,15.688,-6.9237,3.5314,2.574,3.3512,41.6,0,0.1333,4408,4.3982,-19.642,7.7691,-6.1338,25.815,-10.695,32.853,9.6483,6.6017,-0.57815,5.7137,0.5868,13.668,2.189,1.7637,-0.0017594,1.788,0.0010318,0.00081487,-0.0032826,0.00047758,-0.0018876,-0.0052931,-0.0020983,-0.0024857,0.0054403,-0.0033654,0.0080687,-0.0075786,-0.0017766,-0.020732,0.00084627,0.0021348,-0.0024095,-0.015851,-0.00097925,-0.0021873,-0.0010961,-0.0060973,2.4294,-0.00063484,-0.0070739,0.20768,-0.0097149,-0.019946,-0.0041987,-7.7852e-06,47.874,-35.438,-33.166,2.4566,3.9879,2.1395,-2.2554,2.4882,2.1732,5.1227,-0.82609,-0.7654,5.0427,-5.2736,5.4157,-2.4803,5.2767,5.06,0.0667,5.6467,6.5633,0.08,0.1967,0.1533,1.5067,1.23,0.08,0.59,1.5,0.28,0.53669,17.777,-4.6348,2.4926,4.9352,7.0579,-0.10447,1.7338,7.0952,8.6477,4.5222,-2,2.9202,1.5141,-2.2776,3.157,519.63,2.1198,5.2136,2.0384,21.752,1.7608,1.4482,NaN,19.362,NaN,43.716,28.442,-1.5419,2.5982,99,9.7664,0.1,0.3,-0.10269,46007,8.9708,-10.744,-1.8295,-0.1666,-0.1,0.0050217,0.0056807,0.2534,-0.2167,1.08,2.15,-0.01738,0.10368,0.0032582,-0.0069719,-0.0009147,-0.0052435,-0.0010299,-6.0683e-05,-0.00047307,-0.0041568,-0.0019948,0.0043639,-0.0038142,0.0097675,0.011926,0.0285,-19.825,2.0338,-0.0166,-0.001,-0.11,0.06,54.59,-13.605,0,20.212,-51.465,20.074,0.00051298,2.5424,0.0105,20.288,26.191,24.95,8.5668,2.4057e+05,11.543,12.885,-1.95,14.339,31.117,29.223,-0.1294,19.227
6.5934,1.7967,-1.2644,3.0017,0.18421,23.757,7.5548,13.057,8.2172,5.5497,1,5.1501,9.2,6.9614,2.9449,15.68,13.205,3.5293,7.7833,8.0071,5.2866,5.674,4.7732,0.5043,6.607,12.947,2.5595,0.75671,-7.8855,0.42324,14.609,4.084,83.709,82.68,2.8586,3.3209,1.1148,3.0538,2.0498,2.1972,-0.59506,4.6844,3.191,3.826,5.8172,8.1051,2.2712,3.344,3.6904,1.8745,0.44194,1.3464,2.8617,-3.5371,0.23312,1.4417,2.6187,67.1,5,-0.21516,-0.033855,-0.5334,-0.2666,-0.2,-19.749,-28.41,12.249,-15.179,-17.783,-19.993,-9.4434,-24.937,-3.7487,1.7742,0.30336,1.9157,41.7,0.0667,0.0333,4361,11.919,97.334,-2.4471,-0.4417,-51.302,35.954,2.2202,5.8576,-0.86782,11.964,-0.7691,0.20288,14.291,9.3112,0.99975,0.0012826,1.9899,0.00015073,-0.0053498,-0.0065744,-0.0058207,0.00077099,-0.006994,0.0011978,-0.0091954,0.0013519,-0.0080864,-0.0031464,0.00067029,0.0094093,-0.083915,0.0021442,-0.0035869,0.0022234,0.012064,0.00041359,-0.0003178,0.0035519,0.00435,0.9178,0.00055824,-0.01059,-4.0673,-0.013011,0.0061388,-0.017968,-0.010051,-149.2,-59.877,-56.236,1.3669,0.57969,-0.4454,2.3557,2.6124,2.6649,4.9848,5.8694,6.2347,-2.5466,-1.6048,-2.2342,6.902,5.5233,5.0467,0.1267,5.85,6.6967,0.14,0.1466,0.1167,1.49,1.23,0.22,0.8,1.65,0.54,4.1326,15.756,-5.7297,3.5726,5.4138,7.8385,-2.0261,5.5754,9.8401,-0.061202,3.3,0,12.452,4.9178,1.3885,13.704,533.02,15.845,2.6068,17.599,22.305,1.1954,1.9488,NaN,5.5266,NaN,2.637,-5.0168,1.0531,7.8968,103,-3.4275,0.2,-0.1,-1.2352,-24432,6.7707,2.6283,7.005,-0.2667,0.2,-0.012149,-0.017784,0.2133,-0.4767,1.0467,2.05,-0.088808,-0.071928,-0.0030539,-0.01429,0.00067096,-0.0070602,-0.0018044,-0.0013628,-0.004812,-0.0047324,-0.0038792,-0.004459,-0.0063492,0.014036,0.014607,0.0214,-1.166,3.8081,0.0033,0.0008,0.25,0.06,-75.903,2.6696,8.9988,3.8461,27.206,1.6768,0.00031918,2.5263,0.0103,0,3.1548,-13,11.77,2.4207e+05,5.0468,1.9935,-9.69,9.2842,19.306,21.485,-0.0703,4.198
4.9724,6.7576,17.456,4.7506,6.3554,5.5615,13.943,20.91,17.225,3.8445,0.8,1.8476,-1.7,7.8242,4.0058,9.1593,14.473,4.6794,5.6454,5.8021,8.2234,9.0748,9.5475,7.6672,9.7184,13.743,5.2174,13.379,16.284,5.3692,15.228,-5.5806,84.183,83.135,2.3248,2.6146,1.5938,2.3439,2.2455,3.1801,-0.93405,4.2882,3.0347,4.229,4.1469,5.3473,0.93146,3.4814,1.4261,1.0502,0.80105,1.4715,2.9383,-5.5812,1.0473,2.1637,1.8841,67.167,4.8667,-0.1129,-0.0039753,0.2,-0.1667,-0.1333,-6.8057,-6.9065,-23.536,-0.61927,-15.554,-21.932,25.333,-4.706,-10.866,2.05,1.4749,2.3165,41.667,0.1,0.0334,4519,-4.9995,-67.729,13.551,-2.6608,40.033,-9.6343,-15.039,7.8751,8.6487,11.647,5.4434,3.8105,23.973,6.2892,1.0562,-0.0028741,1.1817,0.00035921,0.0033251,0.0025875,0.0029523,-0.001307,0.0023916,-0.0018971,0.0029439,-0.0071259,0.011852,0.0038732,0.0021899,-0.022419,0.077151,-0.0092583,0.0024532,-0.002474,-0.0054837,-0.0017388,-0.00047834,-0.0069491,-0.0055025,1.995,-0.0020002,0.0075581,0,0.0099428,-0.003734,0.016961,0.0060816,32.934,-13.02,-3.4237,3.2312,2.1387,1.6122,1.8622,2.2606,2.8491,6.7452,3.3272,3.748,0.84278,-3.1337,0.68151,2.5328,5.5333,5.0467,-0.1334,5.54,6.2433,-0.46,-0.4033,-0.43,1.5133,1.23,0.09,0.49,1.2,0.46,3.8112,22.727,-0.28065,4.2053,7.0277,5.9948,0.67904,1.998,7.9721,7.3225,4.1469,8.3,10.615,7.6859,3.0066,11.094,541.63,12.491,5.0274,13.52,24.972,4.4859,4.1772,NaN,5.6119,NaN,11.642,-5.5187,-2.6502,-0.3464,105.8,-9.5104,0,0.2,-0.62198,30493,9.9786,-5.6,-5.393,0.6,-0.0334,0.031158,0.028834,-0.44,-0.4867,0.5967,1.6367,0.079257,-0.04287,-0.0055171,0.012929,-0.0024583,0.0051756,-0.0044115,0.00051496,0.0024767,0.0027805,0.0021251,0.00092736,0.052393,-0.014519,-0.0098303,0.0371,-4.3663,4.0841,-0.01,-0.001,-0.08,-0.03,12.73,-0.88795,10.455,31.28,-7.9218,72.183,0.00085829,3.3438,0.0103,9.3846,15.014,18.18,9.3355,2.4381e+05,7.079,6.0376,-0.56,6.4685,48.129,47.844,-0.1979,34.328
3.4206,4.7525,10.116,4.3689,2.7865,5.9238,2.948,-0.92152,2.5466,4.1717,0.9,2.0024,-0.6,4.12,3.5852,-0.55744,8.5378,5.8482,3.8825,3.6671,9.0026,9.9049,11.171,9.6063,9.1797,17.038,4.1492,16.183,21.08,6.9375,16.486,15.447,84.699,83.621,3.1504,3.3845,2.6752,3.1888,2.9912,4.0783,0.41761,4.1524,2.4634,4.4018,4.0193,5.8124,1.4232,2.9328,1.0154,3.4505,1.9146,2.7311,2.5719,2.3469,-0.52333,2.7233,1.6996,67.167,4.6667,-0.10955,-0.067824,-1.8,0,-0.1667,9.5065,-25.225,-36.35,-35.086,0.95319,-7.3451,-68.671,-21.64,-10.388,1.4272,3.65,1.8636,41.867,0,0.1666,4701,19.895,80,3.7243,14.42,0,12.345,45.919,3.0959,1.8165,5.2418,1.2753,9.0104,17.576,6.4915,1.2509,0.00083217,1.4294,-0.0020058,-0.0016444,0.0014837,0.0011415,-4.7136e-05,0.0017223,-0.00018985,0.0032598,0.0022552,0.0010322,-0.0082572,-0.0016307,0.0064107,-0.0070207,0.0057068,-0.00012483,-0.0018153,0.0071328,-0.0033393,0.0029223,-0.00035794,-0.0017996,2.1502,0.0013483,0.0043105,0.94229,0.0059051,0.012168,0.00051468,0.002659,96.413,2.157,1.4314,3.486,3.5498,4.0752,4.6438,5.0979,5.6191,5.3516,2.021,2.2413,5.4586,1.3655,5.1587,-5.7257,5.5067,5.09,0.0334,5.4833,5.9067,-0.27,-0.2933,-0.32,1.53,1.29,0.08,0.39,0.82,0.54,6.9078,17.25,-2.0102,4.0807,7.1256,6.7458,-8.7397,3.7547,5.2965,6.9845,5.0666,10,5.9369,5.466,-0.38216,6.0136,541.86,5.7748,6.4239,6.0786,27.86,3.89,5.6543,NaN,3.7381,NaN,-15.311,24.084,8.7182,6.8148,105,17.309,-0.2,0,0.28323,96456,10.832,24.68,-4.8786,-0.3,0,0.015026,0.025936,-0.2967,-0.4167,0.3267,1.37,0.055636,-0.039207,-2.3229e-06,-0.0020858,0.0030779,-0.00023978,0.0030883,0.00050468,0.00059339,0.00083853,0.00082709,0.0056856,-0.054064,-0.00038756,0.020154,0.0529,-11.705,4.4666,0.0067,-0.0007,0.12,0.12,8.582,0.44415,2.4691,6.6697,-61.395,5.8541,-0.001154,15.112,0.0106,15.54,4.641,2.25,9.8744,2.4767e+05,11.807,12.699,12.11,3.595,8.9192,4.6802,-0.0182,-1.415
3.9781,4.0258,3.2442,4.5904,2.8592,17.072,11.644,20.418,12.776,8.1642,1.2,-1.434,-9.6,6.8221,3.6351,1.8683,14.724,8.3335,4.8334,4.5017,3.979,4.4707,4.5531,0.9741,4.578,8.5164,0.33562,4.3353,0.42877,-0.40923,11.202,-21.478,84.002,83.019,2.4384,2.7926,1.7131,2.4151,2.5352,3.1719,-0.65644,5.1362,2.2819,4.4792,4.1898,5.6576,1.6101,3.5075,1.0129,1.3431,0.5598,0.33078,2.8842,-3.5496,-0.43663,1.8482,0.85322,67.1,4.6333,-0.020301,-0.022137,-0.2333,-0.2,0.1334,19.016,-7.5583,-25.579,-11.81,-8.0135,-2.115,32.118,1.2472,-4.6437,2.2539,1.0356,2.4952,41.733,-0.0334,-0.1,4854,6.9027,-68.841,33.212,40.768,57.558,-5.2441,-20.32,5.8997,2.8229,-8.8506,-6.1666,-0.82465,-27.291,9.2236,0.032023,-0.00022023,0.40595,-0.0032142,-0.0016715,-0.0064486,-0.0017888,-0.0011615,-0.009098,-0.0010799,-0.0066076,0.0040644,-0.0041567,0.0087218,0.0011982,-0.0067232,-0.090053,0.0047206,-0.0035356,0.0036344,-0.0073446,0.0039765,-0.0033651,-0.0058863,0.0029702,0.82381,0.0003555,-0.010416,-7.8145,-0.014405,-0.011419,-0.022095,-0.011745,-114.86,-119.41,-90.514,2.6873,2.1676,0.72021,2.7942,6.0869,5.9568,2.9439,2.3365,2.2517,4.3203,0.46651,4.3641,-6.3082,5.52,5.0533,-0.12,5.3133,5.5867,-0.15,-0.21,-0.1834,1.6667,1.47,-0.01,0.26,0.53,0.41,3.3356,19.385,1.6692,6.4258,9.8576,9.034,-6.8177,2.1021,5.3123,1.6583,1.9215,0,15.962,2.7456,-5.5879,18.072,555.21,18.505,8.2312,20.126,21.455,4.7686,8.2973,NaN,10.02,NaN,11.938,8.7351,-3.5326,6.03,107.8,2.486,-0.1,0,-0.26044,52833,5.9248,-28.308,-5.1608,-0.6333,-0.1,-0.017949,-0.02167,-0.3266,-0.4667,-0.0133,1.1467,-0.15934,-0.010888,0.0022577,-0.012801,-5.9454e-05,-0.0049312,0.0031207,-0.0015146,-0.004329,-0.0049004,-0.0036145,-0.0058138,0.011688,-0.018733,0.008482,0.0291,7.3319,5.0387,0.0133,-0.0014,-0.17,-0.06,59.498,51.577,30.594,12.34,1.8602,17.619,0.001029,9.1138,0.0118,15.674,21.28,134.6,15.178,2.8202e+05,12.798,11.698,69.31,-36.769,28.608,28.843,-0.094,25.983
3.6862,6.9824,19.741,5.1461,4.8276,-2.478,13.372,11.481,13.295,13.608,0.4,6.9401,8,5.1676,6.4925,-4.4397,9.0644,5.4626,4.2709,4.1601,-0.026078,2.6854,2.7222,2.2375,1.8941,1.709,-0.32165,-2.567,-5.6542,4.1184,4.5512,12.801,82.974,81.683,2.5201,2.7128,-0.10591,2.7583,1.5298,0.77994,-1.5559,7.0028,2.5999,4.3234,4.313,5.0402,2.7128,2.9668,-4.8856,1.7962,1.4935,1.4742,1.8696,-1.2547,1.6277,2.053,1.4563,67,4.4,-0.13553,-0.088029,0,-0.2,-0.3,-6.7501,8.7034,-82.669,-53.452,-15.996,-22.429,-40.233,-5.0125,-13.233,2.4065,-1.7166,2.0807,41.367,-0.1,-0.3333,4878,3.492,10.39,-13.11,-32.276,-59.467,23.352,22.704,4.0809,8.9059,-0.25304,-6.124,-2.5731,11.023,3.0321,0.71984,0.00011922,1.0397,0.0023415,-0.00025291,0.0038032,-0.00011541,0.00052761,0.0060387,0.00049395,0.00032768,0.0029633,0.00035472,-0.0079383,-0.00087144,0.0060673,0.041683,0.00093753,0.0034476,0.00081638,-0.0046296,-0.0012878,0.00093384,-0.0092525,0.0052953,1.3146,-0.00042133,0.00737,-0.32004,0.010298,0.0054601,0.0179,0.0042215,3.8235,-43.983,-34.655,2.8093,1.5144,-0.12941,6.3118,3.8811,3.6605,1.6935,2.1923,1.7489,3.0255,5.7432,2.8068,-3.9133,5.5,4.9767,0.06,5.41,5.5967,0.04,-0.03,0,1.6567,1.5,0.13,0.43,0.62,0.52,3.228,29.997,-0.92429,6.0946,11.34,6.0546,0.36788,8.1928,5.7274,14.293,10.686,4,5.6386,8.2947,2.832,5.2209,554.88,5.0222,7.5304,5.2166,21.581,2.3632,7.9101,NaN,4.9534,NaN,4.5807,22.747,1.867,4.588,106.9,-10.969,-0.3,0,-0.65792,-5958.9,2.1243,19.335,-4.1615,-0.6667,-0.2666,0.00058213,-0.0030027,0.08,-0.5233,0.0867,1.1367,0.089663,0.045979,-0.0022573,0.004574,0.0020166,0.0018773,-0.0010444,0.0010553,0.0026608,0.0023395,0.0014729,-0.0016855,0.04431,0.017508,-0.03467,0.0418,2.0888,2.8207,0.0067,0.0007,0.03,-0.01,-47.418,-35.053,-0.95127,-3.0496,-24.432,30.958,0.00029074,8.1438,0.0119,1.7833,2.2792,-10.61,15.728,2.8856e+05,6.2147,1.7201,-7.31,6.5609,33.191,33.401,-0.102,33.946
4.9792,5.1824,11.204,4.7408,2.8808,10.154,7.5928,6.0428,6.2748,11.521,0.6,3.0017,-1.5,6.6994,5.5878,-1.8641,5.3683,4.0094,5.8551,5.9116,1.7305,2.9467,2.4533,0.38657,2.6556,7.4119,-1.7755,1.7405,-1.8188,-0.092448,6.7511,8.8079,82.172,80.776,2.2609,2.303,-2.4817,2.8165,-0.060206,-2.6752,-2.1643,7.506,2.9755,3.8392,3.8135,4.1653,2.9429,2.6247,-6.1921,2.074,2.0361,2.1137,0.91069,2.0729,3.0341,1.6604,0.94054,67.067,4.5333,0.1061,0.0083779,0.3667,0.2,0,-0.051182,0.40336,48.379,6.9485,7.5348,11.932,30.106,-32.29,-17.673,0.27131,-4.8963,0.48197,41.367,0,-0.0333,4826,14.735,37.36,15.93,-4.2239,10.39,22.587,16.627,1.2129,0.17299,-3.5359,-3.6632,-2.867,-2.4092,3.6291,1.2394,0.00048759,1.5465,0.0013055,0.0022203,0.0036992,-0.00017866,-5.3995e-05,0.0060025,0.00028411,0.010165,-0.0085241,-0.0084195,-0.0026155,0.0013299,0.011205,0.040808,-0.0025419,-0.0008767,-0.0019897,0.0085787,-0.00020905,-0.00058485,0.0093598,-0.0044302,2.0458,0.00035178,0.00025571,-2.0328,-0.00025857,0.0027321,-0.0045373,0.00023372,-35.734,-30.423,-15.962,1.7568,2.2022,-0.92403,5.7615,4.7467,4.6205,6.6279,5.3756,5.6402,0.70939,0.86131,1.0989,1.4127,5.5333,4.8233,-0.2367,5.0933,5.2033,-0.22,-0.1467,-0.1266,1.9233,1.66,0.05,0.27,0.38,0.62,5.546,28.658,-2.1784,4.6849,10.044,10.932,-6.2599,7.7319,2.0811,1.2567,5.0861,9.8,-5.7293,6.3368,2.3274,-7.6676,538.91,-10.438,8.3423,-11.764,33.508,4.1244,8.9341,NaN,6.334,NaN,-6.4822,12.547,-0.048382,18.266,103.5,29.402,-0.3,-0.2,-1.265,-51726,3.2436,12.612,-2.1084,-0.4333,0,-0.012052,-0.011929,-0.47,-0.71,-0.4167,0.9567,-0.032097,-0.028621,0.0097538,0.010354,-0.0006414,0.0044658,0.0018271,-0.0013104,0.0012082,0.0019041,0.001459,-0.00025598,0.0038275,0.014934,0.0077724,-0.0315,-4.4411,1.9206,0.0066,0.0009,-0.05,-0.09,35.033,0.85111,24.563,4.7338,-7.0416,-6.3206,-6.963e-05,4.5802,0.0119,8.451,7.799,10.46,14.283,2.9638e+05,9.0118,6.4521,4.33,3.5771,-9.3816,-4.8901,0.0595,-5.3823
6.4119,5.7374,22.937,2.2208,5.4148,12.159,10.947,17.383,11.498,9.3,0.6,2.3534,2.5,4.7736,2.2609,14.534,12.754,3.154,7.9831,7.9274,7.0011,5.718,4.0377,1.9324,8.0105,17.79,-2.0029,22.226,42.823,-6.1933,8.9921,-15.938,82.12,80.966,2.396,2.5324,-0.88408,2.7358,0.96767,0.2083,-2.6815,7.0089,3.0169,2.9859,5.0016,5.4182,2.1108,2.1034,-7.5593,1.8263,1.6667,1.8608,1.1326,1.6315,0.7765,2.0024,2.1991,67.167,4.4333,-0.091339,-0.0072303,-0.1334,-0.2333,0.0333,5.3897,-16.46,-24.914,-2.9857,-1.6569,-7.3443,-25.179,27.98,-22.473,4.6115,2.1881,4.8972,41.433,0.0334,0.0333,4816,21.713,12.129,23.428,64.561,37.36,15.722,-8.5599,9.5098,11.638,5.0348,5.0504,-7.3501,-16.509,3.8775,1.0502,-0.00037691,1.0753,0.0015197,-0.0024478,-0.0014872,0.00020216,0.00014648,-0.0024336,0.00046751,-0.0029959,-0.0017204,0.0039973,0.0060202,0.0019297,-0.013843,-0.01784,0.0035434,3.5673e-05,0.0012022,-0.0070962,0.0019488,0.0032993,-0.0020031,0.0031486,1.8726,-0.0004161,0.0040792,-2.6906,0.0049073,-8.8577e-06,-0.0016424,-0.00085701,3.9779,-35.088,-39.532,2.1872,2.4824,1.7967,0.69631,0.58712,0.94965,4.8131,3.0809,3.3207,-0.70481,-2.4588,-0.83766,0.54292,4.86,4.2533,-0.58,4.39,4.67,-0.1,-0.1567,0.1233,2.58,2.1,0.04,0.14,0.42,0.84,8.9013,39.128,3.6642,8.391,15.716,13.03,2.9599,4.9693,7.5171,6.0607,5.4135,5.8,18.73,8.2932,5.1392,20.41,562.67,22.268,8.2189,24.037,27.555,3.4097,5.9056,NaN,-20.972,NaN,-30.545,-63.382,5.2873,7.4837,100.2,-6.4375,0.1,0.1,-0.17997,97327,7.69,-23.105,3.5893,0.1333,0.1666,0.022939,0.027996,-0.7267,-0.6067,-0.47,1.4733,0.034635,0.021211,-0.019262,-0.0044806,-0.00076102,-0.0018844,-0.0044481,0.0012246,-0.00083402,-0.0010683,-0.00022987,0.0043908,0.0076316,-0.0097835,0.024833,0.0123,-2.9591,3.3318,-0.0133,0.0004,-0.35,0.23,39.874,53.625,4.099,27.283,-32.919,12.842,-0.00041982,35.215,0.0129,6.2231,-2.0294,-10.33,14.601,3.0576e+05,7.6735,4.232,3.17,2.14,13.915,19.932,-0.0408,20.157
3.7681,3.8624,0.82726,3.2651,7.3386,10.836,6.9438,11.605,8.7657,1.5678,0.9,2.7103,-0.3,4.1671,4.3911,-0.51263,10.217,3.5996,4.6405,4.5461,4.781,4.4007,2.9693,3.9954,6.1994,10.293,3.601,3.8185,2.2174,4.0371,2.3698,13.121,81.917,80.74,2.3692,2.4745,-1.8047,2.9824,-0.22394,-1.3621,-2.5367,5.1825,2.5538,2.5837,6.1453,5.5329,2.8361,2.1716,-11.177,2.5356,1.8055,2.9815,1.9203,-2.3052,2.4347,2.4759,1.9595,67.133,4.3,-0.069409,-0.075766,-0.2,-0.1334,-0.1333,-21.742,9.0685,15.73,-51.614,-17.999,-14.317,21.091,-19.86,9.0031,-1.3233,-4.1801,-0.6206,41.333,-0.1,0,5148,-3.0306,21.649,-1.2488,-58.66,9.2345,19.46,-6.0353,5.9805,7.3954,11.41,9.5898,-4.0737,10.12,6.9827,1.0474,7.0987e-05,1.2993,0.00057196,0.0020643,0.00075935,-0.00097079,-0.00045224,0.0018083,-0.00051602,-0.0037267,0.0037774,0.0039935,-0.010152,-0.001618,-0.0053322,-0.0076409,0.011522,-0.00062639,0.00048091,0.001791,0.00051023,-0.0046908,0.0016399,-0.0022169,1.4596,-0.0011692,-0.00026783,-2.8178,-0.00027853,0.0017153,0.00049273,0.0002292,-54.676,-20.073,5.0533,2.4303,0.64706,1.4505,6.8795,5.6629,6.5269,8.9593,5.2639,5.868,2.0378,-0.70297,1.7876,-0.64697,4.7333,4.4067,0.1233,4.6633,4.9833,0.11,0.0867,0.1533,2.42,1.89,0.01,0.26,0.58,0.42,5.673,18.434,0.42064,5.5924,10.311,-0.53243,-1.1025,7.7978,5.4622,5.8027,6.9864,13.5,2.3803,4.2741,0.67462,2.0791,560.54,1.2794,5.6908,1.1319,27.504,2.9162,6.1655,NaN,2.4871,NaN,18.746,-10.147,-10.278,-8.224,105.9,-15.735,-0.2,0.1,-0.39362,29952,4.9977,11.878,16.732,-0.6667,-0.2666,0.016368,0.012012,0.4933,-0.3267,0.15,1.6867,-0.01282,-0.034718,-0.0011357,-0.0028474,-0.00060771,-0.00023629,-0.0023907,-0.0014718,-0.00082459,0.00083547,-0.00085097,-0.003078,-0.014266,-0.010762,-0.033181,0.0792,-5.1895,2.6995,-0.0133,0.0012,-0.27,0.09,-13.116,-23.739,15.647,-8.5684,12.432,97.475,-0.001978,9.6142,0.0122,-0.3432,2.0983,-75.71,11.493,2.8899e+05,3.1403,-1.1295,-51.17,34.059,45.97,49.201,-0.147,50.954
3.0649,5.7899,18.649,3.7663,3.757,0.24958,9.3987,13.949,10.479,6.2084,0.4,1.502,-0.4,3.6831,2.5645,3.7837,11.138,0.89992,3.2607,3.3813,3.6975,3.8222,1.4412,0.70617,6.6453,11.554,2.4617,6.7063,7.405,-1.737,5.3208,6.3649,81.705,80.505,2.5385,2.5907,-1.6743,3.0178,0.49687,-0.72587,-3.2501,7.3328,2.2067,1.7075,7.3149,5.2644,3.1406,1.976,-10.155,2.686,2.2587,2.9808,1.7282,0.86601,1.6529,2.7841,0.81556,67.1,4.2667,-0.03441,-0.0011578,-0.6333,0.0667,-0.0667,16.301,-30.867,16.987,-0.17947,-3.6389,-4.0255,31.095,-48.657,-6.8503,2.3594,-1.4811,2.2087,41.333,-0.0334,0.0333,4986,-32.909,-88.77,-13.919,36.752,-23.059,-78.587,-7.8468,5.0056,8.2699,-5.054,1.873,-4.7271,-0.51642,2.0905,2.1812,-1.9306e-05,1.7415,-0.00059622,-0.0011344,0.0081848,0.003449,-0.00019149,0.010989,-0.00060888,0.0023804,-0.0027956,0.0037635,0.018377,-0.0014316,0.018796,0.14118,-0.016071,-0.0003016,-0.0014755,0.0059754,0.00099084,0.0021915,-0.0036421,-0.0028017,2.9837,0.00035956,0.0025105,6.1515,0.00406,-0.01185,0.026345,0.016454,68.613,172.18,119.82,2.4029,3.767,3.3765,0.50147,-1.3745,-1.4878,5.1779,1.0522,1.0208,0.51466,-1.6519,0.59714,1.9896,4.7467,4.4533,0.17,4.88,5.54,0.32,0.5133,0.3367,2.2,1.66,0.13,0.43,1.09,0.44,5.6277,15.167,-1.3235,2.7944,6.5654,1.7123,-1.3465,9.2825,4.3318,1.6459,6.1988,14.5,8.8917,8.4127,7.5128,8.9681,571.96,9.5155,7.0203,9.9548,24.91,4.0185,9.0229,NaN,9.2,-24.159,23.895,14.683,-6.5448,-10.374,106.2,-13.132,0,0.4,-0.80828,-57454,4.3881,5.6156,7.8913,0.1334,0.0666,-0.051686,-0.050556,0.56,-0.2933,0.6967,2.1867,0.085502,0.10109,0.017991,0.024935,0.0007434,0.0081388,0.0028748,0.00068031,0.0052117,0.0041747,0.0037127,0.0070456,-0.014964,0.01515,-0.00027164,-0.0214,-11.491,4.62,-0.01,0.002,0.07,0.14,-7.1218,4.7059,-30.457,-1.9293,58.049,25.154,-3.4601e-05,11.702,0.0123,-0.3435,2.83,-11.32,12.897,2.9267e+05,6.0431,2.4366,-7.46,7.835,21.881,20.542,-0.0751,21.973
5.2047,4.4894,9.4417,4.3727,1.834,10.828,9.2091,13.29,11.292,3.0265,0.4,4.8228,6.5,4.8073,3.9941,11.483,14.489,2.7195,6.2859,6.0822,1.7572,3.5481,0.50807,-0.61323,6.6467,11.055,0.45792,5.0272,6.0165,-2.8913,4.6623,7.8724,81.513,80.095,2.3332,2.3031,-0.73954,2.7226,0.66517,-0.036944,-1.9133,4.6194,1.6694,1.4946,7.6475,4.8727,2.1608,1.9924,-2.0174,2.291,2.4948,2.2138,2.3352,-0.91417,2.4666,3.2411,1.0675,67.033,4.2333,0.016017,-0.020714,0.0333,0.0333,-0.0333,-0.66611,2.359,-19.449,-14.813,-6.1055,-3.9324,-11.231,31.691,-13.174,2.4265,1.6392,2.5557,41.433,0.0334,0.0334,4925,18.939,72.847,-3.0875,-9.6576,33.704,31.015,16.205,4.58,8.4805,9.9653,5.1551,-0.64624,23.405,3.9707,2.1119,0.00022353,1.4778,-0.0019032,0.0013284,-0.0022279,0.00037433,0.00099288,-0.0037126,0.00092216,0.0073654,0.00047111,-0.0059956,-0.01149,0.0010303,-0.010086,-0.035455,0.002081,0.0010827,0.00090569,-0.0049198,-0.0014824,0.0002868,0.0046002,0.0012937,2.9614,0.00054099,0.0037139,7.5325,0.0049625,0.012108,0.0014364,0.0047528,79.077,95.632,81.666,2.3776,2.037,2.9469,1.147,0.49014,0.47705,0.11962,3.7314,3.6558,-0.1821,4.0256,-0.24604,3.0829,5.0933,4.65,0.1934,5.16,5.8833,0.6,0.3934,0.36,2.2167,1.92,0.13,0.51,1.23,0.6,6.118,4.8441,-4.1999,2.9616,4.3055,7.4529,-2.9755,7.4501,7.7973,8.1604,7.7354,7.5,-0.15532,8.4206,5.7011,-1.5381,565.9,-3.5448,9.8741,-4.3641,24.813,4.249,9.3194,NaN,-3.7689,-2.963,3.5507,-26.296,-1.1221,3.6495,105.9,3.8499,0.2,0.4,-0.78371,-16150,3.1542,7.9896,7.3004,-0.4,0.1,-0.011731,-0.015123,0.33,-0.4433,0.68,2.2333,0.015172,0.049993,-0.0098967,-0.0026737,0.00098922,-0.0010089,0.0052916,0.00049201,-0.00066691,0.00015053,0.00015258,-0.0028666,0.0042576,0.0094899,0.0075253,-0.0118,-11.604,4.1875,-0.01,0.0009,0.36,0.15,-15.465,-3.5243,8.1951,-18.133,21.753,31.271,-3.5232e-05,9.7645,0.0129,10.848,11.404,47.63,12.877,3.0932e+05,12.838,12.818,31.14,-9.2493,3.7196,10.165,-0.0043,-2.052
6.7412,5.8183,4.7361,5.2505,8.0697,10.578,2.0713,-2.6188,1.7715,2.9397,0.9,6.1952,8.4,8.0696,5.1486,9.7518,9.534,5.9631,7.7261,7.7906,6.4718,7.0189,6.4484,8.6638,7.7638,10.474,7.1151,9.9243,9.0995,8.2039,4.2238,-12.046,82.062,80.74,2.7276,2.78,-0.32398,3.0807,1.2076,-0.061582,-0.76377,5.346,2.3184,-0.15435,7.4282,6.0413,3.7393,2.1906,-0.44965,2.4372,2.4468,2.4558,1.9711,0,3.3774,2.6296,2.1037,67.067,4.0667,-0.14887,-0.01632,-0.1333,-0.1666,-0.2,-3.0888,-15.436,-29.643,-11.529,-19.857,-0.20099,7.7444,-7.9043,-10.381,2.0824,-2.9497,1.6563,41.4,0.0333,0.0333,5054,0.96813,-44.634,8.0745,40.852,-48.023,1.2564,-16.549,6.0155,8.9582,5.2429,6.3275,4.0233,-1.2127,7.5042,2.3555,0.0010539,2.04,0.0044931,0.0017562,-0.0015127,-0.0013437,0.0018145,-0.0016796,0.0018269,-0.0057051,-0.0021747,0.0042231,0.0048633,0.0018441,0.0054403,-0.022615,-0.0034672,0.00042714,0.00083328,0.003491,0.0019101,-0.00087282,0.0071532,0.0026006,2.9397,0.00034627,-0.00034242,3.3488,-0.001913,-0.0019894,-0.01146,-0.0039256,4.0123,45.636,47.118,1.6302,1.8217,0.29809,5.071,4.8776,4.2191,9.4207,6.0644,5.711,1.5951,-1.2667,1.8915,1.9077,5.3067,5.0433,0.43,5.6067,6.14,0.03,0.16,0.14,2.1,1.69,0.16,0.56,1.1,0.86,21.164,21.91,2.0449,2.4766,4.9591,8.6459,1.5188,5.4846,15.614,2.0535,4.1091,7.8,21.126,8.405,2.4419,23.165,590.77,25.584,7.8613,27.627,23.42,2.2988,8.6552,NaN,-7.4167,-4.2162,3.9345,-32.176,7.0294,-3.7853,105.3,3.1342,0,0.2,-0.07333,1.1225e+05,8.2974,-18.955,1.6092,-0.2334,0.0667,0.03812,0.040143,0.29,-0.2633,0.7567,2.18,-0.033246,-0.033694,0.0040575,-0.0027684,-0.00048209,-0.0014389,-0.0031771,0.001007,-6.0094e-05,0.00035267,-5.4489e-05,-0.0030026,-0.012687,-0.016319,-0.0023874,0.0531,-12.772,7.0603,-0.0067,-0.0004,0.65,0.6,5.7673,25.151,6.4373,-3.047,10.012,72.239,-3.4303e-05,20.678,0.0135,8.6025,4.9006,9.33,12.916,3.1869e+05,8.2206,5.6946,6.88,0.97771,9.1373,13.652,-0.0192,-6.0454
1.4444,6.0983,21.699,6.1866,-3.5161,-2.823,11.283,17.653,14.4,2.008,0.2,-2.841,-12.5,12.869,2.8647,5.7185,15.369,7.586,1.5725,2.0314,2.6504,4.0216,2.3623,-0.90242,5.2574,11.16,-1.9918,5.0925,4.2972,-3.2866,12.161,-2.68,82.031,80.626,2.3537,2.297,0.28542,2.5297,1.5936,1.107,-1.0966,5.0981,1.6793,-0.22305,6.3231,4.7343,2.0952,2.0494,0,2.1262,2.6581,2.3479,1.4748,6.877,0.89586,2.3979,6.9234,67.3,4.0333,-0.003726,-0.029423,-0.4333,-0.0334,0.1,9.4483,15.436,-21.458,-17.641,11.43,3.3367,-7.2347,-48.434,-2.2837,2.2546,0.078198,2.1469,41.467,0,-0.0333,5420,1.0462,67.52,5.2413,-45.176,39.034,15.468,0.34464,1.7457,9.2367,-2.2521,4.8997,5.1365,-5.5717,1.157,3.3272,0.00097121,2.728,0.0028546,-0.00097416,0.0043303,0.0012945,0.0013182,0.0061997,0.0018731,-0.0054496,0.00982,0.0037303,0.003368,3.7509e-05,-0.0078651,0.059985,0.0017215,0.0024632,0.0017449,0.001438,0.0011423,0.0019029,0.0055998,-0.002347,3.9387,0.00089736,0.0018702,5.2803,0.0023206,0.0012169,0.005247,0.0056571,-11.332,77.841,61.552,1.6944,2.0976,1.4097,11.263,9.9182,9.6429,2.5734,-0.57184,-0.22495,13.836,12.66,14.46,-20.808,5.6767,5.52,0.4833,6.1867,6.48,0.43,0.2266,0.09,1.85,1.78,0.17,0.67,0.96,0.39,-4.5659,22.305,-3.6721,2.2818,4.3364,6.6881,8.9681,4.9856,15.472,3.402,4.3531,3.8,8.6151,5.2534,-2.3325,9.1415,593.07,7.9728,10.563,8.2004,25.814,5.3968,9.8298,NaN,8.5341,-20.231,21.92,9.8323,-5.8078,-5.1677,110.1,5.2554,0.1,0.7,-0.63059,-65629,4.4036,-1.7775,-4.8472,-0.2333,0.0667,0.030529,0.035836,0.5234,-0.1567,0.91,2.0367,0.0025552,0.002182,-0.0061124,0.0051071,0.00135,0.0040171,-0.0023939,0.0016756,0.0030675,0.0015662,0.0023681,0.0026089,0.044332,-0.0055438,-0.0048145,0.0557,2.9277,6.5425,-0.0033,-0.0014,0.01,0.24,41.161,9.4895,-14.265,21.824,28.196,121.33,0.0035359,10.547,0.0146,-0.6552,-1.8441,43.27,11.593,3.4449e+05,5.5583,2.2433,32.87,-19.552,13.084,20.937,-0.0266,-12.083
7.2584,3.8448,-7.4686,4.8555,7.8663,23.006,8.7489,14.495,12.301,-2.0397,0.9,3.8914,12.9,0.47455,-0.55015,11.208,12.229,4.3991,8.7623,8.7285,3.2644,4.8119,5.3501,3.8556,4.7194,8.9215,-0.71141,2.2449,3.0202,4.5562,11.574,12.241,82.186,80.599,2.3591,1.6793,0.015423,2.8219,0.35147,0.98145,-1.6194,0.96469,1.8567,-0.25753,5.6728,3.4883,3.5053,0.38794,3.1372,1.1379,5.9838,1.8892,-0.5098,32.323,0.94965,1.9162,0.95723,67.167,3.9333,-0.070621,-0.030321,-0.7,-0.1333,-0.0334,-13.97,4.8946,-7.0762,-26.297,-27.012,-0.26591,-9.7964,17.627,2.9869,0.33899,1.3131,0.71815,41.367,-0.0667,-0.1,5155,-17.832,-41.591,-29.291,-4.7714,-36.31,-26.736,-4.5041,3.4735,0.29722,16.351,2.8058,5.6613,26.841,5.7535,1.7892,-0.0022967,2.3295,-0.0022596,0.0021591,-0.0031322,0.0025506,-0.0042401,-0.0065085,-0.005255,0.008285,-0.0055278,0.0076022,-0.012085,0.0012325,-9.8742e-05,-0.081868,0.0064123,-0.00097075,-0.0032103,0.0025579,-0.0037837,-0.0017042,-0.026897,-0.0032919,3.1231,-0.00022704,-0.0042451,7.3378,-0.0050284,0.0070304,0.0025216,-0.0072363,110.72,-7.2341,-1.5939,2.7685,3.1275,1.6413,-7.8671,-2.0929,-1.6456,1.951,8.0476,8.3871,-6.9519,-6.7316,-7.0533,16.88,6.2733,5.7133,0.27,6.2167,6.1767,0.06,0.0534,0.2633,2.4167,2.14,0.25,0.5,0.46,0.72,-6.7686,11.649,-4.9422,3.5308,3.8558,12.105,8.5442,8.9578,16.251,7.7008,8.4568,-3.7,-1.7273,7.2648,2.8657,-3.1469,581.99,-6.379,12.01,-7.5507,26.814,5.1871,14.245,12.383,11.661,-22.123,11.135,-1.1467,-18.677,7.3622,108.8,7.5531,0.2,0.1,-2.2323,-1.4535e+05,4.7243,18.786,-0.51858,-0.3667,-0.1334,-0.056397,-0.065964,-0.17,-0.56,0.1433,1.4933,0.018857,-0.09156,-0.0008066,-0.0055919,0.00015194,-0.003921,0.0061087,-0.000942,-0.0026278,-0.0017067,-0.0020924,-0.001194,-0.032748,0.010155,0.00731,-0.0234,-5.6639,6.7696,0.01,0.0011,0.53,0.16,-41.161,-48.649,-19.397,-24.894,-36.325,-66.762,-0.0024439,13.452,0.0152,1.636,-3.0824,0.11,12.947,3.5862e+05,6.1803,2.3701,8.58,-3.1272,7.9207,2.0923,-0.0194,-20.027
0.53386,3.9087,6.7469,3.7674,2.6511,-3.9444,1.7419,1.3536,4.3266,-6.2737,0.6,-1.7358,-7.5,1.3802,1.5313,9.6499,13.72,4.618,-0.060019,0.094868,-1.7923,-0.38923,0.16442,-1.4797,-0.45473,3.9588,-9.2317,-7.9854,-16.167,1.1006,4.1992,2.8985,81.303,79.57,0.77188,1.3925,-0.26226,0.90567,0.18913,0.85679,-2.1694,1.08,2.7559,0.87492,1.8365,2.8944,2.6593,1.0069,3.1129,0.36669,-2.5352,0.78838,-1.9187,-27.288,1.17,1.6742,-0.73478,66.9,4,0.038716,0.043482,0.9,0.1,0.0334,-1.781,-3.354,2.6429,37.559,23.831,-17.953,14.522,14.514,-4.4052,0.28164,-1.6791,0.22511,41.2,-0.0666,-0.1334,4930,-21.492,-59.538,-4.0956,-32.05,0,-32.232,-1.3962,0.046007,3.531,-19.047,-4.0844,14.309,-1.8828,3.4946,2.465,0.0013398,2.4283,0.00046893,-0.00043386,-0.0019684,-0.0040255,0.0037877,-0.00084078,0.0048848,-0.0073892,0.00020937,-0.0065108,0.0044938,0.0025533,0.0043292,-0.0028861,-0.0065194,0.0029026,0.0065376,-0.0015905,0.0066336,0.0018452,0.014286,0.0014848,3.6389,0.00032742,0.00043335,5.2172,-0.00031657,-0.016302,0.00043023,-0.00033973,78.719,46.966,35.824,1.812,1.933,1.3628,4.3878,4.0327,4.0799,-0.11552,-0.28839,-0.18367,7.9495,8.1873,8.006,-7.599,6.52,6.0167,0.0567,6.13,5.8933,-0.29,-0.16,-0.2733,2.4267,2.14,0,0.11,-0.12,0.48,-1.3014,26.563,-6.0083,1.0278,3.5963,6.1386,8.2425,14.405,10.592,12.32,13.576,1.9,5.7772,8.3148,3.6968,5.3699,583.08,3.231,13.036,3.1592,22.565,5.4063,9.8266,8.1577,7.1931,-12.885,7.7778,3.8015,-15.097,0.48603,107.5,-15.28,0.2,0.5,-0.50184,-59789,-0.41486,3.9752,0.58744,0.4,-0.1333,0.010565,0.011568,-0.36,-0.5033,-0.4633,1.0867,-0.019875,0.077191,0.0027998,-0.0055792,0.001036,-0.00094147,-0.0039867,0.0028232,0.00089353,0.0013398,0.0013314,0.00014215,0.03387,0.025984,-0.003192,-0.0576,28.812,5.2648,0.0166,0.0026,0.06,-0.02,-4.9383,-23.487,1.9249,1.3676,-31.172,19.375,0.00062174,10.501,0.0151,21.61,28.616,39.8,8.2572,3.5439e+05,13.809,16.943,6.23,12.996,7.729,0.41925,-0.0399,-15.284
2.4838,3.4256,2.7882,3.4025,3.8426,0.76555,1.2153,-0.7876,1.501,0.39381,0.5,2.4003,0.9,1.7561,3.1956,-3.4043,-0.078263,1.427,2.7168,2.6323,-3.214,-0.84337,0.27388,-0.32592,-1.2427,-2.608,-5.6552,-11.593,-16.028,3.8482,0.8431,13.702,80.356,78.201,0.80258,1.1098,-1.8484,1.241,-1.1144,-1.2246,-2.918,0.50956,3.1006,2.2045,5.5319,2.0208,0.34654,1.5698,1.5474,0.76286,-0.84652,1.1936,-1.7776,-16.076,1.3052,1.5966,1.8859,66.9,3.9,-0.065571,-0.046256,-0.4667,0.0667,-0.3334,-7.0442,-9.1839,28.542,-39.06,-2.6257,-2.2319,-12.094,-10.836,13.032,-2.2434,-6.6798,-1.6244,40.867,-0.1,-0.2666,4840,10.588,14.071,5.9588,-22.278,42.868,16.249,13.071,-1.0665,2.7368,-11.537,2.3332,2.9729,-12.834,4.2269,2.2016,0.00027604,2.109,-0.0025491,-0.00089393,-0.001561,0.003728,-0.00013392,-0.0046338,-0.00071559,0.0070521,-0.0028442,-0.0010357,0.015128,-0.0054464,0.0017311,-0.01616,-0.0031529,0.00051636,-0.0042437,0.0016367,-0.0069497,-0.0020847,0.0010555,0.003471,2.8414,-0.00058982,0.0047147,5.2481,0.0068227,0.013824,-0.0053833,0.00017888,103.65,-0.82331,2.6201,2.6082,2.3917,1.8725,-1.2911,-0.49594,0.012954,3.4685,4.3405,4.8726,-2.1385,-2.0371,-2.1138,7.5531,6.4733,6.0167,-0.09,5.9,5.5667,-0.39,-0.2034,-0.1067,2.6467,2.07,-0.09,-0.12,-0.45,0.44,2.2572,18.403,-5.7385,3.0438,5.277,1.8604,6.4653,10.292,2.9745,10.047,10.195,1.8,-4.2869,5.8873,4.4603,-5.9507,572.43,-9.9398,11.217,-11.37,29.323,4.1789,10.546,8.1417,12.501,-16.021,8.6847,8.0052,-8.2929,11.543,103.9,34.609,-0.2,-0.2,-0.74244,-54862,-2.4048,23.187,-4.6522,-0.3,-0.2667,0.0019517,0.011961,-0.5067,-0.4567,-0.9233,0.93,0.052382,-0.04505,0.004382,-0.0045789,-0.0020173,-0.0031392,0.0018605,-0.0014665,-0.0017934,-0.0026662,-0.0022431,0.0016506,-0.052609,0.016279,-0.022347,0.0051,31.055,4.5752,0.01,0.0025,-0.04,-0.02,-3.3263,-16.761,4.3925,29.277,-42.204,-104.83,0.00093873,0.83945,0.0156,8.5696,42.471,151.83,10.361,3.7485e+05,9.6025,9.1783,34.65,-12.081,-30.737,-41.63,0.0773,-47.167
-1.1423,1.598,6.5693,1.9641,-2.3667,-18.572,-2.328,-3.1067,-3.5989,1.6853,-0.3,6.0942,8.8,0.093144,4.8619,-5.9642,-6.4456,3.6084,-1.9473,-2.0686,-6.759,-5.3118,-2.844,-3.5055,-7.5964,-9.2217,-8.7928,-11.921,-12.19,-0.51052,-4.8698,0.039077,78.556,76.185,0.62122,0.28501,-4.1298,1.2803,-2.2818,-4.3777,-3.7042,2.0317,4.157,2.1416,2.7734,-0.57747,1.9618,0.74414,1.3216,-0.80868,2.4257,0.37422,-3.8066,2.0391,1.9085,2.6937,1.1139,67.167,4.2333,0.26232,0.049319,0.7667,0.3333,0.3,35.463,31.677,32.249,45.439,57.149,5.9703,25.945,-29.432,0.7678,-0.12628,-6.2155,-0.11874,40.533,-0.0667,-0.2667,5023,15.499,42.906,22.985,49.094,-60.443,24.374,2.3618,-2.5453,2.5547,-20.182,-8.6443,-5.9856,-31.721,-3.9401,2.7035,0.00096284,2.5475,-0.0012287,0.0010841,-0.0011642,-0.0020844,0.002542,-0.00055811,0.0025,-0.00096494,0.00012594,-0.0062186,-0.0019297,0.0053756,0.002,-0.03857,0.0051385,0.0060442,0.0026989,-0.012652,0.00094876,0.0016437,0.00063644,0.0042918,3.8082,0.0012303,-0.0013239,6.5377,-0.00093028,0.0061256,0.0034165,-0.0033665,115.32,-68.884,-44.062,1.3369,0.91803,-1.292,-0.52879,5.0811,5.2337,-0.54445,-1.8254,-1.9388,11.012,3.8484,10.745,-13.687,5.5933,4.8167,-1.28,4.5967,5.05,-0.63,-0.3266,-0.3333,2.83,1.96,-0.17,-0.22,0.23,0.35,0.63763,47.091,-0.53163,6.6093,15.055,2.2,3.8187,7.1852,3.0573,9.9008,8.2649,-5.6,-2.5949,0.17299,-3.4355,-3.0562,562.97,-10.475,17.723,-11.869,29.585,7.4771,11.934,10.05,-1.594,23.862,-19.41,28.956,3.25,0.55019,92.3,4.4542,-0.2,-0.3,0.88955,92069,-6.2071,-1.4379,2.7429,0.2334,-0.3333,0.026476,0.027553,-0.7533,-0.7767,-0.7967,1.4833,0.0018835,-0.0023436,0.0020605,-0.0038802,0.003645,-0.00067395,0.0015945,0.0050587,0.0024019,0.0029158,0.0026897,-0.005023,-0.04892,-0.041508,0.023541,-0.0382,45.132,-0.809,0.01,0.0006,-1.29,-0.42,14.756,45.91,15.462,21.911,-46.105,-100.25,0.00058628,2.23,0.0141,-1.213,-7.3854,-143.74,5.0354,3.4e+05,4.7376,4.5707,-62.93,44.064,-27.451,-34.528,0.0698,-31.827
2.3314,0.94459,-0.32935,0.86794,1.8893,0.57039,-4.7125,-16.981,-8.3654,6.1281,-0.1,6.906,6,-5.0645,7.4806,-13.404,-12.422,-0.69929,2.8554,2.4156,-6.0886,-5.0795,-3.6481,0.45939,-5.7728,-5.104,-9.4509,7.859,19.583,-2.1862,-17.277,-12.018,76.886,74.488,-1.0681,-1.8328,-8.6457,0.019703,-5.9169,-9.9682,-6.3878,0.1169,4.0803,1.6409,-5.5298,-5.2271,2.3282,2.6573,1.7554,-2.7434,3.0006,-2.6575,-3.5577,1.5949,3.7626,3.0139,-1.8524,66.767,4.4,0.18883,-0.0079866,0.0666,0.2333,0.1667,14.454,18.992,31.454,-7.7447,34.839,-10.684,-14.187,53.413,23.974,-4.4915,-10.15,-4.4224,40.367,-0.1,-0.0667,4544,6.1825,-26.558,-4.5733,3.2291,15.761,1.9806,12.91,-5.3289,4.1261,-11.719,-3.019,-7.1227,-30.771,-0.5738,1.8691,-0.0019708,2.6567,0.0023694,-0.00014643,0.0016883,-0.0026222,-0.0041813,0.0041303,-0.0038782,-0.0045963,-0.0020725,0.0029106,-0.0086627,-0.0028786,-0.016064,0.064561,0.00075459,-0.0089367,-0.0017914,-0.0013012,0.0017271,7.9265e-05,-0.0037894,-0.0033653,2.7948,-0.0011296,-0.0078321,-4.4771,-0.011316,-0.0027982,-0.031413,-0.010663,-166.27,-1.5191,-14.6,2.3695,-0.91765,2.5936,0.060223,-1.3187,-1.0626,4.0626,7.2778,6.9064,-5.037,-1.0677,-5.6699,14.547,4.3267,3.66,-1.0067,3.78,5.27,0.12,0.1466,0.1567,2.7667,1.86,-0.02,0.12,1.61,0.38,2.2984,44.63,3.7697,7.1831,17.321,-5.8002,2.9194,6.7537,7.4919,6.4092,6.6165,0,9.0244,8.8265,9.5258,9.0575,576.87,9.3835,8.129,10.064,25.895,5.1299,6.5409,6.346,13.664,-21.612,20.439,14.931,-10.309,3.4671,91,-9.6227,-0.6,-0.9,-1.0927,-92697,-5.3169,-19.872,2.6847,-0.3667,-0.1,-0.0051691,-0.01475,0.0366,-0.6667,0.5067,2.8967,-0.23064,-0.024557,-0.016835,0.010487,-0.0017656,0.0037407,-0.0069188,-0.0067678,-0.002711,-0.0034116,-0.0024097,0.0031682,0.11478,0.00016121,-0.0056062,-0.1072,31.5,-4.0357,0.0067,0.0021,-1.13,-0.29,-29.21,8.3461,5.4447,-22.545,7.2182,-49.83,0.00187,2.2176,0.0134,-0.9122,-1.2708,-60.41,6.2162,3.2644e+05,4.0127,2.7721,-29.18,22.5,-13.64,-16.981,0.0184,-3.0104
-1.6636,1.3685,4.5664,0.55283,1.8389,-8.7503,-2.8768,-10.539,-4.7554,2.476,-0.3,-0.39541,2.4,-39.357,-1.8523,-19.983,-8.0617,9.1244,-2.7256,-2.8096,-6.6781,-5.5534,-5.6373,-2.2682,-6.0399,-9.061,-1.9218,-2.3384,-0.53299,-2.2311,-15.931,1.429,75.241,72.862,-1.2063,-2.0206,-10.107,0.12435,-7.237,-11.241,-8.186,-0.93617,4.2572,0.48928,-6.9382,-4.4357,0.88339,3.3728,-0.43814,-2.0249,3.0725,-1.4283,-2.7312,1.9247,4.8094,2.6755,-1.0772,66.7,4.8333,0.33109,0.07633,1.2334,0.3334,0.4,-1.7015,41.589,86.48,60.149,36.656,42.335,23.795,4.0029,23.946,-4.4603,-8.2324,-4.3348,40.367,-0.1,0,4222,-7.5139,-6.9246,-14.711,-16.413,19.516,-4.5157,-15.949,-1.6188,-2.7167,-17.543,-2.3874,-9.9,-32.462,-2.7152,0.23553,-0.0011018,1.2518,1.5148e-05,-0.0029176,-0.0066833,0.00048666,-0.0026667,-0.010917,-0.0026608,-0.0014104,0.0025894,0.0015466,0.0010311,0.0018442,0.0044972,-0.11156,0.0017452,-0.0018321,-0.0015044,-0.0025261,-0.0047489,-0.00035633,-0.01822,0.0057972,1.1275,0.00067623,-0.012487,-8.5066,-0.015921,-0.012053,-0.011096,-0.0079884,-219.16,-20.371,-19.94,1.5002,1.2331,3.5365,-0.53372,-0.52614,-0.35484,1.5525,1.6091,1.6508,-0.92741,-1.0114,-1.0585,3.2674,3.4967,3.17,-0.5167,3.3033,4.98,-0.16,-0.1166,-0.0867,2.97,1.99,-0.05,0.13,1.81,0.13,13.75,21.244,14.428,7.7426,13.874,-9.3307,0.38943,8.5812,2.3189,-2.4229,4.2355,0,-6.9366,12.018,2.8941,-10.196,549.67,-13.458,8.8994,-15.146,32.346,5.0778,5.6742,5.44,-3.7211,8.0683,-13.951,-3.7286,4.8957,1.3215,88.6,21.663,-0.5,-0.4,0.7689,96786,-5.9488,0.41305,4.229,0.7333,-0.1,0.16433,0.15223,-0.35,-0.3267,0.9867,3.61,-0.0045233,-0.026979,0.0050773,-0.023991,-0.0013433,-0.010144,-0.00029746,-0.0005518,-0.005082,-0.0066753,-0.0048702,0.0016067,-0.036364,0.0057006,0.018437,-0.1068,14.07,-6.1299,-0.01,0.0031,-0.74,-0.2,6.8672,-11.977,-18.445,-18.532,-70.113,-41.173,-0.00011857,0,0.0125,2.7304,-0.052819,-62.97,6.1652,3.1039e+05,4.9626,4.2803,-30.94,26.321,-30.473,-31.752,0.1006,3.0759
1.088,5.937,31.991,1.368,3.3599,-20.318,-9.2307,-1.6312,-11.661,-2.5802,-0.8,6.5511,4.9,20.01,7.4908,-12.865,-5.6497,-5.0872,0.42399,1.0814,-3.7262,-4.2098,-3.5638,1.5632,-4.7072,-7.925,-2.4789,0.71392,4.1294,1.8645,-15.402,-7.166,73.96,71.778,-2.4297,-3.274,-10.167,-1.2798,-7.7318,-11.742,-7.5247,-2.193,3.656,1.2962,-6.9853,-6.7224,-3.2895,2.6428,-5.5173,-3.4306,1.9498,-1.7292,-3.0136,-2.8905,3.2816,2.4516,-1.4469,66.7,5.5,0.54371,0.17412,1.2333,0.7,0.6667,35.9,64.168,73.015,111.31,94.389,26.777,17.189,23.479,65.221,-4.2574,-14.003,-4.6674,40.133,-0.1333,-0.2666,3634,-7.4879,-3.2729,9.8403,27.904,-4.3527,-12.547,-29.904,6.0899,13.326,-5.2759,-4.57,-7.8694,-26.188,-7.1319,0.25042,0.0023712,1.3675,-0.0012706,-0.0013966,-0.0057184,0.0016925,0.0032358,-0.010229,0.0039212,0.0060315,-0.0027689,0.00064834,-0.0036562,-0.003968,-0.00033836,-0.069995,-0.0062042,-0.00085536,1.1614e-05,0.0034244,0.0021073,-0.002827,0.038306,-0.0033625,-0.30028,-0.00022262,-0.0063281,-12.078,-0.0059188,-0.0047095,-0.0037817,-0.005413,-77.43,-142.78,-108.06,1.1603,0.85232,0.56866,8.2569,4.0798,3.8098,10.278,5.0909,5.3347,-1.9398,-2.4268,-1.423,4.7702,2.1333,1.9067,-1.1966,2.2433,4.77,-0.19,-0.1834,-0.0267,3.1533,2.01,0.02,0.34,2.86,0.13,8.6923,42.744,3.1793,9.406,20.661,-12.045,1.3374,13.033,5.1965,0.055225,8.0007,-7.1,10.48,4.2819,9.369,11.566,573.03,12.264,6.2352,13.086,26.913,2.8985,6.0777,4.5417,3.2838,1.5228,-10.258,7.5844,1.0275,8.8776,85.1,15.492,-0.4,-0.6,0.94649,1.6565e+05,-3.8395,-13.75,6.6466,0.9,-0.1333,-0.24497,-0.20218,-0.3933,-0.2267,1.9567,4.79,0.023003,0.016421,0.00018139,-0.010741,0.001585,-0.0073581,0.0040097,-0.0011886,-0.0039285,-0.0049128,-0.0036756,-0.0017702,0.094439,0.0071438,0.016562,-0.1562,35.442,-11.873,-0.0367,0.0043,-1.27,-0.1,23.147,7.2291,21.498,-14.917,-29.797,-10.648,0.0013149,-10.361,0.0119,-5.4795,11.278,6.36,7.5265,3.0961e+05,3.0455,0.47741,-10.9,8.5341,-9.0155,-5.7414,0.0283,51.497
3.4828,1.2224,-4.4424,2.2924,1.6598,11.63,-3.4731,-9.4007,-9.7088,12.912,0,6.8633,13.8,-31.369,3.6197,8.6893,11.605,8.9167,5.0482,3.9815,4.5671,2.9428,1.458,4.716,5.1327,7.8091,4.2382,11.741,13.536,2.1701,-4.4654,9.5346,74.112,72.148,-1.2959,-1.8427,-8.1914,-0.2656,-6.12,-9.8686,-5.4075,-1.5147,3.7135,-0.016805,-7.4548,-2.7309,-0.3783,2.8497,-4.0201,-2.3924,1.5107,-1.8738,-2.5102,-0.24183,2.164,1.6261,-0.35349,66.633,5.7,0.028114,0.13931,0.0667,0.2333,0.1,-5.9325,-7.5706,46.345,70.566,3.6637,19.238,3.471,10.067,-20.122,-3.229,-7.268,-3.5376,40.3,0.0333,0.2,3577,37.197,21.923,19.606,19.069,19.641,45.653,44.221,-0.20451,-5.8351,1.1774,-5.0141,-9.7598,-4.4125,0.30542,0.74531,-0.0021436,1.0896,-0.00054808,0.00038726,0.0063558,-0.0038652,-0.001621,0.01258,-0.002393,-0.0080841,-0.00066766,-0.0020328,0.0012672,0.0010573,0.0065013,0.10031,4.084e-05,0.0017906,-0.003619,0.00055429,-0.00083086,0.0027014,-0.018045,-0.0014592,1.275,-0.0011012,0.01335,-1.5486,0.015679,0.01317,0.024837,0.010302,-5.8781,32.439,21.749,1.0072,2.3492,2.8295,-1.7251,0.48696,0.093193,11.833,8.5849,7.2117,-5.7923,-12.237,-6.7707,10.676,1.7333,1.72,-0.0767,2.32,5.0767,0.19,-0.3,0.0334,2.88,1.89,0.13,0.6,3.36,0.08,7.3329,6.5974,4.8916,5.6565,9.6652,-8.9314,1.7637,7.1449,4.8996,1.9487,5.1579,-5.7,4.5293,5.3539,-3.5628,4.386,566.58,2.8181,8.602,2.7803,22.799,4.5362,6.4882,5.687,9.5716,-8.1285,7.932,26.994,-4.5463,3.4514,93.1,-44.359,0,0.2,-0.0847,64353,3.5772,10.744,7.7611,1,0.0666,0.087914,0.061429,0.37,-0.0133,2.7267,4.89,0.13996,0.080694,0.0042018,0.015808,-1.4467e-05,0.0063992,-0.010562,0.0030202,0.0048634,0.0051067,0.0042538,0.0011702,-0.12509,-0.021394,-0.022547,-0.0212,-38.083,-5.5348,-0.0133,0.0022,-0.23,0.06,27.169,18.282,21.42,13.917,4.2199,12.049,-0.0018742,2.5451,0.0111,0.61256,-1.6357,-71.67,5.636,2.91e+05,3.7865,2.7124,-35.85,30.439,5.1552,5.0851,-0.019,71.925
2.4156,2.0485,2.4867,2.5678,0.26497,6.5192,-0.44651,-1.9153,-4.5352,9.7976,0.2,3.0601,8,-1.1143,0.53116,11.024,13.246,2.6989,1.6409,2.4856,6.4376,6.1709,2.3959,3.0488,9.6815,12.691,9.5261,11.668,16.835,-0.32389,1.5519,18.923,75.004,73.013,-0.37131,-0.82009,-4.4766,0.4792,-4.4076,-4.8455,-3.8683,-3.9811,3.6222,0.15124,-6.5023,0.099633,-1.8298,1.0199,-7.4769,-0.48125,1.9145,-0.30799,-1.4405,1.1112,2.7614,1.7655,0.74774,66.667,5.8333,-0.070249,0.21002,0.3,0.1,0.2333,-28.031,18.369,1.0566,88.253,15.595,7.1983,8.1803,11.348,-4.893,0.85248,-1.9075,1.0977,40.633,0.1,0.3333,3500,-7.4988,6.1744,0,-30.561,-8.4213,1.1689,-4.6053,4.7259,3.889,2.6065,7.4556,-7.5633,-0.34741,2.9452,3.0369,0.0028023,1.6314,-0.0037463,0.00090604,0.011423,0.0037635,0.0025779,0.016085,0.0028112,0.0032144,0.0063823,0.0045756,-0.00071136,-0.0047433,0.001761,0.15842,0.0052467,-0.00043303,0.0037716,0.011804,0.0041596,-0.00266,0.013193,-0.00099952,3.1326,-0.00038042,0.0057808,5.9548,0.0081788,-0.029987,0.025993,0.018713,122.56,91.859,75.874,0.41123,0.40248,0.96895,1.8727,0.31303,0.42333,8.3506,0.54156,1.6376,1.9372,-3.3248,2.9246,-0.021856,1.75,1.7133,0.0067,2.3433,5.1,-0.16,0.09,0.0666,2.9233,1.71,0.14,0.63,3.39,0.09,4.6389,1.7393,-3.7033,0.039094,2.2674,-10.983,1.242,5.0772,4.9223,4.5134,4.8626,0,-5.0939,6.8529,4.154,-7.2093,552.72,-10.136,6.5741,-11.526,27.02,4.4978,11.748,9.4703,-15.256,19.107,-21.11,-17.436,10,-10.188,94.1,-6.4678,0.2,0.5,0.57284,92577,5.668,26.187,2.7952,1.6334,0.2,-0.059971,-0.060969,-0.0167,-0.0367,2.6933,4.9633,0.043325,-0.027253,0.002925,0.029616,-0.0002502,0.013417,0.0047978,-0.0018375,0.0061197,0.0084396,0.0049877,-0.0029538,-0.0053539,0.00026282,0.0022788,-0.021,0.83322,-0.86807,-0.03,0.0011,0,0.05,-9.1086,-9.6206,-3.4057,18.578,27.981,-53.816,-0.0013498,0.56338,0.0111,1.8321,0.16453,-6.22,6.0463,2.9317e+05,5.486,5.1594,2.61,3.0738,-22.973,-29.557,0.1025,36.429
1.7743,2.8877,11.836,1.7737,0.66184,-0.59254,-0.59048,3.8483,-1.3065,1.154,0.2,2.1302,4,-1.3391,1.1616,2.0759,5.0061,-0.34892,1.683,1.9394,3.222,2.3419,2.2498,1.804,2.5979,5.5444,2.1695,6.0191,13.538,0.056047,2.6105,-3.3456,75.328,73.491,-0.2685,-0.53298,-4.2021,0.29736,-2.9814,-4.6363,-3.4882,-0.079628,3.517,0.7721,-6.0548,-1.6555,0.78203,0.32285,-4.3691,-0.73869,1.0713,-1.356,-0.50434,-0.19304,1.0834,1.3215,1.3081,66.6,5.7333,-0.1271,0.012747,0.0333,-0.0667,-0.2,4.8724,-30.319,-8.1398,5.5267,-4.9176,-10.789,-36.831,29.407,13.534,-1.511,-4.4314,-1.3336,40.467,-0.0333,-0.0333,3427,1.4953,26.662,7.1685,31.677,26.347,-13.222,-5.6644,1.4309,4.7508,4.5935,2.3767,-6.2195,11.055,2.4133,1.9493,-0.00071878,1.7036,0.0022086,0.0012626,-0.0071676,3.2843e-05,-0.00026883,-0.011498,0.000394,0.0046529,-0.0051661,-0.0008043,-0.0046226,-0.0014765,-0.003378,-0.088774,-0.0047157,-0.0011004,0.0032858,-0.012584,-0.003517,0.0013319,-0.0036508,0.0081621,2.1486,0.0001485,-0.0019298,2.5399,-0.0016979,0.019372,-0.015585,-0.0027063,-30.928,11.351,28.173,1.5706,1.6052,0.88329,0.92677,-0.1438,0.016924,7.6506,3.0193,3.4505,-1.261,-4.5557,-0.99601,4.0124,1.74,1.6433,-0.2267,1.8133,4.26,-0.52,-0.3633,-0.3966,3.3667,2.03,-0.01,0.17,2.62,0.09,4.4785,-7.7102,-0.70451,5.3458,4.6467,-10.134,4.2611,4.4637,13.692,4.1174,4.332,5.6,-8.2031,8.1955,8.5444,-11.231,537.88,-15.175,7.1608,-17.23,39.892,5.8415,14.586,11.422,-16.769,27.072,-27.762,-24.349,23.327,2.3603,87.3,27.296,0.1,0.2,0.42008,88639,3.046,-3.5447,-1.2494,0.3333,-0.1666,0.04013,0.034567,-1.0966,-0.0967,1.6067,4.61,-0.054248,-0.044424,-0.0045723,-0.013784,0.00091779,-0.0064912,0.0046298,0.00026301,-0.002835,-0.0033658,-0.0029156,0.0015818,0.027528,0.0028104,0.010983,-0.0013,-12.044,4.632,0.0033,0.0017,-0.06,0,3.8203,10.38,2.557,14.388,-57.065,-91.29,-0.0011604,-1.4099,0.0109,1.8237,-0.64939,-13.44,5.0202,2.9267e+05,5.3228,5.4996,-0.26,5.7055,-70.994,-71.732,0.2811,-35.704
0.61881,2.2922,-3.6164,2.6663,4.7665,-0.247,-1.6806,-7.6583,-5.4181,7.105,0.3,3.0726,7,-0.10529,1.0256,-6.5914,6.5506,2.3678,0.20988,0.41889,-0.29979,-0.08878,0.056501,-0.022714,-0.99533,0.13015,-1.0855,0.9466,-1.1811,-0.43438,-1.3212,10.653,75.312,73.405,0.037785,-0.014679,-5.1443,0.7492,-3.4048,-6.037,-3.6828,0.21895,2.1775,2.6407,-5.2236,-0.94309,5.0132,2.0305,0,-0.83463,0.30292,-0.71756,-0.97,2.598,-2.5414,0.88179,-0.45345,66.433,5.8667,-0.014688,0.13379,-0.3333,0.2334,0.0667,-1.7267,4.6549,-3.145,46.428,13.535,11.958,11.77,-21.351,5.8745,0.63859,-5.0578,0.40373,40.4,-0.0667,-0.0334,3315,7.5481,-32.393,17.196,-0.37154,-43.741,-4.8549,55.671,-1.0661,1.6317,-13.249,5.7364,-9.746,-14.125,2.926,1.8466,-0.0014931,2.2897,0.0063509,0.00080689,-0.00020389,-0.0016613,-0.00031445,0.00070909,-0.00039411,-0.0065326,4.349e-05,0.0017483,0.0051077,0.0031975,-0.0020371,0.018638,-0.0058162,0.0018116,-0.0011223,0.0072028,0.0014175,-6.0486e-05,0.0020453,-0.0098146,2.3578,-0.00072258,0.0062123,4.2307,0.0064021,0.0038302,0.0069319,0.0053425,121.05,-3.9341,-3.5027,2.2238,1.6002,2.6659,1.6335,-1.2583,-1.3647,4.7579,-0.19536,-0.22455,1.1597,-0.81795,1.2424,1.8135,1.4433,1.3333,-0.2733,1.53,4.0067,-0.21,-0.07,-0.0267,3.5933,2.07,0.02,0.2,2.67,0.13,3.4969,5.0581,3.3304,5.7909,7.7207,-6.127,10.817,1.7243,21.581,3.7419,2.4929,5.6,9.2631,10.001,7.6333,9.1233,547.05,9.7971,8.1162,10.569,33.042,4.2375,13.333,10.352,-0.84436,6.651,-5.8241,10.41,5.5615,1.5064,83.8,2.343,-0.2,0.2,1.1965,1.8258e+05,-0.30615,16.22,-4.1977,0.9667,-0.0667,0.015136,0.021788,-0.3367,-0.11,1.5667,4.8367,0.056323,0.044325,-4.1804e-05,0.0027386,0.00088285,0.00021739,-0.0038744,0.0010419,0.00014582,0.00036561,0.00073652,0.00115,-0.066956,-0.018493,0.020042,-0.0212,8.2728,3.9626,0.0067,-0.0001,-0.27,0.02,-12.356,16.723,13.204,35.827,-48.224,9.6166,-0.00036681,-16.435,0.0101,5.1225,29.262,31.55,4.713,2.856e+05,5.9976,6.7451,-9.62,14.493,-3.0234,-0.54822,0.0259,-2.9784
2.2129,1.8769,0.45379,1.6821,3.2249,3.0651,3.6134,1.4978,1.9782,7.2581,0.2,0.46681,4.5,0.043931,-1.764,0.4047,-2.0363,0.93958,2.0539,2.0782,2.011,2.4886,3.6543,4.721,1.6975,2.6382,-2.2927,1.6459,4.8793,5.9483,-1.2663,-0.96938,75.853,73.793,-0.46898,-0.72362,-5.3375,0.27444,-4.1051,-6.5959,-3.2918,-1.5351,2.7093,1.6956,-9.9152,0.11696,1.3314,0.17286,-2.0864,-1.3,0.81489,-1.3059,-0.6926,1.3405,0.68988,0.75428,2.3136,66.367,5.8667,0.0079476,0.015867,1.0333,0.0333,-0.0334,-3.1929,8.018,1.0839,7.5966,1.152,0.99903,-20.089,48.744,33.685,-2.2556,-5.9806,-2.1754,40.333,-0.1,-0.0666,3247,1.462,-15.848,-3.4543,-25.716,-8.0811,14.56,2.9091,-0.065523,3.5195,9.4262,10.521,-2.5719,3.5673,2.4289,2.8101,-0.0010947,1.9745,-0.0021789,-0.00045767,0.0059422,-0.0062689,0.00050647,0.013061,0.00056656,-0.011875,-0.00042147,-0.0032434,-0.0045702,0.0030593,-0.0031892,0.09965,0.0016104,0.0021815,-0.00031214,0.0012862,0.0018196,-0.0023018,-0.0069986,0.0061744,4.0929,-0.0012313,0.011462,14.658,0.015723,0.021031,0.02618,0.016657,177.88,95.429,75.547,1.7563,0.81445,2.21,-0.48221,-1.5902,-1.5611,7.9872,4.2278,4.3369,-1.8138,-4.3895,-1.7369,6.5218,1.25,1.1567,-0.1867,1.3,3.92,-0.25,-0.2767,-0.48,3.2,1.91,0.01,0.14,2.76,0.09,2.8099,0.053753,3.6396,2.4552,3.3399,-8.1982,-1.1144,5.4033,15.439,3.3287,4.6131,5.3,2.4083,7.4236,6.484,1.4503,547.74,-0.80759,9.243,-1.1037,33.709,3.8795,10.328,8.791,-19.052,28.13,-28.233,-11.677,7.8132,-15.511,80,23.938,-0.1,0.1,-0.08725,12086,2.0446,0.4783,-3.5744,0.4,-0.0667,0.058285,0.062919,-0.1,-0.0933,1.66,4.7533,0.10776,0.021259,-0.0049671,0.018205,-0.0062944,0.0094576,-0.0022751,0.00039174,0.0046751,0.0072666,0.0046737,-0.0024916,0.029296,0.0043003,-0.019341,-0.0122,6.3577,4.0051,-0.0067,0.0012,-0.23,-0.01,-8.7219,-23.613,-4.63,15.159,-14.402,2.9195,-0.00096876,-0.29444,0.0105,10.927,11.369,67.55,0.90033,2.9981e+05,7.4277,11.167,37.93,-18.528,-12.854,-12.953,0.0819,-25.918
3.4263,4.4671,17.806,2.2066,3.1895,2.7511,9.4954,15.469,10.913,6.2916,-0.1,3.7664,14.5,3.6154,-1.9742,-0.59417,5.6142,4.8459,3.9996,4.1722,-2.4277,-3.0007,-2.8211,-3.3351,-3.0126,-1.3677,-4.0793,-3.6614,-6.7123,-3.2067,-3.0542,-14.385,75.374,73.416,-0.70502,-0.7323,-6.4436,-0.07259,-3.8299,-7.0626,-5.4436,1.8534,2.9687,2.398,-5.802,0.091875,-1.2543,-0.17286,-3.2673,-1.2408,-0.56778,-0.71136,-0.97884,-4.0351,-1.7269,0.55031,0.61456,66.433,6.1333,0.16208,0.11573,0.8,0.3333,0.1334,9.4572,14.029,19.024,37.574,17.43,29.279,7.0249,24.185,-4.0766,-1.9257,-6.8461,-0.99749,40.233,-0.0667,-0.0667,3314,4.0501,13.622,6.8791,13.257,17.741,-5.7604,9.4526,3.3557,4.0109,-2.6966,-8.1002,1.5258,-0.58994,-1.2324,0.10243,0.00053551,1.1684,-0.0044159,-0.0023031,-0.019451,0.0020085,7.7828e-05,-0.032133,0.00065347,0.0090002,-0.0044262,-0.0041746,0.0037019,0.0010573,0.00028391,-0.2863,0.0014713,-0.002527,0.0029434,0.0019968,-0.0045324,0.0012689,0.0089798,-0.0023388,-0.65496,-0.0015662,-0.021456,-2.5192,-0.028482,-0.0085414,-0.048677,-0.037079,-52.721,-70.523,-65.711,0.48104,1.5083,0.44332,8.4195,7.4746,8.2548,4.4225,4.996,6.0974,1.5627,3.4024,1.8821,-2.045,1.2467,1.04,-0.1233,1.1533,3.62,-0.32,-0.6933,-0.6467,2.8533,1.89,0.01,0.11,2.58,0.11,6.82,-17.019,10.782,8.5114,6.0381,-8.7334,0.32584,7.6328,11.779,1.4955,5.3099,3.7,15.079,15.809,10.963,14.939,561.74,18.562,7.6698,20.236,22.843,3.6749,7.4031,6.5533,-19.053,22.776,-8.7929,-1.3994,4.0973,-30.743,89.3,-31.71,-0.1,-0.2,1.1899,2.5323e+05,-2.2527,-18.378,-5.525,1.0666,-0.0333,-0.062325,-0.070265,-0.3367,-0.2067,1.3267,4.0633,-0.22632,-0.048446,0.001254,-0.055604,0.00017947,-0.025791,0.0013274,-0.0022416,-0.013809,-0.016336,-0.012256,-0.0004401,0.037912,0.0036174,0.0066292,-0.0115,15.459,0.1052,0.0134,0.0015,-0.09,-0.1,16.489,23.613,15.336,-23.389,-5.2304,47.456,-0.003684,-1.4755,0.0101,-0.87495,2.7617,-32.12,1.5687,2.8868e+05,5.631,7.9097,-11.52,16.7,34.803,32.929,-0.1535,15.876
6.7358,5.8247,17.321,2.9475,7.3157,14.316,12.763,12.849,8.393,22.28,0,0.93721,-0.1,-17.653,1.5768,10.974,6.5608,6.7023,9.4895,8.8307,2.1665,2.6437,3.2625,2.8741,2.4416,6.0158,-2.824,10.779,16.959,-0.29016,4.8001,5.2982,75.943,73.924,0.027651,0.12521,-4.9226,0.48819,-2.2665,-5.0191,-4.7671,3.1686,1.0374,0.65901,-3.3536,1.9744,2.5266,0.14817,0.9362,-0.48681,-0.46346,0.16723,-1.6568,-1.2088,-2.3232,0.35681,-0.32461,66.133,6.1333,-0.053296,0.0075396,-0.7333,-0.0333,0.0333,-21.906,-1.0465,38.525,1.6755,0.42953,-17.696,-9.3389,16.478,-0.3153,1.3116,-6.7104,0.59959,40.267,0,0.0333,3120,29.877,36.253,21.126,61.057,55.792,40.074,-23.313,7.0999,10.997,6.5665,11.97,0.69343,3.3681,-0.23424,2.4651,0.0011593,2.1863,0.0011763,0.0030133,0.018611,0.00076573,-0.00096419,0.029322,-0.0018404,-0.00080322,0.00016512,0.0022511,0.0038804,0.0016071,0.015576,0.21893,0.0033052,-0.002556,-0.0024235,0.0016415,0.0018812,0.0022762,-0.0052397,-0.0022991,2.9749,0.0022385,0.010972,2.616,0.013596,-0.0029308,0.015587,0.013252,-22.631,13.247,14.27,0.61688,-0.58533,1.1567,4.4328,2.9163,2.1235,8.8743,8.8945,7.5167,-2.4306,-1.4768,-3.0103,7.2455,1.0167,0.93,-0.05,1.2233,4.2333,0.5,0.3867,0.3334,2.5733,1.78,0.07,0.29,3.3,0.12,0.99029,2.0698,5.512,5.0642,7.0533,-8.2469,4.0461,4.9527,13.407,-0.15929,3.0348,14.5,6.4526,9.2746,2.5723,5.906,560.62,6.0973,7.2175,6.3752,20.587,4.4817,10.131,8.3217,-0.71694,-3.6065,10.604,-3.8814,-2.1303,-5.067,89.3,-13.515,0.1,0,-0.31836,87208,2.4397,7.2737,1.6891,0.0334,0.0667,0.073465,0.07616,0.5667,-0.0867,2.1233,4.68,0.060591,0.039731,0.01545,0.042364,0.0044276,0.02208,-0.0048896,0.00010707,0.0099471,0.011864,0.0090031,-0.00024219,0.10056,0.033222,-0.034223,-0.0184,-24.047,-3.2771,-0.0467,0.0005,-0.1,0.03,36.021,20.572,19.219,19.311,76.117,59.316,0.0019619,-1.7778,0.0101,-2.6364,-1.965,5.11,0.24028,2.9192e+05,5.3583,8.1792,16.32,-4.2154,25.805,26.059,-0.0846,0.63619
4.5665,2.7031,5.6981,2.2257,2.2858,13.254,7.1767,6.9408,4.9987,11.729,0.3,2.4262,7.6,19.295,-0.56309,16.847,12.082,1.0524,5.7458,5.2952,3.3781,3.8921,1.8898,0.57582,6.0123,11.072,2.7881,4.566,3.5018,-0.96897,7.0395,0.61462,76.73,74.805,0.94309,1.1961,-1.6265,1.1707,-0.19663,-0.55657,-3.3565,2.5366,2.8371,-0.80744,-1.8988,2.2788,3.6517,0.22215,3.2596,0.65071,-0.33402,0.73338,0.091418,-2.4287,0.53525,-0.23141,2.1145,66.033,5.8333,-0.26443,-0.022357,-1.1,-0.3333,-0.1333,-15.115,-23.586,-31.272,-5.7255,-24.908,-9.978,15.924,-17.31,13.422,2.0433,3.4836,1.8575,40.733,0.0667,0.3,3276,29.769,22.977,7.1619,-0.98888,-13.821,29.742,71.024,2.6234,1.8524,14.668,0.64723,10.135,9.1271,2.1743,1.8329,-3.8386e-06,2.2081,0.0061766,7.7541e-05,-0.0054791,0.00099217,0.00054923,-0.0094535,0.0002596,-0.0043272,0.006767,0.0087469,-0.0094347,0.003499,-0.0057694,-0.068676,-0.0057754,0.00036711,-6.8888e-05,-0.0041186,-0.0021902,0.00086497,0.00052464,0.0026924,1.5153,-0.001389,0.00061682,3.3656,0.0005694,0.017532,-0.0045657,-3.5821e-05,-36.375,5.2502,11.065,-0.4284,-1.1461,0.7195,6.1205,4.0022,3.7037,-0.10117,3.8843,3.2548,2.0251,7.7963,1.6889,0.23004,0.9967,0.9167,0.0066,1.3,4.2867,-0.09,-0.04,-0.1434,2.3767,1.63,0.09,0.38,3.37,0.15,4.9469,-18.119,0.74062,-1.8916,-3.8753,-13.337,13.9,4.6445,-2.3029,-1.2817,2.4403,14.3,13.199,8.7351,7.6826,14.061,579.16,15.806,7.534,17.06,17.214,9.5318,15.363,12.626,-23.406,22.277,-19.748,-30.369,23.23,-19.169,92,-9.61,0.3,0.3,0.81752,2.2134e+05,4.3428,-2.0288,6.0194,0.2,0.2666,-0.11137,-0.10954,0.11,-0.08,2.2533,4.66,0.043635,0.060359,-0.0071816,-0.019328,-0.0011239,-0.0079646,-0.0033353,-0.00050488,-0.0043512,-0.0051771,-0.0032064,-0.0020025,-0.096255,0.025754,0.005266,0.0348,-36.017,3.0826,-0.0067,0.0002,0.02,0.07,14.497,-5.5702,8.4532,11.845,14.313,36.547,0.0019348,9.6814,0.0106,-1.7673,-10.997,-6.65,0.75464,2.9843e+05,4.3612,6.3153,19.58,-8.0654,21.754,21.179,-0.0233,-8.2454
2.1293,3.5434,6.8513,3.0325,3.0499,0.7929,-1.1274,-5.2011,-3.9739,4.6397,0.4,1.7998,4.5,-0.87673,0.23532,10.748,12.616,1.8378,0.30524,1.5284,0.98983,2.7987,2.9165,2.6161,2.8197,5.8389,-0.26506,4.1724,2.8992,2.0666,6.2792,11.553,77.309,75.374,1.2445,1.445,-0.8764,1.3896,0.51594,0.43629,-3.0156,3.2406,2.2943,-0.13198,-1.568,1.9207,3.0268,0.46858,2.773,1.6827,0.2289,1.3694,1.8863,-0.78031,-1.3663,1.0018,0.62436,66.033,5.7,-0.10294,-0.033303,0.4,-0.3,0.0333,-8.8342,-17.196,-15.5,-10.03,-23.129,8.4133,-1.2764,10.476,-12.076,1.2608,2.3385,1.7054,40.933,0.0333,0.1,3477,-23.747,-18.516,4.5039,-55.872,-18.385,-14.298,-18.776,2.9477,7.2395,0.69279,4.1914,8.9423,3.2143,3.1265,3.3059,0.0020504,3.008,0.0027558,0.0052182,0.0088964,0.0082954,0.00084504,0.0091831,0.0014104,0.013136,0.0059479,0.00028391,0.014376,-0.0072161,-0.0038398,0.078809,0.0079414,0.0012413,0.0027217,-0.0046879,0.0029435,-0.00027916,0.0036532,0.0004234,3.3708,0.0022179,-0.0014533,8.4334,-0.00057222,-0.03655,0.02506,0.017067,72.005,46.56,46.558,-0.47882,0.47561,-0.030492,-12.77,-4.1185,-3.3882,-1.3514,-1.3988,0.2685,-0.29119,-8.0486,0.65243,8.9312,1.0033,0.9167,-0.02,1.2233,4.02,-0.32,-0.2,-0.39,2.2533,1.58,0.07,0.31,3.1,0.12,-0.87688,-10.32,2.0249,-0.2896,-1.3943,-7.3114,14.66,3.8053,6.0609,1.4067,2.919,11.3,15.24,5.6553,3.8174,17.054,601.61,16.207,13.11,17.424,16.445,3.7683,15.765,12.928,-11.76,19.857,-16.315,-6.074,29.971,0.63779,98,9.3714,0.2,0.5,0.36395,89758,2.5957,14.784,5.5919,0.2666,0.1334,0.078467,0.075528,-0.2567,-0.0867,1.99,4.4533,0.026064,0.051115,-0.0022201,0.024165,0.0014248,0.011176,0.012894,0.00056455,0.0060651,0.0073544,0.0046109,0.0029198,-0.011035,-0.05991,0.028195,0.0332,-14.885,4.5383,-0.0133,0.0007,-0.04,0.03,-3.4043,-18.658,12.064,10.988,22.288,21.097,-0.0015388,1.1577,0.0102,7.8921,11.249,-14.16,7.5795,2.9107e+05,9.3738,10.336,-9.93,17.562,28.093,27.763,-0.0493,-27.616
3.0367,2.481,0.98818,3.0896,1.6014,15.667,10.762,16.694,9.8796,12.492,0.6,1.0661,2.4,7.1311,0.26427,6.1131,15.959,4.5575,4.1302,3.3824,1.9642,2.2802,1.046,-0.32507,3.2717,5.2472,4.3279,-7.6381,-15.159,2.5317,4.5633,-6.4744,77.79,76.059,2.1959,2.4421,1.2394,2.1434,2.46,2.3388,-0.56642,4.6009,2.3822,1.4165,-0.85016,4.7008,2.8758,0.68953,7.0758,1.9115,0.94514,1.974,2.111,0.92644,0.45597,1.124,1.1911,66,5.6,-0.022532,-0.070342,0.1333,-0.0334,-0.2,21.755,-4.11,-42.613,-21.36,-18.261,-2.0596,13.976,9.2188,-11.51,0.60506,-2.3556,0.36251,40.867,-0.0333,0.0334,3573,3.9423,-53.413,16.756,4.9035,27.652,3.8433,-4.5018,3.5172,4.191,-0.71434,6.303,9.4326,-1.0788,4.1073,2.7326,-0.00030034,3.2839,0.0012042,-0.0022301,-0.0025312,4.3144e-05,-0.00085243,-0.0040915,-0.0015613,0.0023514,-0.0042986,0.00054591,0.00054283,0.006479,0.0093845,-0.062635,-0.001476,0.0014948,-0.0037973,-0.004748,-0.0015086,0.0028156,-0.0015857,-0.0058858,3.1301,0.0015071,0.0060387,11.279,0.0054186,0.041589,-0.0017756,0.0037357,25.461,34.434,31.104,0.14297,-1.364,0.15726,6.4541,4.5785,4.3622,4.318,3.7685,2.7762,4.6862,5.2315,3.9055,-0.50121,1.01,1.0767,0.35,1.7767,4.6,0.53,0.47,0.39,2.0633,1.53,0.26,0.7,3.52,0.13,1.9774,-0.029955,2.1462,5.2819,5.6894,-5.9984,0.896,3.2618,19.027,-0.232,1.9767,17,4.6159,9.9928,5.4353,3.605,600.18,1.4665,11.498,1.221,16.246,7.3307,18.684,15.631,12.451,-15.247,7.302,9.5816,-7.4399,12.4,93.3,-7.0103,0.1,0.6,0.2503,1.1215e+05,3.2888,-13.345,5.5301,0.0334,-0.2,-0.0042376,-0.0043458,0.73,0.0667,2.7133,4.9167,-0.023544,-0.10884,0.0099578,-0.013928,-0.00013694,-0.0042272,0.001156,0.0011536,-0.001489,-0.0034564,-0.00080127,-0.0023819,0.0008194,0.010165,-0.018661,0.0177,-11.259,9.038,0,-0.0005,0.17,0.19,16.083,4.0202,20.481,19.147,18.235,-10.701,0.0020558,0.86611,0.0105,13.377,18.523,71.36,7.0385,3.0551e+05,15.086,19.321,44.84,-12.323,-3.6592,-1.5188,0.0677,-60.417
3.7636,4.3991,10.162,3.7622,2.8442,6.1578,8.4076,13.644,11.269,2.8473,0.5,0.73119,4.5,9.1162,-1.5444,3.0282,5.2755,2.603,4.2057,4.4221,3.1066,2.2212,1.7714,-0.94489,2.3251,5.2808,6.7558,-4.0491,-9.3357,0.23572,8.5284,-5.548,78.231,76.791,0.99143,1.14,0.15815,0.90627,1.4189,1.4474,-1.9764,3.7877,1.7812,-0.049329,-3.2043,2.245,1.2703,-0.61559,4.0518,0.97322,0.23439,0.35916,1.5783,-1.2683,0.80337,0.32605,1.8292,65.967,5.4333,-0.055016,-0.10028,0.1333,-0.1333,-0.2,2.8262,3.2249,-11.019,-32.709,-12.447,-17.097,-0.927,15.924,-5.5982,2.3716,-0.068287,2.3978,40.767,0,0.0333,3762,8.1072,-9.3243,-1.9921,-1.8789,14.247,1.3218,24.782,3.5696,6.1424,2.5,2.0035,8.7192,20.581,3.4258,2.0101,-0.0021348,2.5711,-0.0019752,-0.0023565,-0.0048408,-0.0068362,-0.00014086,-0.0036746,0.00063005,-0.0067948,-0.0034766,-0.0075328,-0.011202,-0.0063728,-0.0083884,0.009734,-0.0037428,0.00047271,-0.0016743,0.011886,-0.00019619,-0.00093396,-0.0017119,0.004036,2.5428,-0.0020667,-0.010237,3.9006,-0.013144,-0.049248,-0.005688,-0.0078464,-7.3087,46.77,52.413,1.1517,-1.1376,1.5711,7.3466,4.5348,4.4734,3.1774,1.8069,2.049,4.925,6.6692,5.2262,-1.1429,1.4333,1.4867,0.4167,2.08,4.3033,-0.24,-0.2834,-0.2133,2.1467,1.59,0.26,0.59,2.82,0.17,4.5132,-10.01,2.3028,1.9083,0.10298,6.3614,2.6213,3.0351,8.4988,4.1934,3.4604,9.1,8.5307,8.9618,6.3587,8.4488,609.02,5.8218,14.314,6.1851,15.348,13.49,16.134,13.642,-7.0313,5.9988,-6.3779,0.63869,3.0014,-15.538,95.6,0.5666,0,0.1,-0.09784,80475,3.9243,-11.733,3.752,-0.9667,0.1333,-0.025911,-0.028651,-0.2166,0.0533,2.0733,4.21,-0.05773,-0.0026951,-0.0096744,0.0014,-0.0016287,-0.0030609,-0.0011686,-0.00051267,-0.00093059,-0.00022879,-0.0016947,0.0013311,0.021459,0.0087279,-0.017272,0.0345,-4.8481,9.6509,0.0067,-0.0004,0.46,0.22,-20.898,10.763,-4.1523,0,-13.444,-23.425,-0.0013789,1.7266,0.0108,14.027,17.64,63.15,7.8169,3.1767e+05,15.559,19.513,41.66,-7.8048,-6.7593,-9.3322,0.0791,-51.542
3.9868,4.3273,7.4822,3.7816,4.0434,8.2599,7.2226,12.104,8.1329,5.4771,0.6,-0.22008,-0.7,2.9424,0.085247,8.8096,8.6587,5.0205,4.0768,4.4944,5.9023,5.6525,4.8547,4.9906,7.0929,8.775,6.7143,5.5434,3.9629,4.7692,3.468,14.598,79.279,77.667,1.71,1.835,-0.74477,1.8028,1.2442,0.3722,-2.6089,5.2207,3.2783,0.69005,-2.4957,3.0674,3.0578,-0.93752,2.0106,1.4398,1.0715,1.3471,1.5225,-0.39106,0.90854,1.4162,1.4041,65.933,5.4333,-0.056843,0.012119,0.1,-0.1333,-0.0333,-4.8853,-17.72,19.662,5.4573,-2.9511,-2.0469,5.9874,6.6086,11.293,1.0504,-1.639,2.175,40.567,0.0667,-0.1333,3755,-2.3675,39.494,3.1443,7.8324,-5.19,1.7557,-15.568,5.6461,9.9998,6.5496,17.99,4.2168,2.9964,4.4553,3.4045,0.0016859,3.0637,0.0011944,0.003317,0.010763,0.0090411,-0.00050024,0.011812,-0.0012563,0.015363,0.010239,0.00082866,0.0047319,0.0022397,0.0018056,0.067672,0.0044935,-0.0025449,-0.00036935,-0.00045031,0.00055797,-0.0022252,-0.0042143,0.0020192,4.2721,0.0018329,0.01662,7.6005,0.021684,0.034549,0.0056001,0.0041819,48.882,31.977,36.53,0.46074,-0.97964,0.30376,-2.1369,-2.6101,-1.5005,7.5391,1.9036,3.4417,-0.608,-5.3389,-0.17225,9.4941,1.95,2.0067,0.4833,2.4667,4.1733,-0.16,-0.1566,-0.2633,2.0133,1.56,0.23,0.46,2.17,0.18,1.655,-14.193,1.0999,1.0207,-2.0569,4.6425,-0.90906,6.1341,11.678,2.3301,4.7404,13,13.879,11.519,6.4984,14.326,623.35,14.836,11.852,15.766,13.864,6.3002,10.792,9.8443,-22.168,23.597,-24.037,-15.479,10.074,-27.503,93.9,1.6834,0.2,0.4,0.68431,1.8054e+05,5.3324,14.979,12.584,0.5333,-0.1333,-0.014433,-0.0086957,-0.0134,0.0567,1.5433,3.5367,0.051612,0.047716,0.0022056,0.025858,-0.00041641,0.013211,0.011623,-0.00064932,0.0051829,0.0071305,0.0052038,-3.0163e-05,0.0073792,0.00051133,0.0064597,0.0016,-13.142,6.9852,-0.0167,0,0.52,0.23,-1.3866,-9.6736,5.3896,9.4808,-4.8553,36.658,-0.0013554,6.5505,0.0118,5.1025,5.5938,97.3,6.7522,3.4885e+05,10.115,11.797,70.74,-30.695,20.353,20.897,-0.052,-15.253
4.4035,2.3271,1.9186,1.9309,3.7344,11.09,6.9652,3.6764,5.7667,9.329,0.8,1.9937,4.5,24.43,0.49172,9.2522,3.8262,-4.7172,5.2982,5.054,6.9791,5.6854,6.2917,3.8751,5.0414,7.1459,4.6512,1.0703,-1.3106,4.8127,11.666,5.848,80.25,78.605,1.394,1.4529,-1.1852,1.6061,0.32711,-0.17861,-2.8771,2.697,2.0259,1.0165,-3.381,2.9565,2.6881,-0.42013,8.1613,1.5539,1.0932,1.3584,1.1186,0.43991,1.6249,1.0303,1.1372,65.867,5.3,-0.068095,-0.037073,-0.2,-0.1667,0,-13.547,3.5156,-22.299,-12.446,-15.194,6.6145,3.6405,-9.4746,-22.884,1.2443,-1.25,0.84547,40.567,-0.0334,0.0666,3916,21.077,13.447,3.6268,2.9439,26.701,28.317,18.561,4.9755,3.5738,1.8423,4.739,3.3646,8.456,6.7731,2.2723,0.0015607,3.0404,0.00040989,-0.00052287,-0.013345,-0.0035385,0.0029103,-0.019177,0.0025461,-0.0067479,-0.0025348,0.00022882,-0.0026857,-0.0088697,0.0017224,-0.11774,-0.0023192,0.0016928,0.0050526,0.003401,-0.00047108,0.002166,0.0039884,3.6686e-05,2.0152,0.0001303,-0.01233,4.054,-0.016213,-0.015028,-0.013667,-0.008513,-30.713,12.751,8.5596,-0.34832,-2.3006,0.070216,-0.86359,0.78768,0.35429,8.2307,4.4518,3.8122,-1.4656,-7.1048,-1.6747,10.818,2.47,2.5367,0.56,3.0633,4.2967,0.03,-0.1667,-0.22,1.67,1.46,0.26,0.53,1.76,0.19,-0.12424,-8.2311,-2.3526,0.23579,-2.6768,12.627,1.299,2.5534,10.589,0.53889,1.8188,11.5,3.5908,4.8366,9.5538,3.3555,636.06,0.60311,9.8763,0.35347,12.742,6.2867,14.395,13.442,-2.6496,4.203,-0.43962,-4.7599,5.2609,1.9935,94.1,-29.369,0.1,0,0.28109,1.6029e+05,6.3555,4.0585,6.136,-0.1666,-0.1334,0.041384,0.042102,0.39,0.0667,1.4133,2.85,-0.0555,-0.014616,0.0019398,-0.033663,0.0014811,-0.016463,-0.0064004,0.0008325,-0.0063308,-0.0098064,-0.0065556,-0.0011888,-0.07972,-0.02954,0.047418,0.0293,-0.34387,8.2552,0.0033,0.0014,0.55,0.26,0.69377,-22.757,16.801,-1.9266,20.455,0.63228,0.0021737,4.7737,0.0111,2.6596,1.2043,-75.37,11.164,3.3362e+05,8.7262,7.5087,-36.75,29.023,10.263,11.144,0.0086,-9.1917
1.842,4.5126,10.516,3.7713,3.1483,-5.3582,6.742,9.8652,6.4106,7.3384,0.2,-0.22802,-0.4,2.3653,-0.11105,7.0707,5.2934,3.7819,1.4569,1.5636,2.1318,2.0214,3.78,1.9544,-0.11636,1.0729,-2.8106,-4.9486,-11.045,4.1781,7.8089,3.8717,80.399,78.631,2.1877,2.5197,-0.61731,2.1032,2.6133,0.14885,-1.9128,8.5687,2.6979,0.75249,-0.087074,3.5902,3.7957,-0.098916,7.5698,2.4047,0.48423,2.3879,2.3615,0.19537,0.61095,0.49512,3.1145,66.1,5.1,-0.078278,-0.099035,0.3667,-0.3667,-0.0334,11.724,-5.1979,-44.75,-35.04,-28.768,-0.33656,7.0348,7.2211,-0.061409,3.2304,-2.9411,2.4125,40.4,0,-0.1333,4062,-3.9454,-11.316,6.1598,-14.181,-2.802,8.2117,-20.387,4.963,7.8793,20.726,9.3059,7.6056,41.885,0.82934,2.3939,-0.0023717,2.8106,-0.00040903,-0.00026218,0.0054434,0.00074952,-0.0024887,0.0082091,-0.0018913,-0.0017551,0.0015815,0.004734,-0.0016012,0.012186,-0.004545,0.035741,-0.00014894,0.00087786,-0.0037187,-0.00019467,-0.0008746,-0.0029224,-0.0052832,-0.001916,2.6941,-0.0015339,0.00015455,6.4361,0.00056409,-0.00086995,0.0075876,-0.0050551,35.173,29.68,24.189,0.83454,0.02817,0.35176,1.8494,-0.42834,-1.3455,5.0719,-0.95592,-1.6648,3.0935,-0.4509,3.2995,2.8242,2.9433,2.8633,0.2934,3.3367,4.16,-0.04,-0.1733,0.0066,1.8133,1.56,0.22,0.47,1.3,0.29,-0.80863,1.0706,-3.1207,0.10387,-2.4191,12.641,-1.7306,4.1901,12.142,1.5595,3.2343,15.7,8.9703,9.7799,5.998,8.817,644.12,7.8886,11.211,8.2058,12.21,10.782,14.323,13.833,10.944,-15.843,14.682,11.316,-7.2166,5.4718,90.2,9.7363,0.1,0.2,-0.24054,14917,2.2884,2.7164,3.7682,-0.6667,0.1,-0.063277,-0.069954,-0.01,-0.08,0.93,2.2033,0.030439,-0.049175,-0.0047228,0.0083009,-0.00032785,0.0046447,-0.0037539,8.5419e-05,0.0013467,0.0039798,0.0021197,0.0024536,0.0033871,0.014852,-0.04718,0.0334,-4.5638,4.6695,-0.01,-0.0001,0.43,0.21,30.682,13.215,3.799,-2.9073,-10.268,-8.2216,-0.0013499,4.1653,0.0109,6.5726,8.7009,-5.09,11.182,3.3406e+05,12.554,13.241,4.32,10.65,-3.4805,-1.6467,0.0765,-20.334
3.5495,3.864,7.7501,3.9017,1.4933,5.2521,6.9584,14.279,8.2534,4.4117,0.1,1.3206,3.1,4.0538,0.24781,0.96021,2.6214,1.1806,4.0382,4.0588,-1.4147,-1.8384,1.5794,2.891,-6.1163,3.0236,-12.488,4.2944,2.7343,2.4331,-2.2704,0.42141,79.722,78.015,2.1976,2.3074,-1.2093,2.4357,0.99736,-0.70007,-2.0741,4.8849,3.3489,2.5252,0.30467,4.6204,1.9103,0.74129,5.532,1.8929,1.6322,1.9048,2.1053,-0.048841,1.272,2.088,2.146,66.133,4.9667,-0.070854,-0.069884,-1.4,0,-0.1,-9.9993,4.9109,10.106,-27.079,-3.9129,3.4086,-28.913,-52.445,16.278,0.52224,-0.95047,0.87758,40.533,0,0.0667,4291,9.3789,-7.7256,16.616,25.388,17.199,-10.941,33.342,2.0037,7.3156,-6.8807,14.67,17.351,-17.75,1.3479,4.2503,-0.00084549,3.7398,0.00072537,0.0020014,0.012823,-0.0058192,0.00015947,0.023776,0.0001811,-0.011399,-0.011446,-0.00051715,0.0099229,-0.0088023,-0.00201,0.1784,0.0027462,0.0012962,-0.001043,0.00076158,0.0044935,-0.0024029,0.0041591,-0.0038687,6.013,-0.0013465,0.0093399,10.642,0.013214,-0.013939,0.015461,0.011649,81.177,72.02,67.809,1.7334,0.767,0.59935,-2.5295,-0.98897,-0.73174,-0.45966,3.1656,3.5372,1.6855,3.8855,1.8062,7.1435,3.46,3.36,0.4966,3.7867,4.2133,0.04,-0.0534,0.0067,1.7667,1.55,0.22,0.43,0.85,0.3,-2.4271,11.024,-3.9641,-0.33966,-1.1235,9.9347,5.4376,4.481,14.911,1.5245,3.4116,21.2,9.4104,10.379,9.1982,9.2265,657.2,7.8672,12.574,8.3786,12.166,10.419,10.89,10.944,4.7849,-13.169,15.483,13.729,-16,-13.839,87.5,1.6277,-0.1,0.1,-0.34337,14331,-0.74738,14.453,-11.619,-0.7333,0,0.028387,0.027129,0.1634,-0.1,0.5767,1.6333,0.063672,0.020372,-1.9007e-05,0.048904,-0.0021664,0.020507,-0.0026089,-0.00035069,0.010305,0.01298,0.0089416,-0.001564,-0.003387,-0.004645,-0.0054323,0.0437,18.794,0.054239,-0.0233,0,0.5,0.2,1.2819,0,19.839,26.802,33.762,26.209,0.00040614,2.4785,0.0114,5.4387,8.7807,60.98,9.83,3.5455e+05,11.763,12.724,46.22,-13.981,14.131,14.215,-0.0119,-0.38525
2.5179,1.1861,-12.151,2.2907,5.5819,12.796,1.8212,5.4932,3.0809,-0.70819,0.6,0.31093,0.1,8.8354,0.43037,11.393,12.581,5.0912,2.9556,2.9266,5.2777,3.864,5.4798,1.5612,1.0578,10.288,-4.3447,8.0923,7.0143,-0.54015,17.207,-4.7706,80.173,78.787,1.4225,1.6957,-0.30055,1.2703,2.1902,0.70007,-2.0085,6.3566,2.359,3.2027,-1.2637,3.5331,0.093205,-0.46932,8.9844,0.71778,0.012202,-0.013034,1.932,0.78059,0.66092,-0.36935,0.87801,66.033,4.9667,0.0076776,-0.019253,0.1,-0.0333,-0.0333,11.429,-8.0623,-8.2603,-7.4519,-9.2312,-2.2318,16.558,17.024,-29.453,2.1364,4.6647,2.6677,40.9,0.0667,0.1333,4161,-6.0132,1.7297,-10.734,-37.732,-41.098,29.301,-39.666,3.4064,1.9253,28.536,2.1845,19.02,56.944,5.0618,3.1106,0.0027337,3.154,0.0010236,-0.0017678,-0.015446,0.0049028,0.0040291,-0.027466,0.0040295,0.013852,0.0061877,-0.0055425,-0.00049596,0.004336,0.0042709,-0.20516,0.0011454,0.0065531,0.0031635,0.0084326,0.0012303,0.0055362,0.00072049,0.0016911,3.7127,0.0032874,0.00095699,13.871,0.0023438,0.025512,0.0049033,0.021337,119.16,-17.325,-22.357,0.859,-1.1558,-0.58515,-5.6342,-1.2828,-0.82738,0.61276,0.28207,0.78578,2.1512,-2.4755,2.1975,4.8711,3.98,3.8267,0.5234,4.2867,4.49,0.46,0.2867,0.3567,1.8467,1.73,0.28,0.46,0.66,0.39,1.3947,7.3081,-3.5997,1.5839,1.1235,8.877,-3.3461,0.29707,8.6044,1.3177,0.66566,3.8,7.5686,7.1092,2.018,7.6559,661.43,6.3603,10.02,6.7467,11.89,6.3732,10.991,10.867,5.6272,-9.9337,8.2605,20.994,-7.9722,-9.4653,82.4,0.6367,0.2,0.6,0.92527,1.9994e+05,6.2155,-6.6111,-3.1412,-0.3334,0.3667,-0.027056,-0.019648,0.3533,-0.1533,0.41,1.4,0.028482,0.10678,0.0022241,-0.057739,0.0028768,-0.023736,0.0049221,0.0068071,-0.007107,-0.010729,-0.0064758,-0.00059576,0.02,0.00098734,-0.013307,-0.0172,-14.757,8.1103,-0.0033,-0.0019,0.56,0.24,-2.5682,-12.065,-3.8648,-25.831,65.676,5.3859,0.00054301,3.2809,0.0111,8.6517,11.565,-5.73,10.615,3.5187e+05,10.936,11.094,-4.56,13.651,2.0609,-1.7806,0.0467,-10.406
5.2861,4.4358,15.571,2.4078,4.103,5.895,7.4846,17.366,13.195,-3.6526,0.6,5.047,10.8,12.938,1.8202,14.92,8.4138,7.7025,6.7672,6.5298,2.0233,3.7412,0.42407,-2.0544,7.1878,4.8853,10.416,-3.3102,-8.8777,-1.6361,9.1506,-9.5613,80.605,79.139,2.3803,2.7673,0.57274,2.2049,3.263,1.3371,-0.73981,7.6886,3.1164,2.5695,-0.26195,3.9234,3.4026,2.2674,10.401,1.5389,0.37196,0.64856,3.2799,-0.68293,-0.052836,0.7289,2.3763,66.1,4.7333,-0.15986,-0.07391,-0.5,-0.1667,-0.2333,-18.477,-33.342,12.089,-32.009,-16.389,-22.913,-13.698,3.8905,-10.744,3.5637,2.6891,3.9167,41.067,0,-0.0333,4457,9.8676,43.695,-2.2806,-10.318,32.934,6.6889,21.207,6.2884,10.967,0.39641,1.8752,19.394,-20.061,3.3786,2.0241,-0.00083843,2.7569,-0.0024613,-0.00185,-0.001849,-0.0018743,-0.0032319,-0.0018238,-0.0034793,-0.0040163,0.0016534,0.00023963,-0.0063058,-0.00072442,-0.0013083,-0.0081528,-0.00042295,-0.0075539,-0.0032347,-0.0094548,-0.004385,0.0001465,-0.0031586,0.0045255,2.0777,-0.00037028,-0.018964,-3.7505,-0.026875,-0.023751,-0.046717,-0.036947,-133.55,7.9562,19.23,1.8928,-0.75782,-1.6951,5.1748,5.8515,6.0348,-0.66688,2.8543,2.9684,5.1221,7.8921,5.0516,-1.3891,4.4567,4.3933,0.3766,4.6333,4.57,0.02,0.01,-0.03,1.7367,1.67,0.09,0.24,0.18,0.24,3.8095,6.7816,-0.69301,3.1136,1.9248,10.902,-2.548,6.8025,7.9763,25.304,13.589,11.5,9.0885,9.2441,1.5416,9.059,663.68,13.428,0.1773,14.373,11.48,4.0247,7.5765,7.6724,-4.204,4.6819,-1.7249,-1.3339,1.1421,-6.5294,88.9,-3.4436,0.3,0,0.25205,1.8028e+05,3.7737,-29.317,7.1156,-0.3666,0.1333,0.024064,0.024709,0.1567,-0.0633,0.09,0.9333,-0.20851,-0.0097923,-0.00056642,-0.0022388,-0.0027436,-0.0022553,-0.0020292,-0.0055565,-0.0049059,-0.006379,-0.0043967,-0.0013392,-0.043498,-0.016612,0.023583,0.0674,-41.701,8.5078,0,-0.0006,0.41,0.18,3.8462,-6.95,-0.376,-5.3725,44.636,19.724,0.0022418,4.6024,0.0115,7.2344,5.8546,46.75,11.333,3.7193e+05,5.9898,3.3195,25.63,-10.843,16.735,16.154,-0.025,0.79041
0.93371,2.0213,0.1695,2.7998,0.83115,-2.5876,-2.1453,4.5329,6.9386,-20.464,0.5,-0.11897,-2.7,2.3615,1.5338,7.7435,4.3364,0.97408,0.60415,0.93389,-0.4,2.3987,4.1702,1.9866,2.295,0.88523,-2.7904,-1.5832,-1.7386,3.1421,10.588,12.052,80.742,78.937,1.5304,1.6617,0.084433,1.5387,1.4889,1.4362,-2.2534,3.1936,2.0912,1.9641,-1.663,3.6426,2.3341,0.36847,11.704,0.41311,0.8463,-0.96062,2.5018,0.48792,1.6872,0.61427,1.7205,66.133,4.6333,-0.057969,-0.0073288,-0.7,0,-0.1,7.7563,7.9448,-48.829,-2.0948,9.1104,-17.006,2.683,-45.03,1.9514,1.3416,1.3922,0.93021,41.2,0.0667,-0.1,4682,-53.475,-64.053,-45.863,-32.654,-30.702,-63.186,-56.157,-1.216,1.6092,-5.7757,3.0087,18.234,-9.0329,3.9295,3.2013,0.0014561,3.3262,-0.0027948,0.0016387,0.008468,-0.00045137,-2.1422e-05,0.01344,0.0002207,-0.0048882,-0.00091577,0.00057531,0.0099513,-0.0046898,0.01359,0.085159,-0.00048359,-0.0024201,0.0021125,-0.00084655,0.0021144,-0.00045029,0.0045776,-0.0013491,3.5934,0.001911,0.0091589,6.4196,0.01146,0.0070378,0.027958,0.0089416,-96.937,47.376,40.116,1.6699,1.6816,-1.4019,-7.0419,-3.388,-3.8676,-1.7944,-0.32898,-0.40752,0.21008,-1.5768,0.60343,7.0969,4.9067,4.7033,0.3534,5.02,5.07,0.36,0.5033,0.43,1.6667,1.53,0.13,0.32,0.37,0.38,-1.1196,10.54,-3.3083,0.66321,-0.51418,13.317,4.9546,0.28616,8.9565,2.7606,1.2089,14.5,-0.77903,7.8978,6.9237,-2.449,658.02,-2.8899,3.5923,-3.3253,14.178,1.2325,-0.92331,-0.43698,-13.513,17.435,-16.093,-8.2878,16.336,-11.208,83.8,4.6648,0.2,0.2,-0.29729,-20635,0.81017,18.704,6.9529,-0.4667,0.0667,0.010388,0.0037258,0.4433,-0.2033,0.0833,0.9867,0.050198,0.094625,0.01343,0.025144,0.0027158,0.011412,-1.3459e-06,-0.0010577,0.0054241,0.0045131,0.004445,0.0033436,0.022152,0.013532,0.011169,0.0381,23.438,9.6594,0.0166,-0.0005,0.45,0.17,-72.546,-72.384,-38.262,-34.916,-1.4126,-9.3743,0.0033125,2.6828,0.0119,9.0441,11.241,65.52,10.294,3.9231e+05,4.6457,1.7642,23.97,-11.045,-0.39198,-2.2494,0.0511,-21.683
0.61805,2.4211,5.6936,1.8393,2.2977,-1.5462,-2.5707,3.2006,6.7957,-22.758,0.6,-0.57415,-3.6,4.063,1.2915,0.1315,3.745,1.036,0.90876,0.53812,1.0146,1.5174,1.811,-0.68185,2.3678,0.61206,3.2457,-8.4496,-18.841,1.7594,7.4633,10.719,80.618,78.735,1.2535,1.1459,-1.5979,1.6508,-0.74968,-1.3768,-1.9822,0.2074,2.1024,0.30254,-1.1858,3.0154,2.493,0.44172,6.0151,0.87072,1.8144,0.2156,1.6243,0.097518,1.3919,2.2975,1.3296,66.133,4.6333,-0.019573,0.0073712,1.2667,-0.1666,0,0.85821,1.1222,-1.8881,4.8017,-20.544,27.704,-7.7827,31.35,9.1095,2.1868,-3.2959,2.1583,41.233,-0.0334,-0.0667,4661,-34.354,-47.681,-46.248,-51.114,-70.413,-11.901,-56.238,0.082117,2.4744,-0.31392,-11.879,13.335,15.736,3.6717,2.8728,-0.0017112,2.9277,-0.00047512,-0.0014631,-0.0018275,0.00019601,-0.0002828,-0.0030222,-0.00026562,0.00099144,0.00078613,-0.00026721,-0.0020173,0.0064501,-0.013318,-0.017947,-0.0023575,0.0041289,0.00037283,-0.004402,-0.00042633,-0.0021645,-0.0090544,-1.1504e-05,3.7584,-0.0013549,-0.0070829,3.1316,-0.0072424,0.018772,-0.013532,-0.0062295,-4.7458,2.5886,-2.6049,1.5107,3.1184,-0.96144,-2.0078,-3.055,-2.9963,4.3118,-1.2517,-1.6476,2.3287,-2.639,1.884,2.0476,5.2467,4.9067,0.1366,5.09,4.8967,-0.04,-0.2133,-0.1434,1.6967,1.67,0.07,0.18,-0.01,0.4,-4.1838,16.915,-7.1346,1.9988,1.4943,12.936,-2.7202,0.059688,7.5897,0.79884,0.33603,7.7,5.329,7.9217,6.8857,4.8216,664.28,6.4774,2.9594,6.8227,12.167,1.1321,-7.237,-6.2749,-2.5312,5.4061,-2.062,6.3332,10.247,-0.49915,84,-3.2308,0.1,0.2,0.10729,29251,0.99732,7.2998,13.885,0.3,0,-0.045097,-0.0453,-0.1467,-0.34,-0.4033,0.4333,0.05036,-0.20591,-0.012294,-0.0051314,-0.0021974,-0.0017283,-0.0011657,0.0011917,-0.00091939,0.00079745,0.0002568,0.00031551,0.052815,0.023502,-0.020432,-0.0025,3.1309,7.856,0.02,-0.0005,0.22,0.06,-16.393,-29.033,-42.62,-75.35,-12.912,-17.361,-0.0001364,5.0482,0.0121,9.5527,8.3495,23.59,10.284,4.019e+05,7.5016,6.0587,10.42,0.61762,2.0523,0.79195,0.0414,-12.941
3.393,3.8524,5.6126,2.9342,5.5245,-7.8365,-2.864,2.1002,4.219,-19.079,0.3,3.2707,6,2.8545,1.7303,16.414,0.51511,5.2432,4.7144,4.5178,1.6509,0.88026,2.2642,0.49261,0.22751,-0.74732,3.9455,-2.0284,4.1818,1.2744,5.5648,-4.4037,80.269,78.544,1.0784,1.0846,-3.2245,1.7918,-2.5488,-2.9173,-3.7596,-2.0267,3.2493,0.65207,-0.57221,1.5555,3.0116,1.6155,5.3564,1.6243,1.0461,1.3951,1.552,-0.73193,0.96881,1.4152,2.9189,66.3,4.4333,-0.063698,-0.12547,-1.2,-0.0334,-0.2334,-10.681,-3.9415,5.771,-61.937,-7.642,-16.007,-23.449,-32.492,3.6619,1.5877,-4.4857,1.3895,41.1,0.0334,-0.2333,4547,-32.37,34.762,-32.153,-62.653,16.47,-44.517,-6.7285,3.2677,1.037,8.1512,-4.116,21.764,10.821,1.4989,-0.67831,-0.0010997,1.4999,0.0016126,-0.0048146,-0.023139,-0.0019363,-0.0012357,-0.034829,-0.0011336,-0.0030358,0.00049051,-0.0034628,-8.8333e-05,-0.0019814,0.0023985,-0.21594,-0.0030022,-0.0024865,-0.0026806,-0.0056299,-0.0042205,0.00029858,0.0084743,-0.0018796,-1.6442,-0.0016487,-0.0087177,-6.2068,-0.013446,-0.00842,-0.026554,-0.018814,-8.1864,-78.486,-65.318,2.075,2.9631,1.2897,10.647,8.5974,8.3434,6.137,3.3278,2.9264,3.803,2.8995,3.655,-4.889,5.2467,4.9033,-0.0566,4.9867,4.63,-0.32,-0.2933,-0.3133,1.65,1.61,0.01,0.08,-0.27,0.34,5.1897,18.92,1.5002,8.2504,9.3442,7.4886,6.1793,1.6958,23.274,4.5003,2.7472,1.9,6.8569,6.3738,1.1306,6.9517,667.12,10.007,0.24896,10.699,10.572,2.3603,-3.1608,-2.9957,0.049705,5.1481,-1.0026,4.9514,9.1158,6.3707,92.5,-10.348,0.3,-0.4,0.49235,2.0954e+05,1.5154,-6.5612,-2.5239,-0.9,0.1333,0.014326,0.022209,-0.2433,-0.3433,-0.6467,0.14,-0.00223,-0.015181,0.0016699,-0.067872,-0.0014528,-0.03037,-0.0049778,-0.0015947,-0.014899,-0.019897,-0.01432,0.0028759,-0.042138,-0.0065674,0.010527,0.0072,6.8931,4.68,0.0134,-0.0007,-0.06,-0.01,-25.497,-41.754,-26.327,-41.246,21.074,43.815,-0.0019226,7.3253,0.0123,4.6921,3.4867,12.4,12.245,4.1493e+05,8.2682,6.1796,13.02,-0.51641,30.219,30.529,-0.0818,19.645
0.94087,2.232,5.3619,1.9313,1.346,-2.7616,-0.35733,5.5089,7.1364,-18.507,0.2,0.5888,-2.4,6.3862,2.3731,5.55,4.7607,3.392,1.1846,1.2541,4.5949,3.5111,1.977,0.85479,5.0223,6.819,7.5905,0.29847,9.1862,1.0305,1.7764,11.453,80.411,78.742,1.6156,1.7681,-1.4838,2.0523,-0.62485,-1.8867,-0.78227,0.41658,2.6818,-0.19074,0.44023,3.1301,3.3287,1.2195,5.098,2.3436,0.82043,2.5125,2.4171,0.19531,0.62716,1.0092,1.4506,66.3,4.5,0.0011396,0.069396,0,0.2,-0.0666,-14.825,13.051,-2.0037,38.432,13.299,-13.743,7.9144,19.418,0.72211,0.23876,-1.0095,0.075789,41.067,-0.0667,0,4765,-28.691,-38.875,6.4416,-63.986,-21.816,-19.01,-31.396,3.6148,4.8973,-0.62963,7.4669,15.773,0.23632,0.72053,3.7652,0.0029399,4.0828,-0.0022687,0.007946,0.024314,0.0011715,0.0039955,0.037179,0.0036193,0.0026098,-0.0029275,0.0012154,0.0050077,0.0084681,0.0012546,0.21196,0.0053484,0.0027969,0.0099094,0.0062719,0.0033482,0.0032383,-0.0011992,-0.0021134,3.9025,0.00069671,0.0236,6.2068,0.030852,0.021927,0.031183,0.019841,26.321,-13.611,-16.19,1.1744,1.8632,-0.22068,3.7179,5.784,5.7925,5.6006,1.109,1.0192,8.6585,1.9954,8.5596,-4.77,5.2567,4.9833,0.0166,5.01,4.68,-0.02,-0.0234,0.0167,1.6167,1.54,-0.05,0.03,-0.3,0.25,-2.1653,9.0819,-4.5176,1.7723,2.4436,8.274,0.45055,0.50381,3.6254,3.828,1.756,1.8,3.0205,2.2313,-1.1606,3.1751,666.76,6.9471,-5.4479,7.4134,12.444,-1.4049,-2.6752,-2.1716,1.4016,6.2441,-0.58333,5.5776,7.7889,11.286,92.2,5.585,0.1,0.1,0.44683,96618,3.9177,12.432,10.644,0.7333,-0.2333,0.03037,0.027264,0.0467,-0.2733,-0.61,0.1067,0.058411,0.013187,0.0024872,0.06372,0.0047136,0.031199,0.0013836,0.0022002,0.014706,0.021084,0.014438,-0.0015539,-0.02493,-0.021343,-0.00015638,0.0186,-6.8299,3.3035,-0.01,-0.0017,-0.01,-0.03,17.448,8.2705,-10.464,35.701,21.283,8.9758,-0.0015031,5.1514,0.0139,7.8524,6.6088,166.52,8.4998,4.7266e+05,1.988,-1.5009,87.03,-43.604,10.182,10.393,0.0023,-7.0728
2.285,0.74068,4.1709,0.64167,-0.85529,4.3876,1.8743,5.5447,8.7824,-16.157,0.3,3.6159,6.7,-0.23855,1.8763,6.1006,2.5023,1.0208,3.2676,2.7866,6.2131,4.8813,4.2075,0.62996,6.1674,9.5389,6.194,9.9,21.368,-2.2947,11.014,-1.4794,80.882,79.253,1.0412,1.0101,-1.8147,1.437,-1.0018,-1.7147,-1.9886,-0.19088,3.302,-0.95507,0.92293,1.6486,1.2959,1.4828,6.1439,1.0612,1.2035,0.7481,2.1067,0,1.4075,1.3602,-0.77903,65.967,4.5,0.0029084,-0.031817,1.1666,-0.1333,0,1.5557,-4.7751,41.434,-17.316,5.1032,-0.43523,-13.394,-10.149,11.624,0.6549,1.6465,1.6147,41.3,0.0333,0.0666,4800,-2.8385,6.6625,-39.204,58.734,31.879,-24.073,-10.786,2.0681,3.8163,6.8837,13.528,15.604,10.315,2.488,3.2301,-0.0035131,2.4419,-0.0048294,-0.002421,0.0038328,0.00044313,-0.004055,0.0055495,-0.0037993,0.0024972,0.0018889,0.0030457,-0.01268,0.00054547,-0.0089845,0.054089,-0.0050132,-0.0037035,-0.010655,-0.001177,0.0015436,-0.00030804,-0.0056858,0.0038399,4.5048,-0.00099983,0.0033623,14.453,0.0058411,-0.015411,0.026075,0.015175,26.168,43.428,43.028,2.8467,3.7232,2.8721,-4.9166,-4.6831,-3.5414,4.5693,1.6556,2.1271,-1.2081,-5.024,-1.876,8.8652,5.25,4.7367,-0.1333,4.9333,4.8467,0.15,0.2134,0.1966,1.6467,1.52,0.06,0.2,0.11,0.5,-2.5677,25.027,-2.0176,2.1948,5.8805,11.733,2.225,4.025,0.44621,5.1055,4.4334,7.8,2.0083,7.2562,6.2354,0.97307,666.68,4.135,-2.6897,4.2285,13.964,-1.7388,-8.1681,-7.4106,-13.127,11.373,-3.6488,4.6435,6.3534,-25.875,86.9,1.4568,0.2,0.2,-0.62739,-58965,5.7063,-1.5345,-1.7604,-0.2666,0.1667,0.013852,0.011694,0.1166,-0.5133,-0.4867,0.3267,-0.023368,0.11204,-0.010357,0.017096,-0.0023823,0.0059331,0.0021284,-0.0016339,0.0021407,0.0031885,0.0018428,0.0033274,0.044852,0.013525,-0.0078967,0.0105,-4.1087,5.5424,-0.02,0.0003,0.01,-0.01,-29.518,-37.742,-31.316,-60.131,7.2021,17.698,-0.0028009,10.607,0.0137,10.161,7.3261,-32.24,9.025,4.6383e+05,0.95287,-3.4958,-42.62,16.568,19.451,23.3,-0.0403,0.61879
2.1672,2.248,4.8412,2.1131,1.2544,-4.058,-2.275,2.1069,6.2265,-26.358,0.3,1.8054,3.5,-2.8067,0.80644,11.836,1.6209,0.35555,2.5456,2.3349,1.3372,1.1006,1.2187,-1.3513,2.3703,3.0289,1.1431,-4.2465,-10.765,-0.41113,2.6873,5.6437,80.776,78.915,0.23573,0.16465,-2.6701,0.81207,-2.7619,-2.8895,-2.2887,-3.469,3.0404,-1.0852,-0.70298,0.63681,1.0436,0.048526,2.9452,0.34643,0.60637,-0.053265,1.0771,0.39034,-0.18218,0.92898,0.25497,65.933,4.6667,0.093906,0.06788,-0.3333,0.1667,0.2666,10.672,9.4938,-7.6797,35.178,30.279,-10.143,22.787,14.914,11.384,-1.6336,-2.7003,-1.3836,41.3,-0.0333,-0.0333,4645,-47.354,20.314,-41.128,-18.636,-85.548,-40.103,-64.941,1.5917,3.0881,2.357,1.7103,14.343,-4.6919,2.974,2.2496,0.0011757,1.6686,-0.00028092,-0.0021272,-0.0086662,-0.0021295,0.00084864,-0.012381,0.00047342,0.00062902,-0.0058338,-0.0056514,0.0052877,-0.002618,-0.00085552,-0.084668,0.0040559,-0.0023274,0.0012277,0.0073943,-0.0072755,0.0016879,0.0081782,-0.0016887,2.5241,0.00030019,-0.012882,1.9242,-0.017346,-0.011336,-0.032392,-0.014899,-82.243,67.508,58.117,1.8742,0.65762,0.28419,-1.7036,-1.0084,-0.74493,4.0367,3.9265,3.9732,-2.1332,-3.1524,-2.3544,7.2873,5.0733,4.3033,-0.38,4.5233,4.73,0.18,0.1766,0.1367,1.9,1.82,0.12,0.22,0.43,0.94,-0.90978,41.108,-2.8338,3.7283,11.719,19.367,10.532,4.3641,5.4754,5.855,4.9288,0,2.8015,5.0999,4.7444,2.343,670,5.8587,-4.095,6.2368,21.877,-6.451,-14.931,-14.01,-11.935,7.9304,-7.8995,-10.289,7.0463,-19.973,85.7,12.898,0.3,0.1,0.31553,98158,1.0768,8.2627,3.1038,0.1666,0.0333,-0.020125,-0.03804,-0.26,-0.77,-0.57,0.68,-0.055922,-0.14557,0.00027964,-0.02259,0.0034979,-0.010809,-0.00029983,-0.0012002,-0.0058183,-0.0073235,-0.0055266,-0.0063463,0.012528,0.018195,0.01099,-0.0476,2.9479,4.4151,0.0066,0.0013,0.01,0.17,-17.9,-40.349,-55.341,-23.178,-18.132,8.2646,0.00075505,7.4076,0.0139,7.9473,6.7085,17.49,9.49,4.7299e+05,2.1321,-2.0472,-7.66,1.6677,-1.4748,7.0497,0.0578,-11.075
2.424,1.1376,2.9363,1.3238,-0.33707,-4.9522,-3.8133,2.4804,6.1206,-34.825,0.2,3.0864,6.8,-0.92854,0.95964,11.823,-3.6441,0.27113,2.165,2.3132,1.2477,1.2159,-0.85526,-4.6382,3.6399,5.1357,1.6607,-4.1178,-7.8652,-4.7811,5.7084,-7.3869,80.946,78.789,0.67744,0.42686,-2.3196,1.367,-2.9446,-2.8494,-1.4007,-4.7375,2.7634,-2.3721,-0.8364,1.1747,2.8388,0.65449,3.833,0.81718,1.9808,1.0237,0.5051,1.5576,1.0918,2.3776,0.89706,65.933,4.8,0.10301,0.039197,0.4333,0.1333,0.1,12.067,27.2,-9.7171,20.012,13.328,19.549,-20.723,39.921,-2.0784,-0.15574,-4.1272,-0.93646,41.2,0,-0.0667,4538,-40.115,38.212,-40.311,-63.202,5.0957,-28.191,-71.689,2.1699,5.2112,0.65519,24.73,12.974,5.9639,2.6439,3.9087,0.0015913,1.8292,-0.00075271,-0.0020132,0.010084,0.0027076,0.001026,0.013959,0.0020547,0.0002436,5.066e-05,0.0081903,0.002167,-0.00057069,0.014448,0.067226,0.0025067,0.0029639,0.0043424,0.0017798,0.0090192,-0.0044907,-0.0023782,0.0016033,4.8768,0.0018722,0.018036,8.5827,0.02252,0.021239,0.016622,0.015419,44.124,63.389,71.45,0.29409,0.94614,-0.82458,-0.42502,-0.44273,-1.2808,5.3729,3.1033,2.466,1.068,-0.98762,1.2685,-0.0090721,4.4967,3.39,-0.8533,3.62,4.26,-0.32,-0.2233,-0.12,2.25,1.97,0.18,0.23,0.87,1.42,-2.5361,54.195,-4.7886,-0.64919,11.037,21.739,7.1208,2.3503,9.6284,7.8846,4.4578,-6,-4.9005,3.3628,3.0917,-6.5755,658.63,-3.6692,-7.7274,-4.1335,24.444,-3.8655,-17.874,-17.126,-19.61,20.907,-17.885,-15.947,4.349,-24.997,77.5,17.089,0.4,0.3,0.89045,1.4377e+05,1.18,-9.4328,-5.2717,0.1334,0,-0.017782,-0.1045,-0.7166,-1.1067,-0.71,1.0333,0.13038,-0.004198,0.013637,0.021814,-0.001046,0.011666,0.0048384,0.0021435,0.0069157,0.0085335,0.0063531,0.00084798,-0.038409,-0.016291,-0.0057846,-0.0355,26.879,6.4537,-0.0133,0.0003,-0.44,0.31,-22.594,-42.66,-31.739,-64.366,-21.226,14.764,0.001974,4.3796,0.014,1.9624,3.7333,3.88,10.19,4.8202e+05,-0.38472,-6.6068,-18.73,2.6248,0.87729,9.1778,0.0482,1.6005
-2.3054,-1.0645,-13.211,1.8735,-3.121,-10.665,-6.1823,-2.0467,1.5849,-33.275,-0.1,0.88009,6.1,-6.934,-2.244,3.3834,1.2463,1.1091,-4.4495,-4.1055,-3.3521,-1.4786,-0.83965,-4.4282,-1.1761,0.44411,-7.8802,-14.431,-21.754,-1.3098,6.3611,5.7188,80.754,78.163,0.14653,-0.10236,-1.8167,0.61306,-2.3263,-2.2388,-1.0869,-4.3284,2.9267,-1.143,-0.52916,-0.56106,0.31527,1.9088,8.4479,-0.37078,1.4361,-0.37897,-0.82279,0.14571,0.98529,1.8406,-0.17688,66.1,5,0.17574,0.0082516,0.7,0.2,0.1,6.1239,10.755,31.978,4.3803,20.901,-7.9782,13.989,-3.1296,34.626,-1.1643,-3.2113,-1.2774,41.2,-0.0667,-0.0666,4347,-36.617,-6.641,-59.144,-85.67,-25.073,-31.776,-20.685,-4.8249,-3.0719,1.0303,5.1349,18.71,5.5645,-0.58418,3.3398,-0.00093173,1.7952,0.0017061,-0.00038948,-0.0019886,0.0013958,-0.0011226,-0.0041071,-0.0020137,-0.0080515,0.009597,0.0033848,0.0059979,0.0026888,-0.0070946,-0.026317,-9.8021e-05,-0.0012323,-0.0050338,-0.0011358,-0.0019811,0.0026832,-0.0059319,0.0015132,4.3095,-0.00041321,-0.0070872,14.247,-0.0090504,-0.0017429,0.012581,0.0091695,71.07,42.494,27.88,1.6203,2.7826,1.2891,-3.0164,-0.42306,-0.62786,-0.1387,-3.173,-2.9394,6.6855,1.4994,7.1239,-8.0967,3.1767,2.0433,-1.4767,2.1,3.6633,-0.35,-0.0733,0.24,3.0867,2.22,0.05,0.06,1.62,1.1,-5.4947,36.013,-2.1901,3.1868,11.337,14.139,4.2698,1.8659,3.2324,5.8551,3.3962,-15.1,-11.283,1.1627,0.053608,-13.886,634.4,-9.7061,-14.947,-10.78,27.436,-5.139,-24.177,-22.729,-6.0918,13.835,-28.386,-29.062,-12.909,8.9457,72.9,21.454,0.4,0.7,1.5533,1.4041e+05,-2.6545,9.2872,1.8482,0,-0.0667,0.050775,-1.4824,-1.04,-1.1333,-0.43,2.28,-0.0022896,0.099296,-0.0054324,-0.0073664,-0.0035024,-0.0031642,-0.002194,-0.00010137,-0.0017777,-0.001913,-0.001286,0.0039888,0.0075689,-0.019572,-0.025225,-0.049,14.148,7.6528,0.0067,-0.0003,-1.67,-0.03,-58.285,-66.486,-37.694,-103.52,-75.191,-58.907,-0.0016401,-4.6243,0.0137,-9.0188,-11.491,-46.67,8.2318,4.8951e+05,-9.7298,-20.924,-44.79,2.0631,-40.509,-35.378,0.2428,-23.442
2.0602,0.64808,-2.893,1.2904,0.61521,-7.321,-3.2638,-4.7714,0.81097,-18.6,-0.2,3.3856,8.7,-4.3324,0.27872,12.584,-3.6191,7.2537,1.8847,1.7099,-7.9515,-5.9398,-6.9196,-8.4795,-3.5801,-5.5196,-11.369,-19.024,-33.246,-5.3213,-5.9568,-2.6216,79.707,76.642,-1.3729,-1.8724,-4.0418,-0.597,-5.5266,-4.5467,-3.1716,-9.4412,3.1559,-1.1624,-1.9463,-2.3487,-1.2329,0.1687,5.8266,-3.1403,1.1997,-4.0946,-3.0104,1.6477,1.3444,1.0637,-0.76951,66.033,5.3333,0.23822,0.099908,1.2,0.3667,0.1667,23.88,39.202,47.579,43.932,27.521,40.747,25.505,32.244,36.353,-2.4347,-1.92,-2.2224,41.033,-0.0333,-0.1334,4070,-20.57,31.33,13.808,-9.0296,80.758,-45.728,-31.366,-2.8262,1.8706,-12.543,15.958,10.963,-25.344,-1.5005,4.0935,-0.00076562,1.5616,0.00014946,0.003039,0.0021427,-0.0037299,0.001784,0.0048503,0.0018786,-0.0022376,-0.0089684,-0.0039273,0.0014613,0.0068782,-0.0032058,0.01858,-0.0018864,0.0057634,-0.00024028,0.0087997,-0.00070887,-0.0031481,-0.0036288,0.0046962,5.1702,-0.0022657,0.0066233,25.561,0.0077349,-0.0066787,0.03643,0.016305,98.484,95.633,92.271,1.9659,3.0275,0.96364,-2.9941,-4.5448,-4.2966,-6.0315,4.1088,4.1409,-3.2642,8.2072,-3.4755,10.273,2.0867,1.6267,-0.2567,2.0733,3.8867,0.21,0.1433,0.24,3.1033,2.2,0.21,0.45,2.26,1.05,-3.2455,30.139,-1.0481,1.5895,9.3479,8.8138,2.9967,2.9653,0.17113,0.41931,1.9875,-22.6,-9.6509,-3.7368,-10.99,-10.923,606.21,-8.1437,-13.197,-8.9519,21.836,-12.157,-24.206,-22.299,-6.6288,16.224,-13.53,-2.099,-1.5798,2.4234,59.6,-24.588,0.5,0.5,-0.305,-45249,-8.5517,-3.245,-1.9712,-0.1,-0.2,0.0055014,5.3959,0.4133,-0.46,1.0733,3.5133,0.0028987,-0.0081489,-0.0028451,0.0038188,-0.0038317,0.0021326,-0.0050089,0.0019207,0.0018168,0.0048262,0.002549,-0.0025321,-0.0032779,-0.0047052,0.011002,-0.0692,22.485,3.5869,-0.0167,-0.0018,-0.46,0.59,179.37,4.3338,-39.145,30.214,15.443,15.305,-0.0011865,-0.4899,0.0131,-8.0902,-13.115,-100.89,5.9348,4.7513e+05,-9.5883,-19.952,-68.32,17.862,6.3067,12.343,0.001,32.481
-2.1713,-3.0064,-13.726,-0.19065,-5.8765,-8.1013,-10.252,-12.791,-7.5384,-20.827,-0.1,3.1213,5.1,-10.27,1.9527,-2.7442,-5.19,-8.4937,-3.4122,-3.5435,-14.228,-13.399,-12.965,-9.5601,-14.56,-13.135,-24.055,-22.012,-30.979,-5.9735,-24.846,-14.568,77.066,74.053,-2.0586,-2.7192,-5.9855,-1.23,-6.5509,-6.7128,-4.7373,-9.2001,3.0415,-2.335,-4.4589,-3.898,-2.1594,-1.3274,8.3264,-3.5167,1.3144,-3.6618,-3.5471,1.4482,2.3418,0.92382,-1.8004,66.067,6,0.46563,0.22336,1.4334,0.8666,0.5333,19.865,26.849,69.381,83.593,59.248,40.989,46.871,45.014,44.384,-4.6659,-9.0912,-4.6409,40.8,-0.0667,-0.2666,3583,-63.489,-87.301,-84.635,-19.653,-39.802,-74.447,-87.449,-13.491,-3.9344,-26.217,-10.467,3.379,-32.313,-1.7849,4.1234,-8.7221e-05,3.05,0.0036156,0.0018782,0.0042517,0.0033256,-0.0020967,0.0043358,-0.002183,0.0011743,0.011775,0.004854,-0.0093474,0.0025016,0.011638,0.006911,0.00013521,-0.0019817,0.0002426,-0.0060085,0.0019285,0.0048857,-0.0078351,-0.0077044,6.1204,0.0020805,-0.0011277,9.0134,-0.0018454,0.0024935,-0.046139,-0.009607,-40.746,-15.196,-21.564,2.183,3.0619,0.75412,-0.56776,-2.2776,-2.3643,-5.137,1.2257,1.1251,2.6071,10.67,2.5864,3.9952,1.94,1.4933,-0.0133,2.1233,3.8633,0.22,0.0533,0.2167,3.3433,2.45,0.33,0.63,2.37,1.3,9.4081,6.0201,3.4219,-1.2112,-1.3188,4.9568,8.6156,-0.47585,-2.5402,-3.0723,-1.469,-34,-12.444,2.0729,10.567,-15.665,595.44,-13.218,-10.619,-14.583,33.422,-14.663,-22.007,-20.802,14.842,-15.771,16.07,11.103,-16.595,12.363,64.8,34.121,0.1,0.2,3.4631,4.5595e+05,-15.127,-13.469,-16.374,0.9,-0.1666,0.30789,-3.4691,-0.0533,-0.4467,1.1667,3.7133,-0.1461,-0.13235,0.0089895,0.0089781,0.00081173,0.005684,0.00087996,-0.0001075,0.0020254,0.0027345,0.0024749,0.0030239,0.0071433,-0.0017597,-0.0034034,-0.1114,61.823,3.9586,0.0267,0.0023,0.12,0.86,-285.21,-45.608,-34.331,-97.764,-31.081,-22.854,-0.00017637,-8.1711,0.012,4.9634,5.6199,-64.4,4.7304,4.4971e+05,-4.9427,-11.751,-63.19,26.724,-36.535,-29.715,0.2179,10.016
-8.7503,-3.74,-30.556,0.51851,-3.8334,-40.459,-27.369,-49.569,-24,-40.894,-0.4,2.6091,5.2,-13.857,1.0812,-22.823,-14.985,3.4679,-12.503,-12.004,-22.798,-17.486,-13.929,-8.0003,-18.011,-40.439,-24.375,-34.507,-34.802,-0.72485,-31.946,18.95,73.579,69.915,-4.6948,-5.6172,-10.439,-3.3846,-11.923,-12.156,-7.5162,-16.022,1.7286,-4.662,-5.8718,-7.644,-3.6418,-2.6195,-0.34351,-6.5625,-0.041378,-6.7731,-6.32,1.1548,-0.5649,-0.082234,-3.2624,65.9,6.8667,0.52874,0.33315,0.8,1.0667,0.6334,34.298,51.571,60.155,98.521,92.813,11.26,-6.4091,-14.17,82.394,-9.2839,-16.487,-9.8077,40.133,-0.2333,-0.4667,3207,-105.15,-139.97,-118.4,-118.61,-290.12,-63.075,-83.287,-19.468,-33.562,-67.892,-74.792,-6.4845,-73.603,-5.3056,-6.0498,-0.0042238,1.0214,0.013711,-0.0068064,-0.062318,-0.0039417,-0.006999,-0.089822,-0.0064103,-0.0046838,-0.0058971,-0.0015413,-0.0049266,-0.011045,-0.014332,-0.5025,0.00041541,-0.0095777,0.00024912,-0.0055738,-0.013248,-0.0034465,-0.01808,-0.0010867,-9.2672,-0.0039707,-0.074157,-47.471,-0.097517,-0.025359,-0.14864,-0.13813,-190.56,-300.36,-281.73,3.1777,5.2314,2.9458,18.697,13.269,12.884,-6.3089,-2.6973,-2.7193,6.3337,15.738,6.6994,-8.2131,0.5067,0.2967,-1.09,0.9933,3.2533,-0.45,0.1634,1.6333,5.5867,2.6,0.43,0.7,2.96,1.64,205.42,10.103,36.442,22.1,18.123,13.989,18.262,-1.1224,19.176,-2.4793,-1.6399,-47.2,-18.081,-8.5546,-12.023,-20.273,561.13,-20.984,-11.332,-23.043,59.092,-3.8818,-20.989,-21.303,44.317,-52.428,30.082,-45.329,-74.875,60.54,57.7,30.452,-1.3,-2.3,5.916,8.7979e+05,-24.665,12.382,27.841,1.8,-0.5334,1.8466,-0.7252,-0.9267,-0.21,1.6733,5.31,-0.32706,-0.26695,-0.01397,-0.17839,0.0010438,-0.080599,-0.0056681,-0.0088691,-0.043223,-0.056358,-0.041074,-0.00028853,-0.031022,-0.027561,0.03922,-0.0837,74.226,-11.018,0.1366,0.001,-0.86,1.43,-112.16,-118.31,-131.02,-92.183,-152.76,-142.45,0.00030696,-7.831,0.0102,-11.832,-13.807,-192.07,7.1355,3.9731e+05,-10.892,-24.366,-114.8,56.69,-127.68,-122.2,0.8414,-52.09
-4.5162,-0.90447,0.76243,-1.4157,-0.13723,-49.12,-33.213,-47.391,-31.327,-40.667,-1,4.3943,5.2,-46.424,3.98,-33.699,-41.619,-1.719,-6.6805,-6.3095,-24.699,-23.115,-19.352,-16.247,-23.786,-51.7,-17.113,-57.953,-92.813,-5.8124,-23.947,-0.11304,69.222,65.491,-6.7222,-8.1379,-19.768,-4.2309,-20.906,-23.936,-12.812,-23.674,2.0358,-6.6194,-7.2546,-11.184,-3.6854,-5.291,-15.771,-7.2888,0.29547,-7.203,-8.1209,2.5385,0.23119,-0.10967,-7.2572,65.7,8.2667,1.0161,0.40372,1.4666,1.6667,1.1333,26.903,71.036,115.78,92.474,103.37,29.857,-33.377,41.54,66.077,-10.392,-22.494,-10.539,39.533,-0.2,-0.4667,2697,-92.843,-78.653,-68.114,-86.045,-74.944,-93.767,-104.11,-14.87,-8.7395,-81.639,-34.981,-21.943,-93.729,-8.8149,-2.4029,0.00045089,0.26547,-0.026638,-0.00023128,0.027877,0.0017676,-0.00045858,0.040067,-0.00035358,0.0094965,0.00366,-0.0071451,0.0011946,-0.014671,0.014985,0.19915,0.0058033,0.0016556,0.0022001,-0.0088015,0.0050957,-0.00337,-0.0061573,-0.0026632,-2.761,0.0017431,0.030733,-19.568,0.044433,-0.021099,0.073675,0.04064,-104.4,-163.35,-122.99,2.5349,2.432,2.4457,-4.2066,-7.7585,-7.6917,-2.2062,3.8636,4.0848,-14.497,-4.7298,-14.346,22.339,0.1833,0.2133,-0.34,0.5667,2.7367,-0.8,-0.5434,-0.6267,5.4767,2.32,0.18,0.35,2.52,0.58,61.172,27.344,14.469,15.261,20.972,-11.711,7.3615,-0.9571,-1.0309,-5.7218,-2.7656,-16,-7.7025,-3.2111,-1.4921,-8.7588,551.34,-6.3429,-10.842,-6.8905,44.999,2.5669,-20.556,-22.345,8.0665,-4.3963,-3.2599,-10.284,-35.452,10.747,58.3,13.736,-1.2,-2.6,3.8097,5.2664e+05,-27.96,-3.5628,4.6558,0.7333,-0.5,-1.8997,-2.8674,-0.4167,0.03,1.58,5.09,0.20217,0.13827,0.014041,0.089478,0.0016436,0.037298,0.0086649,0.001322,0.020739,0.024413,0.017206,-0.0041527,-0.034959,-0.025235,-0.030816,-0.0914,73.866,-18.076,0.0434,0.0037,-1.14,0.61,-25.944,-61.66,-55.491,-126.24,-38.315,-31.355,-0.00031069,-11.385,0.0085,-8.4017,-0.67729,-146.4,-0.2386,3.3932e+05,-10.897,-19.384,-95,62.873,-46.815,-28.929,0.2789,58.309
-0.57637,-1.6234,-2.8677,-1.2004,-2.3955,-23.755,-14.818,-16.221,-12.36,-25.287,-1.4,5.7139,9.7,0.61461,3.4104,1.2094,-16.979,4.2753,-0.85171,-0.88024,-8.7065,-11.564,-12.408,-6.8439,-11.005,-23.363,4.454,-9.825,4.1149,-6.0491,-22.762,-4.3819,67.108,63.97,-5.62,-6.9653,-16.834,-3.3659,-18.981,-21.495,-9.28,-22.152,1.4605,-6.3737,-9.2335,-8.7792,-3.0871,-2.6968,-27.559,-6.0396,0.91455,-4.5745,-8.2218,10.275,-0.79689,-0.29261,-3.3934,65.7,9.3,0.32142,0.66694,1.7,1.2666,0.6,-29.452,30.481,99.797,119.4,59.241,37.655,-4.2978,32.087,15.962,-9.0112,-17.235,-9.0483,39.467,-0.1667,0.0334,2478,6.541,-167.09,15.059,29.3,47.92,-24.37,39.976,-7.9732,1.2906,-6.289,-0.24231,-24.267,-5.6273,-11.378,1.7928,0.0035837,-0.43411,-0.007763,-0.0048679,0.028843,0.0027753,0.0018229,0.041103,0.001411,0.0082702,-0.0020262,0.00096999,0.0025471,-0.0058842,0.00018154,0.30511,0.013278,-0.0030968,-0.0021337,-0.0071217,-0.0024635,-0.0037779,0.032779,-0.00045614,2.1213,0.00089658,0.026611,4.2246,0.0349,0.027358,0.060996,0.052502,-116.53,168.04,128.74,0.14733,0.98078,-0.032848,7.9063,7.7347,7.5846,8.5282,8.1921,8.1262,1.5849,1.5105,1.6721,-7.1344,0.18,0.1733,-0.07,0.52,3.3133,-0.03,0.24,-0.23,4.67,1.72,0.15,0.35,3.14,0.23,20.88,3.9162,11.108,2.5901,5.7437,-18.864,-13.19,-2.6869,2.5713,-12.651,-6.4256,-5.9,1.1211,-2.3867,-6.662,1.9472,548.14,7.6341,-14.425,8.5859,30.388,-12.467,-13.075,-13.298,-17.69,17.714,-12.916,15.76,30.808,-25.541,68.2,-41.456,0.1,-0.4,3.1392,3.9315e+05,-11.212,-5.3927,-3.0226,2.3667,-0.1666,-0.18979,4.1155,0.47,-0.0067,2.0533,5.3333,0.17165,0.15095,-0.00050475,0.08105,0.00044686,0.034618,0.0072314,-0.0028624,0.014976,0.018956,0.013001,-0.002559,0.038049,0.024658,0.016433,-0.0388,-8.0252,-15.962,-0.0467,-0.0013,-0.4,0.22,-19.001,20.669,16.329,26.758,64.108,62.211,-0.00056842,6.5084,0.0088,-30.624,-36.089,-61.41,0.54123,3.45e+05,-13.49,-25.309,-19.5,-6.1003,39.014,33.212,-0.4862,184.84
1.4538,2.7501,19.007,0.74396,1.2679,-0.91415,1.4576,9.9657,-2.3388,18.221,-1.4,1.0525,3.7,0.051226,-0.61015,14.282,16.345,-4.5488,1.4359,1.7412,9.5796,5.9655,5.0129,5.2286,8.4261,15.975,8.4278,37.5,89.614,-2.7426,3.7925,-6.4089,68.163,65.511,-2.9559,-3.1271,-8.3177,-1.6634,-10.859,-10.287,-5.1943,-15.405,1.9368,-2.9855,-5.7789,-2.7673,-0.61212,-0.82005,-14.824,-3.2055,-2.1333,-2.2305,-4.8204,-5.5761,-2.8146,-1.2184,-2.576,65.333,9.6333,-0.41498,0.7372,1.6334,0.2334,0.3667,-33.539,-48.384,-24.692,98.57,16.165,6.7892,3.2277,49.17,-4.1329,-4.6103,-3.9513,-4.5072,39.967,0.0667,0.2666,2370,38.51,-104,32.494,68.192,20.947,48.251,2.1678,5.8113,7.9566,23.712,13.397,-14.419,31.239,-11.586,2.7527,-0.00095955,0.23608,0.0024686,0.005132,0.0012038,-0.0050875,0.0028975,0.0041954,0.0028615,0.0051041,-0.016454,-0.0074841,-0.0057988,0.0034109,-0.0051592,0.069831,-0.017756,0.00010335,0.00023977,0.016804,0.010397,-0.0014571,0.011604,0.001434,3.4269,-0.0021091,0.0034337,5.8713,0.0047552,-0.008974,0.012269,0.022973,6.3724,44.529,52.933,1.0928,-1.4722,2.6741,-2.3935,-1.0885,-0.77825,13.532,5.946,6.352,-3.7435,-12.538,-3.6468,5.7263,0.1567,0.1567,-0.0733,0.4467,3.5167,0.13,-0.2466,-1.3233,3.1433,1.64,0.09,0.29,3.36,0.13,-5.5243,-14.291,4.6382,-2.0074,-2.2822,-29.752,-6.8223,-2.8451,-6.8673,-8.4012,-4.9047,-6,6.7887,-1.2849,3.2639,8.6567,566.54,13.444,-10.027,15.013,24.241,-12.041,5.1288,4.3134,-22.091,19.796,-18.55,-16.262,22.845,-24.944,68.4,7.5603,0.4,0.9,2.1517,3.0192e+05,7.7507,-8.9569,-2.7481,3,0.3333,-0.12147,-0.40507,0.2334,0,2.31,5.11,0.009425,0.19679,-0.00493,0.023727,-0.0013134,0.0049861,-0.0064677,0.001895,0.0035051,0.0061116,0.0035765,0.00014932,0.0075974,0.0094427,0.013481,-0.0126,-37.576,-13.623,-0.0867,0,-0.12,0.13,39.105,56.28,18.753,43.436,34.06,54.003,-0.0038314,6.15,0.0089,-21.174,-26.199,-46.69,-1.4927,3.4526e+05,-9.4213,-16.449,-14.27,-1.7918,44.292,39.932,-0.4742,223.48
4.3696,-0.5937,-9.5266,0.15316,1.2734,35.374,2.011,18.065,2.6553,-0.80757,-0.4,0.73974,6.2,11.067,-2.761,22.945,18.95,-0.09879,5.6326,5.41,7.2959,6.2292,4.2662,2.8085,8.9095,15.851,9.6625,9.7342,21.13,1.0509,7.2516,7.7579,69.499,66.95,-1.5431,-1.9027,-4.1841,-0.72604,-6.6342,-5.2823,-2.4592,-11.733,2.0826,-1.8193,-2.7515,1.4465,-2.5915,-2.5704,-4.9988,-3.3022,0.17771,-2.9942,-3.6132,1.8361,0.62144,-0.30289,-2.9828,64.867,9.9333,-0.18759,0.49631,1.8666,0.3,0.2,0,-27.363,-2.6532,53.823,2.9211,8.6372,22.182,49.927,6.2865,-0.28253,-0.67863,0.067458,40.433,0.0667,0.3334,2448,-14.304,-19.69,10.841,-19.265,-25.272,0,-39.749,4.8019,2.4916,7.5059,21.673,-16.714,-8.7953,-1.039,3.0833,0.0026776,1.5017,0.0099886,0.0028881,-0.0042148,0.011118,0.0032074,-0.011378,0.0037611,0.019312,0.0033267,0.0071215,0.012034,0.0057905,-0.0038525,-0.093328,-0.0035688,0.00093154,0.003254,0.0017977,-0.0090784,0.0064032,0.018459,0.0033442,3.1195,0.0021259,0.0075078,6.9183,0.0096498,0.029478,-0.004728,0.0011619,88.476,48.487,41.177,0.43288,2.7228,-1.1078,2.5414,-0.65689,-0.69217,7.9728,5.5655,5.6924,-3.2807,-2.3302,-3.117,5.7564,0.12,0.0567,-0.0867,0.35,3.46,-0.24,-0.0667,-0.3333,2.8667,1.46,0.1,0.29,3.4,0.15,54.379,-33.841,2.1359,-1.0092,-5.2836,-25.939,-6.8642,-2.544,-5.9026,-13.677,-6.6168,-1.9,-1.0588,-2.6068,-2.508,-0.70585,565.68,1.1298,-6.8102,1.2054,21.155,-5.5245,4.1147,3.7133,-13.071,12.601,-15.477,-15.931,-1.5874,-15.347,70.2,-16.254,0.7,0.9,1.5721,3.2541e+05,6.892,18.561,-7.3997,3.0333,0.2,0.2884,0.30221,-0.1667,-0.0633,2.18,5.08,0.091825,-0.039022,-0.0015359,-0.013566,0.00043268,-0.0043426,0.016565,0.0017489,-0.0015961,-0.0016001,-0.00085153,0.0011509,0.0014444,-0.029402,-0.025397,0.0008,-42.405,1.291,-0.0366,-0.001,-0.08,0.08,68.327,17.128,8.2032,-22.801,-6.3613,34.636,-0.0021566,0.50826,0.0084,-4.0473,0.60839,-40.92,-2.6427,3.2358e+05,-4.1268,-5.4721,-26.53,23.291,35.317,37.587,-0.3565,177.17
1.5362,1.9729,4.8771,1.4871,2.1101,8.9996,-0.15537,27.342,2.7854,-13.129,0,-1.545,4.7,11.051,-5.7032,5.9613,9.5469,2.2437,1.8729,1.6122,6.9046,7.7886,4.2571,-0.33031,11.993,19.973,4.4949,2.2824,-0.50053,-0.96157,11.351,7.4151,71.287,68.403,-0.53692,-0.5824,-1.8116,0.055896,-4.2784,-1.77,-1.8767,-10.665,1.6489,-1.5339,-3.2097,1.2082,-1.266,-0.22539,6.9809,-0.038115,-0.31994,1.3806,-2.9098,6.4762,-0.7251,-1.5179,0.64125,64.867,9.8333,-0.35743,0.28295,-0.9666,-0.0334,0.0333,-19.343,-15.27,-31.873,28.813,-10.55,26.718,-11.906,-15.545,-7.304,0.18135,1.6648,-0.12649,40.767,0.0666,0.1666,2721,33.982,46.705,21.447,-6.6334,41.274,31.877,68.929,4.1903,5.956,44.343,7.2721,-5.4131,60.759,0.92137,1.3651,-0.0033201,0.93101,-0.00088345,0.0013321,-0.0065764,-0.0088437,-0.0032061,-0.0055482,-0.0038101,-0.019419,0.0017054,0.00073006,-0.018755,0.0040267,0.0015239,-0.048082,-0.00077772,-0.00071412,-0.0035604,-0.0072325,-0.002386,-0.0043945,-0.01258,-0.0029322,0.63351,-0.0049522,-0.0032803,11.515,-0.0044342,0.0069375,0.011338,0.0038553,98.065,21.256,12.074,1.1763,1.6242,-0.073803,-9.2751,-3.1682,-3.4709,5.2417,1.9963,1.4318,-4.2753,-13.886,-4.5415,10.178,0.1333,0.1067,0.0233,0.3667,3.7167,0.08,0.0933,-0.04,2.57,1.28,0.08,0.26,3.61,0.1,12.702,-31.529,1.9708,-0.58417,-4.485,-21.425,-1.4944,-0.20842,-6.1801,-11.585,-4.2964,9.6,4.386,-4.1538,-6.3974,6.303,571.45,7.3409,-3.5648,8.2084,18.493,-5.9797,3.5901,2.0803,11.069,-26.016,13.968,3.5029,-18.403,-5.5694,73.9,14.705,0.2,0.5,2.6032,4.3995e+05,6.6614,18.479,-8.7415,1.8667,0.3333,-0.21679,-0.55874,0.1233,-0.0267,2.29,5.16,-0.03286,-0.10541,-0.0016031,-0.026421,0.0021109,-0.0088611,-0.0084454,-0.0042587,-0.0077918,-0.0066066,-0.0067936,-0.0015185,0.10089,0.029711,-0.00065016,0.0192,-18.801,3.3734,-0.0267,-0.0013,0.01,0.07,-29.135,-12.159,19.19,84.311,21.177,21.184,-4.5798e-05,2.7839,0.0084,-6.8378,-7.852,-22.3,-3.0354,3.1708e+05,-2.1287,-1.3058,-5.63,5.0812,11.906,13.092,-0.1357,-152.64
3.6712,3.1689,12.416,2.0914,2.1866,20.46,14.316,25.268,12.909,20.251,0.2,1.3647,5.4,7.3967,-1.3531,9.3518,18.121,6.5364,4.4688,4.6041,10.188,7.7796,5.221,1.0568,9.7562,19.72,6.3186,10.834,10.542,-1.5102,15.008,-7.4239,73.178,70.49,1.9512,1.3448,2.2401,1.9881,1.7169,3.4377,0.35816,-0.67457,1.582,-1.1933,-3.1865,3.1642,2.2923,0.30049,12.267,0.67465,4.831,0.58323,-0.38413,41.159,-0.57065,-0.88581,1.8324,64.9,9.6333,-0.4005,0.22032,-0.0334,-0.3666,0.0333,-15.16,-28.893,-56.102,21.883,-11.687,-9.4478,16.084,3.3822,-1.486,3.6809,3.7574,3.5017,41.167,0.1334,0.3334,3016,-10.492,91.537,-36.93,14.451,22.863,-1.2612,-74.944,8.2321,6.75,13.43,-1.2923,2.8295,22.101,1.8475,0.4526,-0.00067115,1.7596,0.004582,-0.00042712,-0.0073387,-0.0035121,0.00015865,-0.009103,0.00043892,-0.012655,-0.0026986,-0.0030559,0.012356,-0.0010074,-0.005915,-0.048794,-0.002174,0.00094132,-0.00057504,0.0005757,0.0078489,0.0025568,-0.0051257,0.00079256,-0.14116,0.0011047,-0.012985,4.7319,-0.018491,-0.026155,-0.016184,-0.01306,-106.17,-1.4923,-4.6372,1.1499,-0.31313,1.2706,6.5221,4.3419,4.0994,6.4331,0.96813,0.9261,3.0496,-0.037482,3.2521,-0.41185,0.1933,0.1467,0.0334,0.38,3.49,-0.09,-0.25,-0.11,2.6867,1.42,0.07,0.23,3.34,0.25,-10.385,-39.165,4.3863,4.2643,-1.8727,-9.495,124.79,0.43662,-4.0489,-8.8666,-2.8513,14,-3.6082,-2.6299,-9.1663,-3.8253,556.84,-4.8407,-0.26564,-5.1123,27.079,-4.5143,0.62738,0.2888,14.491,-33.286,18.546,6.2389,-18.029,-5.2587,73.9,3.0407,0.2,0.4,1.6817,4.3371e+05,9.8986,-20.994,12.49,3.3666,0.6,-0.11036,-0.20633,-0.17,-0.0467,2.06,4.85,-0.11114,-0.013721,-0.0021539,-0.020012,-0.0025147,-0.010914,-0.011792,0.0038542,-0.0019043,-0.0057669,-0.0019067,0.0004756,0.010984,-0.0036745,-0.017148,0.0225,-13.284,5.4951,-0.01,-0.0019,0.19,0.21,-16.329,-11.268,-28.704,-88.805,-6.3398,10.646,0.0013885,-6.6117,0.0081,18.068,28.751,38.18,-2.4623,3.0978e+05,7.4058,16.138,8.21,6.8633,4.8387,2.6934,-0.0285,-196.58
2.938,2.7876,6.23,2.6842,1.4903,17.452,2.1577,20.989,10.686,-37.124,0.7,-2.7335,-1.7,8.8765,-3.4588,10.928,14.404,2.8364,4.3901,4.3514,4.2058,5.1908,4.1237,2.952,7.3457,9.3616,3.5401,9.5686,21.699,1.1649,8.7488,11.07,74.57,71.595,-0.066456,1.2415,1.3635,-0.22252,0.92316,2.3946,-0.26859,-1.3526,1.3824,-1.0232,-1.2324,2.5769,2.4626,0.025028,11.529,1.0424,-6.3097,0.68197,0.47577,-31.569,-0.57147,-2.9577,0.31974,64.633,9.4667,0.055476,-0.23976,-0.2,-0.2667,-0.0666,5.5836,18.433,-12.591,-23.254,-6.1574,-12.113,-31.91,15.416,-0.81286,1.9837,4.957,2.251,41.267,0.1,0.0333,3021,-15.122,112.47,-17.498,-22.56,9.1539,-44.961,52.198,5.6258,1.9524,14.236,5.5021,4.2993,14.731,7.9758,0.70302,-0.00088496,1.4113,0.00046096,-0.0020141,0.0056266,0.0014958,-0.0017562,0.0075458,-0.0022515,0.0051639,-0.00029699,0.0008972,-0.0029998,-0.0019979,0.0020122,0.049718,0.0019987,0.00059833,-0.0010519,-0.0057226,-0.0025147,-0.00065208,-0.012911,-0.0013985,1.1709,0.0011637,0.0026041,0.86752,0.0039016,-0.010642,-0.011491,-0.011182,18.031,-11.685,-9.4982,1.3536,1.5352,1.8272,-0.82371,0.3812,0.58789,-0.75665,2.1386,2.3641,-0.57055,1.1437,-0.5485,2.0094,0.1867,0.1567,-0.0234,0.27,2.7867,-0.46,-0.4633,-0.4,2.99,1.66,0.04,0.11,2.63,0.14,-6.5029,-4.5557,6.4074,2.7573,3.8523,-4.0704,-7.103,3.0986,-5.3783,-8.7753,-1.0263,22.6,9.5629,-2.2773,-5.1137,12.147,569.95,14.141,-3.0492,15.53,22.427,3.2957,-3.7061,-4.9647,-8.7172,6.3882,-28.927,-28.507,15.665,4.1816,68.3,26.907,0.3,0.3,1.484,3.5184e+05,4.0724,17.008,3.0541,-0.2666,0.1,0.024089,0.0042953,-0.7066,-0.03,1.36,4.3933,0.042064,0.002003,-7.9871e-05,0.019768,-0.0022071,0.0088157,0.0055336,-0.00040416,0.0039735,0.004447,0.0036694,0.0013016,-0.11426,0.01296,0.042651,0.0047,-0.34575,9.6549,0.0133,-0.0003,-0.1,0.11,-18.961,-26.239,-20.195,-2.2664,-40.228,-18.277,0.0012911,9.877,0.0082,2.1039,-3.0205,-16.28,-1.5213,3.0388e+05,3.6564,8.0788,1.72,6.167,-13.932,-12.637,0.0891,-164.8
2.0026,2.6368,11.023,1.2342,2.9783,-1.2763,7.4957,8.0218,7.6981,6.5668,0.4,-2.5054,-0.6,2.9286,-3.8696,11.438,3.2262,2.2362,3.0579,2.8072,1.2881,1.3254,-0.92554,-1.405,3.236,7.3185,-1.8536,-6.0783,-10.544,-0.17102,2.566,-4.8375,75.095,72.143,1.012,1.6966,0.74908,1.0925,0.50196,1.7445,-0.83675,-1.2601,2.1874,0.19096,-1.7813,4.3523,1.4642,1.474,9.9361,1.3586,-2.303,0.81978,1.3351,-12.046,0.59742,-1.361,-0.52569,64.433,9.5,0.036764,0.014658,0.0334,-0.0333,0.1666,-1.7396,0.85501,12.765,1.1395,-0.91052,6.141,8.7511,16.402,1.489,1.6843,-0.74523,1.6966,41.267,0.0333,0.1,3120,-26.629,-160.72,6.4517,-31.222,-12.875,-21.784,-42.617,3.0837,10.869,0.74773,23.781,7.2921,-9.169,3.9027,2.4135,0.0013858,2.1965,0.0026675,0.0040822,0.011377,0.0043088,0.00084301,0.014629,0.00076081,0.0032713,0.0027742,0.0030908,0.010021,0.0028436,0.0012436,0.088525,-2.7978e-05,-7.4203e-05,-0.00015245,0.0052762,-0.003382,0.00087577,0.0079769,-0.0016568,3.2259,0.00019499,0.014507,7.2281,0.020911,0.028002,0.013271,0.02576,-53.503,45.801,42.917,1.4857,2.3385,0.90406,2.1264,-1.0492,-1.2722,2.0357,1.3659,1.1228,0.79937,3.284,0.78097,3.4719,0.1867,0.1367,-0.01,0.2567,2.8633,-0.04,0.2767,0.1366,3.05,1.55,0.05,0.12,2.73,0.12,-3.065,-4.9743,12.224,1.8734,3.4055,-0.88948,-8.1962,14.799,-4.6528,-9.8861,6.4771,20,3.526,-0.6449,-2.8811,4.4144,573.06,6.7264,-5.6232,7.2538,17.791,-3.9773,-6.0812,-7.2127,-15.421,19.694,-22.592,-15.289,7.3804,-9.9445,71.3,-0.5006,0.5,0.3,2.0922,3.9638e+05,1.183,-7.2073,-1.3948,0.5333,0.1,0.012482,0.010565,-0.06,-0.05,1.3,4.67,0.043147,0.15453,0.0030689,0.026361,0.0024379,0.013562,-0.0011454,-0.00032856,0.0053185,0.0072372,0.0053268,0.00127,0.048705,0.063177,-0.011474,0.0058,-28.181,12.07,-0.0033,0.0035,-0.04,0.07,67.716,13.335,-31.595,49.129,20.274,50.12,0.00071689,3.4869,0.0086,1.5707,-60.143,-74.46,-3.6935,3.1276e+05,-20.7,-35.638,-17.93,-15.212,37.452,42.292,-0.1516,-64.962
-0.96292,1.6978,3.4517,1.5428,1.3411,-7.6127,-0.71526,9.753,-0.54302,-1.3525,0.2,-4.9068,-5.4,6.2171,-4.4545,3.3824,2.5884,4.0531,-2.1556,-2.1025,3.6931,2.2386,2.7406,2.1126,2.5359,10.218,-0.6128,9.8764,15.114,0.19494,5.7337,4.8159,75.605,72.929,1.0033,1.4359,2.3877,1.0318,0.82275,3.8372,0.059829,-3.0698,1.0992,-0.17359,-2.1381,3.8087,1.7622,-1.0738,5.0565,1.7685,-1.1085,1.9616,1.9746,1.1608,-1.8471,-1.3001,0.78397,64.167,9.0333,-0.32169,-0.16224,-1.0334,-0.6667,-0.2666,-28.602,-29.709,-18.694,-17.444,-31.177,-11.099,8.5637,5.9687,-16.332,0.91796,1.5758,0.63281,41.267,-0.0333,0.1333,3189,28.465,206.08,-11.36,-16.575,-13.303,68.845,-15.689,3.4054,9.0625,16.289,25.575,5.6708,20.551,2.1129,3.4799,0.0020073,2.0406,-0.00056033,0.00073371,0.0043577,0.0032639,0.001814,0.0047789,0.0017755,0.0038291,0.0089564,-0.002667,0.0039562,0.011385,0.0073703,-0.011226,0.0018137,0.0025999,-0.00041731,0.01133,0.0046112,0.00051935,0.0026648,-0.0003512,4.2463,0.0021007,0.0062835,16.465,0.0054265,0.021126,0.024128,0.013155,35.782,37.037,38.129,0.25283,-0.86938,1.1514,-0.52761,2.9261,2.5641,2.1201,-2.793,-3.0186,9.8596,1.6278,9.988,-8.7663,0.1567,0.1267,-0.0133,0.2733,3.46,0.44,0.2733,0.1767,2.63,1.39,0.04,0.15,3.33,0.12,40.338,-18.191,8.1947,0.7349,-0.60383,2.3721,-15.753,22.589,-7.5138,-8.3235,12.642,20.4,3.8093,-2.4854,-6.5385,5.1289,574.61,7.5609,-7.2867,8.1108,16.973,-13.114,-6.2001,-6.4093,-6.1006,2.6399,-13.531,-1.2544,5.3787,-10.806,73.1,-15.312,0.4,0.8,1.3313,1.2602e+05,3.029,2.7882,6.6453,3.7,-0.0333,0.20817,0.24734,0.6333,-0.03,1.9633,4.9733,0.030204,-0.076714,0.0073168,-0.0012038,-0.0014133,0.0030281,0.0041566,0.0021051,0.0018296,0.0029737,0.0028325,-0.0016698,0.057449,0.10111,-0.02948,0.0172,-18.678,10.453,-0.02,0.0046,-0.01,0.09,-87.621,-27.129,42.493,-78.597,17.605,30.843,0.0013802,4.6842,0.0095,5.9645,4.172,66.43,-3.5499,3.3931e+05,2.3673,7.7011,39.64,-36.15,31.529,31.444,-0.0977,-18.986
2.8497,0.88471,-2.8574,2.0452,-0.83963,16.039,9.2251,5.4701,10.209,4.5054,0.4,-2.7059,-1.4,-1.5475,-3.6023,6.4307,2.3649,-0.87319,4.1098,3.699,-0.41953,1.6027,0.22353,0.2671,2.8252,4.2264,-5.2141,-5.2045,-8.2309,1.5475,-1.3288,-1.8557,75.8,73.011,2.0923,2.7469,2.2142,1.8646,3.5335,3.5987,-0.029918,4.2331,1.8735,0.62459,0.74715,3.9574,3.5212,1.0738,18.755,2.8679,-1.1296,2.6394,2.5364,-1.2073,-2.275,-0.70323,0.2973,64.1,9.0667,9.526e-05,0.034093,-0.3666,0,0.1333,34.753,-11.285,-35.01,3.8773,-7.2334,11.254,20.852,-14.774,1.1867,2.9751,2.9282,3.3459,41.4,0.1333,-0.0333,3337,-5.5332,-23.43,30.331,86.788,-47.113,-56.114,68.805,-1.1128,6.6717,-3.4994,5.7306,5.3925,5.4202,4.3653,3.9234,0.0010952,2.864,0.0020515,-0.00029207,0.0012306,0.0023864,0.0010166,0.00056897,0.0013885,0.0037358,0.0054061,0.0013484,-0.0026256,-0.00013976,0.0031684,-0.00689,0.0017689,0.00098646,0.0023951,-0.008919,0.001902,0.003222,0.0010516,0.0026079,4.5223,-5.066e-05,-0.0047678,15.618,-0.0062851,-0.035068,0.0015323,-0.0048996,10.549,46.917,32.652,-0.67893,-0.97195,-2.1903,-7.1937,-7.1988,-6.8034,-3.3514,0.76661,0.72156,-2.9733,0.70498,-3.4105,10.524,0.0933,0.0467,-0.0667,0.2067,3.21,-0.19,-0.0933,-0.24,2.64,1.45,0.06,0.16,3.16,0.14,54.54,7.9273,7.9216,3.0322,5.7983,5.8644,-0.50287,2.4267,-9.2165,-2.6281,0.8495,28.8,-0.30671,-3.5758,-2.7026,0.36882,576.39,0.99774,-4.263,0.94055,17.15,-9.3839,-5.61,-5.7041,-13.213,20.431,-31.494,-3.3856,7.1263,-7.5764,71.9,-6.7523,0.3,0.3,-0.79639,-69031,-0.062863,-1.401,-1.8302,1.5,0.3333,0.039913,0.029847,-0.2567,-0.0467,1.77,4.9433,-0.037613,-0.071192,0.003089,-0.0019541,0.001674,0.0017937,0.0068746,-0.00017469,0.00062982,0.0010913,0.0006171,-0.002604,-0.10117,-0.16207,0.011902,0.0094,8.6718,11.491,0.0133,0.0005,-0.06,0.1,23.769,19.182,15.809,79.6,-27.191,3.7036,-7.8745e-05,-0.4905,0.0088,2.0539,5.6415,-42.94,-3.1553,3.1136e+05,0.060115,2.8961,-26.11,31.237,4.9718,9.4912,0.0423,-28.178
-0.11113,1.5632,3.5286,2.2599,-1.3613,1.3212,16.455,23.354,18.306,7.1229,-0.1,-5.7408,-8.4,-3.6763,-3.6478,4.2176,4.5345,1.7413,-0.0082601,0.070165,3.2712,4.6496,5.7689,3.5625,4.192,5.623,-1.658,9.1082,18.567,2.2363,10.02,6.2448,76.403,73.756,1.2509,2.0218,1.5336,1.0139,2.7457,2.4361,0.059825,3.7095,2.1791,0.25996,-2.546,2.446,2.566,1.8908,13.966,1.8438,-2.5837,1.95,1.6926,-2.0048,-1.1555,-3.213,1.0069,64.1,9,-0.10499,0.035842,0.3333,-0.1667,0,-17.148,-3.4393,11.798,4.2932,-9.2504,2.4756,7.8242,14.468,8.9424,1.71,-0.40177,1.5298,41.4,0,-0.0333,3599,30.173,106.87,9.2651,-60.012,39.309,47.648,54.189,4.5422,3.5474,11.758,-1.1742,6.0245,26.827,-0.73965,1.9331,-0.0010198,2.2148,-0.0030423,0.00015977,-0.013281,-0.0041117,-0.00086585,-0.017416,-0.00088008,-0.0051448,-0.002727,0.00011808,-0.01104,-0.0027024,0.01136,-0.096099,-0.0047236,0.0010328,-0.0017313,-0.0041703,-0.0035382,0.0025272,-0.0052837,0.00046808,2.5999,0.0021514,-0.015044,0.26167,-0.019907,0.0094209,-0.041109,-0.028864,-10.284,-40.363,-55.449,-0.2772,1.0613,-1.8538,-0.43823,0.28145,0.024146,3.6748,-1.5387,-1.6385,4.2779,-1.4934,4.4373,0.12261,0.0833,0.0233,-0.0433,0.1333,2.4267,-0.35,-0.5734,-0.3867,3.0367,1.88,0.04,0.11,2.4,0.18,11.079,-23.848,27.161,15.218,11.272,8.8048,-0.82715,3.9188,-3.7965,-0.63239,2.5104,26.9,-10.574,-3.2717,-5.0129,-12.092,556.8,-12.718,-4.0988,-13.904,33.25,1.062,-3.6815,-3.5294,1.6499,-7.8833,-20.943,-19.638,-5.3079,5.0532,59.7,68.632,0.1,0.1,2.3006,3.8343e+05,4.4205,2.6286,9.9078,1.1333,-0.0666,-0.18227,-0.21915,-0.71,-0.06,1.07,4.38,-0.065535,-0.023408,0.0081188,-0.028168,-0.0014539,-0.014718,-0.0036298,0.0018951,-0.0052991,-0.0082561,-0.0050387,0.0015982,0.029362,0.014536,0.00032724,0.0204,-6.8772,5.439,-0.0033,0.0007,0.01,0.12,-34.105,28.399,13.546,5.9703,-15.404,-23.578,0.0021278,-8.4318,0.0083,-5.4142,2.3281,-16.27,-3.271,2.9934e+05,-0.35607,2.1789,-9.03,12.469,-28.565,-23.699,0.2114,-48.844
4.6105,0.73031,9.4764,-0.32709,-0.097994,29.699,10.114,9.1206,10.084,10.213,0.7,-0.28176,1.6,2.7795,-1.5535,4.1055,5.4758,1.2432,5.6471,5.9439,1.7987,3.9487,2.3114,-2.7074,6.5207,6.8317,0.55129,4.4932,12.019,-4.4507,12.597,-14.001,76.766,74.26,1.6813,2.1682,0.82683,1.6709,1.7468,2.2579,-1.5283,2.6049,2.4406,1.1936,2.1975,3.6374,3.1919,1.4617,9.1545,1.1256,-0.7638,0.56716,2.3722,-1.4047,-1.4755,-0.37859,2.3257,64.067,8.6333,-0.034608,-0.31622,-0.8,-0.4666,-0.2,-6.7262,10.54,-17.223,-31.978,-17.833,-11.223,21.284,-6.9083,-14.911,3.1431,5.0055,3.1071,41.533,0.0667,0.0333,3599,32.447,-14.468,39.709,118.65,39.376,22.054,-11.941,4.4632,6.4963,10.881,3.9926,7.5399,22.091,5.0692,1.3659,-0.0011116,0.63693,-0.00020495,-0.0042252,-0.0011866,-0.0024363,-0.0015619,-0.00057779,-0.001535,-0.0062188,-0.006584,0.00093051,0.004712,-0.0056352,-0.0084407,0.0056446,0.0041303,-0.0013188,-0.0007979,0.0058696,0.002766,-0.0060213,-0.0062127,-0.00070512,1.7915,-0.0014948,-0.00036763,-6.0636,-1.9287e-05,-0.0059375,-0.013963,-0.013884,-68.653,24.197,17.414,0.29748,-1.309,-0.071899,-6.8507,-7.2109,-7.0067,-3.2096,2.5412,2.8007,-8.0073,-1.8375,-7.9472,13.496,0.0733,0.0133,-0.01,0.1133,2.0467,-0.3,-0.5366,-0.21,3.2067,1.96,0.04,0.1,2.03,0.2,-7.7262,-7.5605,12.575,4.9088,4.5943,8.9282,-0.057969,3.7958,-0.83346,0.030712,2.639,18.8,5.1281,-1.407,-2.6502,6.4884,564.15,7.7693,-2.8691,8.4421,27.222,0.31553,-7.0477,-7.0678,15.072,-18.438,39.793,-1.7285,-9.43,17.141,64.8,-44.065,-0.2,-0.1,1.5099,3.8641e+05,3.7729,-27.673,-0.91721,-0.7666,0.1666,-0.081514,-0.083829,-0.2,-0.06,0.88,3.8533,-0.0075965,-0.10529,-0.006683,-0.0053428,0.003765,-0.0027506,-0.0081509,-0.0014455,-0.0015194,-0.002649,-0.0024319,-0.001134,0.0011989,0.0033682,0.007229,0.0101,-23.656,5.2788,0.0033,0.001,0.01,0.14,67.304,1.244,44.841,43.032,-29.888,-0.87906,-0.00044513,11.366,0.0083,9.4907,-3.1449,-26.14,-1.2483,2.8836e+05,4.326,9.0777,-3.99,13.707,-0.8064,2.1288,0.0879,-15.102
3.1198,3.199,9.6776,2.289,2.9075,8.2688,12.314,12.273,10.09,23.447,0.5,-1.7264,0,9.2406,-2.9462,2.4759,2.1688,7.4172,4.6921,4.4157,2.687,3.7942,1.2143,-4.2804,5.6656,8.7647,2.0302,6.2716,8.3518,-6.9122,14.552,-20.062,77.062,74.937,2.366,2.9378,2.7513,2.2884,2.8533,4.2445,0.27012,2.0908,2.833,1.5344,-0.59813,4.5494,4.2623,1.875,9.4235,2.2733,-0.52824,1.6886,2.9917,-1.8335,-0.23765,-0.36947,3.1922,63.767,8.2667,-0.12576,-0.26548,0.1667,-0.5667,-0.2667,-5.6073,-22.395,1.0775,-28.262,-29.852,-8.5378,3.2664,17.201,-15.44,3.3115,3.3682,3.2077,41.7,0.0666,0.1,3828,20.696,60.712,33.646,-64.882,0,65.917,-13.271,5.0349,8.1195,9.821,2.6747,12.166,18.263,4.7781,2.7339,0.0028525,2.4571,0.0023343,0.0020907,0.0039574,0.0026653,0.0031733,0.0045933,0.0030104,-0.0010177,0.0095462,0.0041481,-0.0022988,-0.0014802,-0.002637,0.032907,-0.0004735,-0.0010991,0.0010244,-0.0024451,0.0053098,0.0016732,0.022476,0.00047517,2.2464,-7.6365e-05,0.00153,2.7796,0.0017531,-0.0041078,0.022515,0.014235,-101.36,16.248,33.291,-1.6682,-1.8932,-1.8486,6.4639,6.9697,7.0228,-0.68005,1.4809,1.1028,8.2742,9.4954,7.8382,-6.171,0.1033,0.0667,0.06,0.1567,2.0367,-0.09,-0.03,-0.0533,3.1633,1.88,0.04,0.09,1.97,0.16,4.1905,-4.8846,8.1277,4.4477,4.6016,11.566,-1.3255,4.3796,1.0373,-2.2615,2.3576,11.5,7.2361,-3.907,-11.324,9.4946,567.09,11.2,-5.1779,12.128,16.314,-6.8843,-6.6954,-5.7397,2.3897,-10.918,3.6657,10.046,-0.076343,-8.4988,75.5,-16.667,0,0.1,1.0511,2.8047e+05,5.047,-33.902,-7.4035,-0.0334,0.1334,0.047335,0.047606,-0.0566,-0.0367,0.7933,3.7933,0.019752,0.17338,-0.0031374,0.012456,-0.0020896,0.0036946,0.0012305,-0.00041225,0.0016882,0.001739,0.0013776,-1.4121e-05,0.0019733,-0.0035321,0.016919,0.0296,-21.461,6.6269,-0.01,-0.0007,0.01,0.12,43.558,51.233,34.898,12.228,32.002,44.529,0.0003401,10.815,0.0088,6.5369,-3.6617,15.87,2.1828,3.0025e+05,3.4505,4.5146,16.21,-13.979,37.892,36.564,-0.1144,25.519
1.7171,0.59307,0.76225,0.92544,-0.46127,9.1054,8.0014,11.137,8.889,3.3882,0.6,-2.0973,-3.2,0.74196,-1.3223,4.3377,1.965,3.6209,2.4316,2.2417,-0.43591,2.5379,2.1224,-0.34487,2.5549,2.1658,-3.6212,-3.5539,-10.489,0.45095,10.136,14.789,77.125,74.759,1.2574,1.5805,2.0511,1.2599,1.2415,2.6502,1.0487,-0.87774,1.7533,1.5628,0.94662,2.8879,1.6475,0.17226,3.927,1.1003,-0.38903,0.4597,2.231,-0.75464,0.58066,-0.66401,0.9559,63.733,8.2,-0.074426,-0.007895,0.1666,-0.0333,-0.1333,6.568,6.7775,-35.196,-0.30098,-9.4215,7.9822,-32.234,4.3597,-3.8344,0.52184,1.9554,0.57025,41.667,-0.0666,0,3885,17.699,4.406,11.534,16.027,19.175,-11.494,90.22,1.9698,-0.66532,-10.658,-8.4565,3.6481,-32.54,4.4925,0.95528,-0.0024364,1.6284,0.00074649,-0.00016154,-0.0094215,-0.0045313,-0.0019937,-0.011649,-0.0018153,0.00070901,-0.0062957,-0.0054158,-0.011888,-0.0036767,0.0028572,-0.057046,-0.0031354,0.00087056,0.00018897,-0.0024469,-0.0071897,0.0016897,-0.014944,0.00011631,0.84352,-0.00034137,-0.010001,-0.7262,-0.01308,-0.0025405,-0.0097188,-0.011107,-88.308,-39.277,-39.983,0.11823,-0.19092,-0.52587,-0.067835,1.329,1.438,-2.3913,1.8624,1.7223,0.50897,3.113,0.25838,3.7538,0.1533,0.0867,0.0367,0.1867,1.8233,-0.13,-0.0967,-0.1067,3.27,1.97,0.06,0.1,1.74,0.12,-6.6583,-3.6511,7.5746,4.9591,5.396,10.951,2.1621,6.6391,-1.1312,-2.2898,3.9571,23.6,-1.6636,-2.9402,-6.5611,-1.4096,560,-2.7258,1.7132,-2.9377,19.675,-3.39,4.73,5.6824,5.5558,-8.7231,6.72,3.9057,2.7898,3.5796,76.3,8.0975,0.1,-0.2,0.73945,2.1168e+05,0.5642,35.416,-4.5542,-0.0333,-0.0334,-0.049966,-0.049925,-0.11,-0.0667,0.6333,3.6467,-0.056883,-0.096138,0.00019597,-0.020943,0.0012145,-0.0092906,0.0014451,0.00018062,-0.00403,-0.0053235,-0.0038946,0.00063191,0.0081273,-0.00043083,-0.013372,0.007,9.581,5.4941,0.02,0.0013,-0.02,0.05,-3.1874,-12.206,7.7673,45.485,-11.74,2.6461,5.7631e-05,0.94731,0.0092,-2,3.3188,31.74,2.6294,3.1499e+05,3.9559,5.062,19.92,-16.547,0.87673,0.73036,0.0664,-8.159
0.53943,0.65216,5.1632,0.11168,0.19413,1.811,0.59084,-1.1619,-1.3446,10.135,0.5,-0.61504,0.8,-0.82984,-1.6166,2.0785,2.1341,-2.8727,0.93498,0.63134,-1.0056,0.040789,-0.34589,-1.4101,0.89257,-2.24,0.45631,-5.0007,-10.654,-0.52009,1.4692,7.7539,76.739,74.272,1.2257,1.4865,1.1053,1.2065,1.346,1.1762,0.98629,2.3206,1.4317,0.51387,-0.59761,2.5349,2.8597,1.1792,-1.7231,0.73009,-0.10948,-0.05485,1.2238,-0.75605,0.73782,-0.28491,1.0593,63.6,8.0333,0.0010627,-0.17021,-0.3666,-0.1334,-0.1333,3.1688,-3.5137,2.562,-20.04,-8.8862,-1.7911,-10.866,-24.274,10.506,1.6733,0.32364,1.8337,41.567,0,-0.0333,3830,21.589,17.154,48.145,64.585,10.085,7.0055,28.928,0.3831,3.1855,-9.0185,3.4405,2.2352,-9.3051,5.8278,1.1449,-0.0012774,2.4402,-0.00037007,0.00075857,0.0031005,0.00012557,-0.00083468,0.0044417,-0.00078768,-0.0014233,0.0011474,0.00091176,0.00076131,-0.00059283,-0.014985,0.037176,0.0012136,0.00047975,0.0001363,-0.0078911,0.0029468,-0.0030243,-8.4711e-05,-0.0033855,1.8018,-0.00039034,0.01205,1.1875,0.01598,0.0068776,-0.00033686,0.0023039,90.556,-6.6317,-6.3834,0.082044,1.8131,-0.9949,-2.5381,-1.5704,-1.4139,-1.3316,-0.89816,-1.0421,1.5271,0.6956,1.229,2.7648,0.1433,0.1033,-0.0034,0.1833,1.6433,-0.24,-0.3433,-0.22,3.23,1.91,0.04,0.08,1.54,0.1,-0.85109,-0.62332,14.094,6.3847,6.7567,11.083,-0.22554,6.3555,-2.0392,-0.80615,4.2346,21.7,8.5645,-0.15649,2.7163,10.274,578.71,9.7267,4.8677,10.535,14.947,4.0825,7.6753,8.6695,0.46516,-9.8747,10.664,-7.5184,-0.32869,-6.0643,75,7.5803,-0.1,-0.3,0.66579,1.6565e+05,-1.1492,11.176,4.5943,-0.1333,-0.1333,0.034917,0.035087,-0.12,-0.04,0.5233,3.3133,0.09332,0.037073,-0.012453,0.016541,0.00094072,0.0044747,-0.0032281,0.001009,0.0029054,0.0039016,0.0025033,-0.0016065,0.0083683,0.0053345,0.0045334,0.002,-2.4403,6.6201,0.02,0.003,0,0.06,12.6,42.707,48.152,67.648,-6.255,13.449,-0.00047595,7.0342,0.0096,6.7103,1.4662,14.61,2.1241,3.2255e+05,8.2854,13.338,20.11,-7.3565,15.063,16.008,0.0063,11.361
0.45523,1.7888,8.9753,1.277,0.0068179,-3.5733,7.1103,7.9,4.327,20.324,0.2,-3.9679,-7.8,9.7898,-1.1123,-0.50967,-3.8709,10.928,0.67789,0.57055,2.1005,2.0922,-0.25022,-0.23009,4.2484,3.0299,4.4671,5.7425,13.099,-1.7337,0.85737,1.8302,76.769,74.228,1.5592,1.9581,-0.078049,1.6764,0.82275,0,-0.20902,3.3154,1.8415,1.4353,-0.49869,3.1205,3.4623,1.0045,-3.1521,1.8534,-0.49305,2.1881,0.90945,-0.85227,-1.028,-0.22808,2.301,63.7,7.8,-0.062562,-0.14062,0.1,-0.3333,-0.1,1.3504,-3.6385,-5.8803,-16.205,-18.879,7.1953,25.68,10.846,-6.7703,1.7658,0.16372,2.0639,41.567,0,-0.0334,3812,60.609,112.21,18.795,104.39,33.419,62.552,34.924,4.1149,5.7092,12.034,3.5116,1.8133,13.02,1.985,2.2403,0.0015731,1.7072,-0.0026228,-0.00073177,0.0045992,0.0023256,0.0018082,0.0056713,0.0013083,0.0030734,-0.0034974,0.0026577,0.0080975,0.0030906,0.015046,0.02273,-0.003747,0.0020996,-0.0025773,0.0078589,-0.0023094,-0.0013177,0.0070653,0.0035535,2.6509,0.00013449,-0.0009122,-0.26353,0.00039702,0.0035756,0.00032256,0.010817,65.229,-13.803,-19.98,0.053517,-0.76796,-0.92704,1.4872,7.85,8.1017,1.9357,-1.3851,-1.1972,11.933,2.1829,11.868,-12.041,0.16,0.0867,-0.0066,0.1733,1.7067,-0.19,0.0833,-0.3,2.8667,1.65,0.05,0.09,1.62,0.1,-0.59147,-3.4341,11.265,5.9803,6.0664,8.1414,-0.63232,6.5206,0.072096,-0.42983,4.4877,12.7,2.9816,-1.8191,-12.747,3.9036,568.64,3.1459,2.4554,3.3394,16.475,1.3431,5.8328,6.5327,-4.8954,14.245,-13.063,13.468,6.274,-1.4902,79.4,11.25,0,-0.1,1.6259,2.7454e+05,1.1564,-3.5111,7.485,-0.8334,0.0667,-0.0052344,-0.0057158,0.0266,-0.0733,0.5333,3.38,-0.010316,0.074705,0.015305,0.0049017,-0.0060512,0.004259,-0.0012775,0.00067077,0.0023024,0.0025568,0.0027492,0.0012668,-0.013807,0.0059631,-0.0028182,0.0052,0.42548,4.3838,-0.0066,-0.0018,-0.01,0.03,-1.5532,73.771,19.389,-13.181,14.245,-3.3044,0.00067784,1.8551,0.011,1.7215,-5.6469,87.65,2.4063,3.7219e+05,5.4965,7.9782,67.85,-54.854,4.5355,2.5897,0.0843,6.0326
3.5271,2.0688,10.114,-0.28425,5.2842,14.643,6.7897,7.0098,5.1353,14.29,0.5,-3.6002,-8.9,28.613,0.2084,4.5362,1.1678,-16.339,4.0355,4.7836,5.0123,3.1188,1.6316,2.8794,3.9213,4.4112,1.3827,11.655,13.67,0.62738,-1.1965,3.8925,77.031,74.533,1.8761,2.3008,1.1914,1.7207,2.852,1.6161,0.47758,5.8117,1.3883,1.5662,2.14,3.6416,4.3904,0.44021,6.2795,1.184,-0.32294,0.97628,1.534,-1.5672,-0.76616,0.085544,-0.11534,63.467,7.7333,0.070429,-0.13141,0.3333,-0.0667,-0.1334,-2.806,9.4471,6.245,-17.577,-4.0547,-12.294,-3.0014,-10.846,-4.3174,1.1914,2.154,1.6775,41.833,0.0666,0.2,3992,19.488,22.46,15.856,-124.42,37.847,53.301,33.326,4.9963,6.9449,-6.6027,4.7197,3.4203,-0.18877,4.9247,1.4206,-0.00045403,1.5655,-0.0015046,-0.0018109,-0.0059763,-0.00040609,-8.6761e-05,-0.0085349,0.0004869,-0.0033349,0.001323,0.0021974,-0.00089335,-0.00015659,-0.0068963,-0.04016,-0.0020695,-0.0012799,0.0038662,-0.00010689,-0.001238,0.00055671,-0.0036248,0.0021409,1.6046,0.00040263,-0.0022481,2.6281,-0.0032459,-0.0016089,0.011055,-0.0015324,1.7448,18.086,25.575,1.1633,-0.53304,0.15751,-5.5357,-7.4599,-6.8442,2.8604,2.3551,3.5927,-8.7526,-6.714,-8.132,12.305,0.1433,0.0867,-0.0234,0.1533,1.95,0.14,0.3367,0.2367,2.86,1.55,0.03,0.07,1.86,0.08,26.954,4.7719,4.872,4.1838,5.5414,7.0299,-0.0040813,6.8174,-0.45669,-0.5299,4.6955,11.1,11.55,-2.8423,13.496,14.237,613.81,12.81,7.4852,13.818,12.932,0.45946,8.2197,8.4845,8.5481,6.8456,-0.17193,50.766,-14.141,6.9998,76.7,-49.711,0,-0.2,0.76629,2.7746e+05,2.8313,0.62194,7.5224,-2.4,0.2,0.11883,0.12422,0.1334,-0.0567,0.6833,3.7333,-0.019105,-0.071194,-0.0071581,-0.011081,0.00078142,-0.0069027,0.0035911,0.00033772,-0.0028503,-0.0036331,-0.0028775,0.0018837,-0.0044287,-0.011288,-0.010518,0.0181,-25.968,4.7041,-0.0034,0.0071,-0.02,0.02,41.365,-16.329,8.1094,46.144,87.406,22.631,-0.00035154,8.696,0.0098,4.8781,0.40936,-98.98,1.8015,3.2467e+05,5.4112,8.2666,-52.96,56.439,26.28,23.353,-0.0633,26.266
0.49328,0.28778,1.8015,0.29081,-0.41982,4.4499,3.2138,-0.85416,1.0745,12.569,0.5,-0.70739,-3.2,32.538,0.97456,4.7798,5.7369,2.9692,0.027609,0.62591,1.3297,1.7164,0.0027874,0.8224,2.9172,0.21149,1.26,6.9032,15.523,-0.76751,-2.1593,8.2023,77.076,74.352,1.7223,2.1079,0.28896,1.7804,1.3578,0.65523,-0.32828,3.4012,1.7381,1.6954,2.7206,3.911,3.4422,0.9765,2.4845,1.2272,-0.2866,1.6195,0.51947,-3.153,0.2115,0.10453,1.4357,63.4,7.5333,-0.044358,-0.16769,-0.3333,-0.0333,-0.3666,-5.7737,-16.348,23.224,-22.585,-16.664,-0.97087,-8.5817,0,-0.78244,1.3539,-2.1021,1.4537,41.767,-0.0333,-0.0333,4139,-37.509,-82.99,13.901,41.062,-28.79,-62.919,-32.671,1.1389,-0.5336,19.897,-10.728,3.2953,34.938,2.9596,0.29697,-0.00085837,1.2165,0.00318,-0.000847,-0.0079077,-0.0034406,-0.00030107,-0.01,-0.0013741,-0.0017841,-0.0045192,-0.0065,-0.00039303,-0.0030536,-0.011095,-0.054297,0.004468,0.0014461,-0.0073239,-0.0081141,-0.0031393,0.0026888,0.0073394,-0.0034422,-0.43812,-0.0027779,-0.0096757,0.71978,-0.013964,-0.016595,-0.0069329,-0.015556,68.222,5.2242,-1.7998,0.55839,-1.0182,-0.19897,4.0887,3.2791,3.3433,3.4348,-1.4218,-0.72791,3.6814,0.26653,4.3135,-2.9616,0.1167,0.05,-0.0266,0.1267,1.9967,0.18,0.0866,0.0267,2.84,1.69,0.04,0.08,1.95,0.1,36.676,-1.2454,8.4685,5.1471,5.4946,4.3465,3.2475,5.6155,-2.0075,0.50418,4.1556,22.2,4.0511,-0.98709,-3.9563,4.9648,616.88,2.3129,9.6461,2.5256,14.455,4.9188,15.71,15.202,8.2159,-4.0504,4.8713,26.664,-3.6019,5.6694,81.7,-19.832,0,0,-0.61443,-45041,-0.10674,9.7775,6.6861,0.2334,0,0.024896,0.027743,0.09,-0.0667,0.8,3.8467,-0.0013664,-0.090701,-0.0098727,-0.026253,-0.0024537,-0.0096658,-0.0041027,-0.0022549,-0.0058169,-0.0076559,-0.005312,-0.001285,0.0025334,0.0068486,-0.0008788,0.0211,-6.9425,0.26075,0.01,0.0011,-0.02,0.03,37.485,3.4934,15.741,6.5139,69.429,23.433,0.00060882,3.3813,0.0112,10.054,11.192,113.43,2.486,3.7242e+05,9.3552,14.664,75.53,-52.396,24.399,23.079,-0.0585,23.982
3.1214,1.6236,3.3739,1.0136,2.6169,15.183,6.8382,0.03097,6.7732,7.1023,0.8,-2.158,-5.7,-24.21,0.2124,2.4993,2.8758,1.7327,3.9793,4.07,0.34941,1.4245,-2.1929,-1.6094,3.9153,3.3035,0.13221,3.148,5.3136,-2.8728,-3.3117,-4.4264,77.122,74.236,1.5559,1.9598,0.28875,1.5734,1.4456,0.38909,0.1194,3.8034,0.97989,1.1488,0.14787,2.6172,3.3384,1.8003,1.545,2.3709,-0.5616,3.2142,1.4697,-3.4682,-0.3702,-0.057013,1.3806,63.267,7.2333,-0.17283,-0.10496,-1.6,-0.0333,-0.4334,-13.964,-11.756,-39.744,-14.977,-20.964,-13.259,-4.7854,-6.8648,-5.4528,2.4899,1.6134,2.0569,41.833,-0.1,0.0333,4054,6.5513,23.536,1.0807,59.704,46.449,-15.19,-4.6092,2.2507,3.6479,-15.796,8.3427,6.0901,-40.154,6.2309,1.6156,0.00075489,2.1788,-0.00041632,0.0025491,0.010614,0.0018014,-0.00031561,0.014755,0.00047159,0.0060234,-0.0036546,0.0051263,-0.0058199,0.00074106,0.012039,0.078444,-0.00041256,-0.0020059,0.0045347,0.013702,0.0060831,-0.0021479,-0.0066996,-0.0013501,2.1575,0.0030614,0.008151,0.39203,0.011437,0.0095233,0.0013069,0.010436,-46.653,36.148,44.904,0.64513,-2.0374,-0.43474,-1.4442,-3.2188,-3.6442,-1.2653,1.9198,1.5814,-3.0436,2.0014,-2.9565,8.4464,0.0833,0.0333,-0.0267,0.1233,2.71,0.76,0.5434,0.5666,2.6933,1.73,0.03,0.09,2.68,0.09,32.585,0.50785,3.3791,3.857,4.485,4.2087,0.71717,6.3599,-3.3782,-0.63115,4.3846,13,9.8672,0.5857,-1.147,11.515,632.15,9.8772,9.8354,10.671,13.997,4.448,12.714,12.51,0.34161,5.6833,-4.4416,1.057,4.0402,5.8984,81.6,1.1938,0,-0.2,-1.2596,-66903,-0.096447,-14.168,3.8979,0.8666,0,-0.0076006,-0.0087197,0.59,-0.05,1.4233,4.4233,-0.0057714,0.086163,0.010177,0.035522,0.0054853,0.013508,0.0022415,0.0019269,0.0075217,0.0095156,0.0065688,-0.002832,0.0059121,0.0059269,-0.022732,0.0059,-18.183,3.044,-0.0033,0.002,-0.03,0.04,38.937,26.087,-19.915,10.435,14.364,31.163,-8.1794e-05,8.4401,0.0104,11.419,13.029,-51.63,1.4049,3.3755e+05,9.1523,14.95,-30.54,40.73,15.964,15.838,-0.0124,12.469
3.1803,3.4319,4.2873,3.2686,3.5015,1.4487,5.3733,14.952,8.1087,-6.3431,0.7,-3.1536,-6.7,19.747,-0.74129,11.546,2.1832,1.5763,4.4849,4.1986,2.1603,2.7284,2.2073,4.0349,3.1639,6.5325,-2.4731,8.4821,15.259,2.8355,0.8088,15.915,77.452,74.503,1.8385,2.1733,2.0817,1.7047,2.678,2.2563,1.7868,4.0369,1.2482,0.38781,2.5543,2.5363,3.0336,1.6472,1.6926,2.439,0.073297,2.7616,0.57794,-2.0371,1.2151,0.076016,-0.19774,62.9,6.9333,-0.15446,-0.15239,-1.2667,-0.4667,-0.0333,-0.63442,-18.952,-12.109,-24.611,-3.9742,-19.123,-36.753,-19.761,-3.3588,1.4779,3.7907,1.4332,41.933,0.0333,0.1,4089,53.658,104.37,14.961,39.953,-4.0067,64.359,68.043,6.3987,2.9544,12.108,2.9299,4.5525,27.813,6.5616,1.6288,0.00089985,2.2138,0.00214,0.00063734,-0.0030646,-0.00057616,0.0015307,-0.004208,0.0016163,-0.0034765,0.0023844,0.001615,-0.0019112,-0.0018412,-0.0032106,-0.018293,-0.00042063,0.0010383,0.0014117,-0.0032486,-0.00064715,-0.003721,0.0088749,0.0037852,1.4764,-0.00089896,0.0021857,-4.4657,0.0023574,0.0035836,-0.012642,-0.00016687,7.2583,-46.235,-35.302,0.47077,0.078835,0.23459,-1.6518,1.3844,1.1504,-1.6299,3.0503,2.719,-0.05577,1.4915,-0.15893,6.1125,0.0867,0.0633,0.0333,0.1233,2.7467,-0.14,0.0866,-0.0466,2.61,1.55,0.03,0.06,2.68,0.06,29.337,-0.16152,10.325,5.6171,5.4755,4.7384,-0.40352,5.9895,-2.2002,-0.46163,4.1887,14.5,7.7031,3.2764,1.7002,8.4735,643.15,8.4504,5.3098,9.1533,12.663,1.3559,8.8691,8.9416,-4.1143,10.719,-12.431,6.1659,16.927,4.2912,76.9,8.106,0.2,-0.2,1.0835,3.4319e+05,1.7309,28.938,1.8519,-1.3666,-0.0334,-0.02142,-0.024034,-0.0667,-0.0233,1.3533,4.5067,-0.025476,0.015836,-0.0025246,-0.0090574,-0.0044272,-0.0029735,0.0019592,-0.00089053,-0.0019051,-0.0026609,-0.0014943,0.00375,-0.0068743,-0.0065239,0.019047,0.0204,15.519,6.548,0.0067,0.0017,0.01,0.04,-17.781,-20.046,28.082,26.566,22.664,33.31,0.0011799,9.1259,0.0111,5.0229,2.6051,39.15,1.2465,3.5469e+05,6.0102,9.4793,33.32,-18.574,22.093,23.972,-0.0649,15.507
-1.1324,1.5726,6.3315,1.0398,0.9419,-4.4622,3.9875,3.4049,5.5676,-2.8202,0.3,-1.6589,-0.4,0.051263,-2.439,-2.8349,4.5082,5.5352,-1.9121,-1.9815,-1.1452,3.0698,0.23247,-0.64178,5.8931,2.3954,-3.6263,-1.6087,-0.90961,-0.3761,3.2481,4.8709,77.843,74.343,1.4672,1.7683,0.98173,1.3496,2.204,0.93054,1.0682,4.5516,1.4138,0.6904,-0.19591,2.5274,2.5886,1.7849,3.0593,1.2651,-0.12828,0.51088,2.0303,-1.5103,-0.052748,0.114,2.8898,62.967,6.6667,-0.13681,-0.18847,-0.2333,-0.4,-0.2333,-14.986,-9.7973,-6.3143,-29.027,-30.294,-14.352,-24.318,-3.3718,-25.515,1.7336,-1.6654,2.0897,41.733,-0.1,-0.0333,4289,-30.895,-35.606,0.51947,-176.9,46.815,-5.4165,-31.366,-0.2366,3.034,-5.9155,0.099946,4.2116,-32.388,3.2381,1.8684,-0.0014692,1.5921,0.0015898,-0.0011364,0.003408,-0.0022263,-0.00076965,0.0060081,-0.0013785,-0.003982,-3.1741e-05,-0.0010591,-0.0035893,0.0053867,-0.00076274,0.023719,0.0012119,0.0035419,-0.0027418,-0.0094492,0.00015947,0.0055368,-0.0097151,-0.0048757,2.4834,-0.00057093,0.0081599,7.0694,0.01011,0.0078591,0.026561,0.012721,119.66,4.3573,4.3971,1.8922,2.9472,0.46923,6.7893,5.0671,5.3792,0.51898,-4.003,-3.7156,11.68,8.8576,11.659,-11.66,0.0733,0.0467,-0.0166,0.1233,2.7633,0.06,-0.1533,-0.24,2.3533,1.6,0.03,0.08,2.72,0.08,13.784,-2.3378,10.676,3.4428,3.1225,12.011,0.085553,6.372,0.81889,1.6724,5.0733,15.5,5.6242,-1.8378,-7.3729,6.9004,645.34,6.2482,3.6113,6.7657,13.789,2.1302,5.157,4.8717,5.866,2.6063,-4.5445,9.0861,8.7223,19.995,80.9,-29.859,0,0.4,2.4765,3.5638e+05,-0.81343,14.707,-6.9431,-0.4334,-0.1333,-0.05411,-0.058583,0.1633,-0.0267,1.53,4.3667,0.085378,-0.015972,-0.002243,0.0023341,0.0018541,0.0030348,-0.0056816,0.0022401,0.002279,0.0029718,0.0025726,0.0016866,-0.010096,-0.0099897,0.012564,0.0365,-19.728,5.4663,0.0133,-0.0001,-0.01,0.05,26.95,-4.3058,-0.26082,-7.0224,0.20518,24.821,0.00018288,1.2869,0.0119,-0.22695,-2.1627,45.66,4.2103,3.8206e+05,0.94703,-1.4217,30.56,-25.521,14.173,14.005,-0.0132,-1.4096
5.3784,4.3558,14.122,2.9987,3.8392,16.534,10.975,9.8627,10.604,12.597,0.6,0.50166,-2.4,1.8046,2.3114,8.5591,10.036,5.4049,6.7977,6.807,3.9495,5.3141,2.5412,0.98399,8.1637,7.4509,0.035657,9.3066,13.971,-1.3433,4.8588,-17.757,78.639,75.176,2.327,2.6402,1.5724,2.1633,3.3496,2.4302,0.11852,6.5135,2.0146,1.4778,0.048982,3.3102,3.7926,1.753,6.0492,2.3149,0.65928,1.9448,1.9805,-0.48841,0,1.1192,1.6546,62.833,6.2,-0.16426,-0.24341,-1.1667,-0.3667,-0.4,7.8866,-22.851,-50.649,-43.332,-29.565,-24.014,17.903,-42.596,2.8045,2.8959,3.4376,2.7204,42.033,0.1667,0.1,4812,22.077,25.92,4.6452,196.92,-32.316,-9.659,3.0097,4.5248,9.6588,9.5896,-0.45907,5.3241,3.9613,3.9094,1.9064,0.0013983,2.2431,-0.0034688,0.0019752,-0.00017342,0.002389,0.00023914,-0.0013417,0.0005214,0.0040734,-0.0034452,0.00372,0.0045202,0.0054674,0.0018922,-0.028266,0.0030832,-0.0027926,0.00079626,0.010024,-0.0017922,0.0031362,0.0035545,-0.00028546,2.1186,0.0012981,-0.0079307,5.2212,-0.0091611,0.010033,-0.0095831,-0.012069,-36.049,17.608,16.342,-0.31161,-0.6794,-1.3258,-4.2881,-3.9311,-4.0725,0.51435,4.0781,3.9164,-5.8385,-2.6509,-5.8636,12.208,0.0933,0.0333,-0.0234,0.1033,2.6233,-0.13,-0.2233,-0.2967,2.1967,1.61,0.02,0.07,2.59,0.08,9.7011,-7.9006,8.7783,4.1038,3.025,10.389,4.6619,6.468,2.2829,3.7196,5.7136,11.6,6.195,0.92458,-4.4803,7.0797,648.05,6.2477,6.0242,6.6897,11.126,5.7881,2.0087,2.2323,-3.1111,0.32095,-1.6613,-2.5144,6.7579,-4.704,82.8,-4.4786,0,0,-1.7582,-51251,4.2248,-30.648,-0.53793,-1.2333,0.3,-0.021427,-0.022393,0.0534,-0.06,1.5633,4.1233,-0.040473,0.024999,0.0024244,-0.0032001,0.0012924,-0.001311,-0.00012294,-0.00082903,-0.0018011,-0.0012404,-0.0010935,-0.004214,0.0081293,0.008535,0.0020515,0.0819,-13.639,4.7141,-0.01,0.0006,-0.01,0.02,-3.414,48.841,-0.52222,-10.491,-8.2095,-1.3893,-0.00054716,6.1621,0.0114,5.4116,3.2334,-38.29,3.8192,3.6442e+05,3.382,3.0623,-25.07,22.727,14.154,14.424,-0.0055,-2.766
4.8542,4.2811,7.2123,4.1317,3.3278,8.1003,7.583,12.05,7.9969,5.7988,0.6,2.6683,4.5,-1.0258,1.5624,1.7796,1.0283,4.642,6.3088,6.2286,1.2422,2.3644,0.58008,-0.77364,3.8536,4.0675,-0.34268,7.0361,13.316,-3.0273,1.8503,-15.526,78.799,75.585,2.1604,2.481,1.894,1.9395,3.5358,2.5368,0.79908,6.5809,2.4389,2.0064,1.0273,3.1303,1.987,0.62249,4.9227,2.2359,0.44501,1.7561,0.96108,0.78116,-1.9038,1.22,1.7943,62.867,6.0667,0.064778,-0.20153,0.2333,-0.2666,0,8.473,11.018,-0.81347,-38.478,-25.908,15.223,-2.8492,8.0786,-10.708,3.021,2.0961,2.4718,42.067,0,-0.0667,5059,17.316,23.603,10.384,-26.926,50.978,22.009,25.553,3.2817,3.3813,31.136,-6.3796,22.33,88.255,3.7605,1.0759,-0.00098592,1.8155,0.0031435,-0.0025441,-0.0038175,0.00086842,-0.0012389,-0.0060033,-0.0011999,-0.0011134,0.0079818,-0.0049834,0.0050305,-0.0040711,-0.0039147,-0.021679,-0.0020071,-0.0007853,0.00021527,-0.0047301,-0.0020585,-0.0021794,-0.0039726,0.00031334,1.022,-0.0010308,-0.0064711,-2.0546,-0.0091255,-0.017724,-0.010511,-0.0027901,-55.727,-31.268,-23.61,0.59295,-0.23578,0.15775,0.96403,1.6145,0.86082,-0.85498,3.8374,3.2034,-1.2741,2.8896,-1.1493,5.6502,0.09,0.0267,-0.0033,0.11,2.4967,-0.09,-0.1,-0.08,2.2433,1.64,0.02,0.08,2.47,0.1,9.7687,-3.1615,3.9497,4.2473,3.7713,9.658,4.1494,6.8325,1.7951,2.1178,5.5471,15.7,0.97493,-1.4332,-6.0751,1.3747,642.78,-0.58227,5.976,-0.72311,12.606,4.2507,0.24482,0.36279,7.2909,-13.918,11.487,7.5223,-3.5325,-0.47713,83,-10.091,-0.2,-0.3,-0.56762,1.3961e+05,1.6273,-17.797,-12.256,-2.2,0.1333,0.00477,0.0049302,0.0433,-0.0633,1.61,4.0267,-0.063761,0.020621,-0.001953,-0.0091594,-0.0024057,-0.004214,0.0038345,-0.0017084,-0.0025702,-0.0037753,-0.0027693,0.0029236,0.008541,0.0066689,0.002376,0.0353,-22.204,3.2403,0.0067,0.0009,0.02,0.04,29.725,-3.85,17.133,-3.9353,23.791,26.46,-0.00014967,5.4451,0.0111,4.6758,5.2352,-19.96,4.675,3.5444e+05,8.1208,10.626,-6.38,15.788,15.6,16.384,-0.018,4.7266
2.2449,4.8217,7.4838,4.5722,4.3104,0.43374,4.6413,-3.6056,2.4389,13.967,0.5,-0.19303,-5.8,1.0455,3.359,3.8431,9.607,5.2523,2.7056,2.7453,0.061815,2.6161,4.1454,4.0306,2.1895,-1.93,-0.84733,2.1756,0.12474,4.5741,3.7194,11.42,79.001,75.84,2.3021,2.5684,2.3088,2.2242,2.7857,2.4003,2.1525,4.1438,2.4118,1.7972,0.43948,3.0577,3.2091,1.0513,-0.14827,2.5954,0.8703,2.6168,0.78293,0.8283,1.7455,0.56617,2.4839,62.867,5.7,-0.25431,-0.11586,-2.3333,-0.3334,-0.3,-13.295,-18.802,-33.089,-23.833,-25.635,-15.804,-19.532,-21.094,-15.482,4.861,4.7303,4.5797,42.133,0.0667,0.0667,4922,7.1797,-21.647,2.8647,-14.175,-42.018,8.8893,40.114,2.2122,1.6617,-47.227,-19.757,-2.057,-119.03,3.4275,-0.50845,-0.00095869,0.26143,-0.0025164,-0.003408,-0.0099955,-0.0025089,-0.0010778,-0.013581,-0.0017316,-0.0017697,-0.0020716,-0.00083265,-0.0076585,-0.001977,-0.0024926,-0.09033,0.0010972,-0.00055483,-0.0030801,0.0024739,-0.0021799,0.00065396,-0.0049031,-0.0020342,-0.99501,-0.00015773,-0.01117,-13.152,-0.014672,0.0013438,-0.033353,-0.02079,-13.986,-115.35,-117.09,0.25894,0.41405,-0.27934,4.3969,5.1425,4.7607,-4.6712,-1.8748,-2.1144,5.9191,8.1051,6.0584,-7.6067,0.1,0.0233,0.0267,0.1467,2.28,-0.17,-0.24,0,2.46,1.69,0.05,0.12,2.26,0.11,-10.63,8.6406,9.6959,5.9951,7.1943,8.3469,2.9606,5.8185,0.59281,0.92376,4.4957,8.7,6.6818,0.84525,-4.4071,7.6392,646.63,7.2252,4.9457,7.7017,14.903,2.1624,3.5662,4.0888,23.23,-23.411,20.952,38.507,-21.041,16.687,89.8,13.903,-0.2,-0.1,1.0553,3.3014e+05,0.48951,24.056,-7.8908,0.3667,0.0667,-0.085527,-0.084842,-0.0967,-0.0767,1.5033,3.7767,-0.023272,-0.067007,-0.0035107,-0.02737,0.0025182,-0.012433,-0.0012541,-0.00048019,-0.0058117,-0.0074082,-0.0056668,-0.0034022,-0.0090294,-0.0023845,-0.0051989,0.0183,-15.38,2.175,0.0266,0.0006,0,0.03,-36.641,-40.685,7.1939,41.296,27.503,10.41,0.00014954,13.297,0.0113,9.1908,1.1542,-7.02,6.3529,3.557e+05,10.395,13.286,10.37,4.9316,7.2386,4.0026,0.0163,1.9267
3.7787,3.5179,7.117,2.9411,3.5887,13.716,1.1434,3.2601,-0.47898,7.7973,1,2.046,1.7,9.4845,2.272,-3.0521,6.2305,5.8956,4.4579,4.6923,-3.9092,-3.0688,-1.7055,2.8089,-4.0626,-5.5321,-4.4238,-1.1764,0.88719,3.9419,-4.7409,9.4496,78.141,75.474,1.9112,2.1392,0.75943,2.014,1.2729,0.73965,0.79321,4.0382,2.9792,2.004,1.0236,2.7472,2.8271,1.1437,-11.281,1.6242,0.68031,1.0304,1.1,1.0694,1.1857,0.4241,1.6888,62.733,5.5333,-0.0627,-0.12008,0.0333,-0.0333,-0.3334,-5.9862,-9.3349,-11.465,-26.445,-20.118,-12.339,37.244,-44.979,-13.17,1.1475,-1.1542,0.83016,41.933,0,-0.1333,5339,-28.569,-16.736,3.706,-107.92,-85.791,1.2907,-22.504,2.2357,-2.016,-5.2706,-25.87,-4.6435,3.3876,5.82,-1.7125,-0.00091813,-0.092249,-0.0035104,-0.0032927,-0.0080587,0.00079517,-0.00071523,-0.012462,-0.00013433,0.00080422,-0.002787,0.0020449,0.0036488,-0.0030151,-0.0040253,-0.09561,-0.0020235,0.0012303,-0.00090531,-0.0069268,0.0043549,-0.0018677,-0.0019053,0.0018451,-2.5975,-0.00049011,-0.01433,-18.168,-0.020315,-0.026136,-0.0085768,-0.01962,-122.86,-189.87,-164.87,1.326,1.5247,0.76238,6.5022,7.7056,7.3629,-2.7516,3.6318,3.5412,1.325,6.7623,1.5832,-3.4838,0.11,0.0267,0.01,0.2233,1.9667,-0.25,-0.3067,-0.24,2.5333,1.75,0.06,0.2,1.94,0.12,6.7193,4.5285,13.996,9.9229,10.402,12.673,1.989,5.7641,4.8706,-2.373,3.591,4.4,6.4518,-2.1152,-8.0108,7.828,649.76,6.2778,7.0087,6.6017,15.361,3.5189,5.5406,5.7965,31.521,-41.529,-4.4642,15.699,-17.747,35.599,95.5,16.248,-0.6,-0.5,-0.80752,85923,-2.9006,13.926,3.7069,-1.3334,-0.2333,0.054624,0.053374,-0.15,-0.0833,1.3433,3.46,-0.1011,-0.007261,-0.0039068,-0.024901,-0.0022156,-0.011791,-0.002922,0.00066704,-0.004071,-0.0063932,-0.0041643,0.0012249,-0.0050537,-0.015606,0.013723,0.0647,3.6835,0.90543,0.05,0.0005,0.02,0.04,-5.8567,-11.293,4.401,15.002,35.936,19.042,0.00068631,9.9359,0.0122,14.655,13.104,60.47,5.1109,3.7717e+05,9.0013,11.737,39.15,-18.331,10.094,11.561,0.0102,10.033
2.6973,3.1745,8.3608,2.6868,2.1387,1.2023,3.4434,1.5308,1.8197,9.9088,0.8,3.3811,0.8,4.1394,4.9872,1.0049,2.4454,1.1427,3.3459,3.2427,-1.7006,-5.4073,-5.2855,-1.8911,-6.7041,-4.7626,0.67346,8.1941,13.84,-4.7837,-4.2181,-18.861,76.921,75.402,1.985,2.2127,0.86615,2.1045,1.2416,0.54954,1.4063,5.1209,3.0482,1.4512,1.1181,3.0138,3.2497,0.99804,-22.433,1.6675,0.75186,1.5292,0.41057,1.4537,0.36817,0.75285,1.6405,62.8,5.4333,0.068836,-0.16401,0.0334,-0.2,0,14.508,22.114,-21.824,-39.456,2.8282,-9.1912,-32.765,0.1451,-9.5226,1.5362,-0.31711,1.855,41.8,-0.1334,-0.0334,5525,67.985,106.23,63.64,74.5,313.95,8.1636,64.037,1.5336,6.757,-1.5807,5.7842,-5.7143,-6.2005,5.9419,1.9649,0.002541,2.2731,-0.0015253,0.0085367,0.025234,0.0057503,0.001596,0.034828,0.0016086,0.005675,0.010446,0.0057826,-0.0013662,-0.0046846,0.0058334,0.27716,0.0010277,-0.0011695,0.0042497,0.0024789,0.0040794,-0.0030699,0.0080412,-0.0013183,2.7185,0.0025493,0.03182,3.1204,0.04349,0.0063754,0.05389,0.038352,-58.308,88.028,68.404,0.99948,2.8829,1.087,-0.95765,0.45049,0.71,-1.387,1.4893,1.7124,1.7638,3.1911,1.7228,2.3824,0.1233,0.02,0,0.25,2.1667,0.11,0.3267,0.3333,2.6667,1.66,0.07,0.23,2.15,0.13,-1.3516,-1.7589,0.031569,1.8439,2.2566,9.6839,4.1105,6.0463,3.9101,5.134,5.8047,8.3,0.90168,2.0856,0.94293,0.71353,649.06,-0.63309,5.7704,-0.90751,14.194,4.8163,2.9037,3.2182,1.5618,-6.7704,-5.1941,7.343,4.9876,-3.8857,94.2,-1.0277,-0.1,-0.3,-1.2185,-86792,-1.1734,-29.173,-4.2775,-1.2333,-0.1667,-0.0072821,-0.0073111,0.07,-0.1033,1.4,3.7733,0.18109,0.027876,0.0051236,0.083386,0.0050169,0.034403,0.0088489,0.00030239,0.015898,0.019753,0.013975,0.0047143,0.011126,0.013655,-0.0099922,0.0306,-18.332,3.4263,-0.0033,0.0016,0,0.03,320.29,45.74,16.436,10.176,38.31,16.635,0.00089786,7.1969,0.0124,2.9091,4.5153,12.35,2.0421,3.8063e+05,3.9885,5.3408,9.48,-1.6079,7.4084,9.5151,0.0153,4.515
1.4478,3.3128,5.3864,2.7725,4.0027,-0.80855,3.3369,6.2983,1.4489,10.659,0.7,1.7971,-0.4,-0.94115,3.1114,-3.4787,3.4555,2.7614,1.4166,1.4388,0.41506,-0.071472,2.0274,4.815,-1.6966,-1.0718,-1.8306,9.4001,14.568,3.4746,-4.3872,5.0794,76.811,75.49,1.8711,2.0839,0.68078,1.9836,1.1699,0.22304,1.4596,4.3378,2.5185,2.1833,1.502,2.5393,3.6443,0.37955,-16.638,1.5663,0.71417,1.1791,-0.10145,0.24176,0.42037,0.91094,0.62084,62.533,5.1,-0.14894,-0.17316,-1.0667,-0.2667,-0.2666,-26.756,-24.219,3.5093,-48.75,-23.173,-30.564,-4.9793,-36.589,-19.197,0.2862,-1.3486,0.34285,41.767,0.0667,-0.0666,5699,2.9825,-15.588,-40.47,2.6059,-135.88,56.87,-27.532,1.7894,3.8081,-0.018405,-8.3789,-3.4425,-7.0259,4.5909,1.0272,-0.0011758,1.0421,0.0020373,-0.0026028,-0.0074853,-0.0057172,8.7274e-05,-0.0083888,0.00022915,-0.0071111,-0.013007,-0.0032688,0.0039655,0.0077027,0.001787,-0.08023,-0.0041687,0.0013983,6.5773e-05,-0.00030161,-0.003548,0.0021674,-0.0037578,0.0021246,1.508,-0.0010784,-0.0054923,-2.9116,-0.0071525,0.011542,-0.016435,-0.0028446,17.717,-92.601,-89.299,0.69247,-2.9673,1.6699,2.3101,0.084651,0.14262,1.7663,1.0737,1.153,0.51569,2.0737,0.53303,1.6163,0.1367,0.04,0.0866,0.35,2.22,0.12,0.19,0.41,3.0233,1.73,0.13,0.31,2.18,0.2,-0.005403,5.368,3.2174,3.3349,4.9201,6.9882,5.5178,6.1429,3.5981,4.7007,5.7618,10.4,-4.7066,0.46888,-2.2925,-5.5368,635.74,-8.1919,6.0672,-8.9013,20.233,4.5851,2.1318,2.7048,7.8289,1.7663,10.114,2.6681,4.1266,25.189,90.7,15.907,-0.3,-0.1,-0.67989,-46511,0.1815,2.8067,9.1314,-2.6,0.0333,0.0040274,0.0039481,0.03,-0.0967,1.4167,3.95,-0.05567,-0.057776,0.002959,-0.024323,-0.0084043,-0.009157,-0.0055176,0.00058246,-0.0043686,-0.0049881,-0.0025749,-0.0042927,0.0054251,0.0060236,-0.015714,0.0634,-5.4588,2.5135,0.01,0.0016,0.09,0.1,-309.81,12.38,0.93245,9.4566,-11.805,-8.5061,0.00011039,1.155,0.0125,2.271,11.058,27.7,2.9517,3.8571e+05,4.5189,5.5996,11.05,-2.3552,-14.643,-15.97,0.1167,-7.6607
0.64094,2.1347,2.2519,2.4045,1.2035,-4.8397,-1.0701,-5.148,-3.2254,7.0075,0.5,1.4381,3.1,7.3868,0.48683,-0.6463,0.88615,2.2842,0.36064,0.39614,-1.7375,-5.2577,-6.6315,-4.0061,-6.3585,-4.7864,2.1493,-6.7993,-14.352,-3.1897,-12.374,-8.8487,75.753,74.884,1.9651,2.2322,0.35614,2.0269,1.5793,-0.77258,2.2665,6.2175,3.126,1.6827,0.048354,2.9054,3.9066,1.2074,-18.064,1.1299,0.50761,1.275,-0.32759,1.2548,0.76078,0.27194,1.7864,62.567,5.0333,-0.050335,-0.018796,-0.8,-0.0333,-0.1,8.0206,-3.5912,-6.5111,-4.0858,-7.7245,3.7868,-2.0092,5.6828,-14.252,2.7274,1.9362,2.5752,41.8,0.0333,-0.0334,5694,-14.429,-46.748,18.703,33.214,14.798,-26.02,-32.755,1.2474,-0.22699,-4.1639,-13.66,-3.949,-16.649,2.8033,-0.30596,-0.00077455,0.057182,-0.0026471,-0.0036811,-0.0072428,0.001078,-0.0015518,-0.011394,-0.0016752,-0.0025978,0.0050407,0.0054805,-0.0033546,-0.0053532,-0.0019109,-0.09105,0.0028262,-0.0014057,-0.0026082,-0.0021327,-0.0029293,0.0028836,-0.005277,3.8541e-05,-0.030272,0.00032785,-0.013615,-12.868,-0.017361,-0.0086249,-0.022965,-0.015865,-76.933,-57.848,-41.423,1.6223,3.9417,0.3682,-1.4852,-0.27326,-0.46274,-3.6746,-2.2164,-2.3366,1.9107,2.2258,1.984,-3.2624,0.16,0.1233,0.1334,0.4633,2.19,-0.05,-0.0934,0.1767,3.23,1.71,0.18,0.34,2.07,0.24,-2.3428,0.89151,3.4402,5.4152,5.8977,7.3755,6.5296,0.40153,5.9182,0.15719,0.33706,7.7,5.2519,-0.23129,-2.5155,6.1309,641.88,5.4705,4.5873,5.7564,18.059,2.371,4.2512,5.2635,5.9664,-6.2714,10.632,-2.3383,-8.3225,7.9558,91.3,-24.333,-0.2,-0.4,4.0292,7.6077e+05,-2.8477,-17.757,4.5727,0.3667,0.0334,-0.019698,-0.0194,0.0334,-0.0367,1.4267,3.8333,-0.038662,0.036742,-0.0024157,-0.025671,0.0089678,-0.010872,-0.0007064,0.00035762,-0.0040109,-0.0052548,-0.0049243,0.0039034,-0.051953,-0.067624,0.0082639,0.0068,-7.834,0.44985,0.0267,-0.0004,0.12,0.2,83.702,18.608,21.087,-16.212,-9.1269,5.951,-0.0010692,8.5575,0.0138,2.0534,-7.8964,47.11,4.4068,4.2006e+05,5.1125,5.5969,51.8,-29.717,8.2352,6.9919,0.0115,21.884
2.2593,3.0654,5.4703,2.4855,3.7402,-2.4451,1.994,-2.4959,-1.1435,13.287,0.3,3.681,1.4,-8.3258,5.0665,-0.95598,-0.40495,3.0624,2.4901,2.5419,1.4987,-2.0757,-1.7396,1.8978,-3.2667,-2.729,2.9187,1.9534,4.1311,1.881,-6.1156,3.8804,75.299,74.652,1.647,1.7319,0.097073,1.8626,0.29754,-0.67078,1.3884,3.5042,2.3286,1.7893,2.4586,1.6718,3.3442,1.5572,-25.241,1.3536,1.1819,2.0132,0.06462,1.491,0.13103,1.497,3.5251,62.833,4.9,-0.16757,0.01777,-0.0333,-0.3,0,-19.069,-7.0999,-30.165,8.1923,-20.962,4.4001,0.16785,-24.397,-2.8008,1.679,-0.68047,1.5573,41.833,-0.1,0.0667,5963,5.1796,-25.208,-15.812,12.55,-36.481,-1.6398,36.18,1.7701,1.273,-11.333,-14.361,-4.5672,-17.848,1.954,0.31757,0.0020648,-0.12581,-0.0024387,-0.00071555,-9.0317e-05,0.0013893,0.0022677,-0.0008758,0.002198,0.0038311,0.0037694,-0.012467,0.015542,-0.0034633,0.00048754,-0.015855,0.0016935,0.00034184,0.00108,0.0090017,0.004286,-0.0017068,0.012786,-0.0017885,-0.24848,-7.6623e-05,0.0026229,-7.7631,0.0030235,0.0078223,0.0092424,-0.0018205,-44.944,-131.53,-95.621,0.84147,-0.63881,0.99068,-1.5966,0.15782,0.09259,2.1797,0.93698,0.86182,-0.8468,-3.8547,-0.85508,0.40635,0.36,0.2867,0.1366,0.5767,1.92,-0.16,-0.0666,-0.1133,3.3867,1.82,0.16,0.29,1.63,0.27,-11.323,-17.789,8.1235,8.7172,6.1887,7.8016,5.6606,-6.0016,5.7572,-3.8469,-5.432,13.2,2.7214,-2.0592,-5.1216,3.4765,642.54,3.0267,1.7907,3.0822,19.856,1.8638,2.774,3.5619,1.9536,2.876,1.0479,-20.907,-23.424,11.485,91.6,14.498,-0.3,-0.3,1.3465,3.1718e+05,-0.30894,-3.2186,15.835,1.1666,-0.1334,-0.032953,-0.031838,-0.2134,-0.0733,1.0133,3.5667,0.024986,0.041447,0.0011327,0.0015503,-0.0010068,-0.00075814,-0.0016182,-0.00033582,-7.1057e-05,-0.0012045,-0.0005585,-0.0028939,-0.06135,-0.085914,0.0033982,0.0512,2.1768,-1.2862,0.0133,-0.0024,0.19,0.19,-123.55,6.4925,-20.855,26.818,-48.947,-31.971,0.00058905,3.9317,0.0129,-4.3244,-9.7606,-84.92,10.214,3.993e+05,3.2122,-1.6574,-47.33,30.483,-24.061,-18.416,0.1461,-4.2495
1.2457,2.5508,5.3349,1.8947,3.2803,-3.5071,1.4896,-4.303,2.3656,-1.635,0.1,-0.63999,-3,-1.5128,0.8001,1.4759,-0.29714,-0.26588,1.0986,1.2361,-1.6874,-2.3148,-1.3773,1.1041,-3.5505,-2.6442,-3.9648,0.60371,1.315,1.2571,-4.561,14.633,74.772,73.967,1.5004,1.6281,-0.59359,1.7896,-0.31784,-1.6387,1.1533,2.8571,2.9657,2.4271,0.81618,1.3657,2.5818,1.0113,-26.14,1.5505,0.80004,1.4306,0.31369,2.0113,0.75909,0.5786,0.54643,62.767,4.9333,0.11517,-0.086941,0.2333,0.1333,-0.1334,24.677,-3.2638,-2.9116,-25.824,14.061,-34.274,15.63,40.976,7.9071,1.5199,-0.38327,1.2058,41.833,-0.0333,-0.0333,5816,7.9898,50.636,9.6747,47.97,-66.822,16.554,-5.3956,0.071912,4.3528,-4.1262,6.2862,-5.4982,6.5184,0.42886,2.3892,0.00072355,2.6338,0.0085587,0.0094316,0.013065,-0.0023291,0.0015486,0.020883,0.0017746,-0.0039711,-0.0043464,0.00033438,0.00024162,-0.0012949,0.0024856,0.2066,-0.00071048,0.0021,0.0020733,-0.0032831,0.0047448,-0.0023436,0.0037155,0.0027336,3.1864,0.001361,0.017811,7.3317,0.0235,-0.01424,0.042635,0.034554,-26.891,157.79,123.36,0.4733,3.9923,2.2524,-1.8196,-1.7472,-2.104,-1.3056,-0.10875,-0.27931,1.0611,2.3722,1.2438,5.6041,0.3733,0.2567,-0.05,0.5667,1.7533,-0.15,-0.3367,-0.64,2.9133,1.84,0.14,0.31,1.5,0.3,-4.1733,6.3236,10.064,4.2884,5.0953,8.6779,5.7443,4.8999,4.7116,5.5346,5.0681,13.8,3.865,1.7121,1.978,4.2017,649.76,2.9912,6.5208,3.1207,15.122,5.4153,1.9157,2.5604,-15.562,9.6762,-9.6135,-26.323,1.0329,-25.784,92.4,-2.9696,0,-0.1,-0.41491,1192.4,-2.3987,21.838,2.666,-1.3333,0,0.036606,0.035354,-0.13,-0.1167,0.87,3.2167,0.1173,0.032283,0.0062863,0.049959,-0.00025105,0.019967,-0.00014165,0.0017666,0.010141,0.01281,0.0093717,0.0077004,0.085376,0.13827,0.0040018,-0.0242,-2.5728,2.3985,-0.0067,0.0018,0.01,0.18,28.189,-14.573,10.336,16.493,-10.812,19.582,0.0010103,6.2848,0.0136,2.8881,3.7185,36.14,6.6542,4.2037e+05,3.874,1.8996,22.81,-13.908,25.291,25.353,-0.1119,35.24
2.1717,2.5657,10.337,1.9452,0.6623,0.13926,3.1353,-1.4314,4.6236,-2.1372,0,1.8596,1.8,1.8085,1.9241,6.7099,5.0121,1.8981,2.4141,2.5002,0.91916,1.8323,1.765,1.9583,1.4743,1.4829,0.27825,8.2758,14.827,0.040319,-0.25707,11.522,74.996,73.951,2.0738,2.088,0.34547,2.2706,0.83126,-0.60542,1.9244,2.9159,2.7796,2.3643,3.6286,1.9968,3.4478,1.7343,-11.366,1.5397,1.9961,1.2626,0.30424,1.6684,2.1906,1.9907,1.4661,62.867,4.9,0.01445,-0.048444,-0.3333,0.1,-0.1333,-9.2599,19.6,9.0151,-14.249,-4.7263,4.332,25.775,-28.35,-9.4044,0.93729,0.88987,1.1726,41.9,0,0.0333,5875,-1.9538,-5.1658,13.381,-77.614,48.365,-4.7579,31.333,2.7546,3.6963,-2.2066,0.98334,-8.4347,-15.203,0.20978,1.6207,-0.00050613,1.3085,-0.0023901,-0.0046993,-0.0059568,-0.003841,-9.9278e-05,-0.0070003,-0.00020047,0.0006405,-0.007267,0.00022075,-0.01604,0.00011688,-0.0025868,-0.083899,0.0046714,0.001512,0.0010262,-0.0025057,-0.0061629,0.0015776,-0.0040696,-0.00056407,1.6943,-0.0013626,-0.0017782,3.6517,-0.0012249,0.011778,-0.0077345,0.00026128,149.83,-0.13378,-6.7797,0.35112,1.6634,0.27178,-0.72542,-0.16624,0.15508,0.032488,1.2411,1.5608,0.48173,1.1309,0.48352,2.5057,0.3967,0.2967,0.0367,0.5567,1.5633,-0.14,-0.2533,-0.41,2.6933,1.88,0.13,0.26,1.27,0.4,-9.0377,-0.87036,6.5615,4.5227,4.4054,1.1475,7.7415,4.5073,5.035,4.8408,4.5958,6.1,5.6418,3.1841,1.286,6.0236,656.5,5.0706,7.3655,5.4361,12.462,5.1641,1.6557,2.3645,4.5432,-4.8805,2.3022,-20.973,-35.609,5.1506,90.3,-11.773,0.2,0.1,0.10776,1.0843e+05,1.239,13.078,8.4219,-0.4333,0.1,-0.019208,-0.018741,-0.1166,-0.1,0.73,2.94,-0.038704,-0.0048116,-0.0075332,-0.028859,0.005966,-0.01046,-0.0014271,-5.849e-05,-0.0044701,-0.005871,-0.0046288,-0.0054182,0.023888,0.0076071,0.006203,0.0105,-14.328,0.54033,-0.01,0.0011,0.14,0.3,45.796,20.257,13.818,-4.3908,2.5823,25.825,0.00034844,6.5486,0.0138,9.546,11.465,23.16,8.3677,4.2864e+05,7.2036,6.3702,8.59,0.5703,16.311,17.425,-0.0567,24.249
2.5093,2.4475,5.7964,2.6215,0.13748,10.621,2.6725,-0.65334,1.4692,6.9112,0.3,1.0427,0.1,0.30522,1.5773,-1.4596,6.5959,2.4831,3.3897,3.1877,1.1049,1.3126,1.0163,-0.98642,1.2056,1.2567,4.9166,1.5684,-1.0718,-1.757,2.5633,-12.991,75.123,74.211,1.4247,1.7053,-0.26987,1.4655,1.1662,-0.60633,0.28644,3.9529,2.7721,1.5685,0.99686,2.0593,2.2147,1.3541,-0.61808,0.83599,-0.11961,0.034434,0.76187,0.38037,0.67563,-0.50139,0.71131,62.733,4.7667,-0.068759,-0.037367,-0.2667,-0.1666,0.0333,5.8264,-21.913,4.4325,-12.157,-16.537,1.627,21.213,-22.067,-14.221,0.18498,0.06183,0.93263,41.9,-0.0333,0.0333,5776,29.528,19.285,8.6071,109.21,-31.185,4.7579,51.754,3.8402,4.2732,8.1901,7.7736,-1.1982,11.587,2.6874,1.8393,-0.0010019,2.1276,0.0038535,0.0014389,0.0050674,0.0020277,-0.0015027,0.0066437,-0.0018861,0.00052757,0.0092455,-0.0053693,0.0072878,0.0021042,0.0051708,0.069685,-0.0055569,-0.00071265,-0.0018053,-0.0026618,-0.0019471,0.00032939,-0.0045991,-0.0036827,2.5312,-0.00058425,0.0039341,0,0.0040412,-0.0032976,-0.0088537,-0.0026311,22.434,40.358,35.029,0.86181,0.56101,-0.115,1.7639,1.667,2.5464,1.0423,2.4591,3.0038,2.0542,3.234,1.7162,1.8492,0.45,0.43,0.1267,0.7567,2.13,0.36,0.4733,0.3833,2.51,1.68,0.13,0.33,1.7,0.34,-23.992,-15.877,2.8498,3.4526,1.5192,3.5817,3.9208,5.1557,3.8371,4.435,4.9646,12.5,1.6957,1.2648,-1.2183,1.7624,655.31,0.51631,5.2234,0.4508,13.24,1.7846,3.7057,4.6432,14.655,-13.709,10.239,26.613,-22.245,8.7296,93.1,27.815,-0.1,0.2,0.96529,2.9869e+05,2.4791,-18.014,-4.121,-0.9,0.0334,-0.062559,-0.058545,0.4833,-0.02,1.16,3.36,-0.011885,-0.0034887,0.0057856,0.019692,-0.010482,0.0084797,0.0015608,-0.00146,0.0022641,0.0027752,0.0032564,-0.0020969,-0.0070718,-0.0043912,-0.010543,0.0032,-11.485,2.6248,-0.0133,0.0009,0.07,0.32,-26.167,3.5119,-1.3165,43.862,33.735,10.765,0.00021514,6.9754,0.0137,3.5964,-1.3384,-25.52,7.7787,4.2554e+05,4.1509,1.526,-13.52,10.686,4.3299,-1.0494,0.0054,6.4655
2.2563,3.1303,3.8011,2.7957,3.8881,-1.2457,6.9007,4.5861,5.6972,11.053,-0.1,0.037,-1.6,1.2932,1.0211,7.9509,4.2365,4.2268,2.3724,2.4545,0.56694,2.3371,-0.0040262,-2.9568,3.9537,4.4938,2.9464,0.46744,-1.702,-3.9891,5.0327,-19.686,75.476,74.629,1.5156,1.7067,1.0784,1.4199,2.1215,0.48514,2.0563,3.7398,2.1158,2.6588,0.33174,1.9308,2.018,1.2798,4.9181,0.65388,0.46029,0.24598,0.39303,0.99674,1.7617,-0.11151,1.4975,62.867,4.5667,-0.12487,-0.075487,-0.9667,-0.2667,-0.1666,2.3291,-21.054,-29.426,-25.707,-2.6145,-31.978,-50.228,-7.4029,-9.5796,1.8561,1.8774,1.3359,41.867,-0.0334,-0.1666,5765,-6.9079,-22.417,9.0506,-76.489,22.195,34.091,-56.346,1.2554,7.333,-1.9562,7.0971,-4.295,8.2062,-0.32402,2.1839,0.00068317,1.9669,-0.0023641,0.000616,0.0033094,0.0090946,-0.00024938,0.00035556,-0.00010035,0.0057337,0.0071754,0.019237,0.0027592,0.004586,-0.0033364,-0.0088149,-0.000282,-0.00055373,-0.0003619,0.0089008,0.0087448,-0.0015047,-0.0068229,0.0010585,2.664,0.00025719,0.0053551,8.8814,0.0066378,0.01818,0.016666,0.011867,41.342,18.228,19.114,0.51441,0.32811,-0.90887,0.098205,1.0153,0.4427,-1.3145,1.0301,0.59806,2.6786,4.2415,2.8164,-0.3095,0.7,0.59,0.15,0.8867,2.4433,0.36,0.15,0.02,2.2167,1.73,0.12,0.3,1.85,0.33,14.281,-9.095,5.5823,2.8266,1.6329,-3.4583,2.1285,3.6902,1.6201,3.5471,3.6523,3.1,7.3834,-0.53474,-4.7615,8.5935,662.51,8.4493,4.1967,8.8495,10.796,1.5107,4.9017,5.1818,2.6222,-4.6636,0.87807,14.771,-0.38682,-3.463,97.2,3.6431,0.2,0.1,-1.7956,-2.2744e+05,2.9317,-30.85,-2.4972,-0.8667,-0.1,0.15648,0.15379,0.3333,-0.11,1.2433,3.26,0.05907,0.0038402,-0.0052223,0.0016234,0.0008591,0.0010736,0.0029108,0.00024531,-0.00013946,0.0015888,0.00028514,-0.00031013,-0.01694,-0.0096255,-0.0059472,0.0304,-10.244,3.2211,-0.0167,-0.0002,0.15,0.22,53.694,38.632,20.77,-50.54,27.822,30.899,-0.0017212,3.3547,0.013,-0.99577,-5.9837,-57.74,5.3674,4.0755e+05,3.3276,1.8335,-29.58,22.64,23.484,21.638,-0.0957,15.216
1.7041,1.786,6.3152,0.4078,4.0643,3.6676,1.5668,4.9621,2.3476,-1.0813,0,1.534,2.2,-3.4944,1.1703,0.96106,3.5118,4.2817,2.0455,1.9135,1.7466,5.4538,6.6058,4.6726,5.1199,0.81755,6.0615,0.94797,1.5769,5.8176,10.812,20.556,76.463,75.191,1.4735,1.6726,0.93585,1.3832,2.0437,0.84758,1.081,3.1862,2.3237,1.5204,-1.186,2.0128,3.1829,1.3221,10.849,0.13162,0.37024,-1.1809,0.42937,-1.0918,0.9553,0.44584,1.7731,62.867,4.4,-0.14364,-0.051386,-0.7,-0.2333,-0.0667,-26.694,-12.017,-34.142,-18,-11.202,-15.563,-14.071,-45.206,-24.094,2.0893,-0.12309,2.1605,41.933,0.1334,0.1333,6115,-17.583,-57.778,-5.659,36.589,-19.8,-62.316,38.711,0.11846,0.91944,13.828,-2.0345,1.1073,27.281,1.1493,0.8831,-0.0009506,1.2575,0.0021608,-0.0024293,-0.012058,-0.0086891,0.00073233,-0.013796,0.00090836,-0.0078143,-0.013983,-0.0068264,-0.0058989,0.0025473,-0.0098239,-0.11828,-0.00061405,-0.0005144,0.00086276,-0.002396,-0.0071081,-0.0012156,0.014861,-0.0020131,0.71206,-0.0017413,-0.013483,3.8847,-0.017485,0.0056395,-0.014181,-0.01278,-35.913,-21.623,-29.569,0.76028,1.0974,1.5899,4.0136,1.9924,2.0263,1.873,-0.11134,-0.17626,2.5745,2.5141,2.479,-0.97915,0.95,0.89,0.3066,1.12,2.2633,-0.18,-0.16,-0.1633,2.2333,1.72,0.12,0.23,1.37,0.19,4.9899,3.0961,9.7481,4.9567,4.7126,-2.5262,0.69034,3.8666,2.3249,3.1037,3.6646,10.8,5.2524,2.8567,-1.425,5.6132,664.72,4.6605,7.0261,4.9875,9.7664,7.7734,2.4285,3.4032,-5.7795,12.56,-7.2821,-8.8454,12.384,6.5988,96.4,-21.159,-0.1,0,-0.76448,-43283,3.3131,31.001,3.7778,-0.7667,0.1,-0.051689,-0.053548,-0.1333,-0.06,0.86,2.85,-0.074471,-0.017367,-0.00074158,-0.024959,-0.0044664,-0.010809,-0.0020713,-0.0017884,-0.0058239,-0.007044,-0.0049178,0.0021531,0.0032418,0.0050769,-0.0011848,0.0829,-7.7912,1.5805,0.0067,0.0003,0.16,0.13,-54.822,-32.388,-15.313,50.145,5.6839,24.289,-0.0010614,2.6287,0.0129,7.702,10.56,6.29,6.6206,4.0682e+05,8.536,9.9391,3.61,7.3422,13.448,15.121,-0.0273,-2.2817
2.9048,2.2733,8.4548,1.4847,1.7459,7.3471,1.2016,5.9942,2.0601,-1.7176,0.2,0.19976,-0.5,0.8308,0.60238,2.6113,1.7226,2.708,3.7707,3.5668,-2.6502,-0.80446,-0.7492,-0.41509,-1.0521,-1.0777,-9.2843,-3.6721,-8.0152,0.56075,-1.5554,-6.0755,76.273,74.875,1.518,1.6785,1.2872,1.4394,2.0134,1.3972,1.1064,2.932,2.2358,1.5934,0.8543,1.9963,2.3727,1.2947,5.9027,0.50659,0.62623,-0.43374,0.29363,-0.23775,-0.15476,1.0754,1.5833,62.933,4.3,-0.087777,0.0052433,-0.7,0.0333,-0.2,-12.793,-1.1287,12.007,3.2129,-13.956,10.951,-16.863,-15.47,-3.9567,0.61846,2.7604,1.2805,41.967,-0.0667,0.1,6309,3.1728,-16.48,4.3039,-40.439,-9.6683,25.74,-8.0468,4.7304,3.7422,-4.3748,4.7521,2.2018,-25.975,2.6895,1.6247,1.6107e-05,2.2291,-0.00060748,0.0022426,0.0079317,0.00037598,-0.00091225,0.011802,-0.00067171,-0.00079319,-0.0025818,0.006305,-0.0028769,-0.0028655,0.0093314,0.097547,0.001939,0.00019029,-0.00083459,-0.0064497,0.0038885,-0.00086495,-0.0080549,0.0048632,1.8929,0.00099364,0.0028694,1.8597,0.0041605,-0.022548,0.00029582,-0.0012699,-26.557,-3.5573,-2.0451,1.406,4.1603,1.7529,0.3265,2.9701,3.4494,-5.4118,2.4881,2.9478,2.6438,7.8846,2.6235,1.2019,1.1533,1.0367,0.11,1.2433,2.2433,-0.11,-0.1467,-0.1634,2.09,1.64,0.09,0.21,1.21,0.2,5.8098,4.7472,5.7588,2.2079,1.914,2.0616,3.0874,2.811,2.6426,3.531,3.0016,7.4,5.8126,2.1568,-0.55127,6.3584,670.81,5.6225,6.3801,5.9901,9.1363,4.9171,4.3305,4.3641,-20.632,26.488,-9.2411,-0.27448,9.3635,-28.35,95.1,-2.6059,0.1,0,0.79814,3.0125e+05,-1.5849,-3.2675,-10.5,0.4667,-0.0334,0.014832,0.015018,0.0067,-0.1167,0.6633,2.5,0.0075325,0.027977,-0.0017916,0.012371,0.0062159,0.0053669,-0.0041105,0.0013903,0.0036145,0.0039287,0.0026471,0.0038305,0.0053972,0.0061963,-0.0057336,0.0418,18.114,4.3029,0,-0.0003,0.16,0.09,8.939,-17.593,5.8112,12.093,7.1611,15.932,0.0018955,7.4413,0.0141,3.5054,4.2013,65.29,5.2705,4.4185e+05,5.7094,6.0292,49.17,-27.773,11.761,10.703,-0.0199,-5.6171
3.8046,4.0797,12.581,2.5374,4.8436,6.0915,9.0889,13.219,8.8144,9.9989,0.1,2.7918,5,-1.6157,1.5507,10.916,12.27,2.2706,4.5597,4.5096,4.9581,7.2485,4.5167,5.2703,10.545,6.5321,11.081,5.0541,10.433,5.3249,4.6164,16.97,77.591,75.821,1.4426,1.6608,2.0404,1.1785,3.1032,2.814,0.7642,4.8393,1.6701,1.1006,0.56852,1.8185,1.379,1.7503,4.6602,0.90442,0.2264,-0.27733,0.59349,-0.9047,-0.61963,0.74921,-0.15345,62.7,4.1333,-0.058316,-0.085868,1.9,-0.2,-0.1667,8.0359,-13.043,-42.559,-34.457,-20.461,-7.9579,-8.8853,-5.9079,-28.002,3.9588,1.7955,3.245,41.933,0.1333,0.0333,6274,23.133,41.133,12.236,26.202,-3.6867,23.329,30.071,7.0666,9.2263,10.334,13.897,2.3576,23.065,1.5772,2.597,0.0018377,2.4709,-0.0034029,0.0015387,0.002798,0.0037789,0.0022758,0.0023016,0.0024129,0.0081676,0.0079898,-0.0098716,0.011101,-0.00068019,-0.0041801,0.039126,-0.0036554,-0.00024441,0.0030073,0.0090527,-0.00426,0.0063507,0.0086613,-0.0015167,3.1047,0.0010117,0.011344,3.4212,0.015124,0.0081798,0.00505,0.012061,-9.7641,67.349,53.638,-0.18698,-0.82377,0.99296,1.8065,2.2886,1.4698,3.1648,1.3182,0.55125,3.9719,1.6924,4.0247,0.44883,1.2033,1.2067,0.23,1.5533,2.37,0.04,-0.0933,-0.0633,1.9,1.55,0.15,0.35,1.16,0.17,-2.8002,9.5208,1.6915,0.71972,1.088,1.548,7.6741,2.6382,2.4238,6.8658,3.7624,14.1,7.7144,3.3357,1.0651,8.3606,681.1,8.6349,4.9567,9.1277,8.7935,1.3296,4.8214,4.8905,2.598,0.88398,9.9308,6.7343,5.4002,6.0218,98.4,-2.8451,0.3,0.4,-0.41673,1.0862e+05,5.1286,21.235,11.512,-0.1333,0.1334,-0.031675,-0.03181,0.2533,0.0033,0.8667,2.3567,0.018295,-0.020408,2.7606e-05,0.0186,-0.0053059,0.0078009,0.0053924,0.00044715,0.0035165,0.0038374,0.0038065,-0.0037945,0.0025211,-0.0029008,0.0085851,0.028,-21.982,3.3619,-0.0367,-0.0005,0.13,0.17,10.9,33.784,4.4622,14.712,43.968,25.364,0.00040997,2.0522,0.0252,7.8716,8.0149,698.3,5.8596,8.0053e+05,7.2282,8.222,499.08,-231.86,21.653,21.053,-0.0702,4.5358
3.7095,2.0165,3.8985,1.9966,1.1231,10.397,8.1348,9.5863,11.499,-3.2886,0.2,1.4419,1.9,-7.6599,1.1703,2.6617,0.34485,5.0607,4.2016,4.3879,1.8792,2.2575,2.1356,2.0653,2.9508,3.7798,-3.0875,5.484,7.6945,1.0538,1.3446,-0.31732,77.87,76.072,1.578,1.8535,2.3161,1.2398,3.6924,3.2186,0.81918,5.6008,2.0722,1.5671,0.18934,2.5424,0.74943,0.68882,8.9719,0.94114,0.035735,-0.010964,0.27696,-0.23843,-0.7759,0.37869,3.1457,62.867,4.0333,-0.0075318,-0.10801,-0.9666,-0.1667,-0.0333,19.838,-5.8819,-11.019,-44.21,-6.4282,-25.837,22.704,0,14.285,1.5503,1.9124,1.9626,42.067,-0.0333,0.1667,6695,18.932,61.443,16.078,-56.739,49.847,9.5067,61.32,-1.1027,3.2199,3.9987,5.1586,0.83675,3.6622,2.8757,2.651,0.0006996,2.4045,0.0044534,-0.001293,0.00060323,0.00040602,-8.3626e-05,0.00070219,-0.00035171,-0.0045663,0.008596,0.00074108,-0.00093224,0.00024227,0.01659,-0.027854,0.0031433,0.00017015,-0.0014066,-0.0060293,0.0012123,-0.0045499,-0.0013261,0.0065695,3.0978,0.0014165,-0.0059675,6.3536,-0.0082407,-0.0040122,0.0043655,-0.00047537,-2.2085,46.869,48.572,0.89482,2.5654,1.5038,-0.77432,-1.0009,-0.57516,-0.032541,2.2378,2.8393,-0.20671,2.4675,-0.029419,4.785,1.4467,1.56,0.3834,1.94,2.76,0.35,0.1867,0.2,1.71,1.51,0.18,0.38,1.2,0.27,-6.8438,5.5772,0.1642,-0.26287,-0.030366,-1.0768,2.1204,2.447,1.6644,0.86134,2.0243,9.5,0.070299,-1.3106,-6.3713,0.27239,673,-0.19905,0.87975,-0.33979,17.878,3.3155,4.9015,5.1668,-12.707,17.021,-16.086,-16.624,19.008,-2.0815,98.9,15.282,0,0,1.4039,4.2855e+05,1.5943,0.3273,-1.0621,-1.2,0.0666,-0.017357,-0.017054,0.4667,0.1133,1.09,2.3,0.014484,0.0063011,0.013494,-0.0051541,0.0055583,-0.00094595,0.003062,0.00067849,-6.7236e-05,0.0007372,-0.00053295,0.0048877,-0.0057993,-0.009333,-0.009124,0.085,-19.839,5.6644,0.0067,-0.0004,0.46,0.38,17.874,-26.654,25.974,20.573,2.7224,28.3,-0.00092351,1.7021,0.0121,-2.2879,-1.2218,-811.89,2.4659,3.8427e+05,1.1031,0.11356,-578.15,296.04,19.127,21.222,-0.0517,2.5971
2.6656,3.1133,6.8343,2.6546,2.721,-1.1036,4.2991,2.4118,6.044,-1.7227,0.1,2.8509,3.5,0.82363,2.4781,1.8875,-0.085653,3.5133,2.9144,2.9854,2.6092,4.4697,1.3837,0.47996,7.8322,3.1669,8.0584,-4.3593,-8.844,1.8834,0.7766,7.3675,78.479,76.357,1.7809,1.9443,2.3344,1.5048,3.4972,3.1256,1.0146,4.8441,1.5867,1.9191,2.7822,2.4307,1.4045,1.3284,10.434,1.0936,0.86263,0.35992,-0.47393,-0.095399,1.7565,0.72868,1.6176,62.933,3.9333,-0.054311,-0.038946,-1.6334,0.0667,-0.1333,-38.386,6.2253,5.1124,-17.082,-17.02,8.4156,18.091,-40.801,-13.521,1.2711,1.2661,1.8023,42.133,0.1,0,7098,-14.905,-64.491,-7.6604,65.341,-62.387,-6.5248,-52.684,1.2614,4.6389,7.7188,3.7997,4.8879,1.9098,0.42374,2.2119,-0.00029677,3.1824,0.00063745,0.0037873,-0.0027115,0.00046728,-0.00035253,-0.0043297,-0.00022192,0.0035645,0.0043515,-0.00049622,-0.011395,0.0016552,-0.0077981,-0.033726,0.00028531,-0.00053662,0.0015403,0.0072859,-0.0017839,0.0027307,-0.0046978,-0.0036116,2.4939,-0.00037712,-0.0031856,7.441,-0.0054992,-0.0037026,0.0033312,-0.00062274,-44.186,31.94,29.183,1.1631,0.64412,-0.089768,-5.663,-0.89723,-0.51532,1.3401,1.1142,1.7127,-0.051694,-4.8297,0.16178,7.9947,1.7367,1.84,0.2666,2.25,2.92,0.27,0.19,0.3067,1.8567,1.62,0.16,0.41,1.08,0.34,-17.69,3.3938,-0.44714,2.2194,1.7077,9.0636,5.4381,2.6168,0.10271,-2.1166,1.3623,9.2,3.472,1.4538,-2.0595,3.766,673.42,2.5133,6.3359,2.539,13.875,5.2943,1.4706,2.4024,10.018,-12.093,15.396,3.0914,-8.8912,8.076,98.3,-4.0719,0,-0.2,-1.0607,-10653,2.0058,10.622,3.6651,-2.0667,0.1667,-0.054122,-0.051358,0.23,0.1033,1.03,2.2,-0.024293,-0.01352,-0.00011073,-0.0094793,-0.0018825,-0.0036943,-0.00077549,-0.000354,-0.0017132,-0.0027185,-0.0014793,-0.0047281,0.0025871,0.0055922,-0.0058989,0.0843,-9.4263,2.4698,-0.0133,0.0001,0.35,0.45,-17.874,9.7735,10.745,-48.567,0.26193,5.5903,0.00035319,3.5511,0.0125,10.194,11.446,42.69,3.9412,3.9899e+05,5.6636,6.9134,24.31,-11.097,-4.3299,-2.4115,0.0571,-20.797
2.0953,2.6238,3.1185,2.5408,2.6444,9.7385,0.78459,5.9076,2.6007,-5.533,0.4,2.4929,4.5,8.256,1.3644,-5.384,7.7101,3.2669,2.2982,2.2489,3.9617,5.0269,2.9547,0.93337,8.4951,3.751,4.0008,7.2633,9.3965,-0.91771,8.0919,-7.3916,79.105,76.888,1.5291,1.6594,1.9647,1.3165,2.8452,2.6335,0.84353,4.0955,1.8789,2.0649,0.56351,1.8324,1.914,0.20573,5.6609,0.59393,0.79554,-1.3334,1.9995,0.95305,0.95253,0.70895,0.75504,62.8,3.7667,-0.17974,0.003043,0.1,-0.2333,-0.1334,-7.8459,-37.987,14.816,1.4846,-23.044,-26.303,-1.952,-11.528,-30.433,2.1013,3.6474,1.7513,42.133,-0.0333,-0.1,7286,-7.6659,2.2879,-15.672,-21.115,36.499,-3.6237,-22.361,2.5932,2.57,4.9997,7.7734,3.9907,-5.5825,4.0398,1.5514,-0.002053,1.833,-0.0023276,-0.00592,-0.0030312,-0.00067239,-0.0010213,-0.0042415,-0.0010336,0.0055597,-0.015935,0.0037312,0.00042041,-0.00080678,-0.022287,0.01065,-0.0056702,-0.00039914,-0.0029192,-8.5596e-05,0.0030941,-0.0036693,-0.00095962,0.0011543,1.6185,-0.0020427,-0.00052278,2.3626,-0.0014121,-0.0013201,-0.0074721,-0.0068241,18.259,10.003,8.5605,1.6628,3.217,0.22272,1.483,2.8438,2.4833,0.3161,0.54652,0.14646,4.4251,3.2568,4.3907,-2.4463,1.9233,2.04,0.1934,2.4667,2.9267,0.03,-0.0267,0.0366,1.8867,1.64,0.16,0.43,0.89,0.16,-12.248,-3.5832,1.1852,1.8571,0.34109,5.3804,2.1467,3.9145,1.6678,5.8021,4.4135,9.7,5.483,3.3044,0.037556,5.7984,677.7,6.2006,3.3421,6.4509,12.679,3.3698,0.97737,1.1439,8.707,-9.8829,-0.60948,8.7089,-17.384,4.9889,98.1,-2.2985,-0.2,0.2,0.60251,2.1993e+05,3.5597,-14.007,0.947,1.5667,-0.1667,0.021236,0.019723,0.0466,0.1167,0.89,1.9867,-0.01948,-0.079585,-0.029859,-0.0027018,-0.0048303,-0.0038302,-0.00035235,-0.0013518,-0.0026643,-0.0026579,-0.0019395,0.0010615,0.01048,0.0055285,0.014109,0.0823,-12.563,4.9064,0.0033,0.0001,0.02,0.28,-27.828,-21.244,-14.926,-9.6487,4.9164,27.253,-0.00032295,12.594,0.0131,-4.1218,-20.409,-30.26,2.4136,4.0601e+05,0.60738,-0.70348,5.35,-4.5645,21.298,23.855,-0.0541,6.075
1.3111,1.5499,2.4408,1.1098,2.5604,3.8334,2.6055,9.1544,4.8648,-5.396,0.5,-0.89525,1.9,-0.059525,-2.5474,2.8091,4.0084,2.7164,1.4142,1.441,1.5647,3.7926,3.5108,2.4148,4.4855,4.4786,-0.11912,3.4282,5.5145,2.1152,5.1686,18.624,79.441,76.985,1.3372,1.5278,1.8716,1.1559,2.4555,2.3837,1.0099,3.4593,1.9486,2.1313,1.7792,1.8557,1.0675,0.77626,2.5305,0.43403,0.26088,-1.5143,1.0358,1.0458,-0.64335,0.43212,1.6626,62.9,3.8333,0.084267,-0.035574,0.4,0.0333,0.0334,6.9677,25.225,-25.853,-15.613,1.6246,26.642,-34.02,20.962,10.117,0.78961,0.64264,0.66056,42.067,-0.0667,0,7350,-21.305,-13.534,4.2057,-55.232,-42.92,5.529,-50.257,1.8885,1.3051,-7.2937,-5.3497,0.066013,-6.9737,4.5986,1.4279,0.00098972,1.7599,-0.0017415,0.00073358,-0.002167,0.00049205,0.00050521,-0.0035525,0.00010795,-0.00701,0.01593,0.001086,-0.0070339,-0.0005522,0.019673,-0.055683,0.0018065,0.001269,0.001336,0.0021634,-0.0027094,0.001164,-0.0023668,-0.0029097,1.5599,0.00067242,-0.0034338,-2.2311,-0.0039936,0.02654,-0.020133,-0.010405,94.291,-68.374,-68.223,1.8803,2.3429,2.2178,2.0429,0.50019,0.26368,0.92255,0.7526,0.6528,0.8646,2.3781,0.99862,1.902,2.22,2.3167,0.25,2.67,3.0333,0.21,0.2167,0.3267,2.1067,1.74,0.13,0.35,0.72,0.22,-15.357,-3.6634,2.1699,1.087,-0.12949,8.9358,2.9131,3.608,1.3452,3.2613,3.5162,14,-13.389,1.4001,-1.3163,-15.569,647.41,-19.03,3.0396,-20.536,23.258,-0.27021,0.46829,0.74697,5.9216,-7.7072,4.85,4.333,-5.4376,4.4132,98.1,24.38,-0.1,-0.1,1.3615,3.4999e+05,1.5299,31.917,2.3378,-1.2667,-0.1,-0.01649,-0.015259,0.0634,0.0967,0.6567,1.9067,0.019501,0.044186,0.020596,-0.0072993,0.0031065,-0.00060386,0.0021906,0.00019463,-4.7496e-05,-0.00034917,-0.00045253,0.0024161,-0.0028882,-0.0021272,-0.0015606,-0.01,8.1457,5.6768,0.0167,0.0008,0.34,0.32,25.671,-33.352,8.5131,7.6576,-12.331,-34.985,0.00025141,-10.914,0.013,2.4407,26.984,69.6,9.4766,4.2475e+05,4.9888,1.688,14.48,-8.5663,-22.952,-23.323,0.1617,-39.329
2.89,1.8302,0.96398,1.5379,3.2425,3.8114,2.8153,1.9731,4.0873,-1.7685,0.5,2.4447,1.3,3.281,3.1127,1.8204,-2.1003,3.277,3.7513,3.5467,-1.7617,-1.9528,-2.5308,-3.9626,-1.8772,-3.1184,-3.5148,-12.045,-18.885,-1.5846,-1.8193,-11.509,78.621,76.396,1.2014,1.3601,1.4474,1.1226,1.6858,1.8074,0.83963,2.1402,2.1565,1.6141,-1.6385,1.0538,2.4178,0.82028,1.2593,0.37578,0.30217,-1.1999,1.151,0.71145,-0.43808,0.48673,0.58639,63.1,3.8667,0.021922,-0.0049971,0.4334,0.0333,0,24.065,-8.1606,4.0082,-1.8533,5.5662,-9.6539,29.428,11.379,4.3398,-0.024986,-3.0994,0.078481,41.767,0,-0.0667,7311,9.4122,-3.9526,2.847,-34.961,3.8648,23.18,3.2465,4.8822,2.1805,1.1267,-0.78405,-2.0065,7.7864,4.2457,0.56165,-0.0016315,1.2144,0.0037612,-0.0026339,-0.0013842,0.0016012,-0.0025192,-0.0028877,-0.0020834,-0.0023222,0.0029207,0.00072315,0.010727,0.0059589,0.0011503,-0.046167,-1.0112e-05,-0.00053944,-0.00068958,-0.014141,0.00057863,0.0057502,-0.013383,-0.0003683,0.70793,0.00057757,-0.0084686,-5.8327,-0.012011,-0.016586,-0.01177,-0.015762,-82.809,-41.125,-31.163,2.2127,-0.20105,1.3713,5.8019,7.4472,7.5683,1.3396,3.6711,3.5715,4.8932,5.3565,4.6729,-5.3551,2.4033,2.3867,-0.0034,2.54,2.6533,-0.41,-0.2967,-0.17,2.3167,1.71,0.06,0.15,0.27,0.13,-13.051,10.239,1.4551,4.4495,4.1488,9.0649,2.8878,4.38,1.8199,1.3195,3.5724,1.6,18.04,-1.2074,-4.4844,20.86,676.51,21.699,7.489,22.988,15.081,3.1274,-0.19506,0.1658,0.014613,-2.0031,0.60214,-9.2282,5.2228,2.354,94.5,13.386,-0.1,-0.3,-0.76782,21009,-1.8404,-22.046,1.9903,-0.4,-0.0666,0.0099764,0.0092878,-0.41,-0.0133,0.0667,1.43,-0.062943,0.029123,0.0002727,-0.019727,0.0023325,-0.0051899,0.0029897,6.6484e-05,-0.0031927,-0.0035517,-0.0025518,-0.0040503,-0.001461,-0.0053181,0.022356,-0.014,3.4535,6.8919,0.0266,0.0002,-0.02,0.12,58.248,38.411,-6.7162,-19.217,-17.344,7.0616,-8.82e-05,24.546,0.0135,8.3356,-13.162,-45.41,4.5693,4.1936e+05,5.6185,6.3961,-4.66,9.6699,4.4443,4.6744,0.0233,-13.451
1.4801,3.638,11.959,1.9259,5.1144,-5.9454,-0.43263,-3.9089,0.036464,-2.158,0.2,4.9052,9.2,0.84891,2.5274,-4.5549,1.7337,-0.9619,1.2106,1.2877,-3.1762,-2.2778,-3.4839,-3.3885,-1.0902,-3.8343,-4.8271,0.41513,3.3889,-4.5056,-5.7285,-9.8695,77.751,75.507,1.103,1.1483,-0.20793,1.1689,0.69768,-0.54635,0.36329,2.6459,2.4607,1.7756,1.872,1.4531,0.76772,1.8848,-3.2462,-0.08187,0.84603,-1.435,0.48032,1.5607,0.46383,0.84347,0.35448,62.9,3.6667,-0.2092,0.029409,-0.9,-0.1333,-0.2,-51.416,-11.146,-60.48,14.193,-23.132,-14.106,4.9181,-42.288,-20.239,-0.90055,-0.86627,-0.74262,41.567,-0.0667,-0.2,7256,17.125,61.717,-0.70984,66.317,21.222,-3.2016,35.343,-1.2789,7.3094,-19.071,0.28132,-5.2629,-43.218,1.6594,2.5013,0.0023366,2.4464,-0.001946,0.0063285,0.0089889,-0.00094718,0.0029764,0.01407,0.0024946,0.0085187,-0.011665,-0.011101,0.013674,-0.0059855,-0.01625,0.14445,0.004738,6.1071e-06,0.00072604,0.010913,0.00037071,-0.0026672,0.018772,-0.0021567,3.4413,0.0010738,0.019027,3.3246,0.027535,-0.002858,0.026663,0.016754,-122.68,40.052,32.541,1.4763,1.4458,0.47959,-1.5698,-1.6154,-1.351,-2.3148,1.9546,2.1861,-0.54755,3.7333,-0.58114,7.7099,2.3967,2.3,-0.16,2.2533,2.3333,-0.36,-0.2367,-0.3733,2.2633,1.67,-0.02,-0.05,0.03,0.1,-14.538,12.859,3.2346,2.3711,2.9394,-1.4098,4.2601,2.4866,1.5563,1.8367,2.3157,4.9,4.938,2.1845,3.1464,5.3288,687.23,5.191,4.1943,5.3709,15.718,4.5743,0.23406,0.4763,3.1946,-4.0721,2.0804,-1.0462,-5.4095,2.4898,98.5,-25.596,-0.2,-0.1,-1.071,-1.3012e+05,-3.3161,-11.941,-6.7618,1.4333,-0.2,-0.0037492,-0.0035555,-0.35,-0.0967,-0.2833,1.1967,0.039239,-0.018613,-0.0031325,0.045272,0.0015186,0.014901,-0.0027563,0.0017255,0.0087042,0.0095112,0.0073349,0.0026701,0.0030659,0.0056292,-0.0058948,0.0496,-5.0394,2.9022,0,0.0009,-0.12,0.01,-56.092,-13.883,1.7888,23.979,7.7498,28.029,0.00097351,4.858,0.0132,9.4207,9.4423,-9.02,1.1367,4.0595e+05,4.8258,7.5316,-9.3,14.141,22.96,23.706,-0.0731,5.4632
2.5396,2.6724,6.1485,2.0281,3.0359,1.833,2.418,-1.6935,1.8493,4.4746,0.2,2.1099,4.8,-1.7257,0.55153,0.81137,0.4519,2.0899,2.8413,2.8518,0.90789,1.1215,0.5322,0.88194,1.6163,-0.17332,1.2975,3.6357,6.858,0.063623,-0.10526,2.5299,77.565,75.374,1.4169,1.3766,-0.10401,1.6158,0.19007,-0.38123,0.36297,1.5117,2.7647,2.0566,2.0956,1.5542,1.7562,1.3796,-8.2326,0.41399,1.6455,-0.63343,0.031701,2.8691,3.1552,0.86912,2.5013,63.133,3.6,0.018227,-0.074866,-0.0667,-0.0333,-0.0667,18.525,-2.6861,53.627,-35.929,-5.1148,-26.409,1.4637,30.465,-24.132,2.6743,1.434,2.5896,41.5,-0.0333,-0.0333,7149,9.7476,-14.207,32.446,14.037,56.591,8.7435,-8.1156,4.1626,4.3468,6.2739,-1.4096,-4.5032,6.7779,1.8397,1.3901,-0.00062696,1.4983,-0.0019301,-0.0046236,-0.0066764,-0.0019727,-0.001006,-0.0090898,-0.0010465,-0.0044946,0.0018064,0.00403,-0.013462,-0.0013506,0.021609,-0.095215,-0.0019386,-0.00070325,0.00028897,-0.0060579,-0.0018949,-0.0025115,-0.0067972,0.0045871,1.2798,-0.00035944,-0.017203,-3.8591,-0.023635,-0.0022163,-0.01704,-0.013121,-38.715,-22.965,-25.428,1.8081,-0.66326,1.3162,-3.7492,-1.9717,-1.94,-0.52298,0.25199,0.17732,-0.31013,-1.4178,-0.41664,2.8285,2.19,1.98,-0.3666,1.8433,1.7967,-0.35,-0.4933,-0.5767,2.2233,1.87,-0.06,-0.14,-0.18,0.12,-4.2075,26.023,5.4395,5.605,8.394,2.3888,4.5164,2.8338,1.5901,3.1739,2.9232,5,1.8315,2.3461,0.25623,1.7587,686.66,1.629,2.427,1.6028,17.451,3.2197,-1.1325,-0.16561,0.91944,-4.3658,-6.6796,-9.4116,-16.617,-5.1163,93.8,34.469,-0.2,-0.2,2.2229,5.6258e+05,0.70811,4.5882,-0.40317,-1.6333,0,0.04174,0.039722,-0.4867,-0.21,-0.5633,0.91,-0.01444,0.010185,0.0051197,-0.034063,0.0043162,-0.012275,-0.0019548,-0.0014935,-0.0062884,-0.0069567,-0.0063278,-0.0022255,-0.00087799,0.0040749,0.0018996,-0.0057,-7.274,0.4193,0,0.0009,-0.3,-0.09,54.218,-1.4896,39.258,27.807,-2.8707,9.5738,-0.0011138,4.1837,0.0129,6.0419,8.5813,-5.93,4.6157,3.9882e+05,5.3915,5.9551,-7.95,11.698,10.367,10.371,-0.0106,1.7048
2.3381,1.5708,3.0708,2.0278,-0.75233,-3.7778,0.97314,-1.6788,-0.34666,5.6486,0,2.3735,4,5.2013,1.4408,3.3424,-7.8142,1.8508,2.7789,2.7632,-0.20962,0.37289,0.6051,1.3958,0.14522,-2.3316,1.3444,-6.8661,-11.777,3.8256,-0.51841,12.153,77.244,75.017,1.6299,1.7337,-0.60377,1.8808,0.076001,-1.6451,1.1426,2.0186,2.4343,2.0612,2.1771,1.4859,4.349,0.47384,-8.2169,1.1147,1.0404,0.40616,0.47292,-0.46893,2.4454,0.83076,1.6205,63.233,3.6,-0.0047811,-0.013979,0.4,-0.1667,0.0667,-9.2212,-10.544,-4.9897,-6.0383,3.3685,-4.0078,-6.5468,-8.5349,6.4208,1.4048,0.50687,1.2195,41.4,-0.0667,-0.1,6885,42.682,71.515,17.935,46.261,-17.253,36.423,75.652,0.34833,2.0522,-6.8259,-2.0199,-2.0958,-18.547,0.49939,1.5265,-0.0013518,1.3724,-0.0018889,0.00041729,0.0028463,-0.0023839,-0.00080275,0.0055722,-0.00017601,-0.0036993,-0.0092668,0.0031287,0.0010557,0.0023354,-0.024174,0.051135,0.0054993,0.00014486,0.0010443,0.0063515,0.0076106,-0.0034409,-0.0041558,-0.0030841,2.5959,-0.0013987,0.012288,-1.138,0.017436,0.021495,0.0032579,0.013294,32.47,-10.381,2.7838,1.7558,1.5457,1.3532,2.7225,0.8998,0.69607,-0.7187,1.5566,1.3606,1.6992,5.8035,1.7069,0.56259,1.6433,1.5767,-0.3467,1.5767,1.7933,0.04,-0.0733,-0.1067,2.12,1.91,-0.01,0,0.22,0.23,7.9543,18.645,5.5842,5.5208,7.741,-0.78019,4.9919,3.2242,4.3316,-0.031649,2.3705,1.7,9.8216,2.6699,0.81909,10.824,702.24,12.543,1.7198,13.306,13.792,2.33,2.3591,2.8882,-0.58979,-1.5502,1.4985,5.0374,17.549,-0.24239,97.2,-27.031,0,-0.5,1.212,3.5747e+05,-0.47601,22.588,-3.235,-0.6333,-0.2,0.063563,0.063941,-0.0133,-0.0667,-0.03,1.3833,0.045288,-0.0024853,-0.018395,0.019195,0.0035031,0.0074886,-0.0054217,0.00086569,0.0034157,0.0055213,0.0032593,0.00035677,-0.0034452,-0.0040873,-0.0053995,-0.0437,7.9149,-0.79462,0,0.0004,-0.3,0.16,42.707,44.451,7.8329,14.81,32.102,18.328,-0.00059443,12.892,0.0133,-4.612,-20.654,-41.18,2.7966,3.9994e+05,1.7349,0.96345,-0.99,1.684,16.923,16.631,-0.0445,14.274
