0.0064301,0.0094101,-0.0034229,0.014303,1.0341,-0.3,0.0061683,40,0.004662,-0.0030166,0.012233,-0.00024978,2.8,7.3902,0.025062,0.0012095,0.81,1.19,2.05,70.2
0.0064941,-0.0036395,0.019922,0.021077,1.5153,-0.4,0.0057742,40.2,0.0046404,0,-0.01833,0.0013047,2.96,7.3715,0.016599,0.0013501,0.76,1.16,1.9,66.9
0.0057631,0.012005,0.0067973,0.01495,0.9237,-0.1,0.0042855,40.3,0.0046189,0.0030075,0.012195,-0.0014307,2.9,7.3119,0.014949,-0.00071035,1.06,1.41,2.06,69.9
0.0031024,0.0037083,-5.1523e-05,0.0011444,-0.1473,-0.1,0.0024433,40.2,0,-0.006015,-0.0030627,0.0022926,3.39,7.3152,-0.0086641,-0.00071086,0.68,0.95,1.65,64.2
-0.00058921,-0.0034269,0.01211,-0.024238,-1.7888,0.1,0.0022887,39.9,0,-9.0725e-06,-0.012167,-0.00074908,3.47,7.3441,0.038913,-0.00028448,0.92,0.93,1.61,61.3
-0.0056366,0.0060033,-0.052446,-0.034465,-3.5122,0.1,-0.0087363,40,0,-9.1274e-06,-8.4172e-05,-0.00068269,3.5,7.2654,-0.0057076,-0.00078275,0.92,0.93,1.59,54.4
0.00072136,0.010018,0.014619,-0.0012091,-0.4187,0.3,0.0017234,40,0,0.015074,0.024531,0.0012291,3.76,7.3395,-0.040366,-0.0020666,1.24,0.92,1.42,43.7
0.0012801,-0.0068351,0.0015992,-0.0072902,-0.8952,0.2,-0.001311,39.6,0,-0.021071,-0.006237,-0.00025246,3.98,7.2116,-0.00087681,0.00092692,0.82,0.55,1.3,50
0.0075948,-0.00044618,-0.036722,0.0060751,0.3514,0.1,0.0051593,39.6,0,0.0059969,0.011788,-0.0017829,4,7.2556,0.004027,-0.0012837,0.81,0.53,1.26,51.1
0.010195,-0.0011163,0.049659,0.059983,5.0631,-0.5,0.010018,40,0.01373,0.0030257,-0.026782,0.00055115,3.99,7.3784,0.031476,-0.0015354,1.15,0.7,1.29,62.8
0.0031941,0.0027885,0.016956,0.025917,1.9934,-0.1,0.0018442,40.1,0.0090498,0.0030257,0.020645,-0.0017162,3.99,7.2862,-0.017594,0.00050016,1.04,0.73,1.35,65.4
0.0011425,0.0043345,0.014371,-0.008937,-0.9508,-0.4,0.0043939,39.7,0.0044944,-0.0030257,-0.011808,0.001593,3.97,7.3152,-0.039545,0.0012493,0.69,0.52,1.37,52.5
0.0019088,0.014041,-0.028026,-0.0090175,-1.3687,0.6,-0.0010829,39.5,0.0044743,0.0090226,-0.0058394,-0.00049056,3.84,7.0112,-0.013719,0.00092705,0.18,0.41,1.41,52.2
0.0034187,0.015355,0.0098265,-0.0079624,-0.9828,-0.2,0.0065711,39.8,-0.0044743,-0.0090226,-8.5497e-06,0.0031143,3.92,7.1616,0.012822,0.0012822,0.12,0.36,1.28,52
0.0024005,-0.020343,-0.031531,-0.0011415,-0.7882,-0.1,-0.0061855,39.6,0.0044743,0,0.0029283,-0.0026292,3.85,7.1476,-0.0091934,-0.0012465,0.36,0.5,1.43,45.8
0.00078854,-0.00021983,0.0085858,-0.012651,-1.2475,0.3,-0.0023341,39.5,0,0,0.0029283,-0.00060975,3.32,7.1285,0.036277,-0.0011767,0.04,0.83,1.94,49.2
0.001829,0.0020316,-0.0068563,-0.003476,-0.4961,0.1,-0.0007731,39.6,0.0044544,0.0029895,-0.0029283,0.0013379,3.23,7.0876,-0.025112,0.0020317,-0.03,0.67,1.99,45.7
-0.0016273,-0.00098782,-0.0012458,-0.0011657,-0.677,0.1,-0.00062628,39.4,0.0044346,-0.0059791,0,-6.3781e-05,2.98,7.2034,0.011927,0.00064073,-0.03,0.82,2.1,55.6
0.001273,0.0047654,0.016061,-0.010518,-1.1318,-0.1,-0.0008295,39.1,0,0.0029895,0,-0.0010938,2.6,7.0003,-0.030545,0.00088922,0.47,1.2,2.41,50.5
0.0029514,0.0048516,-0.019054,-0.001175,-0.39,0.6,-0.0015687,39.4,0.004415,0.0089419,0.0029197,0.00054491,2.47,7.1277,-0.019901,-0.00039116,0.57,1.42,2.64,50.1
-0.0042403,-0.0034864,-0.0097952,-0.014218,-1.7563,0,-0.0033487,39,-0.004415,-0.0089419,-0.029509,0.0021743,2.44,7.1277,0.031871,0.00071109,0.64,1.49,2.64,48.2
-0.0046308,-0.012354,0.0078129,-0.019279,-1.5167,0.5,-0.0040667,38,0,-0.0029718,0.014541,-0.0030843,1.98,6.9689,0.023694,-0.002206,0.88,1.86,3.12,47.5
0.0089821,0.0024831,-0.03608,0.001215,-0.1462,0,-0.0010984,39.2,0.004415,0.0029718,-0.009392,-0.00012074,1.45,7.0758,0.050131,-0.00035626,1.36,2.39,3.65,47.2
0.0038169,0.0036857,0.012134,-0.001215,-0.5975,0.3,-0.0023499,39.2,0.0043956,0.0029718,0.02144,0.00084438,2.54,7.1115,0.040206,-0.0023188,0.39,1.24,2.53,48.7
0.0040643,0.012333,0.023524,0.0060649,0.3517,0,0.0019027,39.1,0,-0.0059435,0.0030912,-0.0015078,2.02,7.1793,0.030884,-0.00085754,0.86,1.72,3,55.2
0.0021696,0.000488,-0.029094,0.020348,1.5192,0.1,-0.00059654,39.1,0.0043764,-0.0029984,-9.526e-06,-6.065e-05,1.49,7.0613,0.026319,0.00021445,1.39,2.29,3.52,67.7
0.007748,0.0060531,0.028427,0.015284,0.9731,0.1,0.0029605,39.3,0.0043573,0.0029717,0.018228,0.0011465,1.98,7.1131,0.010126,-0.0014664,0.89,1.73,3.03,64.8
0.0093714,0.0024218,0.017912,0.013905,0.9681,-0.2,0.0035448,39.6,0.0043384,0.0029985,-0.015304,-6.0588e-05,1.73,7.2313,-0.013321,-0.0015044,1.33,2.15,3.3,64
0.002846,-0.0030146,-0.020052,0.011443,0.7846,0.1,0.0027012,39.7,0,0,0.0029359,0.0016858,1.17,7.1967,-0.0027468,-0.00086065,1.75,2.75,3.92,64.5
0.00055066,0.0036057,0.035332,0.0090584,0.8696,-0.4,0.0032282,39.7,0.0043197,0.0029985,-0.0089419,-0.0013263,2,7.1793,0.035281,0.0055453,1.06,2.04,3.11,62.9
0.0012245,0.0055179,0.005875,-0.0011273,-0.8221,0.1,0.0016561,39.2,0,-0.005997,0.002963,0.00029956,1.88,7.2647,-0.007849,0.0033125,1.18,2.1,3.24,69.5
0.0098622,0.0062843,-0.0016659,0.019006,1.3966,-0.2,0.0024607,40,0.0085837,0.0029985,-0.020874,-0.0012616,2.26,7.2549,0.010942,0.0011373,0.79,1.66,2.87,68.3
0.0089081,0.009616,0.015843,0.015383,1.213,-0.4,0.0040269,40.2,0.0042644,0.0029985,0.011869,0.00018015,2.61,7.2335,0.044298,-0.00017761,0.46,1.33,2.5,65.1
0.0059423,0.0069168,0.0007757,0.0086887,0.8383,-0.1,0.002372,39.7,0,-0.0029985,0.009068,0.00024015,2.33,7.2189,0.0092425,-0.0018846,0.85,1.73,2.77,73.4
-0.00095518,0.00031327,0.0077388,-0.0086887,-1.3633,-0.2,0.0003462,39.3,0.0042463,0.0029895,-0.0030257,0.001559,2.15,7.216,-0.037928,0.00049817,1.13,1.93,2.93,59.4
0.0041959,-0.00046994,-0.004325,0.016227,1.1859,-0.3,0.0053961,39.9,0,-8.9107e-06,-0.0060606,0.00083352,2.37,7.1531,0.016513,0.0012799,0.91,1.67,2.7,61.8
0.0068682,0.0082699,0.011128,0.005351,0.4645,0.1,0.0015752,40.1,0.0042283,-0.0059613,0.0090955,-0.0013789,2.85,7.2745,0.00099637,0.00024867,0.21,1.08,2.19,60.1
0.00511,0.0034644,-0.0073287,0.0021308,-0.1483,0,0.0058984,40.1,0.0042105,0.0029806,-0.0060698,-0.00018055,2.78,7.3291,-0.032387,-0.00046187,0.21,1.06,2.24,57.3
0.0013949,0.0076105,0.0095356,-0.0010648,-0.408,-0.1,0.0004675,40.2,0,-0.0029895,-9.2387e-06,-0.00047776,2.36,7.3018,-0.077267,-0.00067542,0.67,1.51,2.64,53.6
0.0014141,-0.0050329,-0.0078496,-0.0021331,-0.4058,0,0.00028758,40,0,0.0029895,-9.2951e-06,-5.9966e-05,2.68,7.2471,-0.12425,-0.0013522,0.35,1.23,2.34,52.5
0.0048011,0.0032896,-0.0055013,0.0095672,0.5469,-0.1,0.0018314,40,0.0041929,0,-9.352e-06,-0.0011315,2.71,7.2793,0.023802,-0.00060553,0.58,1.3,2.34,53.2
0.0016281,0.0027161,0.0231,0.001057,-0.0592,0.3,0.001649,40.1,0.0041754,0.0029895,-9.4095e-06,0.0019646,2.93,7.3245,0.026844,-0.00099815,0.27,1.05,2.13,52.9
0.00044129,0.011196,-0.015902,0.0063223,0.3707,-0.1,0.0025041,40.1,0,0.0059258,0.0030722,0.0034964,2.9,7.1884,-0.0089256,-0.0010348,0.16,1.08,2.13,53
0.0053339,-0.0049719,0.019836,0.0010531,-0.4024,-0.2,0.0011248,39.9,0,-0.01485,0,-0.0059911,2.9,7.335,-0.03206,0.0001428,0.08,1.03,2.09,53.6
0.0035972,0.013137,0.010659,0.0041858,0.4541,0.3,0.00026763,40.1,0.004158,0.0059347,0.006135,0.0018361,2.94,7.3914,0.066628,0.00021416,0.06,0.98,2.02,57.8
0.0047193,0.0056561,-0.027787,0,-0.1601,-0.2,-0.00049963,39.6,0,-0.0029806,-0.021544,-0.0011846,2.93,7.355,0.042393,0.00049954,0.08,0.93,1.99,59.7
0.006157,-0.00034945,0.013324,0.0072871,0.2655,0.2,0.0015516,40,0.0041408,-8.9107e-06,0.021601,0.0028402,2.92,7.1261,0.037906,0.00053494,0.12,0.91,1.99,60.9
-0.0052873,-0.0037518,0.012716,0.01135,0.4332,0.2,0.0020473,39.9,0.0041237,0.0029895,-0.0092832,-0.0013626,3,7.2834,0.013132,-0.00049927,0.01,0.92,1.89,60.4
0.0044667,0.005099,-0.0089382,0.0061348,0.2465,-0.2,0.0015993,40,0.0041068,-0.0029985,0.0030912,-0.0018307,2.98,7.3356,-0.0037997,-0.00099929,0.05,0.95,1.9,57.5
0.0027368,0.0035837,0.021828,0.0091303,0.8338,0,0.0046059,40.2,0,0.0029985,0.0030912,0.00070859,2.9,7.4319,0.04598,3.5706e-05,0.21,1.07,1.97,60.6
0.0043002,0.00069534,0.0062149,0.012048,0.4932,0.2,0.00063606,40.2,0.00409,0.0029985,0.0030627,0.0016529,3,7.4031,0.019871,-0.00039284,0.12,0.93,1.85,66.9
0.0047035,0.009586,-0.012677,0.0029913,-0.0115,-0.3,0.00075921,40.3,0.0040733,-8.9641e-06,-0.0030911,0.00058618,2.99,7.3702,-0.00042781,0.00021429,0.21,1,1.85,61.9
0.00055462,0.0051502,0.027589,-0.0039891,-0.595,0,0.0023798,40.2,0.0040568,-0.0059791,-9.352e-06,-0.00018094,3.02,7.3865,-0.014945,0.00021425,0.46,1,1.82,60.1
0.0035091,0.0035163,-0.0067468,0.0019947,0.1566,-0.2,0.0020404,40.2,0,0.0029895,0.0030256,-0.00064902,3.49,7.4018,0.027278,-0.00042854,0.04,0.51,1.34,62
0.006798,-0.0018543,-0.0093298,0.0099216,0.3213,0.1,0.0029477,40.2,0.0040404,0,-3.6732e-05,-0.0015847,3.48,7.4748,0.026004,-0.0006789,0.09,0.6,1.36,59.8
0.005463,-0.00058628,0.027119,0.0068856,0.4844,0,0.0035851,40.3,0,0.0029895,0.0029532,0.0022275,3.5,7.4838,0.0024678,3.5743e-05,0.14,0.61,1.33,64
0.0020844,0.0074009,-0.019485,0.0048904,-0.0125,0.2,-0.00048892,40.2,0.0040242,-0.0029895,-0.0060149,-0.00058852,3.48,7.3914,-0.0056299,0,0.26,0.64,1.36,63.7
0.0078888,0.011863,0.0076925,-0.0019519,-0.2851,-0.2,0.0018497,40,0.004008,-0.0029895,0.0088538,5.642e-05,3.38,7.3072,0.021119,-0.00046476,0.43,0.75,1.47,58.6
0.0035902,0.0032545,0.023887,0.0087571,0.4526,0.1,0.0021942,39.5,0,0.0059791,-0.0030496,0.00063899,3.48,7.3796,0.030277,0.00064345,0.31,0.69,1.35,61.3
0.0040917,0.0069995,0.0021286,0.0067628,0.2052,-0.2,0.0046165,40.3,0,-0.0029895,-0.0029709,-0.00064418,3.48,7.5066,0.012221,-0.00050043,0.3,0.67,1.35,61.8
0.0050781,0.0035051,-0.028788,0,-0.3098,0,0.0024903,40.2,0.003992,-0.0029895,0.0085748,-0.00087393,3.43,7.3245,0.018055,0.00042895,0.48,0.79,1.4,61.7
0.0060484,0.0017952,0.02432,0.01623,1.2294,-0.1,0.00043171,40.2,0.0039761,0.0059791,-0.011536,0.00017398,3.47,7.2779,0.014363,0.0003216,0.44,0.76,1.38,63.6
0.005993,0.013734,0.0098283,0.0056656,0.0114,-0.2,0.002879,40.3,0,-0.0029895,-8.1169e-06,-0.00063942,3.5,7.291,0.00971,0.0001429,0.34,0.7,1.35,59.9
0.0035339,0.0057099,-0.001258,0.0028191,-0.1493,0.1,0.0022354,40.4,0.0039604,0,0.014057,0.0012771,3.5,7.346,-0.0059642,-0.0018593,0.33,0.67,1.35,64.7
0.0054352,0.0073331,0.019991,0.0065505,0.412,-0.3,0.0033096,40.3,0.0039448,0,-0.011331,-0.00011781,3.42,7.3537,0.036466,-0.0016118,0.3,0.77,1.41,69.9
0.0055681,0.0060016,-0.020194,0.0065113,0.2495,0.1,0.0035375,40.4,0.0039293,0.0029806,-0.0027971,-0.00046467,3.5,7.3582,-0.014768,-0.0011118,0.24,0.69,1.32,68
0.0041486,-0.0042111,0.027182,0.0036979,0.0889,0.1,0.0048331,40.3,0.0039139,-0.0029806,0.01371,0.00069327,3.45,7.2828,0.017049,-0.001149,0.39,0.75,1.37,63.3
0.00053079,0.0065379,-0.013865,-0.013945,-1.5742,0,-0.0018692,40.3,-0.0078432,0,0.020954,-0.00086843,3.36,7.3291,0.017117,3.5927e-05,0.5,0.83,1.45,58.9
0.0067223,-0.0091559,-0.0097569,0.030432,2.2232,-0.3,0.0072027,40.6,0.0039293,0,-0.029594,0.00074985,3.52,7.3038,0.0069294,0.00046693,0.39,0.63,1.29,60.7
0.0098616,0.009657,0.045931,0.011737,1.1541,0.2,0.0034221,40.7,0.0078125,0,-0.013065,5.5692e-05,3.85,7.3025,-0.017474,0.0020806,0.17,0.33,0.96,64.4
0.0062476,0.0070803,-0.010364,0.010714,0.5961,-0.1,0.0027058,40.8,0,0,0.0052219,-0.00034728,3.9,7.216,0.025401,0.00025081,0.04,0.29,0.9,62.3
0.00058688,0.015839,0.0034958,0.0061967,0.124,0.2,0.0036521,40.7,0.011606,0.0029718,-0.0026212,-0.00069121,3.98,7.2675,0.0072887,0.0013604,0.05,0.23,0.8,63.2
0.0047839,0.0030669,0.017521,0.013154,0.5543,-0.4,0.0033889,40.8,0.0038388,-0.0029718,0.0052425,0.00091938,4.05,7.2605,0.00092177,-0.00096644,0.02,0.17,0.74,68.7
0.0041324,0.0070756,0.01538,0.0043463,0.0099,0.1,0.0042574,40.7,-0.0038388,0.0088627,0.0077955,0.0002277,4.09,7.271,0.013044,0.0013599,-0.05,0.11,0.71,59.8
0.0054927,-0.00092582,-0.016789,0.0077736,0.1626,-0.2,0.0038427,40.8,0.0076629,-0.0059258,0.012632,0.00068457,4.1,7.2984,0.014782,0.00032181,-0.07,0.11,0.71,60.2
0.0028902,-0.0083712,0.010121,0.0077168,0.0088,0,0.0032843,40.6,0.0038095,-8.5999e-06,-0.017998,0.00067999,4.05,7.3052,-0.048656,-0.0017175,-0.05,0.17,0.81,57.4
0.0066982,0.012465,0.018008,0.0093501,0.8392,-0.2,0.004521,40.7,-0.0038095,-0.0058565,-0.012636,-0.0021728,4.09,7.3324,-0.0015299,-0.00046567,-0.11,0.11,0.79,56.6
0.0041782,0.007309,-0.014295,0.0042216,-0.4466,0,0.0043047,40.6,0.0076046,0.0058565,0.0075854,-0.00051347,4.12,7.2668,0.018437,-7.1661e-05,-0.05,0.13,0.76,56
0.024199,0.016607,0.007306,0.0025226,-0.2922,-0.1,0.00427,40.7,0.0037807,-8.5497e-06,0.0050633,0.00022789,4.02,7.3011,0.032868,0.0021119,0.19,0.28,0.9,63.6
-0.0043347,0.013843,0.015229,0.010033,0.2307,-0.1,0.0037173,40.7,0.0037665,-8.4999e-06,-0.010127,-0.00011412,4.08,7.2807,0.022239,0.0022858,0.22,0.27,0.85,62
0.0074445,-0.00038077,0.017279,0.0041515,-0.141,-0.1,0.004478,40.7,0,-8.4505e-06,0.010127,0.0013087,4.1,7.2862,0.0082816,0.00021403,0.27,0.35,0.85,61.9
0.0052915,0.0020291,0.008481,0.012352,0.8658,-0.1,0.0052446,40.9,0.0037523,0.0028776,-0.01777,0.0019824,4.32,7.4122,-0.0045682,-0.00057084,0.4,0.3,0.7,62.9
0.0024328,0.0063564,-0.0049541,0.0097718,0.3453,0,0.003316,41,0,-0.0057804,0.017809,-0.0024437,4.42,7.2226,0.017185,0.00064217,0.46,0.19,0.64,66.5
0.0049576,0.0066915,0.0073933,0.0064609,0.0514,-0.2,0.0042609,41.2,0.0074627,0.0086084,-0.0076498,0.0029336,4.6,7.2284,-0.0067739,-0.00049943,0.34,0.23,0.52,66.1
0.0053566,0.0077644,0.018216,0.013595,0.6776,0,0.0062863,41.2,0.0037106,-0.0086084,-6.5077e-06,-0.0017022,4.66,7.2399,-0.041973,-0.0026082,0.32,0.22,0.67,64.3
-0.00084627,0.00053753,-0.0060798,0.0015892,-0.0468,0,0.0038696,41.2,0.0073801,0.0028531,0.0025543,0.0010593,4.67,7.2093,0.030144,-0.00064417,0.23,0.08,0.74,64.3
0.0032815,-0.0093862,-0.013543,0.009471,0.0963,0.1,0.0043256,40.8,0,-0.0028531,-0.0077022,-0.002248,4.9,7.1428,-0.054055,-0.00039386,0.03,-0.12,0.58,52.7
0.0048572,0.002667,0.020604,0.0046992,-0.1174,-0.1,0.006243,40.9,0.0036697,-0.0057143,0.0025343,0.0012831,5.17,7.0851,-0.0083315,-0.00089572,-0.2,-0.36,0.41,55.9
0.0040593,0.008619,-0.018476,0.0054603,-0.1159,0,0.0029592,40.8,0.0036563,0.011429,0.005168,-0.00061897,5.3,6.9903,-0.0025596,-0.00035851,-0.13,-0.28,0.38,56.3
0.0049907,0.0015666,0.022362,0.0007768,-0.3245,0,0.0031986,40.8,0.0072728,0.0027964,0,0.0019408,5.53,7.0202,-0.062366,0,0.01,-0.31,0.3,53.3
0.0060016,0.0091445,0.0027596,0.0092805,0.1663,-0.1,0.0021061,40.7,0.0036166,-0.0028769,-0.002594,-0.00067835,5.4,6.9527,-0.035849,0.00017927,0.42,-0.22,0.69,55.2
0.0041304,-0.0043773,-0.012274,0.0069057,0.3716,0,0.0032588,40.9,0.0036036,-0.0084468,-6.7465e-06,-0.00050643,5.53,6.737,-0.0087776,0.00082424,0.05,-0.52,0.57,51.6
0.0061628,0.0020888,-0.00053536,-0.0069057,-1.4887,-0.1,0.0025409,40.7,0.0035907,0.0028129,0.010383,-0.0011634,5.76,6.868,0.048833,-0.00017912,-0.22,-0.6,0.37,46.8
-0.00026568,0.0015943,0.00042516,0.0023082,-0.1047,0.2,0.0027646,40.6,0,-0.0028209,-0.010369,0.00054778,5.4,6.8977,0.0041893,-0.00035835,-0.2,-0.56,0.78,48.8
0.009286,0.0047272,-0.013378,0.0047051,-0.1821,0.1,0.0031852,40.8,0.0035778,0.0028209,0.028164,-0.0019815,4.94,6.9726,0.037645,0.00032252,-0.19,-0.36,1.03,46.2
0.0012165,-0.0037065,-0.0038457,-0.011405,-1.4476,-0.1,0.0003363,40,0.0071175,-0.0028289,-0.020539,0.001099,5,7.0238,0.033878,0.0011101,-0.29,-0.37,0.82,45.1
0.0059971,0.0052096,0.0072167,-0.0056539,-0.8787,0,0.0015425,40.2,0,0.0028289,-0.0050378,-0.00055003,4.53,6.9622,0.023307,0.00078706,-0.18,0.01,1.32,45.3
-0.0007437,0.009414,-0.00065422,0.0093874,0.1393,0,-0.00097713,40,0.0035398,0,0,0.00098648,4.05,6.9948,0.017075,0.0010365,0.06,0.54,1.78,46.4
0.0017811,-4.0215e-05,-0.0008192,-0.008763,-1.0449,0,0.0023496,40,0.0035273,0.0028289,-0.010101,0.00038038,3.94,7.1732,0.017761,-0.000822,0.21,0.91,2.02,47.6
0.0039609,0.0058543,0.007401,-0.00012369,-0.5415,0.1,0.0019791,40.1,0.0035149,0.00561,0.012636,0.0011962,3.98,7.1293,-0.012607,-0.0020401,0.5,1.04,2.17,51.8
0.0051266,-0.0035646,-0.0064832,-0.0022809,-0.7617,-0.1,0.0020967,40.2,0.010471,-0.0084389,-0.0050697,0.00020736,3.79,7.2182,0.017133,-0.0013982,1.22,1.37,2.47,53.7
0.0046673,0.0030047,0.013343,0.018978,1.1844,0,0.0038627,40.3,0.0034662,0.0027972,0.0025349,-0.00022797,3.9,7.2492,0.015787,-0.0007178,1.23,1.38,2.43,55.4
0.00078574,0.0082862,0.003524,-0.0016252,-0.4274,0,0.00031744,40.3,0.0034542,-0.0027972,0,-0.00011786,3.99,7.2591,0.013873,-0.00057461,1.25,1.31,2.41,62
0.0013376,-0.009407,-0.0069628,0.0081109,0.3057,0.2,0.00092153,40.3,0.0034423,0.0027894,0.020101,-0.00027836,3.88,7.3072,-0.0015668,-0.00017963,1.49,1.6,2.64,55.8
0.0062854,0.0067851,0.026579,0.0142,1.1648,-0.1,0.0071919,40.5,0.0068493,-0.0027894,0.03318,0.00058301,4.13,7.3382,-0.031863,-0.044599,1.48,1.62,2.59,57
0.002816,0.013277,0.021991,0.010714,0.4694,-0.1,0.002949,40.2,0.0034072,0.0027816,-0.053281,-0.0017779,4.51,7.1763,0.028093,-0.10091,1.2,1.19,2.42,59.4
0.0054364,0.0063778,-0.010081,-0.001078,-0.5952,-0.1,-0.001436,39.9,0.013514,-7.7161e-06,0.0093897,0.003096,4.61,7.2298,-0.002732,0.0011629,0.83,0.93,2.24,60.1
0.0076028,0.0009746,-0.0031567,0.003578,-0.0014,0.1,0.0061335,40.4,0.0033501,-7.6734e-06,0.051784,-0.00060572,4.71,7.3265,-0.046189,4.1508e-05,0.7,0.85,2.09,56.6
0.0084679,0.016654,0.0074147,0.0031155,-0.2453,-0.1,0.0011895,40.3,0.0066667,-7.6311e-06,-0.045907,-0.00075732,5.05,7.2903,-0.018461,-0.003951,0.53,0.69,1.8,55.7
0.004476,-0.0037241,-0.0019861,0.0014466,-0.2954,-0.2,0.0038709,40.1,0.0066225,0.0027359,-0.077788,-0.00016912,5.76,7.3486,0.071258,0.00087473,-0.05,-0.12,1.21,64.5
0.0052266,0.0068616,0.0069837,0.011156,0.715,0,0.00142,40.5,0.006579,-0.0054945,0.005633,0.00056896,6.12,7.2499,0.022735,-0.0052599,0.03,-0.24,0.92,56.2
0.004671,0.0085207,0.0070462,0.0036653,-0.1954,0.2,0.0037328,40.5,0,0.002736,0.064178,-0.00053766,6.07,7.2478,0.026518,-0.0019272,-0.09,-0.35,1,54.3
0.0060465,0.0092747,0.0094975,-0.0015354,-0.6413,0,0.0032493,40.4,0.006536,-7.4652e-06,-0.017023,-6.2156e-05,6.03,7.3212,-0.001992,0.002262,-0.37,-0.52,0.96,54.5
0.004606,0.0027358,-0.017196,0.0027873,0.0527,-0.2,0.00299,40.3,0.003252,-7.4245e-06,0.0072845,0.00097995,6.03,7.3099,-0.022076,0.00046015,-0.6,-0.61,0.79,53.8
0.0046783,-0.0013857,0.013899,0.0037808,-0.3242,-0.1,0.0022512,40.5,0.0096931,0.002699,0.004896,-0.00058689,5.78,7.3499,0.031997,-0.0015486,-0.33,-0.32,1.01,55.4
0.0016832,0.0016476,0.013452,0.0019836,0.1735,0,0.0034547,40.5,0.0032103,-0.0054201,0.0024301,0.00091791,5.91,7.3582,0.02438,0.00096293,-0.34,-0.33,0.93,58.5
0.0044985,0.005485,0.0085857,0.012851,0.8586,0,0.0038198,40.2,0.0095695,0.0026991,-0.0024479,-0.00099666,5.82,7.3963,0.015297,-0.0016333,-0.07,-0.12,1.19,61.3
0.0040674,-0.0024216,-0.0093173,0.003153,-0.3617,0,0.0038197,40.3,0.0031696,-0.0026991,0.004825,-0.001346,6.02,7.3447,0.010382,-0.00067086,0.17,0.01,1.21,56.7
0.00091817,0.0080617,2.4197e-05,0.0060315,0.1716,0,0.0027544,40.5,0.0063092,0.0026918,0.025923,0.0018393,6.3,7.4782,-0.043172,0.0011737,0.04,-0.26,1.02,54.4
0.0046933,0.0063441,0.0015564,0.0063812,0.3679,0,0.0037373,40.1,0.0062696,-0.0026918,-0.021591,-0.0013921,6.61,7.4413,-0.004914,0.0018416,-0.2,-0.42,0.69,57.9
0.0044985,-0.0043849,0.0036713,0.0078111,0.3311,0,0.0029512,40.4,0.0062305,0.0053619,-0.011588,0.0021803,6.79,7.3531,-0.021913,0.00012544,-0.45,-0.49,0.72,59.3
0.0023918,0.004054,0.0043141,-0.0036878,-0.7018,0,0.0023861,40.7,0.006192,-2.8597e-05,0.0091744,-0.00027466,7.41,7.3291,0.019941,0.00058519,-1.15,-1.24,0.13,54.4
0.0038889,0.0066716,-0.00068925,-0.0037868,-0.6819,0,0.0036467,40.4,0.0061539,-2.8294e-05,0.0089257,-0.00037187,8.67,7.3671,0.032057,-0.0027617,-2.25,-2.35,-1.15,57.6
0.0034279,-0.0038436,-0.00057274,0.0097223,0.1967,0.1,0.0043699,40.3,0.0061162,-2.7995e-05,-0.011396,0.00078609,8.9,7.3317,-0.053611,0.0012563,-1.86,-2.33,-1.2,52.7
0.0055088,-0.0013212,0.00028191,0.0052658,0.301,0,0.0013157,40.2,0.006079,-0.0026489,-0.0044792,-0.00047222,8.61,7.2211,-0.045713,0.00037658,-1.01,-1.89,-0.77,49.8
0.006178,0.0091392,0.010791,0.0022945,-0.2071,0,0.0039369,40.4,0.0060423,-6.8889e-06,0.024093,-0.0015605,9.19,7.2138,-0.0056117,-0.0021358,-1.65,-2.5,-1.33,51.5
0.0026117,0.0012728,0.0048148,-0.00022387,-0.4432,0.2,-0.0013247,40.3,0.011976,-6.8529e-06,0.0098184,0.0013314,9.15,7.3179,0.0034978,-0.00054515,-1.33,-1.99,-1.1,50.4
0.0018503,0.0051475,0.0115,0.00029254,-0.2352,0,0.0029148,40.2,0.0029718,0.002594,-0.02782,-0.00070821,9,7.2306,0.01063,0.0025973,-1.36,-1.9,-0.78,51.9
0.0010031,-0.0011577,-0.013942,-0.0094709,-1.2149,-0.2,-0.00049224,40.2,0.0059172,0.0025537,-6.8587e-05,0.00087408,8.85,7.114,0.0071977,0.0025488,-0.96,-1.71,-0.6,50.6
0.0020535,-0.00086916,-0.0018454,-0.0026868,-0.7683,0,0.0021781,40.3,0.0058824,-0.005188,0.016095,0.00032445,8.97,7.1907,-0.054466,0.00041722,-0.8,-1.32,-0.32,48
0.0017925,0.0059242,-0.012684,-0.018693,-2.1232,0.4,-0.00091281,40,-0.0029369,0.0025542,0.014956,-0.0010451,8.98,6.9893,-0.0088194,0.0012923,-0.88,-1.19,-0.12,45.8
0.0024695,0.0043844,0.00088842,-0.00065863,-0.1954,0.3,0.0018108,40,0.0087848,-0.007689,-0.045095,0.00037612,8.98,7.174,-0.035503,0.0017898,-1.39,-1.74,-0.2,45.8
0.0038631,-0.005105,-0.011754,-0.0012975,-0.4916,0.2,0.0020454,39.9,0.005814,0.0051216,0.026891,-0.0014686,7.76,7.1846,0.016951,0.00045733,-0.79,-0.69,0.87,45.2
0.009887,0.00075661,-0.005067,-0.0025764,-0.545,0.2,-0.0014426,39.7,0.0057804,-0.0025608,0.014325,0.0026015,8.1,7.142,-0.03093,0.00012469,-1.04,-0.71,0.6,45.7
-0.0057606,0.0068554,0.010803,-0.0011654,-0.4418,0.2,-0.0031445,39.6,0.0028777,0,-0.044618,-0.0018987,7.95,7.1624,-0.12224,-0.00099796,-0.19,-0.03,1.04,45.3
0.0031184,0.0033567,0.0039971,-0.0032396,-0.493,0.1,-0.0013366,39.6,0.0085837,0.0025543,-0.0056982,-0.00058528,7.61,7.2335,-0.0061985,-0.0024993,-0.05,0.24,1.65,53.2
0.0055979,-0.00021392,0.0010666,0.0024532,-0.0015,0.1,0.00033783,39.7,0.0056818,-0.0025543,-0.00022531,0.0010449,7.21,7.3245,0.0017183,-0.0029656,-0.11,0.25,2.19,52.5
0.0025418,0.0041987,-0.00046256,-0.0017864,-0.7901,0.1,-0.0016339,39.6,0.0084627,0,-0.0021683,-0.0010133,6.62,7.2435,0.02864,-0.0012138,0.37,0.92,2.83,51.8
-0.00069695,0.0049234,-0.001738,-0.0069166,-0.9095,0.3,9.8674e-05,39.3,0.0056023,0.010152,0.0075543,0.0018449,6.29,7.3356,0.058085,-0.0010057,0.44,1.1,3.1,44.2
-0.0034333,-0.0060959,-0.010459,-0.020207,-1.9853,0.1,-0.0059803,39.2,-0.0027972,-0.010152,-0.0040561,0.00045226,6.2,7.3652,0.021444,0.00088001,0.23,1.13,3.13,44.7
-0.0010356,-0.0065983,-0.016927,-0.0060734,-0.6995,0.4,-0.0015894,39.3,0.0027972,0.0050378,-0.020519,-0.00096399,5.6,7.4067,-0.0010673,0.001214,-0.09,1.24,3.78,43.3
0.0034267,0.009261,0.031242,0.022705,1.7534,0.2,0.0054249,39.4,0.01387,-0.0050378,0.00090612,0.00045261,4.9,7.5459,0.06622,0.0001255,0.1,1.49,4.22,51.2
0.0085938,0.013628,0.0097497,0.0076604,0.4357,-0.2,0.0010307,39.6,0.010959,0.0025094,0.016275,-0.0023056,4.14,7.511,0.037489,0.0063381,0.43,2.1,4.6,55.4
0.0019617,0.0018869,0.0055689,-0.0019063,-0.1613,0,-0.00081879,39.4,0.0054348,0.0024906,-0.0024988,0.00083427,3.72,7.4622,0.03799,0.0049755,0.17,2.39,4.67,62.8
0.0031274,0.00048861,0.0041395,-0.0010822,-0.3587,0.1,0.00074823,39.6,0.0054054,-0.0025093,0.01963,0.00036283,3.71,7.5549,0.025318,0.00037217,-0.02,1.99,4.75,56.2
0.002685,0.0059835,0.0054246,0.0055978,0.2084,-0.1,0.0024807,39.6,0.0080537,-6.188e-06,0.028232,0.00059045,4.16,7.5939,0.033567,-0.00033081,0.15,1.68,4.3,59.6
0.0038057,-0.00072862,0.0048717,0.0050613,0.3241,0,0.0029659,39.6,0.0053333,0.002466,-0.041163,0.00030729,4.63,7.6251,-0.013685,0.00033081,0.41,1.76,3.99,57
0.018582,0.0080547,0.013639,0.0041869,-0.0015,0,9.8245e-05,39.6,0.0053051,-0.0024844,0.012931,0.00021169,4.91,7.6138,-0.018677,4.1344e-05,0.73,1.61,3.84,57.9
-0.012572,-0.0043131,-0.011584,-0.0029085,-0.0645,0.1,0.00085573,39.6,0.002642,-0.0074044,0,-0.0013896,5.31,7.6416,-0.0072464,-0.00012404,0.73,1.42,3.45,57.8
0.0034373,0.0057238,0.0062648,-0.0058187,-1.1135,0.1,0.00081296,39.5,0.0078844,0.012337,0.0021668,-0.00014581,5.57,7.6769,-0.017938,0.006635,0.24,1.02,3.2,58.4
0.0058691,0.0099214,0.008964,0.01612,1.3544,-0.1,0.0033709,39.4,0.0026144,-0.0073983,-4.6851e-06,-0.0013725,5.55,7.6212,0.02197,0.014193,-0.14,0.59,3.04,61
0.0027592,0.0024141,0.00069194,0.0074578,0.9606,-0.2,0.00039091,39.6,0.0052083,0,-0.0064912,4.3182e-05,5.2,7.6629,-0.021456,0.0081468,-0.29,0.73,3.28,61.4
0.005094,0.0050474,0.016765,0.0042342,0.0937,0.2,0.0028574,39.8,0,0.002454,0.0064959,0.00049651,4.91,7.688,-0.047465,0.0014851,-0.24,0.9,3.47,55.4
0.0052091,0.0064666,0.0092939,0.011478,0.5349,0,0.00364,39.7,0.012903,0.0048721,-0.019635,0.0018946,4.14,7.7385,0.066604,0.013267,0.46,1.79,4.24,63.5
0.0048069,0.00010071,0.010515,0.023631,1.8142,-0.2,0.0045936,39.7,0.0076629,-0.0097621,0.021863,0.0001645,3.51,7.8216,0.040802,0.017226,0.78,2.45,4.73,64.8
0.0081301,0.002414,-0.010852,0.010328,0.4786,-0.1,0.0028534,39.9,0.0076046,0.0097265,-0.0043956,-0.00019596,3.3,7.779,0.018226,0.012833,0.98,2.79,4.94,66
0.006306,0.016144,0.018358,0.0069402,0.3558,0.1,0.0040662,39.9,0.0075472,-0.0072904,0.017392,-0.0024729,3.83,7.7553,0.023486,0.0055154,0.84,2.24,4.41,64.6
0.0013078,0.0028955,0.0067707,0.0099004,0.6827,-0.1,0.0029841,39.9,0.005,0,-0.013091,0.00013197,4.17,7.7182,0.010162,-0.003022,0.79,2.02,4.07,63
0.0042676,0.0050143,0.0061395,0.00013772,-0.0688,0,0.0041874,39.8,0.0049751,0.0048309,-0.0064493,0.0005772,4.27,7.7057,-0.010162,0.00084249,0.37,1.86,3.96,66.9
0.0027547,0.0032312,0.0043536,0.0024083,0.0635,0,0.0039259,40,0,-2.3226e-05,-4.6248e-06,-0.00058299,4.46,7.7205,0.0027816,-0.016714,0.47,1.65,3.74,62.1
0.0060554,0.0073375,-0.0062291,-0.00099592,-0.238,-0.1,-0.00066456,39.9,0.0024783,-0.0024125,-0.013048,0.0019952,4.55,7.7196,-0.007435,-0.049633,0.41,1.56,3.68,64.7
0.0092224,0.0053554,0.023689,0.013594,0.8621,0,0.0058438,40,0.0098523,0.0023781,0.017387,-0.00063145,4.81,7.7757,0.034834,0.0022472,0.18,1.41,3.39,65.1
0.0038061,0.0017038,0.017051,0.007755,0.4419,-0.1,0.0016576,40,0.007326,-2.2676e-05,0.01083,0.0015334,4.87,7.8164,-0.014519,-0.0037619,0.65,1.68,3.22,69.3
0.022816,0.016375,0.013709,0.012476,0.9329,0.1,0.0055057,40.1,0.0072728,-0.0095012,-0.015173,-0.0033562,5.05,7.818,0.0018265,-0.019108,0.48,1.44,3.02,70.8
0.01011,0.0039106,0.01895,0.0118,0.8097,-0.3,0.0039961,40,0.0024125,0.011868,-4.6649e-06,0.0018858,5.06,7.7919,0.048964,-0.018246,0.21,1.22,2.93,73
0.0036796,0.003864,0.013249,0.011211,0.8834,-0.1,0.003927,39.7,0.0048077,0.0022944,0.0021622,0.00020965,5.33,7.769,0.020637,-0.0028107,0.19,1.03,2.6,71.9
-0.0039832,0.0097038,0.012657,0.0073285,0.389,-0.3,0.004626,39.7,0.011919,-0.0024106,0.0086207,-0.00018445,5.94,7.8164,0.0076304,0.0048498,-0.05,0.52,1.96,73.8
0.003641,0.0060984,0.0015614,0.014259,1.1154,0.1,0.0052364,40.1,0,0.0045596,0.025138,0.0022473,6.58,7.7359,-0.036117,0.029646,-0.39,0.06,1.39,69
0.0012296,0.0013262,-0.0040014,0.00032339,-0.1107,-0.1,0.0035457,40.2,0.0047281,0.0089177,0.042126,0.0017817,7.09,7.7685,-0.015887,0.018451,-0.24,-0.38,0.94,68.8
0.001919,-0.003922,-0.0041457,-0.0012674,-0.4168,0.1,0.0022391,40.1,0.0070506,-0.013744,-0.056837,0.00037808,7.12,7.642,-0.01886,0.00456,-0.27,-0.45,0.97,65.9
0.0043695,0.0021019,-0.0032102,0.006778,0.25,-0.1,0.0025212,40.2,0.0046729,-4.5044e-05,-0.013404,-0.0025173,7.84,7.7258,-0.028508,0.018707,-0.95,-0.99,0.22,63.5
0.0027805,-0.0025042,-0.001998,0.00099746,-0.2767,0,0.0031133,40.1,0.0069687,0.0043608,0.0055497,0.00082184,8.49,7.6339,-0.022642,0.017859,-1.18,-1.59,-0.36,61
0.0029408,0.0079239,0.013536,0.0039601,0.0604,-0.1,0.0003381,40.1,0.0069204,-0.01325,0.010825,-0.0020941,10.4,7.6606,0.0094967,-0.015136,-2.01,-3.27,-2.16,49.2
-0.0029321,-0.012485,-0.020882,-0.0015039,-0.5131,0,0.00331,40,0.0022962,0.036836,-0.0076046,0.0078035,10.5,7.6261,-0.019085,-0.024656,-1.68,-3.1,-1.97,59.1
0.005897,0.014571,0.0068794,0.0080693,0.3822,0,0.0013986,40,0.0091325,-0.036765,-0.016205,-0.0074428,10.78,7.5358,0.017192,-0.023458,-2.47,-3.69,-2.15,60
0.0087003,-0.0068885,0.025327,0.007598,0.525,-0.2,0.0042742,40,0.0045352,-4.5463e-06,0.014257,0.0016351,10.01,7.4248,0.039002,0.0044972,-2.61,-3.22,-1.6,65.4
0.0022806,0.001819,0.016046,0.0046755,0.3339,0.2,0.004025,40.3,0.0067644,0.010645,0.010281,0.0025488,10.03,7.4524,-0.073688,-0.017525,-2.46,-3.3,-1.61,65.2
-0.0026531,-0.0085378,-0.013475,-0.0026628,-0.2357,0.1,0.0014235,40.1,0.0022447,-7.1821e-05,0.077582,1.4885e-05,9.95,7.3304,-0.073414,-0.029591,-2.68,-3.21,-1.47,59
-0.0085644,-0.00055935,0.00090141,-0.0068369,-0.997,0.2,0.00088387,39.8,0,0.016459,-0.078658,0.001341,9.65,7.28,0.013935,-0.041138,-2.23,-2.66,-1.17,55.7
-0.0060285,-0.0057984,-0.0049194,-0.0030347,-0.5998,0.1,0.0019699,40,0.011148,-0.0066229,-0.0049677,0.0020573,8.97,7.4685,-0.028067,0.022629,-2.09,-2.01,-0.44,56
-0.0065661,0.001562,0.0033764,0.00014033,-0.3392,-0.1,0.00053657,39.9,0.0044248,-0.0082645,0.041791,-5.4168e-05,9.35,7.3492,0.04181,0.028471,-1.59,-2.14,-0.73,58
-0.00059515,0.0033345,-0.0073158,-0.0026961,-0.5832,0,0.0010978,39.1,0.0022051,-9.921e-05,-0.0018903,-0.0044889,10.51,7.3821,-0.052461,0.0203,-1.89,-3,-1.64,56.4
0.00090161,0.0029203,0.004392,0.0075211,0.3603,0,0.0021283,39.8,0.017468,0.001854,0.023334,0.0027733,11.31,7.2626,-0.03064,0.010453,-2.53,-3.73,-2.26,51.6
-0.00065251,-0.0023915,-0.0034956,-0.0016313,-0.2122,0.3,0.00069995,39.7,0.010764,-0.011765,-0.068849,-0.0013963,11.93,7.3218,0.0013373,-0.0097838,-3.26,-4.39,-2.66,51.9
0.0039304,0.0032907,-0.0022901,0.0015898,-0.2494,0.1,0.00040702,39.7,0.0064034,0.026925,-0.018471,-0.001058,12.92,7.1824,-0.12411,-0.00025106,-4.12,-5.11,-3.44,52.6
-0.0016774,0.0074724,-0.0097465,-0.010655,-0.9694,0,-0.00021621,39.7,0.012685,-0.0081272,0.017208,0.0030352,12.01,7.0405,-0.042236,-0.018585,-2.65,-3.97,-2.24,50.2
-0.0010438,-0.010079,-0.008508,0.00028226,-0.1759,0.4,-0.00011448,39.5,0.010449,-0.0076863,-0.020892,-6.9765e-05,11.34,7.0475,-0.10986,-0.012484,-2.47,-3.3,-1.16,41.2
0.0032044,-0.0027694,-0.017272,-0.0032552,-0.7982,0.1,0.00025439,39.6,0.010341,0.0071375,-0.033164,-0.0031686,10.06,6.9754,0.019192,0.0070976,-2.01,-2.16,0.42,36.5
-0.0059684,-0.01062,-0.010758,-0.033206,-2.6353,0.6,-0.0046528,39.1,0.0041068,0.0014476,0.029913,0.00031603,9.45,6.9334,0.032585,-0.0033489,-1.79,-1.77,1.15,33.1
-0.00058702,-0.0019545,-0.029752,-0.036431,-3.8092,0.6,-0.0078632,39.1,0.0081633,-0.019696,-0.002871,0.00038141,8.53,6.8824,-0.067312,0.0018047,-1.22,-1.1,2.1,27.9
-0.00095427,0.0081395,-0.0025138,-0.013819,-1.7002,0.9,-0.0046339,38.9,0.006079,0.0053051,-0.0016583,-0.0016516,7.13,6.9393,0.078677,0.014025,-0.3,0.37,3.68,32.8
-0.0004779,0.0086635,-0.0064845,-0.023315,-2.2224,0,-0.0048635,38.6,0.0060423,-0.0070703,-0.011504,-0.00079351,6.24,6.8068,0.098862,0.014081,-0.26,1.15,4.41,40
0.00074183,-0.0021433,-0.030497,-0.0111,-1.1068,0.5,-0.0035164,38.3,0.0099901,0.0017652,0.037326,-0.0020351,5.54,6.9007,0.044918,0.0092235,0.57,2.19,4.94,37
0.0011886,0.0011499,0.0099684,0.0019617,-0.1279,0.2,-0.0024558,38.7,0.0019861,0.0087951,-0.012557,2.4375e-05,5.49,6.9127,0.011157,-0.019755,1.41,2.74,5.09,42.6
0.0061278,0.019775,-0.00022994,-0.0030075,-0.2132,0.2,0.0021426,38.9,0.0039604,-0.0035549,-0.0028482,0.00055813,5.22,7.022,0.061568,-0.021403,1.17,2.84,5.47,47.2
0.017278,0.0014606,0.0089503,0.0063279,0.4883,-0.2,-0.0013451,38.8,0.0059113,0.0034329,-0.011517,0.0022862,5.55,6.9912,0.025207,-0.017476,0.74,2.31,5.07,54.9
-0.011113,0.004036,0.0049537,0.0097827,0.8787,-0.2,0.0032487,39.1,0.0039216,-7.4576e-05,0.015618,0.0023137,6.1,7.1115,0.00097355,-0.04292,1.01,1.96,4.45,58.4
0.0074591,0.0025407,0.011664,0.010193,0.6288,-0.2,0.0049765,39.4,0.0077973,-7.3304e-05,0.01009,-0.0042543,6.14,7.1389,-0.076131,-0.032663,1.56,2.26,4.45,60.3
0.0023455,0.0025644,0.0023917,0.012937,1.1042,0,0.00097162,39.5,0.003876,-0.001757,0.0085019,0.00064197,6.24,7.142,-0.012208,-0.014723,1.51,2.19,4.37,60.4
0.0046855,-9.0395e-05,0.00122,0.0042262,0.2432,0,0.0040318,39.5,0.003861,0.0016281,-0.014266,0.0008397,5.82,7.2034,0.045032,-0.01285,1.13,2.32,4.8,64.2
-5.5707e-05,0.0075649,-0.0014673,0.0012444,-0.04,-0.1,0.0018683,39.5,0.0057637,-0.0050575,-0.0028369,0.00061913,5.22,7.2152,0.016794,-0.0040924,1.27,2.83,5.34,62.2
0.0014596,0.0094948,0.010536,0.013667,0.9475,-0.1,0.0042646,39.8,0.0057307,-0.0016736,-0.0028611,-0.00089385,5.2,7.1861,-0.015327,-0.012922,1.4,2.8,5.36,63.1
0.0065265,0.0098749,0.024457,0.013422,0.7544,-0.3,0.0062101,40,0.0075902,-0.0033306,0.0028368,-0.0016952,4.87,7.2204,0.088007,0.0032093,0.94,2.87,5.54,63.8
0.0058384,-0.00082164,0.0043814,0.0098982,0.9442,-0.2,0.0039792,40,0.007533,-2.7778e-06,0.0014275,-0.0025586,4.77,7.3382,0.037886,-0.0011838,1.14,3.02,5.47,68.7
0.0026346,0.004949,0.0075311,0.002071,0.0715,-0.1,0.0029392,39.7,0.0056127,0.0033361,0.010005,0.00023585,4.84,7.2591,0.0049579,-0.042032,1.37,2.89,5.28,61.6
0.0038384,0.0071313,0.004772,0.0051304,0.2821,0.1,0.003082,39.4,0.0037244,0.0033195,0.022243,0.00077634,4.82,7.2406,0.0078818,-0.050947,1.1,2.74,5.12,65.2
0.001104,-0.007219,-0.0011052,0.0041876,0.2064,-0.3,0.0002522,39.9,0.0092508,-0.0033305,-0.010336,0.0025237,5.29,7.2855,-0.0068932,-0.021018,1.11,2.61,4.57,62.3
0.0015148,0.011387,0.012216,0.00099372,-0.1062,0.2,0.00080661,39.8,0.0036765,-2.7411e-06,-0.0097257,-0.00045866,5.48,7.3099,0.0059113,-0.024582,1.04,2.38,4.41,60.6
0.0061471,0.0028842,0.0006967,0.005723,0.3885,0.2,0.002152,39.8,0.0091325,0.0016461,0.019533,0.00071551,5.31,7.2449,0.023302,0.011834,0.89,2.52,4.51,58
0.0028291,0.0017553,0.0034492,0.0067839,0.3122,0,0.0019717,39.7,0.0090498,-1.0856e-05,-0.025111,0.00043923,5.29,7.346,-0.0086748,-0.0012333,0.71,2.48,4.35,57.7
0.00084098,0.0037305,0.0028902,0.0028602,-0.0143,-0.2,0.0023559,39.9,0.0071814,-1.0785e-05,0.0012562,0.00013501,5.25,7.4501,0.021074,-0.031684,0.59,2.34,4.15,55.3
-0.00033028,0.0015455,-0.011869,2.9029e-05,-0.2452,0.1,0.00023779,39.7,0.0017873,0.0016193,-4.1092e-05,-0.00039242,5.02,7.3957,-0.034719,-0.053209,0.48,2.39,4.27,57
0.0087488,0.0057603,0.01649,0.015365,0.85,0.1,0.0041086,39.8,0.0088889,0.0032124,-0.0089408,-0.00071311,4.95,7.4031,-0.0068932,0.00024422,0.34,2.34,4.28,55.7
0.0030723,0.013191,0.025576,0.010293,0.6163,0,0.0025889,39.6,0.0070547,-6.5249e-05,-0.012893,0.0010524,4.65,7.4978,0.034,0.024304,0.24,2.22,4.47,58.9
-0.0048694,-0.0028945,-0.0065432,-0.0065113,-0.4862,-0.3,0.0030036,38.9,0.008749,-0.0064438,0.020619,0.00022759,4.61,7.3311,-0.0086331,0.020055,0.68,2.6,4.47,57.2
0.0032439,0.0055568,0.013505,0.015904,1.2714,0.1,0.0036863,40,0.0052129,0.0095365,0.021562,0.0019879,4.68,7.572,-0.027345,-0.0012271,0.79,2.71,4.44,56.8
0.0044079,0.00067146,0.012025,0.012345,0.9462,-0.2,0.0049637,39.9,0.0051858,-0.0032575,-0.0080673,-0.0027673,4.69,7.6319,-0.0039683,0.0041427,0.81,2.77,4.43,63.5
0.0043031,0.0013974,-0.0012109,0.0097887,0.6793,-0.2,0.004132,40,0.0085837,-0.0031817,-0.012523,0.00076794,4.73,7.5454,-0.015527,0.00093121,0.71,2.64,4.34,60.3
0.0024887,0.0027612,0.00063137,0.0076659,0.4294,-0.2,0.0043952,40.1,0.0051151,0.001532,0.0084525,-0.00072711,5.35,7.5863,-0.0029321,-0.00029091,0.49,2.11,3.66,64.5
0.0015588,-0.00036214,0.0089806,0.0074414,0.4831,0.2,0.004861,40,0.0084675,-0.0031298,-0.030424,0.000508,5.39,7.5459,0.0053522,0.00034908,0.41,1.89,3.52,58.1
0.0055118,0.0080752,0.0027185,0.0010879,-0.2378,-0.3,0.0041858,39.9,0.0067227,-9.5851e-06,0.015825,-0.00037409,5.42,7.6295,0.0091233,0.0020339,0.52,1.91,3.45,58.9
0.0039204,-0.00058057,0.0016506,0.0011862,0.2264,0.1,0.0029052,39.9,0.0033445,0.0030627,-0.0012277,-0.00055482,5.9,7.6109,-0.024755,0.0098779,0.47,1.5,2.92,58.8
0.0062356,0.00312,0.0036655,0.0041695,-0.1711,-0.2,0.005486,39.8,0.0066556,-0.0015632,-0.019878,-0.00088763,6.14,7.5751,-0.015672,0.0019525,0.39,1.2,2.66,57
0.0086101,0.0083184,0.007462,0.0013654,-0.0911,0,0.0032032,40,0.0082577,0.0014976,0.0059347,0.00087976,6.47,7.6217,-0.026216,0.015936,0.5,1.05,2.42,57.1
0.0078412,0.0060782,0.0045587,0.0019232,-0.0313,0,0.0044412,40,0.0049221,0.0014703,0.018985,0.0011126,6.51,7.6217,0.0057441,0.026026,0.44,1.07,2.44,59.2
0.0044325,0.0019817,0.013165,0.0012993,0.6228,-0.4,0.0028117,39.8,0.003268,-0.0030507,-0.0025461,-0.0009164,6.56,7.6695,-0.004891,0.020042,0.4,1.13,2.43,60.7
-0.0035356,-0.010743,-0.031094,-0.014484,-1.4739,0,0.0021775,38.7,0.0097403,-2.023e-05,0.0037887,0.0010683,6.7,7.4489,-0.038794,0.042593,0.58,1.26,2.47,60.6
0.0044838,0.014478,0.022675,0.0053593,0.0875,-0.1,0.004176,39.4,0.0064412,0.0029473,-0.0012809,-0.0012705,6.78,7.4605,-0.014172,0.0022194,0.56,1.25,2.42,56.2
0.0056631,0.0099206,0.0099912,0.019243,1.2271,0,0.0060091,40,0.0079936,-0.0030004,-0.013877,0.0018385,6.79,7.6168,-0.0017998,-0.017737,0.52,1.25,2.43,56.6
0.0057061,0.0060278,0.029847,0.019841,1.0164,-0.2,0.0081808,40.1,0.011085,0.0072957,0.017686,0.0010894,6.89,7.6948,0.042864,-0.029721,0.56,1.26,2.43,60.2
0.0011549,0.0039543,-0.00095168,0.0048234,0.1527,-0.1,0.0040192,39.9,0.0062795,-0.0044681,-0.0050696,-0.00044048,7.36,7.6377,0.049453,-0.017231,0.46,0.99,2.13,63.9
0.0036435,0.003279,0.0055279,0.0060021,0.3393,-0.1,0.0050848,40.2,0.0093459,0.0013834,0.017385,-0.00060756,7.6,7.6353,0.0025632,0.010451,0.49,0.86,2,63.6
0.0054616,-0.0047633,-0.0082729,-0.00097285,-0.3529,0.3,0.002917,40.2,0.007722,-7.4106e-05,-0.026078,-0.0010337,7.81,7.6459,-0.0048242,0.030923,0.58,0.83,1.79,64.7
0.0045301,0.0089784,0.012957,0.0042633,0.1661,-0.3,0.0031943,40.1,0.006135,-0.00715,0.05219,-0.00043618,8.04,7.5989,0.066761,0.023831,0.27,0.37,1.44,61.3
0.0013045,-0.0016049,-0.0022856,0.0027504,0.1396,0.1,0.0015762,40,0.0076162,0.0084726,-0.04483,0.000639,8.45,7.5858,0,0.0096921,0.19,-0.03,0.97,61.3
0.0036752,0.0016838,0.0088825,0.0074709,0.3135,-0.2,0.003816,40.1,0.0090635,-0.0056835,0.037083,0.0022333,8.96,7.5914,-0.032277,0.024201,0.18,-0.32,0.63,58.8
0.0017077,0.003621,0.0043235,0.0075758,0.5294,0.1,0.0049335,40.2,0.0074907,0.0041577,-0.039404,-0.0022242,9.76,7.6468,-0.060333,-0.023538,0.25,-0.95,0.07,61.9
0.0056703,0.006006,0.0053386,0.0050835,0.3655,0.1,0.0031627,40.2,0.007435,0.0026816,0.0011383,-0.0010238,10.03,7.6227,0.014674,0.01282,0.27,-1.02,-0.09,59.9
0.003404,-0.0035993,-0.010999,-0.0057133,-0.8871,-0.1,0.0015438,39.8,0.0044346,0.001237,0.01694,0.0028524,10.07,7.3963,0.036773,0.0096208,0.34,-0.97,0.06,57.3
0.0039628,0.0048742,-0.0047373,0.0049521,0.0221,0,0.0027774,40,0.0088106,-0.0028337,0.075005,-0.0021807,10.06,7.3265,-0.014954,-0.0005487,0.18,-0.96,0.02,58.6
0.0030524,0.0009616,0.028528,0.0029952,0.1669,-0.1,0.0047498,40.3,0.0087337,-0.001421,-0.064739,0.0024463,10.09,7.5213,0.018858,0.016626,0.16,-0.97,0.17,56.7
-0.0080012,-0.0056529,-0.02735,-0.01149,-1.6484,0,-0.00069314,38.9,0,0.002578,0.039133,0.0025818,10.01,7.4662,0.019783,0.017367,0.11,-0.83,0.32,55.1
-0.003489,0.0028174,0.021897,0.0084351,0.8796,-0.2,0.0041517,39.9,0.012959,-0.005347,-0.10813,-5.1819e-05,10.24,7.5369,-0.023486,-0.0071633,-0.12,-0.99,0.23,52.1
-0.00053753,0.0025757,-0.010262,0.00011153,-0.1346,0.1,0.0035465,39.9,0.0057061,-2.7556e-05,0.057191,-0.0020996,10.29,7.5564,0.019561,0.025513,-0.72,-1.38,0.09,49.4
0.007498,-0.00098786,-0.0012662,-0.0016338,-0.1653,0,0.0012089,39.8,0.0056738,0.0051541,-0.0021168,-0.00060217,10.47,7.4731,0.0097848,0.067688,-0.83,-1.52,-0.18,49.8
0.0015286,0.010762,0.0017354,-0.006308,-1.2572,0.3,0.00091958,39.9,0.0056418,-0.00010684,0.0016846,2.2301e-05,10.94,7.4832,0.044748,-0.01023,-0.96,-1.91,-0.59,46.9
-0.00012105,0.0024671,-0.0056611,-0.00024035,-0.1037,-0.1,0.00029896,39.8,0.0070077,0.0062045,-0.0075669,0.0011546,11.43,7.5132,0.011111,-0.018136,-0.59,-2.1,-0.89,48.7
-3.869e-05,-0.0034196,-0.0029925,0.0068834,0.2017,0.1,0.0017035,39.9,0.0041812,-0.0052302,0.032352,-0.00067719,13.77,7.4271,-0.038484,-0.024331,-1.33,-3.47,-2.37,47.3
0.0031061,0.0025465,0.00037883,-0.0015009,-0.4496,-0.1,0.0010163,39.8,0.00693,0.0011039,-0.036216,-0.0011802,13.18,7.3291,-0.007685,-0.0040196,-0.79,-2.53,-1.19,46.5
0.0024243,-0.0030102,-0.0029252,0.00076904,0.0401,0.1,0.0010924,39.8,0.0082531,-0.0025811,0.021737,0.0014458,13.78,7.3119,0.038776,0.030215,-1.8,-3.39,-1.72,44.3
0.0012893,0.0080328,0.0084309,0.0051637,0.1976,0.3,0.0014107,39.6,-0.0013708,0.004713,-0.015,0.0020462,13.82,7.2012,0.028351,0.028402,-1.76,-3.02,-1.4,47.1
-0.004672,-0.0083936,-0.0094508,0.0005059,-0.2575,0,0.00091368,39.7,0.01227,-0.00020705,0.050851,0.00037131,14.13,7.2079,0.038909,0.010981,-0.21,-1.72,-0.56,51.6
-0.0053278,-0.0081787,-0.023033,-0.0041121,-0.8796,0,0.0012206,39.5,0.0080972,-0.0037038,-0.11293,0.0014039,17.19,6.9537,-0.096438,-0.037658,-1.37,-4.44,-2.74,43.8
-0.0012005,-0.012816,-0.02164,-0.019597,-1.8232,0.6,-0.0015948,39.5,0.0053619,-0.0024283,0.020078,-0.0069806,17.61,6.9575,-0.01637,0.0022203,-4.31,-6.14,-3.42,32
-0.0030671,-0.0048817,-0.012885,-0.02515,-2.565,0.6,-0.0047333,39.1,0.0079894,-0.0035242,0.013259,0.0025309,10.98,6.832,0.044621,0.041057,-1.59,-0.8,2.19,25.6
0.0024663,0.0046711,-0.0028828,-0.01282,-1.3965,0.1,-0.0035342,39.2,0.011866,0.003421,0.010444,-0.0014499,9.47,7.0867,0.062098,0.014619,-1.31,0.31,3.24,24.2
0.0075363,0.0085727,0.012539,-0.0076768,-0.9591,0.2,-0.002901,39,0.0065317,0.0078588,0.031007,0.0014393,9.03,7.146,0.044376,0.015842,-0.38,1.22,3.62,36.1
0.0021938,0.001174,0.0071816,0.0031449,0.3488,-0.1,0.0028788,39.2,0.010363,-0.0046985,-0.00051666,0.00056543,9.61,7.2696,0.030417,-0.0011805,0.63,1.49,3.54,54.1
0.0044175,0.00020857,0.020844,0.016758,1.0842,-0.2,0.0012645,39.4,0.0077022,-0.0067615,-0.033646,0.00090805,10.87,7.2937,0.024001,0.01291,0.65,0.64,2.83,53.9
0.0086935,0.012384,0.02067,0.012536,1.1456,0,0.0030658,39.6,0.010178,0.0032897,0.034241,-0.0012167,12.81,7.3284,0.028829,0.0063516,-0.32,-1.06,1.42,63.7
0.0025178,-0.0027846,0.00066523,0.016345,1.1392,0,0.0028361,39.7,0.010076,-0.0011529,-0.033255,0.00012407,15.85,7.3199,0.041375,-0.0093128,-1.7,-3.17,-1.21,65.3
0.0049574,0.0070752,0.0024661,0.0068738,0.1237,-0.3,0.0021575,39.8,0.0074907,-0.0022194,-0.014868,-0.0016464,18.9,7.3011,-0.016345,-0.020338,-4.02,-6.06,-3.76,51.2
-0.003119,0.00025634,0.0060696,-0.0062482,-0.5541,0.3,0.00098914,40,0.0086688,0.0064675,0.015385,0.003098,19.08,7.3441,-0.0037523,0.024007,-5,-6.51,-4.05,48.7
-0.002685,-0.0025149,-0.0041306,-0.0042285,-0.64,-0.1,0.00079061,39.4,0.0036923,-0.0022506,-0.0099556,0.00050283,15.93,7.1277,-0.035199,-0.046336,-1.36,-2.74,-0.56,51.1
0.0032814,0.002925,-0.010384,0.005006,0.0149,0,0.0011519,39.8,0.00978,0.0030999,0.016016,-0.0031322,14.7,7.1747,0.036701,-0.027487,-0.99,-1.58,0.64,50.2
-0.0017486,-0.0035932,0.00055878,-0.0046096,0.1878,-0.2,0.00080003,39.8,0.0060643,-0.0011793,0.013507,-0.0025715,15.72,7.2152,0.0089687,-0.025687,-1.4,-2.04,-0.16,53.1
0.0030648,0.00046271,-0.0070975,0.0057397,0.1608,0.3,0.0001424,39.8,0.0048251,-0.0073744,-0.0045395,0.00011581,18.52,7.0388,-0.020294,-0.040768,-2.32,-4.42,-2.57,55.7
0.0055578,0.006762,-0.0026427,0.0050628,-0.5755,0,0.0021227,39.6,0.0083883,0.0020649,-0.01161,-0.00051204,19.1,6.9518,0.0045455,-0.056438,-4.24,-5.63,-3.3,51
0.014906,-0.0020698,0.0022973,0.0067313,-0.0584,-0.3,0.0012125,39.7,0.0071344,-0.0031244,0.011615,0.0020546,19.04,6.9479,-0.024485,-0.052046,-3.32,-4.76,-2.87,47.6
0.0038489,0.0063238,-0.0040128,-0.0011014,-0.2122,0.2,-0.00039309,39.7,0.0082596,-0.0010368,0.024491,0.00020707,17.82,6.8459,0.0038655,-0.028914,-1.1,-2.88,-1.48,47.2
-0.0013777,-0.0066052,-0.0069027,-0.0047667,-0.4825,0.2,-0.00096153,39.4,0.0070258,0.0030901,-0.030718,-0.00019232,15.87,6.8145,-0.091229,-0.0031363,0.65,-0.55,1.05,42.2
-0.0036581,-0.0053364,-0.013683,-0.0074761,-0.9269,0.3,-0.0010609,39.5,0.0069768,-1.6935e-05,-0.015722,-0.0015221,15.08,6.7719,0.0126,0.014281,0.3,0.07,2.03,40.2
0.0012264,-0.0019054,-0.0077603,-0.011667,-1.1334,0.4,-0.0022898,39.5,0.005777,-0.0010377,0.0024024,0.00085011,13.31,6.7298,0.025547,0.033023,-0.9,0.08,3.08,32.8
-0.0005806,0.0061153,-0.01303,-0.010699,-1.3892,0.2,-0.0030319,39.2,0.0023015,0.0010084,-0.0083897,-0.0022812,12.37,6.8134,0.0072963,0.00042041,0.48,1.35,4.18,39.1
-0.0022369,-0.0017691,-0.0052756,-0.020532,-1.9548,0.1,-0.0036372,37.2,0.021604,0.0020077,0.0050704,0.0028399,13.22,6.737,-0.053933,-0.009131,1.1,1.37,3.88,39.9
0.0042191,0.0090431,0.015836,0.02009,1.8662,0.3,-2.2084e-05,39.5,-0.0079052,-0.0070968,0.0091044,-0.002932,14.78,6.7639,-0.02416,-0.020895,-0.05,-0.35,2.4,38.6
-0.00072018,-0.0011196,0.00079843,-0.0068854,-0.6901,0.1,-0.0014254,39.2,0.0056529,0.0010116,-0.033712,-0.00041612,14.68,6.8363,-0.032848,-0.022836,-0.73,-0.82,2.14,40.4
0.0068727,0.00058538,0.001128,-0.0093213,-0.7044,0.3,-0.0031454,39,0.0022523,0.0020222,0.030312,-0.0020613,14.94,6.8211,0.048446,-0.018618,-0.96,-1.07,1.84,40.9
-8.8004e-05,0.0030233,0.0051338,-0.0068122,-0.2852,0.1,-0.0004771,39.1,0.0078432,-0.0020222,0.0058471,0.0053815,14.45,6.9324,0.00085948,0.021439,-1.11,-0.83,2.19,38.1
-0.0034516,-0.0054434,-0.014279,-0.0027363,-0.1884,0.2,-0.0026893,39,0.0033426,0.0080483,-0.039857,0.0013408,14.15,6.8046,-0.059283,-0.030338,-0.08,0.15,2.77,42
-4.9251e-06,0.0058238,-0.0038624,-0.0034947,-0.2038,0.2,-0.0038353,39.1,0.0055463,-0.0040483,0.058232,-0.0013334,12.59,7.0613,-0.0027385,-0.011971,0.65,1.36,4.21,40.7
0.0018413,0.0007351,-0.0092108,-0.0088996,-0.7276,0,-0.0017665,38.9,0.0033131,-1.5936e-05,-0.011394,-0.002797,10.12,6.9527,0.0027385,-0.0060109,1.31,2.94,6.2,40.1
-0.00054532,0.0089551,0.0019292,-0.0029488,-0.2411,0.3,-0.0020163,39,0.0011019,-0.0029905,0.010214,-0.00034393,10.31,7.0423,0.10955,-0.0075648,0.54,2.03,5.32,40.4
-0.00078341,0.0043851,-0.010345,-0.0093193,-0.9258,0.3,-0.0030996,38.7,0.0022002,0.0019812,-0.017358,0.0028434,9.71,7.0673,0.080797,-0.0092718,-0.39,1.2,5.02,41.9
0.0037087,0.0080188,0.0027193,-0.0031054,-0.4341,0.4,-0.0013619,38.9,0.0010983,0.00097786,0.011216,-0.0026178,9.2,7.224,0.039887,-0.038523,-0.04,1.35,5.1,41.5
0.0049848,0.0042324,-0.0027518,-0.0074565,-0.2911,0,-0.00016896,38.9,0.0054735,-1.5561e-05,-0.019444,-0.0014766,8.95,7.1724,0.0093694,-0.0099136,-0.04,1.59,5.19,46
-0.0013062,0.0010368,0.018903,0.018535,1.5524,-0.4,0.002464,39.4,0.0043573,-0.011827,0.037803,0.0031532,8.68,7.369,0.034547,-0.025318,-0.06,1.78,5.26,50.3
0.00059495,-0.00027144,-0.0042216,-0.0060032,-0.0709,0,-0.00082065,39,0.0054201,0.0088792,0.0014308,-0.0029774,8.51,7.4378,0.017177,-0.027475,0.41,2.21,5.44,60.6
0.0047068,0.010483,0.016632,0.0081322,0.6044,-0.1,0.0019437,39.3,-0.0010817,-0.0019792,-0.024889,-0.00039284,8.77,7.3815,0.034151,-0.028385,0.27,1.74,4.84,60.8
0.00074355,0.0061113,-9.2016e-05,0.0124,0.8203,-0.1,0.0030708,39.4,0.0010817,0.0019792,0.0039254,0.0032531,8.8,7.2944,0.037472,0.030471,0.18,1.6,4.49,59.4
0.0050721,0.0059053,0.015421,0.0064167,0.8207,-0.1,0.0031284,39.7,0.0010805,0.0019734,0.0077592,-0.0017106,8.63,7.4821,0.039782,0.023229,0.27,1.75,4.46,61.8
0.0013641,0.009606,0.025368,0.0057872,0.5216,0,0.0041967,39.8,0.0021575,-0.00099252,-0.020435,0.00088572,8.98,7.4576,0.013919,-0.015512,0.68,1.87,4.39,62.3
0.0028717,0.0067647,-0.00053235,0.014815,0.9966,-0.7,0.0046105,39.9,0.0043011,-0.0019704,0.017501,0.0018858,9.37,7.4872,0.0035993,-0.013462,0.83,2.01,4.02,70.3
-0.0014026,0.0026315,-0.0016355,0.011934,0.6205,0.1,-0.0034115,40,0.0010724,0.0029484,-0.0039221,-0.0013171,9.56,7.5549,-0.027931,-0.016305,0.97,2.29,4.08,68.1
0.0069012,0.0026955,0.015188,0.014454,1.3312,-0.3,0.012328,40.1,0.0053447,-8.6675e-06,-0.0038657,-0.00081936,9.45,7.4442,0.029128,-0.0026656,0.71,2.2,4.1,66.9
0.0096073,0.0079729,0.010898,0.0075954,0.7248,-0.4,0.0029874,40.1,0.0031932,-0.0029397,-0.0086924,-0.0017504,9.48,7.4472,0.002986,-0.001135,0.33,2.06,3.98,69.5
0.0080732,0.0022463,0.01021,0.0044088,0.3147,-0.3,0.0038714,40.1,0.003183,-0.0019589,0.0096675,-0.00032245,9.34,7.4872,-0.01502,-0.013654,0.6,2.35,4.27,69.2
0.0089364,0.010925,0.018352,0.0047478,0.1014,-0.2,0.0038565,40,0.0031729,0.0048957,-0.001938,-0.00083993,9.47,7.4313,-0.0048544,-0.029414,0.64,2.36,4.28,74.8
0.0035661,0.0063375,0.006442,0.01987,1.3016,-0.3,0.0047917,40.2,0.0063158,0.0038825,-0.0067994,0.0037828,9.56,7.548,0.012092,-0.018442,0.34,2.11,4.09,63.7
0.0057782,-0.013297,-0.00053847,0.0044419,0.7496,-0.2,0.0052091,40.7,0.0010488,-0.0029433,0.016499,0.002353,9.59,7.7231,-0.05624,0.023937,0.45,2.25,4,64.9
0.006074,0.0082998,0.00085532,0.0047983,0.235,0,0.0029155,40.2,0.0020942,-1.4965e-05,0.012259,-0.0034035,9.91,7.4164,0.00063553,0.0096639,0.68,2.41,4.08,60.9
0.0064474,0.0068337,0.0055247,0.0058287,0.2555,-0.1,0.0038778,40.4,0.0031332,-0.0028981,-0.01537,0.00049898,10.29,7.5235,0.0012698,-0.024126,0.61,2.34,4.02,63.2
0.0022746,0.0056251,0.0078696,0.005184,0.0739,-0.3,0.0032572,40.3,0.0031234,-0.0019259,-0.026485,-0.0025366,10.32,7.481,-0.0063654,-0.022489,1.34,3.09,4.42,59.2
0.0074871,0.006704,0.0088553,0.0033665,0.1967,-0.2,0.0040408,40.3,0.0041494,0.00096293,0.0151,0.00052621,11.06,7.5191,-0.022603,-0.0089648,1.02,2.5,3.99,60.5
0.0022687,-0.0039943,-0.0053549,0.0028633,0.1255,0.3,0.0032758,40.3,0.0010347,0.0019249,-0.0087568,0.0017899,11.23,7.457,-0.013149,-0.042275,0.8,2.13,3.92,54.1
0.0065062,0.003949,-0.00025162,0.0011865,-0.0266,0,0.0025603,40.2,0.0030976,-0.0038499,0.00080144,-0.0004979,11.64,7.369,0.084361,-0.0051648,0.18,1.08,2.99,54
0.0076025,0.0071996,-0.0012331,-0.0027884,-0.4782,-0.2,0.0032777,40.2,0.003088,0.0019249,-0.0011652,-0.001714,11.3,7.4372,0.010288,-0.044296,0.28,1.22,3.05,47.2
-0.002957,-0.0033112,0.0041866,-0.00042883,0.2043,0.1,0.0029847,40,0.0020534,-0.0019286,-0.0093755,0.0010044,9.99,7.3715,-0.0078574,-0.029648,0.91,2.17,3.95,52.9
0.005217,0.014315,0.0088383,0.0033872,-0.0224,-0.2,0.0036846,40.2,0.0040942,0.0057822,0.042572,-0.0009708,9.43,7.4319,0.0090608,0.015943,0.39,2.14,4.05,52
0.006698,0.0015335,0.0011954,0.00060815,-0.0237,0.1,0.0013015,40.2,0.0040775,-0.0038536,-0.03345,0.0014243,8.38,7.3852,-0.010883,-0.043795,0.95,3.12,5.02,52.8
-0.0011462,0.008932,-0.002501,-0.00096809,-0.4269,0,0.0027535,40,0.0050736,0,-0.00020369,0.0021791,8.35,7.4448,0.042256,-0.051023,0.67,3.03,4.91,51.8
0.00070409,0.0037129,0.0033996,0.0034607,-0.5235,-0.1,0.0013584,39.9,0.0040404,0.00096108,0.02056,-0.00036812,8.5,7.3976,0.052778,-0.03063,0.79,3.01,4.73,51.8
0.004113,-0.00096534,0.0087153,0.0013486,0.376,0,0.0035067,40.2,0.0010076,-0.00096108,-0.0072139,-0.0007241,8.58,7.4955,-0.0083264,0.029032,1.28,3.28,5.11,49.1
-0.0020219,0.0026962,-0.0010257,-0.0017985,-0.4807,0.1,0.0020219,40.2,0.0040201,0.0047916,0.031426,-0.0024408,8.27,7.5071,0.0066667,0.095205,0.87,3.16,5.24,51.3
0.0020344,0.011427,0.011518,0.0012145,-0.0948,-0.1,0.0028197,40.1,0.0010025,-0.0019276,-0.026413,0.00090684,7.97,7.4265,0.02353,0.0085278,0.49,2.88,5.18,49.5
0.0034327,-0.0053382,-0.016678,-0.00045687,-0.1831,0.2,0.0015095,40.1,0.002002,-0.0057279,-0.019007,0.00033425,7.53,7.4242,0.021403,0.025702,0.27,2.63,4.87,50.7
0.0013546,0.0073057,0.0019177,-0.0052004,-0.5155,0,0.0019374,40.1,0.0029955,0.0038195,0.0028399,-0.00025206,7.88,7.4289,0.018878,0.075106,-0.02,2.43,4.55,52.5
-0.00015052,0.010015,0.018011,0.0033781,0.2089,-0.3,0.0019643,40.2,0.00099651,-0.0028676,-0.0022206,0.00085774,7.9,7.4634,-0.02206,0.0024595,0.15,2.43,4.6,51.8
0.004467,0.013635,0.0026793,0.0039646,-0.0969,0,0.0020931,40.2,0.0019901,-0.0048091,0.01129,-0.001621,7.92,7.4242,-0.022557,-0.014482,0.15,2.45,4.56,54.6
0.0046699,-0.015669,-0.0092627,-0.0036929,-0.3295,0,0.0019157,40.2,0.00099354,0.017263,-0.0094388,-2.1549e-05,7.99,7.5143,0.011342,0.041144,0.02,2.25,4.37,53.4
0.0014178,0.0026322,0.0072919,0.003573,0.4052,-0.1,0.0021355,40.1,0.0019841,-0.0048381,-0.013035,0.001229,8.05,7.4372,0.058917,0.012653,-0.17,1.73,3.94,57.2
0.0059298,0.01101,-0.005357,0.010082,0.1682,0,0.0016848,40.3,0.0069136,-0.0009753,0.029898,0.00047508,8.27,7.5715,0.048428,0.0035364,-0.6,0.99,3.31,54.8
-0.00078018,0.0010141,0.014919,0.0050863,0.8259,-0.3,0.0012466,40.4,-0.0029571,-0.0094563,0.0085103,0.0012107,8.14,7.5868,0.0043321,-0.014151,-0.41,1.05,3.3,56.7
0.0048515,-0.0024737,-0.0057046,-0.0068777,-0.5188,0.5,0.0011641,40,0.00098668,-0.0086308,-0.0107,-0.004581,7.86,7.5219,0.052397,0.003714,-0.25,0.84,3.25,57.1
0.0093886,0.0034023,0.00097538,-0.0072211,-0.3509,0,0.00087976,40,0.00098571,0.00079235,0.006318,-0.0021859,7.48,7.5369,0.057133,0.026027,-0.45,0.3,3.02,54.5
0.0033879,0.0061413,0.019936,0.0011428,0.3045,-0.1,0.0018884,40,0.00098474,0.0076909,-0.013705,0.0001253,6.99,7.5668,0.024241,0.020972,-0.55,0.31,3.2,54.4
0.0012028,0.0059996,-0.0096367,0.0017316,0.0415,0.1,0.0012804,40.1,0.0019666,0.0097514,0.0042094,0.0038986,6.85,7.5251,0.0020986,0.014969,-0.2,0.86,3.44,61.1
0.00048166,-0.0022326,0.0063946,-0.0038205,-0.3996,0,-0.00093749,40,0,-0.0019616,0.011572,0.0018649,6.92,7.5213,0.028113,-0.008318,-0.19,0.88,3.42,55.3
0.0049588,0.0065584,0.0058915,0.0059339,0.3281,-0.2,0.003202,40,0.0019627,-0.010704,-0.0052988,-0.0034442,6.56,7.4855,-0.02101,-0.00092851,-0.29,0.74,3.6,51.2
0.0023827,0.0047616,0.0014203,-0.0015905,0.1206,-0.1,0.0011554,40.1,0.0019589,0.011692,-0.0083431,0.00099685,6.17,7.4994,0.019786,-0.014032,-0.24,1,4.01,58.4
0.0012617,0.021697,0.023446,0.0029152,0.1267,0.1,0.0034683,40.2,0,-0.0019569,0.0083323,0.0020052,5.89,7.4307,-0.027728,-0.011029,-0.12,1.56,4.31,57.3
0.00063242,-0.014986,-0.014224,0.0041522,0.1532,0,0.0018695,40,0.0029311,0.0038684,0.005125,-0.0014599,5.85,7.4271,-0.0037839,-0.029973,-0.13,1.58,4.39,54.5
0.0020601,-0.003329,-0.0030691,0.0036967,0.1226,-0.1,0.001866,40,0.0029226,-0.0067806,-0.010331,-2.1563e-05,6.04,7.392,0.03192,-0.0018244,-0.24,1.21,4.03,57
0.0040738,0.021846,0.020719,0.0096894,0.6233,-0.3,0.0020018,40.1,0.0019436,0.002899,-0.003088,-0.00042401,6.91,7.5137,0.014179,0.010828,-1.04,0.2,3.06,55.4
-0.0009977,-0.025393,-0.032079,-0.0038104,-0.4635,0,0.00168,40.4,-0.00097135,0.0028823,0.0020566,0.0033008,6.43,7.481,0.061996,0.044902,-0.65,0.65,3.29,59.8
0.0034237,0.018806,0.035435,0.013194,0.9838,0,0.0023909,40.7,0,-0.0019369,-0.0093421,-0.0011464,6.1,7.4866,0.060157,0.014901,-0.14,1.15,3.55,55.4
0.0026341,0.0012156,0.00095926,0.0013615,-0.1573,0,0.0024247,40.4,0.0038797,-0.0019203,0.033055,-0.00088094,6.13,7.4536,0.040466,0.04122,-0.1,1.12,3.48,61.6
-0.00046636,0.0047066,-0.0028751,0.0063442,0.2573,-0.3,0.003306,40.2,0,0.0047678,-0.016584,0.001094,6.37,7.3865,-0.011,0.024198,0.13,1.65,3.67,59.8
0.0061356,0.00062453,-0.00167,0.0063527,0.3448,0,0.0022536,40.5,0.0029,-0.0047742,0.04813,-0.0011826,6.85,7.3951,-0.00069156,0.021408,0.15,1.76,3.66,63.4
-0.00087437,0.0041603,0.0049782,0.0053057,0.1188,-0.1,0.0016894,40.3,0.0019286,0.0018966,-0.045627,0.001249,6.73,7.374,0.041666,-0.022942,0.07,1.67,3.79,61.2
0.0034026,0.0048418,0.0086352,0.006943,0.4278,-0.1,0.0033995,40.4,-0.0019286,-0.00095371,0.035148,-0.0014975,6.58,7.362,0.028457,-0.012231,0.1,1.87,4.03,64
0.0051656,0.0076351,-0.0044192,0.0073332,0.2404,-0.1,0.0016906,40.4,0.0048146,-3.5802e-06,-0.017679,0.0016527,6.73,7.3809,0.060378,-0.0058593,0.3,2.03,4.07,62.7
0.00072594,-0.0047054,0.010961,0.0036617,0.3667,-0.1,0.0022139,40.1,0.0028777,0.0009385,0.013084,-0.00058343,7.22,7.4354,-0.033023,0.027744,0.45,2.2,4.09,62.1
0.0063253,-0.00061712,-0.0011534,0.013726,1.0559,0.1,0.004772,40.5,0.0009574,-0.0047139,0.018859,-0.00018821,7.29,7.3232,-0.12875,0.010525,0.3,2.23,4.33,65.3
0.0044812,0.0011742,-0.0027747,0.0048513,0.3072,-0.2,0.0022662,40.4,0.0047733,0.001885,-0.026313,-0.0012633,6.69,7.4122,-0.13425,0.066004,0.27,2.17,4.54,59.3
0.010761,0.0076087,0.0084378,0.0054737,0.442,-0.1,0.0027918,40.5,-0.00095283,-0.0018886,0.019244,-7.4158e-05,6.77,7.2442,-0.016461,0.029634,0.4,2.22,4.52,61.5
-0.0014414,0.0085498,-0.0022853,1.8163e-05,-0.2671,0,0.00088711,40.3,0.0057034,0.0075436,-0.044293,0.0020535,6.83,7.1476,0.038662,-0.015373,0.16,1.84,4.24,60.3
0.0040184,0.00091941,0.011239,0.0049281,0.1913,0,0.0044334,40.4,-0.0018975,-0.0065953,-0.043399,-0.0024322,6.58,7.2951,0.029888,-0.023996,0.06,1.63,4.04,57
0.0022187,0.0086441,0.01589,0.002255,0.147,0,0.0026353,40.4,0.002845,0.0037585,0.05116,0.0019921,6.58,7.3343,0.029021,0.041663,0.13,1.79,3.99,57.9
0.0022755,-0.0040986,-0.0053774,0.0057701,0.7011,-0.3,0.0023229,40.4,0.0056657,0.0009271,0.04763,0.0013979,6.87,7.3607,-0.011736,0.02436,0.14,1.85,4.03,57.6
0.00073453,0.0064607,0.0031344,-0.0017651,-0.2277,0.2,0.0021937,40.5,0.0028209,-0.0018779,-0.023174,-0.0019464,7.09,7.2591,-0.025064,-0.0046429,0.31,2,3.95,57.7
0.0033462,0.003263,0.0097558,0.0026953,0.1205,-0.2,0.0034619,40.5,0.0028129,0.00092718,-0.028034,0.0013567,7.51,7.2984,0.055443,-0.050857,-0.02,1.41,3.49,63.6
0.0043455,0.0024066,-0.0040636,0.00010095,-0.0843,0,0.0021245,40.5,0.0028051,0.0055426,-0.0021168,0.00058358,7.75,7.291,-0.0059281,-0.04119,0,1.31,3.36,60.6
0.0025238,0.0045662,0.00057832,0.0051903,0.1044,0.2,0.0011741,40.3,0.00093327,-0.004654,0.0058633,-0.001872,8.01,7.3085,-0.020271,-0.0050565,0.16,1.25,3.2,59.2
0.0018804,-0.0027795,0.0039478,-0.0031961,0.2304,-0.2,0.0032028,40.3,0.0037244,-0.0018467,-0.0028069,0.0018856,8.19,7.3079,0.016175,-0.0073954,-0.1,0.79,2.71,58.6
0.0055041,0.008144,0.0077331,0.0042176,0.2912,0,0.0024778,40.6,0.0046361,-3.3667e-06,0.027123,-0.0016027,8.3,7.3278,0.034474,0.032023,-0.19,0.5,2.11,57.2
0.00031225,0.0025101,0.0038527,0.0025147,0.231,-0.1,0.0032035,40.5,0.0018484,0.0018231,0.0063444,-0.00092571,8.35,7.3582,-0.023342,0.039303,0.13,0.61,2.13,58.4
0.0051713,0.0054359,0.012951,0.0045253,0.2856,0,0.0026321,40.3,0.001845,-1.332e-05,0.0060234,0.00078935,8.76,7.3544,0.020092,0.0095205,0.23,0.35,1.89,59
0.0091913,0.0017928,0.0011416,0.0028928,0.5684,0.1,0.0024573,40.4,0.0027612,0.0063073,-0.043908,0.0019935,9.12,7.3908,0.031681,-0.02895,-0.07,-0.03,1.53,57.3
0.0030977,-0.002114,-0.010989,-0.0044027,-0.9585,-0.2,0.0024792,40.4,0.0027536,-0.0027754,-0.036525,-0.0017843,9.36,7.2619,0.029688,-0.011511,-0.11,-0.19,1.25,57.3
0.0053363,-0.00064264,-0.0059703,0.0026132,-0.218,-0.2,0.0018042,40.5,0.0036597,-0.0036067,0.01984,0.00038984,9.85,7.2598,-0.0044316,-0.023077,-0.28,-0.49,0.82,52
-0.0038654,0.0059193,0.009079,-0.00013322,-0.0424,0.2,0.0015784,40.5,0.00091283,0.0035303,0.0028646,0.0029267,9.84,7.1997,0.032272,-0.007381,-0.48,-0.66,0.77,53.1
-0.0042607,-0.001166,-0.0044681,-0.0056067,-0.8233,0,0.0011312,40.3,0.0018232,0.00082754,-0.042473,-0.0029979,9.81,7.1937,0.037655,-0.042089,-0.83,-0.95,0.65,50.7
0.0028231,0.0019551,-0.0030886,-9.686e-05,-0.0926,0.1,0.0010558,40.3,0.0018198,-0.0079261,0.0026829,-0.001447,9.53,7.2421,0.030743,-0.048821,-1.09,-1.25,0.5,45.6
0.0033129,0.002963,-0.01031,-0.0098788,-1.2018,-0.1,0.00038872,40.4,0.0054397,-0.0017559,-0.010446,0.00019264,9.24,7.2633,0.025017,0.046426,-1.35,-1.22,0.63,45.8
0.0021872,0.0095602,0.025068,0.0098319,0.5575,0,0.00047181,40.4,0.0018067,-0.0017652,0.052574,-0.0022733,8.99,7.1944,0.043338,-0.019929,-0.81,-0.88,0.89,45.2
0.0027523,-0.001875,-0.0070311,-0.0032342,-0.3962,0.1,0.0023003,40.3,0.0018034,0.0087982,0.024591,0.0021032,9.02,7.1538,0.0020176,-0.014655,-0.8,-0.83,0.89,46
0.0047539,-0.00066917,-0.0097012,-0.0012788,-0.4278,0,0.00098688,40.4,0.0026991,-2.7701e-05,-0.0043892,0.0016806,8.84,7.2513,0.00028789,0.010067,-0.85,-0.83,0.97,49.3
0.00094568,0.00048333,0.008904,0.0032739,-0.0433,0.1,0.0025411,40.3,0.0035874,-0.0035057,-0.057451,-0.0017104,8.55,7.2086,-0.020943,-0.0093672,-0.78,-0.68,1.26,49.3
0.0007635,0.0082549,0.0032997,0.0057462,-0.1754,0,0.0007721,40,0.0035746,0.0043354,-0.025196,0.00069496,8.45,7.1317,0.024391,0.015083,-0.73,-0.61,1.37,50.4
0.0024525,0.0049828,-0.0078419,-0.0051095,-0.2854,0,0.0033297,40.4,0.0053381,0.012789,0.056903,0.0046685,8.23,7.3467,-0.025068,0.033689,-0.31,-0.02,1.71,49.1
0.0029898,-0.0050749,0.014748,0.0090363,0.8934,-0.1,0.0021589,40.1,0.0070734,-0.019718,-0.033866,-0.0031541,8.24,7.2703,-0.028402,0.026829,-0.13,0.23,1.9,52.5
0.00086575,0.0033678,0.0058104,0.0047992,0.2131,-0.1,0.001908,40.3,0.0043956,-7.2308e-07,0.080321,-0.0006436,8.28,7.1616,0.023951,-0.043131,0.07,0.31,1.93,52.3
0.0062357,0.0019089,-0.011591,-0.0018275,-0.4892,0.2,0.00038298,40,-0.0017559,-7.2431e-07,0.012398,-0.0016587,8.26,7.1293,-0.00082762,0.0077874,0.14,0.53,2.04,53.7
-0.0012105,-0.00071541,0.0080927,0.0025936,0.025,0,0.0013939,40.1,0.0035088,0.0017029,-0.057817,0.00015507,8.18,7.1,0.035069,0.024258,0.14,0.58,2.23,51.7
0.0015247,0.0031696,0.0025815,0.0033853,0.078,-0.2,0.00015476,40.2,0.0034965,-7.2431e-07,-0.0044579,0.0021562,8.29,7.0707,0.02854,0.019424,-0.19,0.19,1.93,52
0.0032426,0.0020284,-0.0053722,-0.0014338,-0.3607,0.3,-0.00029133,40.1,0.0026144,0.0016971,0.026182,-0.0019335,8.15,7.0656,-0.00099942,0.056548,-0.21,0.32,2.05,46.7
-0.0064222,0.00031029,0.010009,0.003754,0.1443,0.2,-0.0018957,40.1,-0.0008707,0.0084182,0.027962,0.0041554,8.13,7.0166,-0.084825,0.049322,-0.35,0.62,2.28,45.5
-0.00048382,-0.0004746,-0.018558,0.00017728,-0.2635,0.2,-0.00089443,40.1,0.0052129,0.0015394,-0.00028667,-0.00051258,8.2,7.0121,-0.047489,-0.011585,-0.44,0.69,2.44,44.9
-0.0083012,-0.0055843,-0.0042978,-0.0062649,-0.6817,0,-0.0013797,39.8,0.0025963,-0.0026125,-0.027539,-0.0004102,8.11,6.9217,-0.026635,0.034618,-0.56,0.61,2.63,43.1
-4.3667e-05,-0.00093682,-0.011892,-0.012391,-1.0785,0.3,-0.0013999,40,0,-0.0041669,-0.069305,-0.004432,7.81,7.0432,0.026254,0.0095146,-0.5,0.58,2.81,40.4
0.0050261,-0.0036454,-0.010463,-0.0068589,-0.7228,0.1,-0.0004396,40.1,0.0025896,-0.010632,-0.016696,-0.00034281,7.31,6.8763,0.041805,-0.021771,-0.26,0.77,3.12,38.5
-0.0067171,-0.0090604,-0.006612,-0.0037266,-0.6336,0.1,-0.0010173,39.8,0.0051591,0.009812,0.04473,0.002862,6.91,6.6821,-0.0099658,0.0065863,-0.27,1.18,3.54,38.1
0.00067342,0.0061604,0.0059011,-0.0071455,-0.6398,0.2,-0.0029478,39.8,-0.000858,-0.011453,0.0094231,-0.0032833,6.25,6.8721,0.10703,0.015134,0.02,1.6,3.82,39.2
0.0014382,0.011696,-0.0057982,-0.0055995,-0.6666,0.2,-0.0014726,39.7,0.000858,0.0024331,0.0068038,-0.00030904,6.12,6.8255,0.027284,-0.075429,0.28,1.99,3.97,42.4
0.0037927,-0.0033147,0.019513,0.002886,0.2682,-0.1,-0.001936,39.9,0.0051326,0.0041135,0.0046587,0.0016197,5.91,6.9088,0.019683,-0.040161,0.33,2.13,4.03,46.1
0.00013031,0.0025283,0.0081689,0.0097743,0.4255,0.2,-0.0010618,39.8,0.00085288,0.0024702,-0.02364,0.0023172,5.78,6.9037,-0.0044611,-0.014913,0.35,2.29,4.08,48.9
0.0052513,0.00018296,-0.0044885,0.0078314,0.6347,0,0.00078492,40.1,0.0025543,-0.0041162,-0.025055,-0.0024506,5.9,6.9431,0.00079336,-0.043938,0.46,2.38,4.06,58.4
-0.0022593,0.0048727,0.012968,0.0026953,0.3131,-0.1,-0.00038777,40.1,0.0025478,-0.00082814,0.052365,-0.00010993,5.82,6.9689,0.0051152,0.0009694,0.49,2.45,4.07,55.6
0.0020001,-0.0015304,-0.0042224,0.00012256,0.0083,0.1,0.0001662,40.2,0,0.0041244,-0.004404,0.00073049,5.66,6.9556,0.023831,0.019668,0.12,2.24,3.99,60.1
0.0031238,0.00047395,0.0042678,0.0085357,0.725,0,0.00024002,40.2,0.0025413,-2.7186e-06,0.017528,0.0011362,5.45,6.9226,-0.0056657,0.024865,0.12,2.2,4.06,60.7
0.0013723,-0.0040358,0.0010091,-0.001416,-0.2146,0.1,0.00019382,40.2,0.0016906,0.0016393,-0.010509,-0.0015745,5.21,6.9838,-0.00082679,-0.0019712,0.12,2.32,4.28,58
0.0017221,0.0047281,-0.0032427,-0.0013811,-0.2753,0,-0.00056311,40.2,0.00084424,0.00080656,-0.012303,0.00032988,4.81,7.0058,-0.0024845,0.032264,0.08,2.61,4.64,53.5
0.0084883,0.0017105,-0.012812,-0.004356,-0.3186,0.3,0.00029544,40.3,0.0025284,-0.0049107,-0.015526,0.00029747,4.43,6.9838,0.0066888,0.026396,-0.05,2.66,4.83,49.5
0.0049888,0.014476,0.019185,-0.0052553,-0.6085,0,0.00037841,40.2,-0.00084211,-0.0016387,-0.017862,-0.0011375,4.03,7.0699,0.068559,-0.010011,0.12,3,5.1,49.6
0.004969,0.0011283,0.002512,0.0071344,0.5236,0.1,-0.00053535,40.3,0.0016835,0.004912,0.092216,0.001173,4.06,7.1309,-0.0084959,-0.017398,0.23,3.28,5.17,58.3
0.0016531,0.0018241,0.0040168,0.0080936,0.6123,0,0.00049844,40.2,0.00252,-0.0016387,-0.026708,-0.00011151,3.98,7.1678,-0.012684,-0.030845,0.65,3.56,5.27,63.3
0.0037303,0.00083938,0.006642,0.0075572,0.2457,0,0.0014201,40.5,0.0033501,-6.6748e-07,-0.011821,0.00027876,3.73,7.0022,0.00012273,0.018849,0.57,3.75,5.48,59.1
0.0053288,0.0051459,-0.0087385,0.0032022,0.2666,0.2,0.0011972,40.4,0.00083577,0.0024433,-0.0089,-0.0013824,3.82,7.1017,0.018001,0.02967,0.37,3.57,5.31,60.9
0.0041725,0.0026959,0.010487,0.00055189,0.0538,0.2,0.00060728,40.3,0.0033361,0.00080011,0.014144,0.00046123,3.76,7.0432,-0.015892,0.024888,0.41,3.5,5.29,59.8
-0.00079646,0.003342,0.013303,0.0090578,0.5246,-0.1,0.00071722,40.3,-0.00083299,-0.0048708,0.009344,0.0015159,3.25,7.0379,0.01647,0.033188,0.35,3.59,5.59,59.5
0.0038645,0.0024684,-0.016036,-0.0054481,-0.5949,-0.1,0.0012126,40.3,0.0033278,0.0016214,0.0054086,-0.0019558,3.3,7.1115,0.006915,0.013312,0.17,3.29,5.35,58.8
-0.0038263,0.0064944,0.013808,0.0029971,-0.0984,0,0.00031209,40.2,-0.0016625,0.0016175,-0.043134,0.000295,3.22,7.0783,0.0013151,-0.051147,-0.04,3.2,5.4,51.1
-0.004923,0.003371,0.0040393,0.0070628,0.2997,-0.3,0.0016506,40.3,0.0033223,0.0016057,-0.017683,0.0018916,3.1,7.1261,-0.014393,-0.11076,0.2,3.49,5.74,53.8
0.0021783,0.0017073,0.0017027,0.0039435,0.1177,0.1,0.0012179,40.3,0.001657,-0.0048394,-0.0066496,-0.0015606,3.09,7.1017,0.024758,-0.079357,0.59,3.78,5.87,58.8
0.035801,0.0065583,0.015446,0.001311,-0.2191,0,0.0020387,40.3,0.00082747,0.001611,0.038515,-0.00022479,2.92,7.1123,0.029822,0.015726,0.79,3.85,5.89,61
-0.02792,-0.0014364,0.0025017,0.0042017,0.6026,-0.1,0.002727,40.5,0.0024783,0.00080353,0.00091449,0.00070257,3.02,7.0984,-0.00094159,-0.011999,0.48,3.58,5.65,63
0.0045951,0.0018513,-0.0012828,0.0045445,0.0694,-0.2,0.0022744,40.6,0.0024722,0.00079966,-0.0027595,-0.00094456,3.03,7.0984,0.014756,-0.062605,0.36,3.23,5.36,59.7
-0.0026145,-0.0027003,-0.0063423,-0.00084525,-0.2819,-0.1,-0.00045447,40.3,0.0024661,-5.7878e-06,-0.0074348,0.00055433,3.07,6.9875,0.018972,0.015304,0.26,2.91,5.08,58.1
0.0075054,0.0067026,0.0051537,0.0029086,0.2601,0.1,0.0027418,40.8,0.0032787,0.0031815,-0.017219,0.00059474,2.96,7.1373,-0.015853,0.05523,0.28,3.01,5.18,53
-0.00022772,0.0034718,0.0015828,-0.0038482,-0.2323,0,0.0024631,40.6,0.002452,-0.0055844,-0.017733,0.00044444,3,7.1389,0.0048856,0.0019402,0.36,3.04,5.21,55.2
-0.0012308,0.0036308,0.0092025,0.0022019,-0.2243,-0.1,0.0016357,40.5,0.00081599,-0.0039857,0.033955,-0.0027419,3.04,7.1546,0.0062912,-0.025853,0.5,2.92,5.03,51.6
0.0032547,0.0049113,-0.0048504,0.0023882,0.0472,-0.1,0.0027592,40.6,0.00163,0.0031866,0.023215,0.0012357,3.06,7.1341,-0.00172,-0.0084563,0.41,2.75,4.87,53.8
0.0021594,0.0010032,0.0051113,-0.0011061,-0.3104,-0.1,0.0013588,40.7,0.0016273,-0.0088396,0.0087758,0.00012805,3.03,7.1701,0.015176,-0.0027453,0.41,2.65,4.57,55.3
-0.0022511,0.0057277,0.0088655,0.0050343,0.3962,-0.1,0.0021738,40.8,0.0024361,0.011252,-0.024815,-0.00066928,3.09,7.2027,0.011189,0.022148,0.27,2.27,4.25,52.6
-0.0042129,0.0015533,0.0042623,0.0076924,0.5356,0.1,0.002554,40.7,0.0024301,-0.00080743,-0.029275,0.0020957,2.99,7.2385,0.010096,-0.014866,0.4,2.34,4.32,58.9
0.0025673,0.0027967,0.0051169,0.0048234,0.2319,-0.2,0.0022439,40.8,0.003231,0.00080353,0.0061839,-0.001249,3.02,7.2269,-0.0021796,-0.014415,0.56,2.7,4.64,60.4
0.034176,0.00351,0.003157,0.0053524,0.2818,-0.1,0.0029425,40.8,0.0040242,-0.001609,0.032226,-0.0016599,2.96,7.335,0.0065889,0.0070657,0.65,2.81,4.73,62.4
-0.019946,0.002729,0.0011382,0.0032816,-0.1016,0.1,0.0024988,40.9,0.0016051,0.0032103,0.0072627,0.00010082,3.05,7.1483,0.014996,0.00067033,0.49,2.7,4.6,63.5
0.00099945,0.0079932,0.0091054,0.00069168,-0.0703,0,0.0016506,40.2,0.0055978,-0.001609,0.032131,0.0019858,3.25,7.1982,-0.0029855,-0.0088172,0.62,2.72,4.51,62.2
0.0026925,0.0001161,0.016513,0.0099819,0.8341,-0.1,0.0040792,41.1,-0.0015962,-0.0008016,0.0029247,0.00043919,3.34,7.355,-0.016614,0.0085491,0.98,3.14,4.79,62.8
0.0092878,0.0042201,-0.0052807,0.0060514,0.4897,-0.1,0.0030331,41.1,0.0015962,-0.00079968,-0.034285,-0.0015815,3.56,7.2896,-0.036402,-0.0064555,1.26,3.41,4.96,62.7
0.0020522,-0.0017852,0.0024172,0.0047255,0.2352,-0.3,0.002945,41.2,0.0031847,0,0.0090518,0.00027035,4.01,7.3304,0.0081726,0.014666,1.3,3.17,4.61,61.6
-0.0013689,0.0059546,0.009138,0.006506,-0.0314,0,0.0027788,41.2,0.0007946,0.00079904,0.04856,0.00099693,4.25,7.2506,0.0086781,0.01452,1.02,2.85,4.4,65
0.001693,-0.00065805,-0.0043931,0.0013448,0.0263,0,0.0032511,41.2,0.0031721,0.0031866,-0.032961,0.00070529,4.26,7.2717,-0.0075699,0.013343,1.22,3.04,4.54,64.2
0.001441,0.0065611,0.023339,0.0065502,0.4351,-0.1,0.0024923,41.1,0.0015823,-1.5822e-05,-0.0060894,-0.00086075,4.47,7.2793,0.028048,-0.0029137,1.09,2.77,4.27,63
0.0043558,0.001503,-0.0043385,0.0032032,0.0566,-0.1,0.0030503,41.1,0.0031571,-0.0063498,-0.014176,-0.0011666,4.73,7.2957,0.0058419,0.015378,1.03,2.73,4.25,62.7
0.0088989,0.0062003,0.0076032,0.007757,0.4672,-0.1,0.0018292,41.1,0.0031471,-0.00080217,0.034633,0.00056481,4.76,7.2793,-0.0067686,0.025407,1.35,2.98,4.44,63
-0.00022297,0.00072979,0.0087716,0.0067182,0.3625,-0.2,0.0035534,41.2,0.0023539,0.0079517,0.0059872,0.00022312,5.29,7.3205,-0.0060553,-0.010765,1.25,2.67,4.03,61.5
0.0047472,0.0026552,0.0074816,0.0101,0.5849,-0.1,0.0025514,41.3,0.00078339,-0.00081222,0.00023009,-0.0012588,5.45,7.2828,-0.012705,-0.019379,1.69,2.36,3.65,58.9
0.0046401,-4.8507e-05,0.0044086,0.0017057,-0.1766,0.1,0.0028883,41.3,0,-0.0015904,-0.0062778,0.0013666,5.53,7.2492,0.02186,0.010149,1.52,2.25,3.55,59.7
0.0022612,-0.0018612,-0.0056425,-0.0014622,-0.5507,-0.2,0.001681,40.9,0.0039078,-5.5888e-06,-0.039887,-0.00024301,5.92,7.1824,0.035203,-0.0016526,0.78,1.55,2.93,56.6
0.0025517,0.0052672,-0.00035345,0.0015865,-0.0961,0,0.0017979,41,0.0023374,-0.00079018,-0.015689,6.7026e-05,5.98,7.1301,0.023035,0.01778,0.45,1.22,2.72,51.9
0.0011673,-0.0016289,-0.007511,-0.0014299,-0.5761,0.4,0.0013848,40.5,0.0015552,0.00078093,-0.013979,0.00079467,6.05,7.1444,0.029491,0.0044271,0.22,1.01,2.55,52.2
0.00078677,0.007189,0.0073364,0.0046135,-0.056,-0.2,-0.00017085,40.5,0.0015528,-0.0015692,-0.0094998,-0.0010963,6.01,7.1808,0.030825,-0.012458,-0.01,0.62,2.19,44
0.0037028,0.0079806,0.0095926,0.0032415,0.0317,0,0.0020227,40.7,0.0038715,-0.00078278,0.02259,-0.00056061,6,7.1554,0.029236,0.0046509,-0.36,0.17,1.9,43.5
0.003398,-0.0027222,-0.011893,-0.0043894,-0.9439,0.1,0.00080114,40.7,0.005395,0.0015637,0.020347,0.00026399,5.85,7.2869,0.032865,0.00025078,-0.26,0.43,2.19,52.7
0.0014782,0.0048978,0.020055,0.013075,0.5766,0,0.0021616,40.8,0,-0.0023453,-0.0092388,0.00091712,5.74,7.2556,0.0031169,-0.017964,0.01,0.75,2.45,46.5
0.0038921,0.0023292,-0.0012229,0.0041558,0.3868,-0.1,0.0020466,40.8,0.0015361,0.0023441,-0.013631,-0.0014773,5.8,7.2218,0.034559,-0.0049907,-0.18,0.4,2.13,49.4
0.0014946,-0.0039009,0.00052223,-0.0015727,-0.5071,-0.1,0.0013226,40.9,0.0022997,0.00077668,-0.023999,0.001915,5.76,7.2218,0.0071448,0.01205,-0.17,0.28,1.99,47.5
0.0032879,0.0083067,0.0081528,0.002315,-0.3542,0.1,0.0012193,40.8,0.0015302,-5.459e-06,0.019604,-0.0026243,5.8,7.2807,0.021402,-0.0098077,-0.37,0.13,1.88,48.6
0.0018673,0.0063455,0.0047283,0.0037115,-0.1241,0,0.0012262,40.5,0.00076423,0.0023174,0.015587,0.0019396,5.6,7.2661,0.031471,-0.01418,-0.29,0.11,1.89,45.9
0.0034246,-0.0045194,-0.010032,-0.0056505,-0.9758,0,-3.3807e-05,39.5,0.010638,-0.0015624,-0.032328,0.00031404,5.56,7.291,-0.0002441,-0.0076239,-0.47,0.09,1.91,44.1
0.0083281,0.0076459,0.0089952,0.014345,0.7468,-0.1,0.0035688,40.9,-0.0037864,-0.0030888,-0.017559,-0.0006528,5.22,7.3072,0.055586,0.0046985,-0.28,0.59,2.41,46.1
0.0035193,0.0048269,0.0004976,-0.0013585,-0.6187,0,0.0021369,40.7,-0.0022788,0.0061491,0.053054,0.001442,5.31,7.2612,-0.0038099,-0.0058111,0.03,0.96,2.72,49.1
0.0026529,0.00369,0.0089078,0.010246,0.5841,0.1,0.0013857,40.8,0.011342,-0.0030887,-0.006567,-2.277e-05,5.22,7.3238,0.00015453,-0.0072952,0.32,1.29,2.97,52.3
0.0043526,0.0012991,0.0075797,0.0071419,0.169,0,0.0027489,40.8,0.0015026,-0.0030604,0.023006,-0.0012669,5.24,7.3159,0.021493,-0.00052784,0.4,1.5,3.06,51.7
0.0066929,0.0011739,-0.0047254,0.007543,0.3231,-0.3,0.0023657,41,0.0044944,0.0030511,-0.0074909,-0.0017391,5.27,7.291,0.010935,0.017273,0.54,1.64,3.13,59.4
-0.0019629,0.0020973,0.007866,-1.3207e-06,-0.0885,0.2,0.0020518,40.8,0.0029851,-0.003813,-0.13426,0.0021322,5.4,7.2944,-0.037229,0.0073677,0.45,1.47,2.95,51.9
0.0032996,0.0034448,0.0034266,0.0048562,-0.0819,-0.4,0.001532,41,0.002233,0.003806,0.071963,-0.0011769,5.22,7.3505,0.028485,-0.0019981,0.45,1.42,2.96,54.6
0.0029053,0.0012581,0.0030532,0.0066596,0.2274,0.1,0.0017539,41,0.002228,-0.0022846,0.040986,0.001878,5.3,7.2964,0.018243,0.0060466,0.53,1.53,3.05,54.6
0.00020549,0.0029702,0.0077978,-0.00038782,-0.5472,0,0.0021155,41,0,0.0045414,-0.013491,0.00020907,5.24,7.2385,0.038629,0.017167,0.31,1.29,2.83,52.9
0.0032662,0.0024888,0.0073704,0.0088821,0.2754,0.2,0.0024501,41,0.002963,-0.004546,0.034414,-0.0012538,5.31,7.3059,0.047618,0.046798,0.11,0.89,2.48,56.9
0.0039569,0.003957,-0.0072282,0.0062575,0.2486,0,0.0015035,41.2,0.0051642,0.0022593,0.036876,-0.00062494,5.29,7.2226,0.010251,0.00096206,0.18,1.01,2.6,61.7
0.0058401,0.0047279,0.012814,0.0017596,-0.3451,-0.1,0.0018144,40.6,0.0036724,-0.0022622,-0.017757,0.00014723,5.25,7.2116,0.030437,-0.0032507,0.36,1.33,2.84,57
0.0032197,0.0020991,0.020214,0.011849,0.6809,-0.1,0.0025675,41,0.002197,-0.0030103,-0.015297,0.00080718,5.19,7.3038,0.041128,-0.020037,0.34,1.23,2.75,57.6
0.0047961,0.0026817,0.00045519,0.0060137,0.303,0,0.0025855,41.3,0.0021922,0.0015043,-0.00035233,-0.0010539,5.39,7.2841,-0.0078338,-0.0098913,0.41,1.3,2.79,58.6
0.00083504,-6.0184e-05,0.0033358,0.0009053,-0.5543,-0.1,0.0024235,41.3,0.00072966,-0.0052976,-0.024508,-6.8342e-05,5.51,7.3079,-0.036287,0.012165,0.48,1.38,2.83,56.6
0.0046044,0.00063175,-0.00024584,0.005362,0.0784,-0.2,0.0021239,41.2,0.0036403,0.0037727,0.0096124,-0.001453,5.5,7.2738,0.086666,0.0017783,0.37,1.21,2.7,62.3
0.0036181,0.00492,0.013372,0.0045463,0.0087,0.1,0.0021845,41,0.0014524,0.0007567,0.012418,0.0017616,5.56,7.3092,0.050555,0.0077508,0.13,0.93,2.46,59.4
0.0044518,0.0092937,0.010077,0.0079955,0.0734,-0.1,0.0024154,41.1,0.00072543,-0.001529,-0.050872,-0.00069974,5.52,7.2703,0.05441,0.014785,0.02,0.7,2.23,61.3
0.005885,0.0060597,-0.0028379,0.010248,0.4756,-0.1,-0.00014622,41.1,0.0050633,0.0068635,0.040007,0.00021437,5.54,7.2371,0.0021052,-0.040276,0.02,0.76,2.28,60.3
0.0030179,0.00020627,0.0080518,0.0096371,0.2205,0.1,0.003989,41.2,0.001442,-0.0022915,-0.014276,0.001607,5.54,7.3434,0.010492,-0.0013729,-0.02,0.67,2.16,55.4
0.0052605,0.005099,-0.0029003,0.0085096,0.1443,-0.2,0.0027796,41.1,0.0071788,0.00075613,-0.027121,-0.0011148,5.5,7.3265,0.014978,0.019603,-0.04,0.53,2.07,60.9
0.0071051,0.0040956,0.010581,0.0077551,0.1912,-0.1,0.0024661,41,0.0021436,-0.0045541,0.018766,-0.0012575,5.52,7.3199,-0.012952,0.033659,-0.06,0.36,1.9,57.4
0.0060392,0.0056768,-0.002522,0.0045233,-0.151,0.1,0.0025243,41.3,0.0035625,0.00075613,-0.011727,-0.00025402,5.5,7.3563,0.024669,-0.017441,0.03,0.31,1.82,57.2
0.0088971,-0.00088578,0.0019405,0.0044852,0.0129,-0.1,0.0021094,41.1,0,-0.0038206,-0.0025646,0.00070852,5.56,7.3297,0.0010282,-0.014994,-0.32,-0.02,1.63,57.1
0.0068331,0.0064728,0.013942,0.0015323,-0.4868,0,0.0016331,41.1,0.0042583,0.0045761,0.014589,-0.0010026,5.51,7.3677,0.060791,0.0035411,-0.2,0.06,1.74,54.6
0.0061246,0.0044501,0.0049399,0.00032485,-0.753,0.1,0.0011831,40.9,0.0021224,-5.8629e-07,0.004948,0.00066842,5.49,7.3569,0.050559,0.012778,-0.1,0.16,1.83,54.9
0.0037214,0.005317,0.001355,0.0037053,-0.191,-0.4,0.0022186,40.6,0,0.0022974,0.027703,0.0010688,5.45,7.3395,0.032318,0.0062384,-0.07,0.19,1.88,55.3
0.0045941,0.0072065,0.0034094,0.0062195,-0.1614,0.1,0.0031995,40.9,0.0035273,-0.0030628,-0.046075,0.00014518,5.49,7.3369,-0.0034045,-0.020602,-0.05,0.16,1.81,51.5
0.0057793,0.0066194,-0.0040078,-0.0060395,-1.1645,0.1,0.0018419,40.8,-0.00070447,0.00076482,0.0063196,-0.0022148,5.56,7.4031,-2.7066e-05,0.0074196,-0.15,-0.06,1.57,50.2
0.0018546,0.00063417,-0.0058599,-0.0039089,-0.8492,0,0.0010227,40.8,-0.0014104,0.0030645,0.0031112,0.0033063,5.54,7.4372,0.042559,-0.0040679,-0.18,-0.08,1.61,51.8
0.0038397,0.0045542,0.01085,0.020481,1.4601,0,0.0026825,40.9,0.0077329,-0.0045959,0.0070865,-0.0010823,5.55,7.3865,-0.0735,-0.0057964,-0.34,-0.21,1.59,50.9
0.0035381,0.0074054,0.0094836,-0.0010374,-0.5834,0.1,0.0016423,40.6,0.00070004,0.002298,0.019604,-0.0019687,5.51,7.3664,-0.051537,0.029009,-0.8,-0.7,1.58,49.4
0.0019477,0.003377,0.0084447,0.0074782,0.2982,-0.1,0.0015924,40.9,0.00419,0.003827,-0.014057,0.0027776,5.07,7.4472,0.011524,0.0071668,-0.95,-0.54,2.11,48
0.0048568,0.0027156,0.0042838,-0.00087648,-0.3373,-0.1,0.0021795,40.8,0.0013928,-0.0045913,-0.012494,-0.0021394,4.83,7.4146,0.10295,-0.019849,-0.3,0,2.51,48.3
0.0024714,0.0081165,0.0076712,0.0040298,0.0534,0,0.0028647,41.1,0.0027797,0.0045796,-0.011312,0.00094184,4.68,7.4911,0.039089,0.0058225,-0.16,-0.03,2.55,49.7
0.0038432,-0.00083754,-0.0013394,0.0043948,-0.1909,-0.1,0.0008304,40.7,0.00069372,-0.00077351,0.010156,0.00042279,4.63,7.4662,0.048164,-0.012648,-0.12,0.09,2.66,52.4
0.0042285,0.0047277,0.015342,0.0056223,0.3009,0.1,0.0032679,40.8,0.0027701,-0.0068456,0.0026114,-0.0019872,4.76,7.4206,-0.0017553,-0.013548,-0.06,0.24,2.63,55
0.00128,0.0047735,-0.001473,0.0019147,-0.403,-0.2,0.00083481,40.5,0.0034519,0.0060877,0.004879,0.0013243,4.81,7.4442,0.027752,-0.0038782,-0.03,0.42,2.72,55.9
-0.0027287,0.0059688,-0.0016667,0.0022173,-0.0947,0.1,0.0028814,40.7,0.0041266,0.0022684,0.031266,0.0040653,4.74,7.3479,0.040595,-0.0076776,-0.05,0.44,2.74,54
0.0024412,0.0046014,0.014561,0.0061958,0.2939,-0.1,0.0016394,40.7,0.0061581,-0.0030395,0.043471,-0.0041749,4.74,7.3846,-0.0020174,0.0040319,0.11,0.8,2.98,57.8
0.0037562,0.004205,0.0010194,-0.00072462,-0.5479,0.1,0.0021792,40.8,0.0047635,-0.00075729,-0.084758,-0.0003294,4.76,7.3518,-0.0071724,-0.012709,0.34,1.14,3.26,59.4
0.0026328,0.0017012,0.0012991,0.0059979,0.0032,0,0.0025145,40.8,0.0027119,0.0015077,0.089283,0.0023392,4.99,7.42,0.043239,-0.012555,0.04,0.8,2.96,54.6
0.0047314,0.0052061,0.0078634,0.0042683,0.1566,-0.1,0.001197,40.8,0.00067682,0.0037472,-0.056287,-0.00084526,5.07,7.4073,-0.039511,0.019303,0.13,0.87,3.08,57.5
-0.00039935,0.0050069,-0.0018149,-0.0044862,-0.6871,0,0.0015655,40.9,0.0053981,0.0014522,0.018146,0.0017739,5.22,7.3994,-0.0070455,0.011701,0.03,0.7,2.98,63.5
0.006031,0.0021967,0.008748,0.01306,0.8571,-0.1,0.003116,40.9,0.001345,-0.0082065,-0.011295,-0.0018879,5.2,7.3827,-0.013872,0.019806,0.23,0.91,3.18,61.3
0.0069112,0.0049053,0.0051555,0.0051844,0.2175,0,0.0022176,41,0.0013432,0.0044571,-0.0037371,-0.00079691,5.42,7.4073,0.067651,-0.022395,0.13,0.61,2.73,63.1
0.0081738,0.011899,0.0043219,0.0076574,0.2139,-0.1,0.0023427,40.8,0.0033501,-0.0014919,0.0050688,0.0014163,5.3,7.4431,0.026728,-0.004515,0.54,0.98,2.89,60.3
0.0088924,-0.0024336,0.0079323,-0.00054673,-0.3047,0,0.0017801,40.9,0.0040053,-0.0022214,0.01743,0.00040935,5.45,7.4,-0.0021652,0.01672,0.67,1.21,2.88,60.4
0.0041294,0.0093637,-0.018159,0.0036211,-0.1067,0.1,0.00090795,41.1,0.0033256,0.010302,-0.021535,0.000406,5.73,7.4599,-0.026095,-0.024936,0.49,0.79,2.56,58.7
0.0027936,0.004919,0.011754,0.0037497,0.1717,-0.1,0.0035932,40.9,0.0026525,-0.0051904,-0.030772,0.0011613,5.85,7.3803,0.037686,-0.012642,0.37,0.41,2.52,56.2
0.0054358,-0.00029548,0.0082764,0.0063449,0.1887,-0.2,0.0022165,41.1,0.004625,-0.0080289,-0.010669,-0.0051282,6.02,7.3939,0.013191,0.0015179,0.13,-0.03,2.38,55.4
0.0036031,0.0037321,-0.0053211,0.0030128,-0.3102,0.2,0.001644,40.7,0,0.0036478,0.026389,0.0016726,6.27,7.362,-0.029782,-0.047432,0.06,0.17,2.63,51.5
0.0028046,0.0021355,0.0065891,0.00051517,-0.1992,0,-0.00033312,40.7,0.0032906,0.0072669,-0.0026189,0.0025532,6.53,7.3518,0.030192,0.00013253,-0.36,-0.43,1.95,50
0.0052348,0.00070231,-0.0063218,-0.0020022,-0.2719,0,0.0013243,40.9,0.0032798,-0.0072733,0.029336,-0.00089326,6.54,7.2882,0.0075231,-0.0010607,-0.46,-0.49,1.81,52
0.005358,0.0051184,0.00034718,-0.0025815,-0.834,0.1,-4.5374e-05,40.6,0.003269,-0.002897,-0.013957,-0.0025602,6.5,7.3402,0.0084234,-0.012481,-0.32,-0.67,1.76,50
0.00080917,0.0082335,0.010731,0.0041821,0.0779,-0.2,0.00092977,40.6,0.0032584,0.010118,0.019717,0.0043509,6.52,7.3179,-0.011789,-0.037849,-0.39,-0.72,1.83,48.9
0.0024248,-0.00061737,-0.0076608,-0.0037713,-0.6222,0,-1.5111e-05,40.8,0.0051914,-0.0043545,-0.042218,-0.0029256,6.51,7.3454,-0.054531,0.011789,-0.5,-0.77,1.83,48.4
0.00047436,0.00090703,-0.0073071,0.00012687,-0.5316,0,0.0015477,40.5,0.003231,0.0014147,-0.035994,3.6239e-05,6.51,7.3467,-0.0087423,-0.017244,-0.42,-0.79,1.77,49.1
0.0021544,0.004573,0.0078088,-0.0029599,-0.7422,0,0.0011536,40,-0.00064537,-0.0028679,0.086686,0.00013751,6.4,7.3343,-0.034784,0.025688,-0.8,-1.16,1.62,42.1
0.0064764,0.00021306,-0.0080549,-0.0057682,-0.6664,0.3,-8.2892e-05,40.2,0.0012903,0.0063671,-0.056917,0.0032958,5.98,7.3778,0.0035251,0.0099307,-1.17,-0.82,1.95,38.4
0.0023722,0.00051367,0.0044027,-0.0067916,-0.8042,0,0.00068553,40,0.0032185,-0.0070942,0.022816,-0.0032804,5.49,7.3933,-0.022626,-0.017065,-0.81,-0.39,2.38,39.9
0.003271,-0.00083955,-0.012059,-0.0024555,-0.4226,0.1,-0.00031634,40.1,0.0038486,-0.0063557,-0.017054,-0.0014624,5.31,7.3715,-0.096318,-0.005523,-1.01,-0.42,2.53,41.5
-0.0025677,-0.00066462,-0.0079184,-0.0031212,-0.5022,0.1,-0.0021417,40,0,0.010595,-0.026623,0.001661,4.8,7.4079,0.003359,-0.0067378,-0.82,0.34,3.27,45.5
-0.0029746,0.0042685,0.0086083,-0.0059305,-0.6877,-0.1,-0.00040019,40,0.0051086,-0.0035393,0.069359,0.00087515,4.21,7.3809,0.065489,-0.0058016,-0.43,1.18,3.86,44.9
-0.00153,0.00063683,-0.013724,-0.0055526,-0.6438,0.2,-0.00083866,40,0.0044487,-0.0056303,-0.056295,-0.00084522,3.97,7.4,-0.025238,-0.017324,-0.39,1.31,4,47.8
-0.00019078,0.0021074,0.0038073,-0.0061768,-0.5505,0.1,-0.00092258,40.2,0.0031656,-0.0085413,-0.0043803,-0.0021172,3.77,7.4206,-0.028047,0.0090884,-0.15,1.47,4.2,49.2
-0.0014822,0.0056765,0.0082283,-0.0010511,-0.4701,0.3,-0.0011279,39.8,0.0025253,0.016335,-0.0019236,0.00021281,3.65,7.3569,-0.021781,0.015709,-0.18,1.32,4.2,54.3
0.00047736,-0.012827,-0.021248,-0.0051326,-0.4034,0.1,-0.0019485,39.7,0.0018898,-1.8185e-05,0.026004,-0.0032745,3.07,7.3537,-0.12057,0.018339,-0.25,1.66,4.96,51.3
-0.0021062,0.025443,0.029278,-0.0032631,-0.4505,0.3,-0.0024086,39.6,0.0018862,-0.020667,-0.025363,0.0069121,2.49,7.3395,0.030126,-0.0094033,-0.16,2.08,5.42,38.9
0.00040941,-0.0035778,-0.0048741,-0.0060054,-0.3772,0.2,-0.0023763,39.8,0.0043873,0.012808,0.025099,-0.0041889,2.09,7.379,0.048136,-0.01005,0.09,2.56,5.72,49.1
0.0015322,-0.0011422,0.0019654,-0.00018275,0.0709,0.2,-0.0012208,39.9,0.0043682,-1.3033e-05,0.025619,-0.00035162,1.82,7.3576,0.013409,0.0039626,0.4,3.27,6.23,51.4
0.0016524,0.0016085,-0.00096967,0.0065728,0.3546,0,-0.000993,39.8,0.0024876,0.0014404,-0.0013004,0.0019308,1.73,7.4372,-0.004131,-0.0063338,0.43,3.31,6.14,55.2
2.7142e-05,0.003955,0.0036312,1.9172e-05,-0.0785,0,-0.00088689,39.8,0.0031008,0.0043526,-0.017392,0.00076268,1.74,7.5115,-0.035293,-0.0066552,0.49,3.17,6.15,60.7
-0.00066878,-0.00019555,-0.0049444,0.0077525,0.4665,0,-0.00014534,39.9,0.0018559,0.0036041,0.021791,0.0010584,1.73,7.4037,0.047133,0.00021084,0.84,3.55,6.38,63.8
0.0013034,0.005315,0.011434,0.0048104,0.18,0.2,-0.00071937,40.1,0.0018524,-0.0065011,-0.03405,0.0014475,1.75,7.3727,-0.036955,0.013888,0.73,3.46,6.28,59.9
0.0028261,-0.0038738,0.0020729,0.0041077,0.3349,-0.1,8.4208e-05,39.9,0.0024646,-0.0014446,0.014154,-0.0035253,1.75,7.4753,-0.029831,0.011644,0.6,3.41,6.34,61.8
0.0025003,0.003363,0.0032521,0.0082278,0.6993,0,0.00038268,40.1,0.0024585,0.0050513,0.01034,0.00060747,1.75,7.4483,-0.062344,0.01624,0.45,3.18,6.2,61.2
-0.0029354,0.0066076,-0.0027912,-0.00034877,-0.0881,0,-0.00071955,39.8,0.0030647,-0.004328,-0.027316,0.00095174,1.73,7.4116,-0.1153,0.047901,0.23,2.92,6.17,51.9
8.0559e-05,0.001449,0.0095574,-0.001003,0.0598,-0.1,-2.2973e-05,39.9,0.002445,0.0021632,-0.028595,-0.00023948,1.74,7.3982,0.0098672,-0.012737,0.02,2.52,5.84,50.6
0.00072104,-0.0046444,-0.008607,0.00119,0.0573,0,-0.00065878,39.9,0.0030479,0.0028772,0.038702,-0.00016411,1.75,7.4978,-0.05027,0.012609,-0.03,2.12,5.65,52.9
0.0019042,0.0040771,-0.0046208,-0.0029109,-0.2673,0,0.0009727,39.8,0.0030386,0.0021323,0.00097665,9.0663e-06,1.75,7.4073,-0.015304,0.00077076,-0.1,2.19,5.98,52.1
0.0021262,0.0028453,0.010657,0.0055863,0.3768,0.2,-9.9524e-05,39.7,0.0024242,-0.0057307,0.043255,-0.00081432,1.34,7.4691,0.062699,0.008694,0.15,2.71,6.28,49.9
0.0019381,0.006528,-0.0077924,-0.0054925,-0.422,0.1,-0.0010954,39.9,0.0054332,-0.0021452,-0.029681,-3.7836e-05,1.24,7.4889,-0.011884,0.0096282,0.21,2.79,6.21,58.7
-0.0032978,-0.00013158,0.0058625,0.0082166,0.5827,-0.2,0.00082742,39.8,0.00060187,0.012117,-0.019157,0.0020216,1.24,7.5246,-0.0037214,0.019477,0.12,2.81,6.11,58.2
-0.0037022,-0.0032351,-0.011115,0.0011899,-0.0877,0.1,-0.001042,39.5,0.0018034,0.0013041,0.037108,0.0012357,1.26,7.3957,-0.067902,-0.0059528,0.04,2.64,5.8,51.9
0.0017066,0.0057321,0.0090748,-0.0029883,0.0495,0,-0.0016265,39.9,0.0018002,-0.0022069,-0.025658,-0.0016583,1.25,7.4536,0.011404,-0.015923,-0.01,2.56,5.7,47.2
0.0046942,0.0047142,-0.0028985,-0.0063366,-0.5523,0.1,-0.00042241,39.5,0.0011983,-0.021648,-0.041914,-0.0042495,1.26,7.4043,0.049991,-0.0054493,0.01,2.7,5.59,47.2
0.0077471,0.0032134,0.0087325,-0.00031446,0.0302,0.1,0.00014594,39.8,0.0041829,0.010467,0.060266,0.00054616,1.26,7.4679,0.050318,0.03035,-0.08,2.31,5.12,53.4
0.0035093,0.0053367,0.0093173,0.0013333,0.3454,0.2,-1.5362e-05,39.8,0.0017873,0.0077339,-0.030764,0.0022187,1.22,7.5321,0.05411,0.023453,-0.21,2.11,4.97,53.6
0.00098871,0.0045116,0.0075732,0.0051182,0.2496,-0.1,-2.3043e-05,39.6,0.0011898,-0.0049214,0.017263,0.0018593,1.01,7.548,0.0045846,-0.023638,0.11,2.97,5.61,56.8
0.0016363,0.0088115,-0.00041042,-0.0020953,-0.3162,-0.1,-0.00032265,39.8,0.0023753,0.0055822,0.012237,0.00043951,1.03,7.5137,-0.0030372,-0.017538,0.28,3.42,5.98,61.1
0.001476,-0.0029208,0.0040597,0.0068285,0.6641,0,0.00080644,39.9,0.0023697,-0.0041972,-0.016145,-0.00024063,1.01,7.5699,0.029779,0.013461,0.23,3.26,5.78,60.8
0.0038317,0.0016185,0.0023601,0.0011092,0.0901,-0.1,0.0015343,40,-0.00059189,0.0034547,0.040254,-0.0030103,1.01,7.5843,0.018745,0.038673,0.24,3.28,5.72,64.4
0.005737,0.0057311,0.0038596,0.0066632,0.6486,-0.2,0.0001533,40.2,0.002956,-0.0069224,-0.014771,0.0011457,1,7.6416,0.010696,0.0062335,0.34,3.3,5.66,69.1
0.00034983,0.0013064,-0.0028319,0.00055642,-0.0076,-0.1,0.00087336,39.9,0.0011799,0.004834,0.0017626,0.0009369,0.98,7.629,0.028859,0.035979,0.33,3.29,5.62,71.3
-0.0019771,0.0032527,-0.0049995,0.001756,-0.0342,0,0.0013851,40.1,0.0023557,0.0020464,0.019457,0.0016498,1,7.5554,0.046892,0.041324,0.24,3.15,5.44,70.6
0.0012927,0.0020247,0.0077239,0.0058695,0.5803,-0.1,0.00042814,40.2,0.0035232,-0.0061839,0.018189,-0.0017229,1.01,7.5208,0.0095261,0.02264,0.23,3.07,5.26,66.5
0.0036123,0.005684,0.023207,-0.0039699,0.0056,0.2,0.0024202,40.2,0.001757,0.0034254,-0.046854,-0.00058924,1,7.5999,-0.017095,-0.022311,0.19,2.83,5.11,64.6
0.0032405,-0.00081166,-0.010711,0.0041449,0.2857,-0.2,0.0020491,39.8,0.0011696,0.0040769,-0.013507,0.00031936,1,7.6024,0.0083107,-0.012675,0.43,3.35,5.46,67.1
0.0053585,0.0052583,0.0027808,0.0071848,0.5579,0,0.0021512,40.2,0.0011682,0.0013025,-0.037794,0.0013751,1,7.5914,-0.027352,-0.0095289,0.78,3.72,5.75,64.5
0.0011557,-0.0051554,-0.00093028,-0.0078057,-0.5072,0,0.00075146,39.9,0.0011669,-0.0081191,0.029697,-0.00037746,1.03,7.511,0.026823,0.023189,1.09,3.7,5.75,60.9
0.0037654,0.0087553,0.0014758,0.0074602,0.6768,-0.1,0.00041723,40.1,0.0011655,-0.0013486,0.033423,-0.0019347,1.26,7.6019,-0.024043,0.0086609,0.84,3.24,5.36,62.8
0.0042197,0.0036886,0.0086458,0.00092743,0.3408,-0.1,0.00067479,40.1,0.0034884,0.004044,-0.038529,-0.00040281,1.43,7.6128,-0.01541,-0.012827,0.59,2.85,5.03,62.1
0.0015055,0.0064393,0.0040926,0.00093402,-0.0433,0,0.0011817,40.1,0.0040545,-0.0013504,0.011722,0.0014405,1.61,7.5522,0.026032,-0.014721,0.51,2.52,4.66,57.7
0.00080367,0.0023537,0.0021142,0.0091332,0.6841,0.1,0.0026763,39.9,0.00057787,0.014655,0.057124,0.0023256,1.76,7.6363,-0.00040271,0.0077748,0.47,2.34,4.45,58.4
-0.0022866,0.0017896,0.0018279,0.0024937,-0.0711,-0.1,0.00042272,39.9,0.0017316,-0.010066,-0.067798,-0.00043962,1.93,7.4855,0.045263,0.028897,0.57,2.26,4.27,60.1
0.033533,0.0065383,0.015468,0.0073949,0.4833,0,0.00091277,40.1,0.0011527,-0.010548,0.022573,-0.0033086,2.16,7.6217,0.025566,0.035842,0.51,2.07,3.99,66.3
-0.02704,-0.0020894,0.0036103,0.0038893,0.4157,-0.1,0.0011304,39.8,0,0.0079099,-0.0036421,0.00077117,2.28,7.6704,-0.014954,-0.025682,0.58,1.94,3.74,57.9
0.0010706,0.0044181,0.0003202,0.0072936,0.5625,0.1,0.0019413,39.9,0.0045977,0.0019557,0.014183,0.0014675,2.5,7.6994,0.015305,0.0039291,0.53,1.67,3.32,55.9
0.003536,0.0015937,-0.0068445,-0.0015246,-0.5251,-0.2,0.00093167,39.8,0.0011461,0.0012746,0.0004829,0.00021306,2.63,7.5305,-0.0039507,0.0090732,0.67,1.87,3.43,57.7
0.0034537,0.0064595,0.014994,0.0019769,0.1798,0,0.0027149,40,0.0028596,-0.0032796,-0.031309,-0.00019425,2.79,7.6309,-0.025831,-0.0043153,0.53,1.55,3.26,53.4
0.0045616,-0.0013524,-0.0019127,0.0010153,0.0761,-0.1,0.0012874,39.9,0.0022818,-0.0051952,-0.033515,-0.0022283,3,7.6133,0.011824,-0.021429,0.33,1.14,3.01,51.8
0.0028495,0.0087524,0.0094252,0.0040223,-0.051,-0.1,0.0018832,39.9,0.0017079,0.0019474,0.04192,4.5963e-05,3.04,7.6343,0.020139,-0.020798,0.32,0.96,2.82,55.7
0.0017752,0.0071616,-0.00065768,-0.0031945,-0.4358,0,0.0026394,39.8,0.0022727,0.0071221,0.0083501,0.0036241,3.26,7.6275,0.01649,-0.037556,0.38,0.92,2.69,57.2
0.0017898,-0.0044496,0.0024593,0.0035293,0.2819,-0.1,0.001503,39.9,0.0022676,0.00123,0.0061135,-0.00021295,3.5,7.6473,0.0016595,0.024655,0.37,0.76,2.46,57.8
-0.0034366,-0.0039343,-0.0048366,-0.019458,-1.0087,0.1,0.00050546,40.1,0,0.0075162,-0.0065938,0.0055802,3.62,7.6737,0.0013468,0.0066652,0.23,0.58,2.41,60.9
0.0053403,0.0026827,-0.00011765,0.011819,0.9466,0,0.00066117,40.3,0.0039559,-0.0052199,0.049391,-0.0080149,3.78,7.6329,-0.028093,-0.023129,0.4,0.68,2.52,61.4
0.0065099,0.002947,0.013642,0.010592,0.5315,0,0.002507,40.5,0,-0.021927,-0.02148,-0.0036688,4,7.6718,0.037389,-0.017258,0.33,0.54,2.39,61.2
0.003884,0.0039014,0.0057371,0.0054849,-0.0661,-0.1,0.0011549,40.1,0.0011274,0.016933,0.027965,0.0020788,4.16,7.5979,0.019765,0.0062631,0.19,0.31,2.16,60.1
0.012869,0.0051783,0.0052406,0.0012669,0.5048,-0.2,0.0020696,40.5,0.002251,-3.18e-05,-0.03529,0.0048326,4.29,7.7289,0.013114,0.012975,0.16,0.13,1.95,58.9
0.0056542,0.0020853,0.0023674,5.9997e-05,-0.3771,0.1,0.0022717,40.4,0.00056196,-0.016902,0.009042,-0.004233,4.49,7.6587,-0.0016279,-0.011716,0.19,0.08,1.78,61
0.004411,0.0020917,0.0016846,0.002542,-0.1146,-0.1,0.0022812,40.4,0.001123,0.015052,-0.047729,0.0013325,4.59,7.5853,0.013298,-0.0021763,0.18,0.13,1.82,57
0.00033723,0.0017879,-0.0094943,0.0031667,0.1849,0,0.0011607,40.6,0.0022422,0.004354,0.14175,0.0026966,4.79,7.5071,0.0064949,0.013553,0.11,0.2,1.89,55.7
-0.00080596,0.0016672,0.0081852,-4.3477e-05,-0.3402,-0.1,0.00028629,40.3,0.0039117,-0.0081276,-0.0032352,-0.0019357,4.94,7.5715,-0.0093821,0.055394,0.06,0.17,1.81,54.9
0.0013191,0.00054446,-0.0027569,0.0031205,0.0762,0,0.00059434,40.6,0.0038965,0.004969,-0.20572,-0.00023077,4.99,7.4967,-0.028974,-0.013577,0.17,0.12,1.79,55
-0.00059402,0.0056406,-0.00435,-0.00062211,-0.4125,0.1,0.0014294,40.6,0.0005554,-0.0074503,0.10433,0.00095247,5.24,7.4599,0.0056258,0.00043386,-0.02,-0.15,1.52,55.8
-0.00073379,-0.0033273,0.0055918,0.0043698,0.4196,0,0.0012737,40.6,0.0038792,0.0092905,-0.046693,-0.00027811,5.25,7.4085,0.021128,0.026644,-0.17,-0.37,1.34,55.3
0.0060748,0.006178,-0.00018175,-0.0016905,-0.0931,-0.2,0.0010894,40.3,0.0011056,-0.018599,-0.01371,-0.0057498,5.25,7.4501,0.023488,-0.0053997,-0.28,-0.53,1.18,54.8
0.0055362,0.0043189,0.00072526,-0.0012098,-0.5524,-0.1,6.5767e-05,40.6,0.0049601,0.002383,0.04114,0.00023872,5.25,7.3072,0.034049,-0.0039358,-0.24,-0.52,1.17,54.1
0.0051075,0.00035819,0.00057905,-0.00055911,-0.1019,0.1,0.0015406,40.5,0.002745,0.017566,-0.0052573,0.0027204,5.25,7.3588,0.018358,0.019003,-0.24,-0.65,0.95,50.8
0.0057978,0.0057765,0.015869,0.010176,0.9433,-0.1,0.0013561,40.8,0.0043764,-0.0013067,-0.011394,0.0032068,5.24,7.4079,0.019808,0.026012,-0.3,-0.68,0.98,51.4
0.0016881,0.0019773,-0.0061174,-0.0039238,-0.53,0.2,0.0016598,40.4,0.0027255,-0.0080937,-0.0091134,-0.00022308,5.25,7.2506,0.0054496,-0.002142,-0.19,-0.49,1.09,52.2
0.0042143,-0.00025087,0.0059825,0.0094644,0.0286,-0.1,0.00058902,40.2,0.0010881,0.012367,0.018987,-0.00023195,5.26,7.2998,0.014389,0.0001021,-0.21,-0.54,1.02,55.1
0.0035963,0.001118,0.001254,0.0021414,0.4585,-0.1,0.0017069,40.6,0.0043408,-0.002557,0.037681,0.0005629,5.26,7.3099,-0.026547,-0.0058879,-0.34,-0.7,1.01,50.2
0.0014588,0.00096026,-0.0017257,0.0071409,0.3194,0.1,0.00035554,40.6,0.0053996,-0.001282,0.045831,-0.0013191,5.25,7.3065,0.039502,0.020584,-0.32,-0.56,1.14,57.4
0.00041371,0.0014699,0.0066687,0.0006396,-0.2801,-0.1,0.0010949,40.5,0.0037624,-0.0030602,-0.086459,0.000564,5.25,7.2549,0.031938,-0.001863,-0.34,-0.5,1.14,58.6
-0.00044784,4.1668e-05,-0.0011379,0.00027104,0.0629,0.2,0.0005506,40.6,0.0026788,-0.0036236,-0.016943,-0.00079472,5.25,7.2779,0.0020163,0.0012592,-0.29,-0.15,1.45,57.7
0.00064998,0.0030475,-0.005976,-0.0011937,-0.2105,0.1,-0.00022455,40.6,0.0005349,0.0059985,0.028025,-0.00058243,5.26,7.2108,0.0042967,0.024267,-0.3,-0.26,1.39,58.6
5.801e-05,0.0042075,0.012473,0.002386,-0.3847,-0.1,-0.00016663,40.5,0.0021368,-0.013804,-0.059448,-0.00085226,5.02,7.1929,-0.044433,-0.012109,-0.55,-0.35,1.63,54.4
0.0015796,0.00083732,0.00048509,0.0023354,0.0833,0.1,0.00057948,40.7,0.0021322,0.016795,0.034113,0.0031755,4.94,7.0758,0.028799,0.003673,-0.8,-0.42,1.65,54.4
-0.00084151,0.00079532,0.0052979,-0.0030869,-0.2722,0,0.00057191,40.5,0.00053234,0.0004997,0.039068,-0.00082643,4.76,7.142,0.028018,0.013044,-0.66,-0.23,1.72,56.4
-0.00075497,0.0020834,-0.0024309,0.0057194,0.3275,0,0.00079578,40.7,0.0042485,0.008053,-0.068883,0.002255,4.49,7.0876,-0.050806,0.012248,-0.99,-0.34,1.91,52.4
0.0036333,-0.00062869,-0.008178,-9.3689e-05,-0.0095,0.3,0.0007807,40.6,0.0031746,-0.022214,0.010859,-0.0029567,4.24,6.9441,0.010759,-0.026432,-0.98,-0.14,2.41,46.5
6.2651e-05,-0.00016497,0.0050154,-0.0014386,-0.2226,0,7.9481e-05,40.6,0.0031646,0.013344,0.045168,0.00019826,3.94,6.9884,-0.07033,-0.02303,-1.23,-0.2,2.6,48
0.00026945,-0.0034706,-0.0096028,-0.0036856,-0.5484,-0.1,-0.00057096,40.4,0.0036794,-0.0058192,0.074884,-0.00054101,2.98,7.0058,-0.017479,-0.0028464,-0.93,0.76,3.84,46.4
0.00071471,0.0024906,-0.013342,-0.0034197,-0.3148,0.2,-0.0003543,40.6,0.0041885,0.0051324,-0.016961,0.00088172,2.61,6.9127,-0.028395,0.018608,-1.07,0.9,4.28,45.6
-0.0029704,0.0016295,0.010138,-0.006722,-0.7182,-0.1,-0.0017372,40.4,0,-0.0057421,-0.05708,-0.0010084,2.28,6.9207,0.039843,-0.0099923,-0.54,1.4,4.69,46.5
0.041141,0.0018531,-0.0069362,-0.0059886,-0.3857,0.4,-0.0012831,40.2,0.0036506,0.011266,-0.052304,0.002427,1.98,6.8804,0.023616,-0.0084124,0.08,1.9,4.95,48.5
-0.024465,-0.0018428,-0.0013384,-0.0022157,-0.4439,0.2,-0.0012412,40.4,0.0046741,0.0014606,0.009305,0.0029434,2,6.9527,-0.045168,0.00071221,0.42,2.1,5.07,49.7
-0.016468,-0.0048342,-0.017395,-0.0047362,-0.7246,0.2,-0.0014245,40.3,0.003104,-0.003505,0.044414,-0.0025836,2.01,6.8276,-0.064612,0.011327,0.27,2,5.15,47
-0.0065026,-0.00011391,-0.0073711,-0.015706,-0.8394,0.3,-0.002024,40.3,0.0041237,-0.019731,-0.065856,-0.0054477,2,6.7382,0.019017,-0.052808,0.18,1.89,5.15,46.7
0.00052556,-0.0066706,-0.024904,-0.043935,-2.4124,0,-0.0033581,39.9,0.0025687,0.011502,-0.038481,0.0016348,1.81,6.7093,-0.05166,-0.048438,0.1,1.88,5.5,41.8
0.0066179,-0.0015337,-0.0093623,0.0091065,-0.3852,0.4,-0.0035235,40,0.0035852,-0.028217,-0.054916,-0.007449,0.97,6.6554,-0.22804,-0.063808,0.45,2.84,7.91,33.2
0.0068694,-0.0030744,-0.027664,-0.013072,-1.6926,0.3,-0.0053492,39.6,0.0040816,-0.0063762,-0.0063013,-0.0052485,0.39,6.48,-0.092688,-0.095447,0.68,3.14,8.82,27.6
-0.0067754,-0.0029053,-0.0054476,-0.028746,-2.2466,0.5,-0.0052222,39.3,0.004065,0.012073,0.063909,0.0062626,0.16,6.3279,-0.0062252,-0.031347,0.33,2.26,8.27,23.2
-0.0098196,0.0045273,-0.021429,-0.024995,-2.0664,0.5,-0.0058313,39.2,-0.00050723,0.025142,0.072812,0.0057251,0.15,6.1944,-0.013746,-0.026745,0.29,2.37,7.99,31.8
-0.012027,-0.0040968,0.0061878,-0.0065247,0.0006,0.5,-0.0055579,39.3,0.0025336,-0.0076328,-0.10322,0.0016614,0.22,6.3665,-0.072272,-0.0027697,0.4,2.65,7.86,32.8
-0.0028978,-0.0041452,-0.02085,-0.016063,-1.1312,0.4,-0.006019,38.9,0.0040404,-0.0076597,0.099296,-0.0028725,0.18,6.2246,-0.061593,-0.017628,0.46,2.64,8.24,40.3
0.0017626,-0.0014876,-0.0078173,-0.0076954,-0.3456,0.3,-0.0052586,39,-0.00050416,0.01414,-0.025684,0.0025287,0.15,6.1696,0.11352,0.037536,0.4,2.78,8.24,46.5
0.012733,0.00090761,0.00043098,-0.010258,-0.6106,0.4,-0.0025979,38.9,0.0010081,-0.003545,0.085811,-0.00039771,0.18,6.2916,0.062011,0.046872,0.32,3.11,7.88,49
-0.0173,0.00027423,-0.0015829,-0.00329,-0.0712,0.1,-0.0035583,39,0.001007,0.016853,-0.01384,0.0048804,0.21,6.3716,0.025935,0.059854,0.3,3.51,7.29,51.7
-0.0037232,0.003327,0.014664,0.011294,1.0826,0,-0.0025986,39.3,0.0035167,-0.03021,-0.0032831,-0.0058121,0.16,6.3869,0.010419,0.00054967,0.32,3.4,6.93,57.6
-0.0017703,0.0089571,0.00057213,0.01116,0.781,0.1,-0.0014015,39.4,-0.00050163,0.025491,0.059483,0.0027918,0.16,6.3733,0.076015,0.0093589,0.3,3.43,6.42,66.6
0.0025683,-0.0092725,0.0011835,0.0080154,0.7105,0.2,-0.0018487,39.2,0,-0.0162,-0.016938,-0.0012776,0.15,6.3716,0.033903,-0.012723,0.25,3.25,6.16,63.3
-0.0030559,0.0011349,0.0049103,0.0028823,0.1646,0.2,-0.0015291,39.2,0.0045056,0.0069032,-0.065365,0.0021611,0.12,6.2804,0.021883,-0.0068234,0.25,3.27,6.17,59.9
0.0027403,-0.0015976,0.0074797,0.0039461,0.7515,-0.1,9.2271e-05,39.7,0.0014974,0.008509,0.019379,-0.001286,0.12,6.3767,0.018936,0.023591,0.19,3.28,6.2,60.6
0.0047199,0.006093,0.0033549,0.003129,-0.013,0,-0.0020705,39.6,0,-0.010282,0.012447,-0.0019069,0.12,6.3648,0.020297,-0.022728,0.25,3.47,6.25,63
0.0050278,-0.0018313,-0.0028632,0.01118,0.8037,-0.1,1.541e-05,39.9,0.001993,0.0072852,-0.03218,0.0015951,0.11,6.42,0.011818,-0.0041996,0.24,3.62,6.14,62.9
0.00042126,0.0037324,0.0065814,0.0032476,0.0348,0,-0.00070909,39.6,0.0014922,-0.016843,-0.08712,-0.0022153,0.13,6.4036,-0.031113,-0.033991,0.22,3.56,6.21,57.1
0.0037877,0.004768,0.0126,0.0073951,0.9839,0.1,0.0013946,40,0.00099354,0.013461,0.14172,0.0014464,0.16,6.4552,0.056136,-0.036515,0.24,3.57,6.11,61.4
0.0081311,0.0020439,0.0089039,0.0037534,0.6937,0,0.001777,40.5,0.0019841,-0.0067303,-0.0091672,-0.00087044,0.2,6.5323,0.038543,0.018033,0.25,3.65,6.05,62.4
0.0078244,0.0024844,-0.0031358,0.01377,1.0248,-0.3,0.0041417,40.5,0.00099059,0,-0.1331,-0.00023049,0.2,6.3682,-0.062249,-0.044206,0.17,3.22,5.85,63.1
0.0012259,0.0024267,0.0095896,0.0019833,0.1101,-0.2,-0.0010645,40.3,0.001484,-0.0033595,0.02554,-0.00073265,0.18,6.2841,-0.037769,0.0067263,0.14,3.02,6.05,60
0.0026436,0.0027397,0.0084384,0.0042266,0.517,0,-0.00064383,40.3,0.0024685,0.0044805,0.05395,0.0012767,0.18,6.3026,-0.0032915,0.035652,0.11,2.83,5.83,57
0.0039898,0.0024142,0.00050708,0.0034045,0.2038,0.1,-3.8336e-05,40.6,0.0019704,0.0044655,0.080113,0.00051122,0.19,6.3953,0.0069033,0.023059,0.07,2.51,5.47,56.9
0.00071361,0.00094354,-0.00015524,0.0022991,0.1269,0,-0.00049851,40.7,0.0014753,-0.0022496,-0.047334,-0.00037747,0.19,6.3869,0.031505,-0.0044797,0.07,2.46,5.47,53.5
0.00065964,0.002539,0.0051495,-0.0023023,0.1749,-0.1,0.0020538,40.6,0.0034339,0.0049572,0.051429,0.0021858,0.19,6.2971,0.043169,0.017548,0.04,2.35,5.53,59.5
0.0011613,0.0025428,0.00285,0.00045292,0.2059,0.4,0.00095648,40.6,0.0024456,-0.0038986,-0.055753,-0.0011825,0.19,6.3008,0.023043,0.0059068,0.06,2.57,5.73,57.9
0.0059754,0.001325,0.0017769,0.0096104,0.4278,-0.5,0.00055052,40.7,0.0004884,0.0043381,-0.013742,0.00026537,0.18,6.2897,0.034948,-0.023198,0.11,3.11,5.92,59.8
0.012808,0.0011096,0.012182,-0.0018426,0.1336,-0.2,0.00014522,40.2,0.0034121,-0.0011538,0.029204,0.00073871,0.17,6.4457,0.03256,0.01192,0.1,3.22,5.92,62.5
0.0027829,-0.00027474,-0.014426,-0.0044506,0.19,-0.1,0.001619,40.9,0.0014588,0.0031498,-0.016178,-0.00021491,0.16,6.248,0.029575,0.021439,0.13,3.42,5.99,61.9
-0.0024247,0.0034542,0.01139,0.010292,0.5102,0,0.0017916,40.7,-0.00097229,-0.0032868,-0.035522,0.0012341,0.14,6.3969,-0.012668,0.0021683,0.12,3.27,5.89,61.9
-0.0017192,-0.0011772,-0.0036555,-0.0034444,-0.3512,0.1,0.0023888,40.9,0.0019436,0.0015211,0.029071,0.00019843,0.1,6.3172,0.020501,0.013523,0.15,3.36,5.92,60.4
-0.001265,-0.0011582,-0.0078791,0.0015772,0.0393,-0.1,0.00076717,41,0.0009704,-0.0037283,-0.045411,-0.0011779,0.09,6.3297,0.005094,-0.0028737,0.1,3.08,5.69,52.4
0.0041593,0.0023151,0.010054,0.0025051,0.0741,0.1,0.0017903,40.9,0.00048485,-0.0088977,0.019701,-0.0032427,0.09,6.4102,-0.038868,-0.006943,0.09,2.91,5.66,55.7
0.0039064,0.0017429,0.0045269,0.0053394,0.4389,-0.1,0.00045465,40.9,0.001937,0.0078462,0.031066,0.0019031,0.07,6.4345,0.029017,-0.0037681,0.12,2.93,5.69,54.9
-0.00068776,-0.00061779,0.0073935,0.0060333,0.3146,0,0.0009541,40.8,0.0019333,-0.0067971,-0.053073,0.00064652,0.1,6.3716,-0.11155,0.01218,0.01,2.2,5.26,52.1
-0.001286,0.00165,-0.0065181,-0.00078845,0.1551,0,0.0017619,40.9,0.00096525,0.01147,-0.015418,-0.00093696,0.08,6.477,-0.0096898,-0.036422,0.02,1.9,5.19,51.6
0.00058339,0.0017987,0.012546,0.0063394,0.3178,-0.2,0.0015401,41,0.0014461,-0.010933,-0.028298,-0.0013887,0.07,6.4135,0.028006,-0.00019024,0.04,2.08,5.3,52.4
-0.00074897,-0.0016773,-0.0036253,0.00042315,-0.1848,-0.2,0.00099527,41,-0.00048181,0.0046722,0.059659,0.0020338,0.08,6.5667,0.015779,0.002407,0.03,1.93,5.06,55.2
0.009384,0.00044487,0.0087255,0.0049392,0.4208,-0.1,0.0015211,41.1,0.0019259,-0.0036327,-0.0094721,-0.0014882,0.07,6.5425,0.013686,-0.013952,0.05,1.91,5.18,55.4
0.0040025,0.003864,0.0058961,0.0059332,0.5504,-0.2,0.0026602,41.2,-0.00048112,0.0046634,0.065068,0.002853,0.08,6.5834,0.045025,-0.00405,0.04,1.89,5.15,55.2
0.0061014,0.0060335,0.0035955,0.0028252,0.1728,0,0.0019643,41.2,0.0024033,-0.001044,-0.0098893,-0.0011863,0.1,6.5568,0.039137,0.017876,0.06,1.87,5.04,55.2
0.0038025,-0.001312,-0.00092735,-0.004954,-0.4611,-0.1,0.001796,41.1,0.0023975,-0.0015511,-0.032993,-0.00032577,0.13,6.5439,0.026809,0.0012647,0.06,2.04,5.1,55.5
0.004279,0.00093161,0.0032561,0.0076592,0.3139,0,0.00061289,41.2,0.0023918,-0.0015463,-0.031735,-0.00059425,0.14,6.6241,-0.0020247,0.011061,0.04,1.91,5.05,55.8
0.00038157,6.0074e-05,0.0030283,0.001571,-0.3735,0,0.00074692,41.1,-0.0028708,-0.0051709,0.0012144,-0.0024348,0.16,6.5624,-0.033115,-0.0047613,0.03,1.64,4.91,57.1
3.7413e-05,-0.0010418,-0.0027917,-9.4395e-05,0.1074,0,0.0005449,41.1,0.0023929,0.0015304,0.0023185,0.00062077,0.16,6.6294,-0.013352,-0.023381,0.03,1.46,4.86,51.3
-0.0059867,0.0020925,0.0019014,0.0022641,-0.2344,0,0.0011336,41.1,0.0019102,0.0057163,0.013728,0.00086236,0.16,6.6067,0.027058,0.0023757,0.03,1.37,4.71,50.3
-0.0019166,0.00020001,-0.00088956,-0.0040459,-0.1863,-0.1,0.0012812,40.9,-0.0014323,0.010323,0.019198,0.0029921,0.13,6.6254,0.031611,0.0082389,0.05,1.55,4.78,49.6
0.007598,0.0014089,0.0015056,-0.00056243,-0.2324,-0.3,0.0013911,41,0.0014323,-0.0026809,0.075222,-0.00031999,0.14,6.7417,0.028082,0.025372,0.04,1.58,4.7,53.5
0.0067104,-6.99e-05,-0.0038722,0.003131,-0.222,0,0.0011813,41,0.00095374,-0.0081852,-0.059268,-6.8767e-05,0.16,6.8189,-0.0038872,-0.0028566,0.02,1.59,4.42,51.8
0.013432,0.0043445,0.018261,0.004596,0.408,-0.1,0.0011577,41,0.0023804,-0.0061141,-0.049453,-0.00364,0.16,6.725,-0.030585,-0.0069895,0.02,1.49,4.35,51.4
0.024285,0.00041751,0.0036971,0.0023293,0.4473,0.2,0.001771,41.2,0.00095057,0.0030508,0.046119,0.00051661,0.16,6.8835,0.019725,0.011024,0,1.56,4.47,50.1
-0.050731,0.0038191,0.003324,-0.00046645,-0.2666,0.1,0.0014131,41.1,0.0023725,0.0076626,-0.022236,0.0020858,0.14,6.789,0.040044,-0.011212,0.01,1.77,4.59,50.8
-0.0023178,-0.00041592,0.0036873,0.0048717,0.263,-0.3,0.0020531,41.3,0.0023669,0.00047483,0.011517,0.0017278,0.15,6.869,0.021326,-0.031238,0.01,1.83,4.7,55.7
0.0035213,0.00013866,-0.0054001,0.004187,-0.0911,-0.2,0.001025,41.4,-0.00047293,-0.011674,-0.040361,-0.0049702,0.14,6.9177,0.025152,-0.025792,0.01,1.82,4.71,51.7
0.0038565,-6.9327e-05,-0.00099515,-0.00067659,-0.2587,0.1,0.0014067,41.3,0.0028342,-0.00054324,-0.027166,0.00053336,0.15,6.7274,0.012731,0.015202,-0.03,1.61,4.44,49.7
0.0049237,0.0025125,0.0107,0.0008068,0.1966,-0.1,0.0016326,41.3,0.00047159,0.010213,0.033653,0.0014359,0.11,6.8352,0.043077,-0.00091479,0.01,1.82,4.62,49.6
0.00012775,-6.9158e-05,-0.002783,0.0013506,0.0877,0,0.0013291,41.2,0.00094251,-0.0035781,0.024105,0.0015023,0.09,6.7322,-0.012932,0.012732,0.05,2.21,5.1,55.7
-0.0019306,0.0012441,0.00018491,-0.0028881,-0.5713,-0.2,0.00082154,41.2,-0.00047114,-0.0015297,-0.018337,-0.00091194,0.09,6.7799,0.030366,-0.020475,0.03,2.49,5.23,59.1
0.0019098,0.0011144,0.0040639,0.0058381,0.64,-0.1,0.0017728,41.3,0.00094206,0.006109,0.051702,0.00029404,0.08,6.8211,0.00084462,0.02125,0.05,2.66,5.34,63.6
0.0038883,0.0028544,0.0030817,0.0055844,0.0762,0,0.0013677,41.3,0.0004707,-0.0076304,-0.035357,-0.001144,0.08,6.7452,0.010175,0.024213,0.04,2.73,5.39,61.3
-0.0024248,0.0027973,0.0058159,-0.0014002,0.0845,0,0.0016432,41.2,0.0018806,0.0045749,0.011507,0.0012983,0.09,6.8298,0.019289,0.01332,0.03,2.53,5.22,61.3
0.0031116,0.0041862,0.012124,0.0025928,0.0162,-0.3,0.0019246,41.4,0.0023458,0.001009,-0.025666,-0.00013045,0.08,7.0031,0.036258,0.00012423,0.04,2.64,5.3,63.4
0.0027354,0.00037082,-0.0039576,0.0018909,-0.1142,-0.2,0.00050241,41.1,0.0023403,0.00099985,0.02372,0.00042867,0.09,6.9098,0.013499,0.017425,0.04,2.81,5.29,64.4
0.0053027,-0.003176,-0.010428,-0.0032714,-0.7497,-0.1,0.0012731,41,0.0014015,0.0034934,-0.018896,-9.1946e-05,0.07,6.789,0.0080328,0.0052963,0.05,2.79,5.12,51.2
0.0056039,0.0055927,0.0086682,0.0075069,0.7229,0.1,0.0012061,40.8,0.0046577,-0.0055358,0.017396,-0.0013121,0.07,6.8501,-0.0029236,0.0053288,0.05,2.64,5.03,54.5
0.0051608,0.0048644,0.0079335,0.0097389,0.6707,0,0.0018427,41.5,-0.0009298,0.00099252,0.002046,0.0014147,0.08,6.8773,0.025258,0.0039781,0.05,2.64,4.98,55.1
0.0031396,0.0016549,0.0014479,0.00054515,0.0192,-0.5,0.0023528,41.3,0.00046501,0.0014795,-0.0035928,-6.2394e-05,0.09,6.9499,0.00039702,0.0074314,0.02,2.62,4.81,55.1
0.0031469,0.0017777,0.0027568,0.0039085,0.2547,0.1,0.0015751,41.4,0.00092937,-0.0079486,0.00051112,-0.00021749,0.09,6.9147,0.013591,0.0055969,0.01,2.47,4.67,56.9
0.0041605,0.0039113,-0.00038936,0.0033173,0.2861,-0.2,0.0023508,41.5,0.00092851,0.005961,0.00915,-0.00059481,0.1,6.8145,0.029881,0.0039111,0,2.5,4.7,58.9
0.0035457,0.0019691,0.0063443,0.0026843,0.4466,0.1,0.0016696,41.5,0.0027804,-0.0024845,0.0068871,0.00037675,0.09,6.9893,0.01327,0.0093013,0.02,2.45,4.64,63.4
0.005341,0.0067997,0.0018701,-0.0019348,-0.4018,-0.1,0.0013509,41.5,0.0018493,-0.0004964,-0.0061743,-0.0016292,0.09,6.8916,-0.0058811,-0.021679,0.02,2.33,4.6,66.7
0.0037429,0.00024778,-0.00013681,0.0032747,0.0908,-0.2,0.0022165,41.6,0.00092336,-0.0024872,-0.019287,0.00037795,0.09,6.9305,0.016032,-0.024857,0.02,2.44,4.71,60
0.0046723,0.0061461,0.0012861,5.1462e-05,-0.026,-0.2,0.001804,41.6,0.00046136,-8.9285e-06,-0.026956,-0.00050392,0.09,6.9791,-0.028477,-0.013348,0.01,2.21,4.6,65.8
0.005461,0.0026576,0.0026737,0.0065403,0.5785,0.1,0.0020791,41.6,0.00046115,-0.00051011,0.036385,-0.00051401,0.09,6.9088,0.053908,-0.01903,0.04,2.24,4.7,66
0.0066356,0.002302,0.0057717,-0.00051138,-0.0722,-0.2,0.001911,41.6,-0.00046115,-0.010124,-0.0061771,-0.00076773,0.12,6.9782,0.0047331,-0.0080854,0.09,2.09,4.62,57.3
0.0086031,0.0020428,0.0016991,-0.0074203,-0.3217,0.1,0.0013597,41.5,0.0023036,-0.0043183,-0.025251,-0.0030913,0.11,6.9893,-0.012782,-0.032615,0.09,1.77,4.34,52.9
0.0035727,0.0022169,-0.0040464,-0.0060338,-0.4911,-0.2,0.001926,41.4,-0.0018425,0.018979,0.026668,0.006273,0.11,6.7867,0.026286,0.012274,0.11,1.87,4.4,52.5
-0.002043,0.0021278,0.005557,-0.0032794,0.3351,-0.1,0.00050399,41.2,0.0064338,0.0025769,-0.025538,0.00026962,0.11,6.8669,-0.0010619,-0.0245,0.14,1.93,4.43,51.8
0.0029704,0.0023755,0.0075382,-0.0059908,0.0439,0,0.0020134,41.2,0.0018307,-0.010328,0.030919,-0.0011496,0.12,7.0817,0.0071236,0.00066832,0.11,1.82,4.36,53.5
0.002044,0.0027891,-0.010063,-0.0044042,0.0588,0.2,0.0023415,41.1,0.0022836,0.018057,0.017928,0.0016196,0.12,6.9838,0.0081202,0.032083,0.12,2.08,4.77,55.8
0.00040732,0.0010614,0.0019248,-0.0033226,-0.2452,-0.3,0.0012287,41.3,0.0022784,-0.005718,-0.054649,-0.00045065,0.13,7.0942,-0.0060078,0.007734,0.15,2.23,5,56
0.0017296,0.0038357,0.002206,0.0067113,0.657,-0.1,0.002129,41.2,0,-0.0066422,-0.0018534,-0.0011149,0.13,7.044,-0.0024562,-0.0010277,0.17,2.19,5.07,56.5
0.0021247,0.0025644,0.0013144,-0.0026879,-0.3317,-0.1,0.00087989,41.3,0.0022732,-0.0025579,-0.0026193,-0.00081239,0.14,7.03,-0.026257,0.0011561,0.24,2.03,5.05,51.7
0.0028216,0.0012474,0.010374,-0.0034098,-0.2361,-0.1,0.00109,41.2,-0.00090868,-0.0087871,0.053297,-0.0014899,0.14,7.1099,-0.047413,-0.015526,0.23,2.03,5.2,50.1
0.002686,0.00062775,-0.0023396,-0.0040772,-0.0468,0,0.0021484,41.3,0.0058917,0.0097695,-0.010787,0.001335,0.12,6.9641,0.062646,0.00032593,0.14,1.95,5.22,50.8
-6.5403e-05,0.0022308,-0.0020924,-0.0075052,-0.2638,0.1,0.0016608,41.2,0.00045177,0.0036343,-0.054601,0.00075508,0.12,7.0665,0.0045474,-0.0097587,0.36,2.14,5.34,49
0.0042582,0.0036581,-0.0014657,-0.0058212,-0.2553,-0.1,0.0019096,41.3,0.0031567,-0.0078116,0.040981,-0.001423,0.24,7.044,-0.012838,-0.014118,0.41,2,5.22,48.8
0.00077467,0.001027,0.00067581,0.0065231,0.3376,-0.2,0.00075445,41.3,0.00045015,0.0041555,0.00052199,0.0013264,0.34,6.9958,-0.068232,-0.04011,0.2,1.75,5.11,51.5
0.00062966,0.0065772,0.008043,-0.0052551,-0.2972,0.1,0.0014793,41.1,-0.0009005,-0.0047475,0.050675,-0.0011329,0.38,7.1107,-0.0081484,-0.0071125,0.15,1.4,4.96,51.5
1.1683e-05,-0.0038771,0.0003638,-0.0077392,-0.1085,0.1,0.0016512,41,0.0071814,0.0094743,-0.010437,0.002932,0.36,7.013,0.060615,-0.0028733,0.3,1.53,4.77,58.3
-0.0013675,0.0030118,-0.001175,0.0027651,-0.1821,0.1,0.0013704,41.1,0.004017,0.0010465,-0.034861,0.00098723,0.37,7.0588,0.026159,0.0049006,0.19,1.44,4.42,55.8
-0.0002435,0.0015753,-0.0052636,-0.0018134,-0.0707,-0.3,0.00028498,41.1,0.0031132,0.00051349,0.010105,-0.0018173,0.37,7.0458,-0.0048248,0.014215,0.22,1.44,4.31,55.7
0.00085705,0.0042038,0.0058737,0.0043775,0.0776,0.1,0.0017914,41.2,0.0048727,0.00311,0.003503,0.00042026,0.38,7.0926,0.0088398,-0.022772,0.17,1.26,4.15,57
0.0037506,0.0010776,-0.0011408,0.0018126,0.1139,-0.1,0.0025704,41.3,0.00088339,-0.0067797,0.017816,-0.0014898,0.39,7.1221,0.03072,-0.077826,0.12,1.11,3.83,56.9
0.00083133,0.00079614,0.0078864,-0.001764,-0.3855,0.1,0.00098899,41.1,0.0013236,-0.0031234,-0.028959,0.0010831,0.4,7.0656,0.013212,-0.0025157,0.17,1.16,3.84,49.1
0.0022688,0.0027274,0.0011304,-0.0012051,0.1253,0.1,0.0019957,41.3,0.0022022,0.0072857,-0.005769,0.0002369,0.4,6.9735,-0.00913,0.0029724,0.19,1.23,3.91,55.1
0.0013164,-0.00054127,0.0015144,0.00065188,0.0953,-0.1,0.00081373,41.3,0.0017582,0.0015327,0.023546,0.00047428,0.4,7.1801,-0.0068222,-0.063626,0.26,1.36,3.98,52.1
0.0022458,0.0016139,0.0003295,-0.0044845,-0.0407,-0.2,0.00089571,41.3,0.0013167,-0.0077623,0.015889,-0.0018253,0.41,7.0388,0.0102,0.0082385,0.33,1.73,4.3,54.8
0.0022664,0.0066357,0.012029,0.0067673,0.0597,0,0.0014727,41.2,0.0004385,0.010823,-0.042468,0.0014388,0.54,7.1325,0.037016,0.0040939,0.33,1.95,4.29,60.3
0.0030638,0.00028634,-0.0043048,-0.0015301,0.2537,0,0.0013538,41.2,0.0030641,-0.0021116,0.021634,0.0019149,0.65,7.0842,0.012601,-0.0093361,0.18,1.78,4.01,60.4
0.0035642,0.00062609,-0.0022819,-0.0038252,-0.0289,-0.1,0.001256,41.3,-0.00043716,-0.0030849,0.018825,-0.0028629,0.66,7.1554,0.023797,0.010297,0.16,1.76,3.98,65.1
0.0036547,0.0047099,-0.0019777,0.0074835,-0.1134,-0.2,0.00095294,41,0.0026201,-0.0030521,-0.037437,-0.0013844,0.79,7.0817,0.0068651,-0.011915,0.22,1.69,3.89,64.5
0.00063726,0.00023136,-0.0018101,0.0093381,0.9244,0.1,0.0015064,41.2,0.00087184,0.0045533,0.024149,0.0032016,0.9,7.0432,0.0056745,0.023374,0.14,1.4,3.67,57.5
0.0059744,0.00034693,0.0035021,0.001106,0.0061,-0.1,0.00096427,41.3,0.0043478,-0.014189,-0.029996,-0.002964,0.91,7.0562,0.01516,0.022686,0.21,1.39,3.64,59.5
0.00062676,0.0025671,0.0033371,0.0015685,0.0705,-0.1,0.0014413,41.3,0.0034647,0.010146,0.019831,0.0013617,1.04,7.1285,0.016003,-0.0092467,0.16,1.15,3.33,63.5
0.003377,0.001383,0.0038691,-0.00094757,-0.0495,0,0.001555,41.2,0.0034527,-0.0010183,-0.0016343,-0.00084169,1.15,7.0917,0.0082282,0.014416,0.07,1.17,3.24,60.4
0.001883,0.0010714,0.0050995,-0.0050392,-0.1281,0.1,0.001294,41.3,0.0017219,0.0055824,0.041611,0.001925,1.16,7.0553,0.00086349,-0.0033914,0.07,1.05,3.15,60.3
0.00203,0.0051373,0.0046709,0.00043118,0.1155,-0.2,0.00028582,41.2,0.0060034,0.0014777,-0.026206,0.0020251,1.15,7.069,0.014799,0.029517,0.13,1.05,3.15,64.6
0.0033777,0.00059851,0.0055644,0.01235,0.8796,-0.1,0.0016928,41.3,-0.0017116,-0.005052,-0.012214,-0.0025824,1.15,7.1293,0.025412,-0.010399,0.25,1.21,3.17,63.5
0.0021229,0.0057468,0.0086053,0.0028181,0.0783,0.1,0.0013305,41.5,0.0029934,0.0074754,-0.020449,0.00014711,1.16,7.1531,0.014216,0.0011355,0.4,1.19,3.11,63.9
0.0026736,0.0067573,0.0064722,0.0009534,-0.1311,-0.1,0.0012136,41.3,0.0051107,-0.0089868,-0.0057873,-0.00068514,1.3,7.075,0.026906,0.014049,0.4,1.1,2.92,67.4
0.0023203,-0.0020093,-0.011703,-0.00013318,-0.2304,-0.1,0.00054867,41.2,0.003816,0.0024781,0.063821,0.0022743,1.41,7.177,0.046014,0.030853,0.39,1.17,2.85,65.4
0.0017995,0.00066153,0.0030137,0.0028906,0.7249,0.1,0.0025565,41.6,0.004223,0.00048464,-0.041632,-0.0013025,1.42,7.1616,-0.030809,0.0098615,0.54,1.44,3.09,64.2
0.0021262,0.0033878,-0.0016867,0.0063595,0.1228,-0.1,0.0013163,41.5,0.0012634,-0.0024732,-0.013717,-0.00046814,1.51,7.1907,-0.00088389,0.0010738,0.55,1.33,3.13,61.9
0.00066112,0.0036702,-0.00021401,0.010807,0.4808,0,0.0010316,41.7,0.0033613,-0.00098619,0.02303,0.0008682,1.69,7.1585,-0.018349,0.0073428,0.46,1.18,2.98,61.2
0.0021934,0.0027352,0.0058491,-0.0084361,-0.6289,-0.2,0.0018178,41.6,0.00083857,0.0054067,-0.0059432,-0.00064346,1.7,7.2108,0.017875,-0.044219,0.57,1.28,3.13,63.7
0.0031278,0.001653,-0.0012762,0.0074202,0.3805,0.2,0.0014384,41.5,0.001675,-0.0039372,-0.0010064,-0.00052923,1.82,7.0892,0.019378,-0.013152,0.51,1.09,3.01,63.5
0.0044526,0.0027747,0.00098543,0.0023485,0.1576,-0.2,0.0010003,41.6,0.0025073,-2.1563e-06,-0.060598,-0.00048109,1.91,7.0842,0.014164,-0.0099789,0.48,0.98,2.88,60.2
0.0033983,0.0031177,0.0047959,0.0059553,0.1306,0,0.0015354,41.5,0.0045805,-0.00049031,0.028586,-0.00020339,1.91,7.1608,0.022714,-0.021813,0.54,0.98,2.86,65.1
-0.00090428,-0.00095826,-0.00025977,-0.0003303,-0.0571,-0.1,0.00070323,41.2,0.0024896,0.00048673,0.026229,0.0015185,1.95,7.1213,0.015169,0.014493,0.61,1.05,2.93,61.8
0.00087186,0.0042368,-0.0021184,-0.0013848,-0.4123,0.1,0.0014183,41.3,0.0041357,0.006307,-0.0062729,-2.2794e-05,2.19,7.0967,-0.040815,-0.0041414,0.46,0.96,2.88,58
0.0011938,0.0041171,-0.0011503,-0.00071861,-0.3643,0,0.00061488,41.2,0.0028848,-0.015054,-0.0063922,-0.0013884,2.2,7.0758,-0.022594,-0.0086447,0.5,0.92,3.02,61.8
0.010898,-0.0094158,-0.00035956,-0.00043989,0.1273,0.1,0.0016023,41.5,0.0028765,0.00043736,0.017433,-0.0010001,2.27,6.9985,-0.05896,-0.018464,0.39,0.56,2.86,51.3
0.0025436,0.0043693,0.0053758,-0.0054516,-0.6137,0.1,0.0015797,41.7,0.0020496,0.00044676,-0.014861,-0.00024793,2.4,7.1261,0.015491,0.018542,0.18,0.31,2.72,58.2
0.002733,-2.5596e-05,-0.00047704,-0.0055749,-0.444,-0.2,-0.00033307,40.9,-0.00081934,0.011817,0.035918,0.0015233,2.4,7.0405,0.055017,0.0088745,0.15,0.28,2.55,55.5
0.00067512,0.006209,-0.00023658,0.0013181,-0.0904,0,0.0011187,41.2,0.0053137,0.0043579,-0.022708,0.0017475,2.41,7.0926,0.017673,0.011534,0.09,0.17,2.44,57.4
-0.0025425,0.0020499,-0.009666,-0.00594,-0.6115,-0.1,0.0014564,41.1,0.002443,-0.0020233,-0.0067542,0.0011686,2.42,7.1562,0.03498,-0.010536,0,0.11,2.28,51.7
0.00010049,0.0023665,0.0028791,0.0019306,0.0363,0,0.00041857,41,0.0032481,-0.010168,-0.02434,-0.0032694,2.39,7.1724,-0.01705,-0.013445,-0.05,0.01,2.24,52.7
0.00065795,0.0028745,0.008211,-0.00066297,0.1435,-0.1,0.0011618,41.1,0.0028334,-0.0034064,0.028513,0.00022708,2.38,7.1204,0.012345,-0.014101,-0.38,-0.31,2.08,50
-8.7434e-05,0.0028747,-0.00034336,-0.0032009,-0.3185,0,0.0012797,41,0.00080808,0.0082526,0.0058648,0.00055361,2.4,7.1099,0.035999,-0.017028,-0.44,-0.34,1.88,50.8
0.0042118,0.0028413,0.0054536,0.0061677,0.3988,0.1,0.0012913,41.1,0.0032258,-0.005347,-0.011196,-0.00086418,2.13,7.2233,-0.033466,-0.024452,-0.35,-0.49,1.75,47.2
0.001536,0.0012129,-0.0012847,-0.0036478,-0.4625,-0.2,0.0014615,41.1,0.0020109,0.0014552,0.018589,0.00020842,2.04,7.1585,0.0288,0.017041,-0.25,-0.35,1.86,47.3
0.0011289,0.00058499,-0.0061682,-0.0083405,-0.5277,0.1,0.0012878,41,0.0024077,0.00778,-0.032406,0.0016482,1.83,7.1839,-0.0015034,0.023017,-0.22,-0.12,2.09,48.9
0.0043274,0.0032863,0.0040314,0.0051423,0.5876,0,0.0015431,40.8,0.0012017,-0.0019674,0.027696,-0.0015872,1.55,7.2079,0.041837,0.017776,0.02,0.26,2.39,46.8
-0.002423,-0.00071639,-0.0020329,-0.0036315,0.039,0,0.0010603,40.8,0.0039952,-0.0033867,-0.0053672,0.0011915,1.55,7.3441,0.022877,0.017313,0,0.31,2.33,47.6
